Country,1990,1990_lower, 1990_upper, 1990_Footnote, 1991,1991_lower, 1991_upper, 1991_Footnote, 1992,1992_lower, 1992_upper, 1992_Footnote, 1993,1993_lower, 1993_upper, 1993_Footnote, 1994,1994_lower, 1994_upper, 1994_Footnote, 1995,1995_lower, 1995_upper, 1995_Footnote, 1996,1996_lower, 1996_upper, 1996_Footnote, 1997,1997_lower, 1997_upper, 1997_Footnote, 1998,1998_lower, 1998_upper, 1998_Footnote, 1999,1999_lower, 1999_upper, 1999_Footnote, 2000,2000_lower, 2000_upper, 2000_Footnote, 2001,2001_lower, 2001_upper, 2001_Footnote, 2002,2002_lower, 2002_upper, 2002_Footnote, 2003,2003_lower, 2003_upper, 2003_Footnote, 2004,2004_lower, 2004_upper, 2004_Footnote, 2005,2005_lower, 2005_upper, 2005_Footnote, 2006,2006_lower, 2006_upper, 2006_Footnote, 2007,2007_lower, 2007_upper, 2007_Footnote, 2008,2008_lower, 2008_upper, 2008_Footnote, 2009,2009_lower, 2009_upper, 2009_Footnote, 2010,2010_lower, 2010_upper, 2010_Footnote, 2011,2011_lower, 2011_upper, 2011_Footnote, 2012,2012_lower, 2012_upper, 2012_Footnote, 2013,2013_lower, 2013_upper, 2013_Footnote, 2014,2014_lower, 2014_upper, 2014_Footnote, 2015,2015_lower, 2015_upper, 2015_Footnote, 2016,2016_lower, 2016_upper, 2016_Footnote, 2017,2017_lower, 2017_upper, 2017_Footnote, 2018,2018_lower, 2018_upper, 2018_Footnote, 2019,2019_lower, 2019_upper, 2019_Footnote, 2020,2020_lower, 2020_upper, 2020_Footnote, 2021,2021_lower, 2021_upper, 2021_Footnote, 2022,2022_lower, 2022_upper, 2022_Footnote, 2023,2023_lower, 2023_upper, 2023_Footnote, 2024,2024_lower, 2024_upper, 2024_Footnote
Afghanistan,<100 ,<100 , <200,,<100 ,<100 , <200,,<100 ,<100 , <500,,<200 ,<100 , <500,,<200 ,<100 , <500,,<500 ,<100 , <500,,<500 ,<100 , 550,,<500 ,<200 , 690,,<500 ,<200 , 850,,570 ,<200 , 1000,,690 ,<500 , 1300,,830 ,<500 , 1500,,980 ,<500 , 1700,,1200 ,<500 , 2100,,1400 ,570 , 2700,,1600 ,730 , 3100,,1800 ,860 , 3600,,2100 ,1100 , 4200,,2400 ,1300 , 4900,,2700 ,1400 , 5800,,3100 ,1600 , 6800,,3400 ,1800 , 8300,,3800 ,2000 , 9500,,4200 ,2100 , 10 000,,4700 ,2500 , 12 000,,5200 ,2700 , 14 000,,5800 ,2800 , 15 000,,6300 ,3000 , 17 000,,6800 ,3100 , 19 000,,7500 ,3100 , 21 000,,8200 ,3400 , 25 000,,9000 ,3800 , 28 000,,9800 ,3900 , 32 000,,11 000 ,4100 , 37 000,,11 000 ,4400 , 42 000,
Albania,<100 ,<100 , <100,"Children estimates were not available at the time of publication.",<100 ,<100 , <100,"Children estimates were not available at the time of publication.",<100 ,<100 , <100,"Children estimates were not available at the time of publication.",<100 ,<100 , <100,"Children estimates were not available at the time of publication.",<100 ,<100 , <100,"Children estimates were not available at the time of publication.",<100 ,<100 , <100,"Children estimates were not available at the time of publication.",<100 ,<100 , <100,"Children estimates were not available at the time of publication.",<100 ,<100 , <100,"Children estimates were not available at the time of publication.",<100 ,<100 , <100,"Children estimates were not available at the time of publication.",<100 ,<100 , <100,"Children estimates were not available at the time of publication.",<100 ,<100 , <100,"Children estimates were not available at the time of publication.",<100 ,<100 , <100,"Children estimates were not available at the time of publication.",<100 ,<100 , <100,"Children estimates were not available at the time of publication.",<100 ,<100 , <100,"Children estimates were not available at the time of publication.",<100 ,<100 , <100,"Children estimates were not available at the time of publication.",<100 ,<100 , <100,"Children estimates were not available at the time of publication.",<100 ,<100 , <100,"Children estimates were not available at the time of publication.",<100 ,<100 , <100,"Children estimates were not available at the time of publication.",<100 ,<100 , <200,"Children estimates were not available at the time of publication.",<100 ,<100 , <200,"Children estimates were not available at the time of publication.",<100 ,<100 , <200,"Children estimates were not available at the time of publication.",<200 ,<100 , <200,"Children estimates were not available at the time of publication.",<200 ,<100 , <200,"Children estimates were not available at the time of publication.",<200 ,<200 , <200,"Children estimates were not available at the time of publication.",<200 ,<200 , <200,"Children estimates were not available at the time of publication.",<200 ,<200 , <200,"Children estimates were not available at the time of publication.",<200 ,<200 , <200,"Children estimates were not available at the time of publication.",<200 ,<200 , <500,"Children estimates were not available at the time of publication.",<200 ,<200 , <500,"Children estimates were not available at the time of publication.",<200 ,<200 , <500,"Children estimates were not available at the time of publication.",<500 ,<200 , <500,"Children estimates were not available at the time of publication.",<500 ,<200 , <500,"Children estimates were not available at the time of publication.",<500 ,<200 , <500,"Children estimates were not available at the time of publication.",<500 ,<200 , <500,"Children estimates were not available at the time of publication.",<500 ,<200 , <500,"Children estimates were not available at the time of publication."
Algeria,<200 ,<100 , <200,,<200 ,<200 , <200,,<200 ,<200 , <200,,<200 ,<200 , <500,,<500 ,<200 , <500,,<500 ,<500 , <500,,<500 ,<500 , <500,,<500 ,<500 , <500,,<500 ,<500 , <500,,<500 ,<500 , <500,,<500 ,<500 , 520,,520 ,<500 , 580,,590 ,530 , 650,,660 ,600 , 720,,750 ,680 , 810,,850 ,770 , 920,,950 ,870 , 1000,,1100 ,970 , 1100,,1200 ,1100 , 1300,,1400 ,1300 , 1500,,1600 ,1500 , 1700,,1800 ,1600 , 2000,,2100 ,1900 , 2200,,2300 ,2100 , 2500,,2600 ,2400 , 2800,,2900 ,2600 , 3100,,3100 ,2700 , 3400,,3200 ,2800 , 3600,,3300 ,2800 , 3800,,3400 ,2800 , 4000,,3500 ,2800 , 4200,,3500 ,2800 , 4300,,3500 ,2800 , 4500,,3500 ,2700 , 4800,,3600 ,2700 , 5000,
Angola,4300 ,2000 , 9200,,5800 ,2800 , 12 000,,7500 ,3700 , 15 000,,9800 ,5000 , 18 000,,12 000 ,6600 , 23 000,,16 000 ,8600 , 28 000,,20 000 ,11 000 , 34 000,,24 000 ,14 000 , 41 000,,30 000 ,18 000 , 49 000,,35 000 ,22 000 , 56 000,,42 000 ,27 000 , 63 000,,49 000 ,32 000 , 72 000,,56 000 ,38 000 , 79 000,,64 000 ,45 000 , 89 000,,72 000 ,51 000 , 98 000,,81 000 ,59 000 , 110 000,,90 000 ,67 000 , 120 000,,100 000 ,75 000 , 130 000,,110 000 ,83 000 , 140 000,,120 000 ,93 000 , 150 000,,130 000 ,100 000 , 160 000,,140 000 ,110 000 , 170 000,,150 000 ,130 000 , 190 000,,170 000 ,140 000 , 200 000,,180 000 ,150 000 , 210 000,,190 000 ,160 000 , 220 000,,200 000 ,170 000 , 240 000,,210 000 ,180 000 , 250 000,,230 000 ,190 000 , 270 000,,240 000 ,210 000 , 280 000,,260 000 ,220 000 , 300 000,,270 000 ,230 000 , 310 000,,270 000 ,240 000 , 320 000,,280 000 ,240 000 , 320 000,,290 000 ,250 000 , 330 000,
Antigua and Barbuda,<100 ,<100 , <100,"Countries with a UNAIDS-approved estimate and population less than 250000 in 2024; not included in regional or global totals",<100 ,<100 , <100,"Countries with a UNAIDS-approved estimate and population less than 250000 in 2024; not included in regional or global totals",<100 ,<100 , <100,"Countries with a UNAIDS-approved estimate and population less than 250000 in 2024; not included in regional or global totals",<100 ,<100 , <100,"Countries with a UNAIDS-approved estimate and population less than 250000 in 2024; not included in regional or global totals",<100 ,<100 , <100,"Countries with a UNAIDS-approved estimate and population less than 250000 in 2024; not included in regional or global totals",<100 ,<100 , <100,"Countries with a UNAIDS-approved estimate and population less than 250000 in 2024; not included in regional or global totals",<100 ,<100 , <100,"Countries with a UNAIDS-approved estimate and population less than 250000 in 2024; not included in regional or global totals",<100 ,<100 , <100,"Countries with a UNAIDS-approved estimate and population less than 250000 in 2024; not included in regional or global totals",<100 ,<100 , <100,"Countries with a UNAIDS-approved estimate and population less than 250000 in 2024; not included in regional or global totals",<100 ,<100 , <100,"Countries with a UNAIDS-approved estimate and population less than 250000 in 2024; not included in regional or global totals",<100 ,<100 , <100,"Countries with a UNAIDS-approved estimate and population less than 250000 in 2024; not included in regional or global totals",<100 ,<100 , <100,"Countries with a UNAIDS-approved estimate and population less than 250000 in 2024; not included in regional or global totals",<100 ,<100 , <100,"Countries with a UNAIDS-approved estimate and population less than 250000 in 2024; not included in regional or global totals",<100 ,<100 , <100,"Countries with a UNAIDS-approved estimate and population less than 250000 in 2024; not included in regional or global totals",<100 ,<100 , <200,"Countries with a UNAIDS-approved estimate and population less than 250000 in 2024; not included in regional or global totals",<100 ,<100 , <200,"Countries with a UNAIDS-approved estimate and population less than 250000 in 2024; not included in regional or global totals",<200 ,<100 , <200,"Countries with a UNAIDS-approved estimate and population less than 250000 in 2024; not included in regional or global totals",<200 ,<100 , <200,"Countries with a UNAIDS-approved estimate and population less than 250000 in 2024; not included in regional or global totals",<200 ,<200 , <200,"Countries with a UNAIDS-approved estimate and population less than 250000 in 2024; not included in regional or global totals",<200 ,<200 , <200,"Countries with a UNAIDS-approved estimate and population less than 250000 in 2024; not included in regional or global totals",<200 ,<200 , <200,"Countries with a UNAIDS-approved estimate and population less than 250000 in 2024; not included in regional or global totals",<200 ,<200 , <200,"Countries with a UNAIDS-approved estimate and population less than 250000 in 2024; not included in regional or global totals",<200 ,<200 , <200,"Countries with a UNAIDS-approved estimate and population less than 250000 in 2024; not included in regional or global totals",<200 ,<200 , <200,"Countries with a UNAIDS-approved estimate and population less than 250000 in 2024; not included in regional or global totals",<200 ,<200 , <200,"Countries with a UNAIDS-approved estimate and population less than 250000 in 2024; not included in regional or global totals",<200 ,<200 , <200,"Countries with a UNAIDS-approved estimate and population less than 250000 in 2024; not included in regional or global totals",<200 ,<200 , <200,"Countries with a UNAIDS-approved estimate and population less than 250000 in 2024; not included in regional or global totals",<200 ,<200 , <200,"Countries with a UNAIDS-approved estimate and population less than 250000 in 2024; not included in regional or global totals",<200 ,<200 , <200,"Countries with a UNAIDS-approved estimate and population less than 250000 in 2024; not included in regional or global totals",<200 ,<100 , <200,"Countries with a UNAIDS-approved estimate and population less than 250000 in 2024; not included in regional or global totals",<200 ,<100 , <200,"Countries with a UNAIDS-approved estimate and population less than 250000 in 2024; not included in regional or global totals",<200 ,<100 , <200,"Countries with a UNAIDS-approved estimate and population less than 250000 in 2024; not included in regional or global totals",<200 ,<100 , <200,"Countries with a UNAIDS-approved estimate and population less than 250000 in 2024; not included in regional or global totals",<200 ,<100 , <200,"Countries with a UNAIDS-approved estimate and population less than 250000 in 2024; not included in regional or global totals",<200 ,<100 , <200,"Countries with a UNAIDS-approved estimate and population less than 250000 in 2024; not included in regional or global totals"
Argentina,... ,... , ...,,... ,... , ...,,... ,... , ...,,... ,... , ...,,... ,... , ...,,... ,... , ...,,... ,... , ...,,... ,... , ...,,... ,... , ...,,... ,... , ...,,... ,... , ...,,... ,... , ...,,... ,... , ...,,... ,... , ...,,... ,... , ...,,... ,... , ...,,... ,... , ...,,... ,... , ...,,... ,... , ...,,... ,... , ...,,... ,... , ...,,... ,... , ...,,... ,... , ...,,... ,... , ...,,... ,... , ...,,... ,... , ...,,... ,... , ...,,... ,... , ...,,... ,... , ...,,... ,... , ...,,... ,... , ...,,... ,... , ...,,... ,... , ...,,... ,... , ...,,... ,... , ...,
Armenia,<100 ,<100 , <100,,<100 ,<100 , <100,,<100 ,<100 , <100,,<100 ,<100 , <100,,<100 ,<100 , <100,,<100 ,<100 , <100,,<100 ,<100 , <100,,<100 ,<100 , <100,,<100 ,<100 , <100,,<100 ,<100 , <100,,<100 ,<100 , <100,,<100 ,<100 , <100,,<100 ,<100 , <100,,<100 ,<100 , <100,,<100 ,<100 , <100,,<100 ,<100 , <200,,<100 ,<100 , <200,,<100 ,<100 , <200,,<100 ,<100 , <200,,<200 ,<100 , <500,,<200 ,<100 , <500,,<200 ,<100 , <500,,<500 ,<200 , <500,,<500 ,<200 , <500,,<500 ,<200 , <500,,<500 ,<500 , 560,,<500 ,<500 , 650,,510 ,<500 , 740,,590 ,<500 , 840,,660 ,<500 , 940,,740 ,500 , 1000,,850 ,560 , 1200,,950 ,610 , 1300,,1000 ,680 , 1400,,1100 ,750 , 1600,
Australia,1800 ,1700 , 1900,,2200 ,2100 , 2400,,2700 ,2400 , 2900,,3200 ,2900 , 3500,,3600 ,3200 , 4000,,4000 ,3600 , 4400,,4400 ,3900 , 4800,,4400 ,3900 , 4900,,4300 ,3800 , 4800,,4000 ,3600 , 4600,,3700 ,3300 , 4200,,3400 ,2900 , 3900,,3000 ,2600 , 3600,,2800 ,2400 , 3300,,2600 ,2200 , 3100,,2400 ,2000 , 2900,,2200 ,1800 , 2700,,2000 ,1600 , 2500,,1900 ,1500 , 2300,,1800 ,1400 , 2200,,1700 ,1400 , 2100,,1600 ,1200 , 2000,,1500 ,1100 , 1900,,1300 ,1000 , 1700,,1200 ,960 , 1600,,1200 ,890 , 1500,,1100 ,820 , 1400,,990 ,750 , 1300,,920 ,700 , 1200,,850 ,640 , 1100,,780 ,580 , 1000,,720 ,530 , 970,,670 ,<500 , 900,,... ,... , ...,,... ,... , ...,
Austria,... ,... , ...,"Estimates were not available at the time of publication.",... ,... , ...,"Estimates were not available at the time of publication.",... ,... , ...,"Estimates were not available at the time of publication.",... ,... , ...,"Estimates were not available at the time of publication.",... ,... , ...,"Estimates were not available at the time of publication.",... ,... , ...,"Estimates were not available at the time of publication.",... ,... , ...,"Estimates were not available at the time of publication.",... ,... , ...,"Estimates were not available at the time of publication.",... ,... , ...,"Estimates were not available at the time of publication.",... ,... , ...,"Estimates were not available at the time of publication.",... ,... , ...,"Estimates were not available at the time of publication.",... ,... , ...,"Estimates were not available at the time of publication.",... ,... , ...,"Estimates were not available at the time of publication.",... ,... , ...,"Estimates were not available at the time of publication.",... ,... , ...,"Estimates were not available at the time of publication.",... ,... , ...,"Estimates were not available at the time of publication.",... ,... , ...,"Estimates were not available at the time of publication.",... ,... , ...,"Estimates were not available at the time of publication.",... ,... , ...,"Estimates were not available at the time of publication.",... ,... , ...,"Estimates were not available at the time of publication.",... ,... , ...,"Estimates were not available at the time of publication.",... ,... , ...,"Estimates were not available at the time of publication.",... ,... , ...,"Estimates were not available at the time of publication.",... ,... , ...,"Estimates were not available at the time of publication.",... ,... , ...,"Estimates were not available at the time of publication.",... ,... , ...,"Estimates were not available at the time of publication.",... ,... , ...,"Estimates were not available at the time of publication.",... ,... , ...,"Estimates were not available at the time of publication.",... ,... , ...,"Estimates were not available at the time of publication.",... ,... , ...,"Estimates were not available at the time of publication.",... ,... , ...,"Estimates were not available at the time of publication.",... ,... , ...,"Estimates were not available at the time of publication.",... ,... , ...,"Estimates were not available at the time of publication.",... ,... , ...,"Estimates were not available at the time of publication.",... ,... , ...,"Estimates were not available at the time of publication."
Azerbaijan,<100 ,<100 , <100,"Children estimates were not available at the time of publication.",<100 ,<100 , <100,"Children estimates were not available at the time of publication.",<100 ,<100 , <100,"Children estimates were not available at the time of publication.",<100 ,<100 , <100,"Children estimates were not available at the time of publication.",<100 ,<100 , <200,"Children estimates were not available at the time of publication.",<100 ,<100 , <200,"Children estimates were not available at the time of publication.",<200 ,<100 , <200,"Children estimates were not available at the time of publication.",<200 ,<100 , <500,"Children estimates were not available at the time of publication.",<500 ,<200 , <500,"Children estimates were not available at the time of publication.",<500 ,<200 , <500,"Children estimates were not available at the time of publication.",<500 ,<500 , 580,"Children estimates were not available at the time of publication.",<500 ,<500 , 750,"Children estimates were not available at the time of publication.",640 ,<500 , 940,"Children estimates were not available at the time of publication.",800 ,540 , 1200,"Children estimates were not available at the time of publication.",970 ,660 , 1400,"Children estimates were not available at the time of publication.",1200 ,800 , 1600,"Children estimates were not available at the time of publication.",1400 ,960 , 1900,"Children estimates were not available at the time of publication.",1600 ,1100 , 2200,"Children estimates were not available at the time of publication.",1800 ,1300 , 2400,"Children estimates were not available at the time of publication.",2000 ,1400 , 2700,"Children estimates were not available at the time of publication.",2200 ,1600 , 3000,"Children estimates were not available at the time of publication.",2400 ,1800 , 3200,"Children estimates were not available at the time of publication.",2600 ,1900 , 3400,"Children estimates were not available at the time of publication.",2800 ,2100 , 3600,"Children estimates were not available at the time of publication.",3000 ,2300 , 3800,"Children estimates were not available at the time of publication.",3100 ,2400 , 4000,"Children estimates were not available at the time of publication.",3300 ,2600 , 4300,"Children estimates were not available at the time of publication.",3500 ,2700 , 4400,"Children estimates were not available at the time of publication.",3600 ,2800 , 4600,"Children estimates were not available at the time of publication.",3700 ,2800 , 4800,"Children estimates were not available at the time of publication.",3800 ,2700 , 4900,"Children estimates were not available at the time of publication.",3800 ,2700 , 5000,"Children estimates were not available at the time of publication.",3700 ,2500 , 5000,"Children estimates were not available at the time of publication.",3600 ,2400 , 5000,"Children estimates were not available at the time of publication.",3400 ,2300 , 4800,"Children estimates were not available at the time of publication."
Bahamas,<100 ,<100 , <500,"Children estimates were not available at the time of publication.",<200 ,<100 , <500,"Children estimates were not available at the time of publication.",<500 ,<200 , 510,"Children estimates were not available at the time of publication.",<500 ,<500 , 760,"Children estimates were not available at the time of publication.",<500 ,<500 , 1100,"Children estimates were not available at the time of publication.",530 ,<500 , 1400,"Children estimates were not available at the time of publication.",660 ,550 , 1800,"Children estimates were not available at the time of publication.",800 ,680 , 2200,"Children estimates were not available at the time of publication.",950 ,820 , 2600,"Children estimates were not available at the time of publication.",1100 ,970 , 2700,"Children estimates were not available at the time of publication.",1200 ,1100 , 2700,"Children estimates were not available at the time of publication.",1400 ,1300 , 2100,"Children estimates were not available at the time of publication.",1500 ,1400 , 1700,"Children estimates were not available at the time of publication.",1700 ,1500 , 1800,"Children estimates were not available at the time of publication.",1700 ,1600 , 1900,"Children estimates were not available at the time of publication.",1800 ,1600 , 2000,"Children estimates were not available at the time of publication.",1800 ,1700 , 2000,"Children estimates were not available at the time of publication.",1800 ,1700 , 2000,"Children estimates were not available at the time of publication.",1900 ,1700 , 2000,"Children estimates were not available at the time of publication.",1900 ,1700 , 2100,"Children estimates were not available at the time of publication.",1800 ,1600 , 2000,"Children estimates were not available at the time of publication.",1800 ,1600 , 2000,"Children estimates were not available at the time of publication.",1800 ,1600 , 2000,"Children estimates were not available at the time of publication.",1800 ,1600 , 2000,"Children estimates were not available at the time of publication.",1800 ,1600 , 2000,"Children estimates were not available at the time of publication.",1700 ,1500 , 1900,"Children estimates were not available at the time of publication.",1700 ,1400 , 1900,"Children estimates were not available at the time of publication.",1700 ,1400 , 1900,"Children estimates were not available at the time of publication.",1500 ,1300 , 1800,"Children estimates were not available at the time of publication.",1400 ,1200 , 1600,"Children estimates were not available at the time of publication.",1400 ,1100 , 1600,"Children estimates were not available at the time of publication.",1300 ,1000 , 1500,"Children estimates were not available at the time of publication.",1200 ,960 , 1500,"Children estimates were not available at the time of publication.",1100 ,870 , 1400,"Children estimates were not available at the time of publication.",1100 ,800 , 1400,"Children estimates were not available at the time of publication."
Bahrain,<100 ,<100 , <100,"Children estimates were not available at the time of publication.",<100 ,<100 , <100,"Children estimates were not available at the time of publication.",<100 ,<100 , <100,"Children estimates were not available at the time of publication.",<100 ,<100 , <100,"Children estimates were not available at the time of publication.",<100 ,<100 , <100,"Children estimates were not available at the time of publication.",<100 ,<100 , <100,"Children estimates were not available at the time of publication.",<100 ,<100 , <200,"Children estimates were not available at the time of publication.",<100 ,<100 , <200,"Children estimates were not available at the time of publication.",<100 ,<100 , <200,"Children estimates were not available at the time of publication.",<100 ,<100 , <200,"Children estimates were not available at the time of publication.",<100 ,<100 , <200,"Children estimates were not available at the time of publication.",<200 ,<100 , <200,"Children estimates were not available at the time of publication.",<200 ,<100 , <200,"Children estimates were not available at the time of publication.",<200 ,<100 , <200,"Children estimates were not available at the time of publication.",<200 ,<100 , <200,"Children estimates were not available at the time of publication.",<200 ,<100 , <200,"Children estimates were not available at the time of publication.",<200 ,<100 , <200,"Children estimates were not available at the time of publication.",<200 ,<200 , <200,"Children estimates were not available at the time of publication.",<200 ,<200 , <200,"Children estimates were not available at the time of publication.",<200 ,<200 , <200,"Children estimates were not available at the time of publication.",<200 ,<200 , <200,"Children estimates were not available at the time of publication.",<200 ,<200 , <200,"Children estimates were not available at the time of publication.",<200 ,<200 , <200,"Children estimates were not available at the time of publication.",<200 ,<200 , <200,"Children estimates were not available at the time of publication.",<200 ,<200 , <200,"Children estimates were not available at the time of publication.",<200 ,<200 , <200,"Children estimates were not available at the time of publication.",<200 ,<100 , <200,"Children estimates were not available at the time of publication.",<200 ,<100 , <200,"Children estimates were not available at the time of publication.",<200 ,<100 , <200,"Children estimates were not available at the time of publication.",<200 ,<100 , <200,"Children estimates were not available at the time of publication.",<100 ,<100 , <200,"Children estimates were not available at the time of publication.",<100 ,<100 , <100,"Children estimates were not available at the time of publication.",<100 ,<100 , <100,"Children estimates were not available at the time of publication.",<100 ,<100 , <100,"Children estimates were not available at the time of publication.",<100 ,<100 , <100,"Children estimates were not available at the time of publication."
Bangladesh,... ,... , ...,,... ,... , ...,,... ,... , ...,,... ,... , ...,,... ,... , ...,,... ,... , ...,,... ,... , ...,,... ,... , ...,,... ,... , ...,,... ,... , ...,,... ,... , ...,,... ,... , ...,,... ,... , ...,,... ,... , ...,,... ,... , ...,,... ,... , ...,,... ,... , ...,,... ,... , ...,,... ,... , ...,,... ,... , ...,,... ,... , ...,,... ,... , ...,,... ,... , ...,,... ,... , ...,,... ,... , ...,,... ,... , ...,,... ,... , ...,,... ,... , ...,,... ,... , ...,,... ,... , ...,,... ,... , ...,,... ,... , ...,,... ,... , ...,,... ,... , ...,,... ,... , ...,
Barbados,<100 ,<100 , <100,"Children estimates were not available at the time of publication.",<100 ,<100 , <100,"Children estimates were not available at the time of publication.",<100 ,<100 , <100,"Children estimates were not available at the time of publication.",<100 ,<100 , <100,"Children estimates were not available at the time of publication.",<100 ,<100 , <100,"Children estimates were not available at the time of publication.",<100 ,<100 , <100,"Children estimates were not available at the time of publication.",<100 ,<100 , <100,"Children estimates were not available at the time of publication.",<100 ,<100 , <200,"Children estimates were not available at the time of publication.",<200 ,<100 , <200,"Children estimates were not available at the time of publication.",<200 ,<200 , <200,"Children estimates were not available at the time of publication.",<200 ,<200 , <500,"Children estimates were not available at the time of publication.",<500 ,<200 , <500,"Children estimates were not available at the time of publication.",<500 ,<500 , <500,"Children estimates were not available at the time of publication.",<500 ,<500 , <500,"Children estimates were not available at the time of publication.",<500 ,<500 , <500,"Children estimates were not available at the time of publication.",<500 ,<500 , <500,"Children estimates were not available at the time of publication.",<500 ,<500 , <500,"Children estimates were not available at the time of publication.",<500 ,<500 , <500,"Children estimates were not available at the time of publication.",<500 ,<500 , <500,"Children estimates were not available at the time of publication.",<500 ,<500 , <500,"Children estimates were not available at the time of publication.",<500 ,<500 , 520,"Children estimates were not available at the time of publication.",<500 ,<500 , 550,"Children estimates were not available at the time of publication.",<500 ,<500 , 580,"Children estimates were not available at the time of publication.",520 ,<500 , 610,"Children estimates were not available at the time of publication.",540 ,<500 , 640,"Children estimates were not available at the time of publication.",580 ,<500 , 680,"Children estimates were not available at the time of publication.",610 ,<500 , 710,"Children estimates were not available at the time of publication.",630 ,<500 , 730,"Children estimates were not available at the time of publication.",640 ,510 , 750,"Children estimates were not available at the time of publication.",650 ,520 , 760,"Children estimates were not available at the time of publication.",650 ,520 , 760,"Children estimates were not available at the time of publication.",660 ,530 , 770,"Children estimates were not available at the time of publication.",670 ,540 , 780,"Children estimates were not available at the time of publication.",680 ,560 , 790,"Children estimates were not available at the time of publication.",680 ,560 , 790,"Children estimates were not available at the time of publication."
Belarus,... ,... , ...,"Estimates were not available at the time of publication.",... ,... , ...,"Estimates were not available at the time of publication.",... ,... , ...,"Estimates were not available at the time of publication.",... ,... , ...,"Estimates were not available at the time of publication.",... ,... , ...,"Estimates were not available at the time of publication.",... ,... , ...,"Estimates were not available at the time of publication.",... ,... , ...,"Estimates were not available at the time of publication.",... ,... , ...,"Estimates were not available at the time of publication.",... ,... , ...,"Estimates were not available at the time of publication.",... ,... , ...,"Estimates were not available at the time of publication.",... ,... , ...,"Estimates were not available at the time of publication.",... ,... , ...,"Estimates were not available at the time of publication.",... ,... , ...,"Estimates were not available at the time of publication.",... ,... , ...,"Estimates were not available at the time of publication.",... ,... , ...,"Estimates were not available at the time of publication.",... ,... , ...,"Estimates were not available at the time of publication.",... ,... , ...,"Estimates were not available at the time of publication.",... ,... , ...,"Estimates were not available at the time of publication.",... ,... , ...,"Estimates were not available at the time of publication.",... ,... , ...,"Estimates were not available at the time of publication.",... ,... , ...,"Estimates were not available at the time of publication.",... ,... , ...,"Estimates were not available at the time of publication.",... ,... , ...,"Estimates were not available at the time of publication.",... ,... , ...,"Estimates were not available at the time of publication.",... ,... , ...,"Estimates were not available at the time of publication.",... ,... , ...,"Estimates were not available at the time of publication.",... ,... , ...,"Estimates were not available at the time of publication.",... ,... , ...,"Estimates were not available at the time of publication.",... ,... , ...,"Estimates were not available at the time of publication.",... ,... , ...,"Estimates were not available at the time of publication.",... ,... , ...,"Estimates were not available at the time of publication.",... ,... , ...,"Estimates were not available at the time of publication.",... ,... , ...,"Estimates were not available at the time of publication.",... ,... , ...,"Estimates were not available at the time of publication.",... ,... , ...,"Estimates were not available at the time of publication."
Belgium,<500 ,<500 , <500,,<500 ,<500 , <500,,520 ,<500 , 560,,610 ,560 , 660,,690 ,640 , 770,,780 ,710 , 860,,810 ,740 , 900,,810 ,740 , 910,,800 ,720 , 900,,770 ,690 , 880,,730 ,650 , 840,,690 ,600 , 800,,650 ,550 , 750,,600 ,510 , 710,,560 ,<500 , 670,,520 ,<500 , 620,,<500 ,<500 , 580,,<500 ,<500 , 530,,<500 ,<500 , <500,,<500 ,<500 , <500,,<500 ,<500 , <500,,<500 ,<500 , <500,,<500 ,<200 , <500,,<500 ,<200 , <500,,<500 ,<200 , <500,,<200 ,<200 , <500,,<200 ,<200 , <500,,<200 ,<200 , <500,,<200 ,<200 , <500,,<200 ,<200 , <500,,<200 ,<200 , <500,,<200 ,<200 , <200,,<200 ,<200 , <200,,<200 ,<200 , <200,,<200 ,<200 , <200,
Belize,<100 ,<100 , <100,"Children estimates were not available at the time of publication.",<100 ,<100 , <100,"Children estimates were not available at the time of publication.",<100 ,<100 , <200,"Children estimates were not available at the time of publication.",<100 ,<100 , <200,"Children estimates were not available at the time of publication.",<100 ,<100 , <200,"Children estimates were not available at the time of publication.",<100 ,<100 , <200,"Children estimates were not available at the time of publication.",<200 ,<100 , <500,"Children estimates were not available at the time of publication.",<200 ,<100 , <500,"Children estimates were not available at the time of publication.",<200 ,<200 , <500,"Children estimates were not available at the time of publication.",<500 ,<200 , <500,"Children estimates were not available at the time of publication.",<500 ,<200 , 510,"Children estimates were not available at the time of publication.",<500 ,<500 , 600,"Children estimates were not available at the time of publication.",510 ,<500 , 700,"Children estimates were not available at the time of publication.",610 ,<500 , 820,"Children estimates were not available at the time of publication.",710 ,520 , 920,"Children estimates were not available at the time of publication.",830 ,630 , 1000,"Children estimates were not available at the time of publication.",930 ,730 , 1100,"Children estimates were not available at the time of publication.",1000 ,840 , 1200,"Children estimates were not available at the time of publication.",1100 ,940 , 1300,"Children estimates were not available at the time of publication.",1200 ,1000 , 1400,"Children estimates were not available at the time of publication.",1300 ,1100 , 1500,"Children estimates were not available at the time of publication.",1400 ,1200 , 1600,"Children estimates were not available at the time of publication.",1500 ,1300 , 1700,"Children estimates were not available at the time of publication.",1600 ,1400 , 1800,"Children estimates were not available at the time of publication.",1700 ,1400 , 1900,"Children estimates were not available at the time of publication.",1800 ,1500 , 2000,"Children estimates were not available at the time of publication.",1800 ,1600 , 2000,"Children estimates were not available at the time of publication.",1800 ,1600 , 2100,"Children estimates were not available at the time of publication.",1900 ,1700 , 2100,"Children estimates were not available at the time of publication.",1900 ,1700 , 2100,"Children estimates were not available at the time of publication.",1900 ,1700 , 2100,"Children estimates were not available at the time of publication.",1900 ,1700 , 2100,"Children estimates were not available at the time of publication.",1900 ,1700 , 2100,"Children estimates were not available at the time of publication.",1900 ,1600 , 2100,"Children estimates were not available at the time of publication.",1800 ,1600 , 2000,"Children estimates were not available at the time of publication."
Benin,<500 ,<200 , 1100,,670 ,<500 , 1500,,1000 ,510 , 2100,,1500 ,870 , 2900,,2300 ,1500 , 4100,,3400 ,2300 , 5500,,4900 ,3500 , 7300,,6800 ,5000 , 9900,,9200 ,6900 , 13 000,,12 000 ,9300 , 17 000,,15 000 ,12 000 , 21 000,,19 000 ,16 000 , 25 000,,23 000 ,19 000 , 31 000,,27 000 ,23 000 , 35 000,,32 000 ,27 000 , 40 000,,36 000 ,31 000 , 45 000,,40 000 ,34 000 , 50 000,,44 000 ,38 000 , 54 000,,47 000 ,41 000 , 57 000,,46 000 ,40 000 , 56 000,,44 000 ,38 000 , 54 000,,42 000 ,36 000 , 52 000,,40 000 ,34 000 , 50 000,,38 000 ,32 000 , 49 000,,38 000 ,31 000 , 50 000,,38 000 ,30 000 , 51 000,,38 000 ,29 000 , 52 000,,38 000 ,28 000 , 54 000,,37 000 ,26 000 , 53 000,,37 000 ,26 000 , 53 000,,35 000 ,25 000 , 50 000,,33 000 ,23 000 , 48 000,,31 000 ,22 000 , 45 000,,29 000 ,20 000 , 42 000,,27 000 ,19 000 , 39 000,
Bhutan,<100 ,<100 , <100,"Children estimates were not available at the time of publication.",<100 ,<100 , <100,"Children estimates were not available at the time of publication.",<100 ,<100 , <100,"Children estimates were not available at the time of publication.",<100 ,<100 , <100,"Children estimates were not available at the time of publication.",<100 ,<100 , <200,"Children estimates were not available at the time of publication.",<100 ,<100 , <200,"Children estimates were not available at the time of publication.",<200 ,<100 , <200,"Children estimates were not available at the time of publication.",<200 ,<100 , <200,"Children estimates were not available at the time of publication.",<200 ,<100 , <200,"Children estimates were not available at the time of publication.",<200 ,<200 , <200,"Children estimates were not available at the time of publication.",<200 ,<200 , <200,"Children estimates were not available at the time of publication.",<200 ,<200 , <200,"Children estimates were not available at the time of publication.",<200 ,<200 , <200,"Children estimates were not available at the time of publication.",<200 ,<200 , <200,"Children estimates were not available at the time of publication.",<200 ,<200 , <200,"Children estimates were not available at the time of publication.",<200 ,<200 , <200,"Children estimates were not available at the time of publication.",<200 ,<200 , <200,"Children estimates were not available at the time of publication.",<200 ,<200 , <200,"Children estimates were not available at the time of publication.",<200 ,<200 , <500,"Children estimates were not available at the time of publication.",<200 ,<200 , <500,"Children estimates were not available at the time of publication.",<200 ,<200 , <500,"Children estimates were not available at the time of publication.",<200 ,<200 , <500,"Children estimates were not available at the time of publication.",<200 ,<200 , <500,"Children estimates were not available at the time of publication.",<200 ,<200 , <500,"Children estimates were not available at the time of publication.",<200 ,<200 , <500,"Children estimates were not available at the time of publication.",<200 ,<200 , <500,"Children estimates were not available at the time of publication.",<200 ,<200 , <500,"Children estimates were not available at the time of publication.",<200 ,<200 , <500,"Children estimates were not available at the time of publication.",<200 ,<200 , <500,"Children estimates were not available at the time of publication.",<200 ,<200 , <500,"Children estimates were not available at the time of publication.",<200 ,<200 , <500,"Children estimates were not available at the time of publication.",<200 ,<200 , <500,"Children estimates were not available at the time of publication.",<200 ,<200 , <500,"Children estimates were not available at the time of publication.",<200 ,<200 , <500,"Children estimates were not available at the time of publication.",<200 ,<200 , <500,"Children estimates were not available at the time of publication."
Bolivia (Plurinational State of),<200 ,<100 , 720,,<500 ,<200 , 1100,,<500 ,<200 , 1500,,640 ,<500 , 2200,,960 ,<500 , 3000,,1400 ,520 , 3700,,2000 ,730 , 4400,,2800 ,1000 , 5500,,3600 ,1400 , 6600,,4600 ,1900 , 7900,,5700 ,2500 , 9100,,6900 ,3100 , 10 000,,8000 ,4000 , 12 000,,9200 ,4800 , 13 000,,10 000 ,6000 , 14 000,,11 000 ,7000 , 15 000,,12 000 ,8100 , 16 000,,13 000 ,9200 , 17 000,,14 000 ,10 000 , 18 000,,15 000 ,11 000 , 19 000,,15 000 ,12 000 , 19 000,,16 000 ,13 000 , 20 000,,16 000 ,13 000 , 20 000,,17 000 ,14 000 , 21 000,,17 000 ,14 000 , 21 000,,17 000 ,14 000 , 21 000,,17 000 ,14 000 , 21 000,,18 000 ,15 000 , 21 000,,18 000 ,15 000 , 21 000,,17 000 ,14 000 , 21 000,,17 000 ,14 000 , 21 000,,17 000 ,14 000 , 21 000,,17 000 ,13 000 , 21 000,,17 000 ,13 000 , 21 000,,16 000 ,12 000 , 20 000,
Bosnia and Herzegovina,... ,... , ...,"Estimates were not available at the time of publication.",... ,... , ...,"Estimates were not available at the time of publication.",... ,... , ...,"Estimates were not available at the time of publication.",... ,... , ...,"Estimates were not available at the time of publication.",... ,... , ...,"Estimates were not available at the time of publication.",... ,... , ...,"Estimates were not available at the time of publication.",... ,... , ...,"Estimates were not available at the time of publication.",... ,... , ...,"Estimates were not available at the time of publication.",... ,... , ...,"Estimates were not available at the time of publication.",... ,... , ...,"Estimates were not available at the time of publication.",... ,... , ...,"Estimates were not available at the time of publication.",... ,... , ...,"Estimates were not available at the time of publication.",... ,... , ...,"Estimates were not available at the time of publication.",... ,... , ...,"Estimates were not available at the time of publication.",... ,... , ...,"Estimates were not available at the time of publication.",... ,... , ...,"Estimates were not available at the time of publication.",... ,... , ...,"Estimates were not available at the time of publication.",... ,... , ...,"Estimates were not available at the time of publication.",... ,... , ...,"Estimates were not available at the time of publication.",... ,... , ...,"Estimates were not available at the time of publication.",... ,... , ...,"Estimates were not available at the time of publication.",... ,... , ...,"Estimates were not available at the time of publication.",... ,... , ...,"Estimates were not available at the time of publication.",... ,... , ...,"Estimates were not available at the time of publication.",... ,... , ...,"Estimates were not available at the time of publication.",... ,... , ...,"Estimates were not available at the time of publication.",... ,... , ...,"Estimates were not available at the time of publication.",... ,... , ...,"Estimates were not available at the time of publication.",... ,... , ...,"Estimates were not available at the time of publication.",... ,... , ...,"Estimates were not available at the time of publication.",... ,... , ...,"Estimates were not available at the time of publication.",... ,... , ...,"Estimates were not available at the time of publication.",... ,... , ...,"Estimates were not available at the time of publication.",... ,... , ...,"Estimates were not available at the time of publication.",... ,... , ...,"Estimates were not available at the time of publication."
Botswana,4800 ,3400 , 7300,,7200 ,5300 , 11 000,,11 000 ,8000 , 15 000,,15 000 ,12 000 , 21 000,,21 000 ,17 000 , 29 000,,29 000 ,23 000 , 39 000,,38 000 ,32 000 , 50 000,,49 000 ,42 000 , 64 000,,61 000 ,53 000 , 78 000,,74 000 ,66 000 , 93 000,,88 000 ,79 000 , 110 000,,100 000 ,91 000 , 120 000,,110 000 ,100 000 , 140 000,,130 000 ,120 000 , 150 000,,140 000 ,130 000 , 160 000,,140 000 ,130 000 , 170 000,,150 000 ,140 000 , 170 000,,150 000 ,140 000 , 170 000,,150 000 ,140 000 , 170 000,,150 000 ,140 000 , 170 000,,140 000 ,130 000 , 160 000,,130 000 ,120 000 , 150 000,,120 000 ,110 000 , 150 000,,120 000 ,100 000 , 140 000,,110 000 ,95 000 , 130 000,,100 000 ,87 000 , 130 000,,93 000 ,81 000 , 120 000,,86 000 ,74 000 , 110 000,,80 000 ,69 000 , 110 000,,76 000 ,65 000 , 110 000,,71 000 ,60 000 , 100 000,,65 000 ,54 000 , 95 000,,60 000 ,50 000 , 93 000,,56 000 ,46 000 , 88 000,,52 000 ,43 000 , 83 000,
Brazil,... ,... , ...,,... ,... , ...,,... ,... , ...,,... ,... , ...,,... ,... , ...,,... ,... , ...,,... ,... , ...,,... ,... , ...,,... ,... , ...,,... ,... , ...,,... ,... , ...,,... ,... , ...,,... ,... , ...,,... ,... , ...,,... ,... , ...,,... ,... , ...,,... ,... , ...,,... ,... , ...,,... ,... , ...,,... ,... , ...,,... ,... , ...,,... ,... , ...,,... ,... , ...,,... ,... , ...,,... ,... , ...,,... ,... , ...,,... ,... , ...,,... ,... , ...,,... ,... , ...,,... ,... , ...,,... ,... , ...,,... ,... , ...,,... ,... , ...,,... ,... , ...,,... ,... , ...,
Brunei Darussalam,... ,... , ...,"Estimates were not available at the time of publication.",... ,... , ...,"Estimates were not available at the time of publication.",... ,... , ...,"Estimates were not available at the time of publication.",... ,... , ...,"Estimates were not available at the time of publication.",... ,... , ...,"Estimates were not available at the time of publication.",... ,... , ...,"Estimates were not available at the time of publication.",... ,... , ...,"Estimates were not available at the time of publication.",... ,... , ...,"Estimates were not available at the time of publication.",... ,... , ...,"Estimates were not available at the time of publication.",... ,... , ...,"Estimates were not available at the time of publication.",... ,... , ...,"Estimates were not available at the time of publication.",... ,... , ...,"Estimates were not available at the time of publication.",... ,... , ...,"Estimates were not available at the time of publication.",... ,... , ...,"Estimates were not available at the time of publication.",... ,... , ...,"Estimates were not available at the time of publication.",... ,... , ...,"Estimates were not available at the time of publication.",... ,... , ...,"Estimates were not available at the time of publication.",... ,... , ...,"Estimates were not available at the time of publication.",... ,... , ...,"Estimates were not available at the time of publication.",... ,... , ...,"Estimates were not available at the time of publication.",... ,... , ...,"Estimates were not available at the time of publication.",... ,... , ...,"Estimates were not available at the time of publication.",... ,... , ...,"Estimates were not available at the time of publication.",... ,... , ...,"Estimates were not available at the time of publication.",... ,... , ...,"Estimates were not available at the time of publication.",... ,... , ...,"Estimates were not available at the time of publication.",... ,... , ...,"Estimates were not available at the time of publication.",... ,... , ...,"Estimates were not available at the time of publication.",... ,... , ...,"Estimates were not available at the time of publication.",... ,... , ...,"Estimates were not available at the time of publication.",... ,... , ...,"Estimates were not available at the time of publication.",... ,... , ...,"Estimates were not available at the time of publication.",... ,... , ...,"Estimates were not available at the time of publication.",... ,... , ...,"Estimates were not available at the time of publication.",... ,... , ...,"Estimates were not available at the time of publication."
Bulgaria,<200 ,<100 , <200,"Children estimates were not available at the time of publication.",<200 ,<100 , <500,"Children estimates were not available at the time of publication.",<200 ,<200 , <500,"Children estimates were not available at the time of publication.",<200 ,<200 , <500,"Children estimates were not available at the time of publication.",<200 ,<200 , <500,"Children estimates were not available at the time of publication.",<500 ,<200 , <500,"Children estimates were not available at the time of publication.",<500 ,<200 , <500,"Children estimates were not available at the time of publication.",<500 ,<500 , <500,"Children estimates were not available at the time of publication.",<500 ,<500 , <500,"Children estimates were not available at the time of publication.",<500 ,<500 , <500,"Children estimates were not available at the time of publication.",<500 ,<500 , <500,"Children estimates were not available at the time of publication.",<500 ,<500 , <500,"Children estimates were not available at the time of publication.",<500 ,<500 , <500,"Children estimates were not available at the time of publication.",<500 ,<500 , <500,"Children estimates were not available at the time of publication.",<500 ,<500 , <500,"Children estimates were not available at the time of publication.",<500 ,<500 , <500,"Children estimates were not available at the time of publication.",<500 ,<500 , 500,"Children estimates were not available at the time of publication.",<500 ,<500 , 510,"Children estimates were not available at the time of publication.",<500 ,<500 , 530,"Children estimates were not available at the time of publication.",<500 ,<500 , 540,"Children estimates were not available at the time of publication.",<500 ,<500 , 540,"Children estimates were not available at the time of publication.",<500 ,<500 , 550,"Children estimates were not available at the time of publication.",520 ,<500 , 570,"Children estimates were not available at the time of publication.",530 ,<500 , 590,"Children estimates were not available at the time of publication.",550 ,<500 , 610,"Children estimates were not available at the time of publication.",570 ,520 , 640,"Children estimates were not available at the time of publication.",590 ,530 , 660,"Children estimates were not available at the time of publication.",610 ,540 , 670,"Children estimates were not available at the time of publication.",610 ,530 , 680,"Children estimates were not available at the time of publication.",610 ,520 , 690,"Children estimates were not available at the time of publication.",600 ,500 , 690,"Children estimates were not available at the time of publication.",600 ,<500 , 690,"Children estimates were not available at the time of publication.",600 ,<500 , 700,"Children estimates were not available at the time of publication.",600 ,<500 , 710,"Children estimates were not available at the time of publication.",600 ,<500 , 710,"Children estimates were not available at the time of publication."
Burkina Faso,19 000 ,9400 , 46 000,,26 000 ,13 000 , 59 000,,34 000 ,18 000 , 72 000,,43 000 ,23 000 , 86 000,,53 000 ,30 000 , 100 000,,64 000 ,38 000 , 110 000,,75 000 ,46 000 , 130 000,,86 000 ,54 000 , 140 000,,96 000 ,62 000 , 150 000,,110 000 ,71 000 , 160 000,,110 000 ,78 000 , 170 000,,120 000 ,86 000 , 180 000,,130 000 ,93 000 , 180 000,,140 000 ,100 000 , 190 000,,140 000 ,110 000 , 190 000,,140 000 ,110 000 , 190 000,,140 000 ,110 000 , 180 000,,140 000 ,120 000 , 180 000,,140 000 ,120 000 , 170 000,,140 000 ,110 000 , 170 000,,130 000 ,110 000 , 160 000,,130 000 ,110 000 , 150 000,,120 000 ,100 000 , 150 000,,120 000 ,99 000 , 140 000,,110 000 ,95 000 , 140 000,,110 000 ,91 000 , 130 000,,100 000 ,86 000 , 130 000,,99 000 ,80 000 , 120 000,,93 000 ,74 000 , 110 000,,89 000 ,69 000 , 110 000,,83 000 ,64 000 , 100 000,,79 000 ,61 000 , 100 000,,75 000 ,57 000 , 95 000,,71 000 ,54 000 , 91 000,,66 000 ,51 000 , 87 000,
Burundi,19 000 ,4700 , 50 000,,26 000 ,7300 , 64 000,,35 000 ,11 000 , 81 000,,44 000 ,16 000 , 99 000,,52 000 ,20 000 , 110 000,,65 000 ,28 000 , 130 000,,76 000 ,35 000 , 140 000,,85 000 ,43 000 , 150 000,,94 000 ,51 000 , 160 000,,100 000 ,60 000 , 170 000,,110 000 ,69 000 , 170 000,,120 000 ,77 000 , 170 000,,120 000 ,85 000 , 180 000,,130 000 ,92 000 , 180 000,,130 000 ,98 000 , 180 000,,140 000 ,100 000 , 180 000,,140 000 ,110 000 , 170 000,,130 000 ,110 000 , 160 000,,130 000 ,110 000 , 160 000,,140 000 ,110 000 , 160 000,,130 000 ,110 000 , 150 000,,130 000 ,110 000 , 150 000,,130 000 ,110 000 , 140 000,,120 000 ,110 000 , 140 000,,120 000 ,110 000 , 140 000,,120 000 ,100 000 , 130 000,,110 000 ,100 000 , 130 000,,110 000 ,94 000 , 120 000,,100 000 ,86 000 , 120 000,,92 000 ,77 000 , 110 000,,84 000 ,67 000 , 100 000,,75 000 ,59 000 , 95 000,,67 000 ,50 000 , 88 000,,60 000 ,43 000 , 83 000,,53 000 ,37 000 , 76 000,
Cabo Verde,<500 ,<200 , 870,,<500 ,<200 , 890,,<500 ,<200 , 990,,540 ,<500 , 1100,,650 ,<500 , 1200,,760 ,<500 , 1300,,880 ,<500 , 1400,,1000 ,530 , 1500,,1100 ,620 , 1600,,1200 ,710 , 1700,,1300 ,800 , 1900,,1400 ,870 , 1900,,1500 ,950 , 2000,,1600 ,1000 , 2000,,1600 ,1100 , 2000,,1700 ,1200 , 2100,,1700 ,1200 , 2100,,1600 ,1200 , 2100,,1600 ,1200 , 2000,,1500 ,1100 , 1900,,1400 ,1100 , 1900,,1400 ,1000 , 1800,,1300 ,980 , 1800,,1300 ,920 , 1700,,1200 ,860 , 1700,,1200 ,810 , 1600,,1100 ,750 , 1600,,1100 ,740 , 1600,,1100 ,700 , 1500,,1000 ,660 , 1500,,980 ,620 , 1400,,940 ,590 , 1400,,890 ,550 , 1400,,860 ,530 , 1300,,840 ,510 , 1300,
Cambodia,<100 ,<100 , <100,,<100 ,<100 , <100,,<100 ,<100 , <100,,<200 ,<100 , <200,,<500 ,<500 , <500,,890 ,720 , 1100,,1900 ,1600 , 2300,,3700 ,3000 , 4300,,6300 ,5200 , 7500,,9800 ,8100 , 11 000,,14 000 ,12 000 , 16 000,,19 000 ,16 000 , 22 000,,24 000 ,20 000 , 28 000,,29 000 ,25 000 , 34 000,,35 000 ,30 000 , 40 000,,39 000 ,34 000 , 45 000,,43 000 ,37 000 , 50 000,,45 000 ,39 000 , 52 000,,46 000 ,39 000 , 53 000,,45 000 ,38 000 , 54 000,,43 000 ,36 000 , 52 000,,42 000 ,34 000 , 50 000,,40 000 ,33 000 , 49 000,,40 000 ,32 000 , 49 000,,39 000 ,32 000 , 49 000,,39 000 ,31 000 , 50 000,,39 000 ,30 000 , 51 000,,38 000 ,29 000 , 51 000,,38 000 ,28 000 , 51 000,,37 000 ,27 000 , 50 000,,35 000 ,25 000 , 49 000,,33 000 ,23 000 , 47 000,,31 000 ,21 000 , 44 000,,29 000 ,19 000 , 41 000,,26 000 ,17 000 , 38 000,
Cameroon,6200 ,3200 , 11 000,,8700 ,4900 , 15 000,,12 000 ,7300 , 20 000,,17 000 ,11 000 , 26 000,,24 000 ,16 000 , 35 000,,32 000 ,22 000 , 46 000,,44 000 ,31 000 , 61 000,,58 000 ,41 000 , 78 000,,75 000 ,54 000 , 100 000,,96 000 ,71 000 , 130 000,,120 000 ,92 000 , 160 000,,150 000 ,120 000 , 190 000,,170 000 ,140 000 , 220 000,,200 000 ,170 000 , 260 000,,230 000 ,200 000 , 290 000,,260 000 ,230 000 , 320 000,,290 000 ,250 000 , 350 000,,320 000 ,280 000 , 380 000,,350 000 ,310 000 , 410 000,,370 000 ,340 000 , 440 000,,400 000 ,360 000 , 460 000,,420 000 ,390 000 , 480 000,,450 000 ,410 000 , 500 000,,470 000 ,430 000 , 520 000,,490 000 ,450 000 , 540 000,,510 000 ,480 000 , 560 000,,530 000 ,490 000 , 570 000,,540 000 ,510 000 , 590 000,,540 000 ,510 000 , 590 000,,540 000 ,500 000 , 580 000,,530 000 ,490 000 , 570 000,,510 000 ,470 000 , 560 000,,480 000 ,430 000 , 540 000,,450 000 ,400 000 , 510 000,,410 000 ,360 000 , 480 000,
Canada,3400 ,2700 , 4000,,4400 ,3600 , 5200,,5400 ,4500 , 6400,,6500 ,5400 , 7700,,7700 ,6300 , 9000,,8900 ,7300 , 10 000,,10 000 ,8300 , 12 000,,11 000 ,9000 , 13 000,,12 000 ,9600 , 14 000,,12 000 ,10 000 , 14 000,,13 000 ,11 000 , 15 000,,14 000 ,11 000 , 16 000,,14 000 ,11 000 , 17 000,,14 000 ,11 000 , 17 000,,15 000 ,11 000 , 18 000,,15 000 ,11 000 , 18 000,,16 000 ,11 000 , 19 000,,16 000 ,12 000 , 20 000,,17 000 ,12 000 , 21 000,,17 000 ,11 000 , 22 000,,16 000 ,11 000 , 21 000,,16 000 ,10 000 , 21 000,,15 000 ,9700 , 21 000,,15 000 ,9300 , 21 000,,14 000 ,8400 , 19 000,,12 000 ,7500 , 17 000,,11 000 ,6700 , 15 000,,9600 ,6100 , 13 000,,8400 ,5500 , 12 000,,7300 ,4900 , 10 000,,6400 ,4300 , 8600,,5400 ,3800 , 7400,,4700 ,3400 , 6400,,... ,... , ...,,... ,... , ...,
Central African Republic,7900 ,4800 , 13 000,,11 000 ,7300 , 18 000,,16 000 ,10 000 , 24 000,,21 000 ,14 000 , 32 000,,28 000 ,20 000 , 42 000,,37 000 ,26 000 , 53 000,,46 000 ,34 000 , 67 000,,55 000 ,42 000 , 81 000,,65 000 ,50 000 , 94 000,,75 000 ,58 000 , 110 000,,85 000 ,67 000 , 120 000,,95 000 ,75 000 , 130 000,,100 000 ,84 000 , 140 000,,110 000 ,92 000 , 150 000,,120 000 ,98 000 , 160 000,,130 000 ,100 000 , 160 000,,130 000 ,110 000 , 170 000,,130 000 ,110 000 , 170 000,,140 000 ,110 000 , 170 000,,140 000 ,110 000 , 160 000,,140 000 ,110 000 , 160 000,,140 000 ,120 000 , 160 000,,140 000 ,120 000 , 160 000,,140 000 ,120 000 , 160 000,,140 000 ,120 000 , 160 000,,130 000 ,120 000 , 150 000,,130 000 ,110 000 , 150 000,,130 000 ,110 000 , 150 000,,120 000 ,110 000 , 140 000,,120 000 ,100 000 , 140 000,,120 000 ,100 000 , 140 000,,110 000 ,96 000 , 130 000,,110 000 ,91 000 , 130 000,,100 000 ,84 000 , 120 000,,99 000 ,78 000 , 120 000,
Chad,3800 ,1200 , 9300,,5400 ,1800 , 12 000,,7500 ,2900 , 17 000,,10 000 ,4400 , 22 000,,14 000 ,6200 , 28 000,,18 000 ,8800 , 34 000,,23 000 ,12 000 , 42 000,,29 000 ,16 000 , 52 000,,36 000 ,20 000 , 61 000,,43 000 ,25 000 , 70 000,,51 000 ,31 000 , 79 000,,59 000 ,38 000 , 88 000,,67 000 ,45 000 , 97 000,,75 000 ,52 000 , 110 000,,83 000 ,59 000 , 120 000,,91 000 ,66 000 , 120 000,,98 000 ,73 000 , 130 000,,100 000 ,78 000 , 140 000,,110 000 ,82 000 , 140 000,,110 000 ,87 000 , 150 000,,120 000 ,90 000 , 150 000,,120 000 ,92 000 , 150 000,,120 000 ,94 000 , 160 000,,120 000 ,95 000 , 160 000,,130 000 ,96 000 , 160 000,,130 000 ,97 000 , 160 000,,130 000 ,97 000 , 160 000,,130 000 ,98 000 , 160 000,,130 000 ,98 000 , 160 000,,130 000 ,99 000 , 160 000,,130 000 ,98 000 , 160 000,,130 000 ,95 000 , 160 000,,120 000 ,92 000 , 150 000,,120 000 ,90 000 , 150 000,,120 000 ,85 000 , 150 000,
Chile,... ,... , ...,,... ,... , ...,,... ,... , ...,,... ,... , ...,,... ,... , ...,,... ,... , ...,,... ,... , ...,,... ,... , ...,,... ,... , ...,,... ,... , ...,,... ,... , ...,,... ,... , ...,,... ,... , ...,,... ,... , ...,,... ,... , ...,,... ,... , ...,,... ,... , ...,,... ,... , ...,,... ,... , ...,,... ,... , ...,,... ,... , ...,,... ,... , ...,,... ,... , ...,,... ,... , ...,,... ,... , ...,,... ,... , ...,,... ,... , ...,,... ,... , ...,,... ,... , ...,,... ,... , ...,,... ,... , ...,,... ,... , ...,,... ,... , ...,,... ,... , ...,,... ,... , ...,
China,... ,... , ...,"Estimates were not available at the time of publication.",... ,... , ...,"Estimates were not available at the time of publication.",... ,... , ...,"Estimates were not available at the time of publication.",... ,... , ...,"Estimates were not available at the time of publication.",... ,... , ...,"Estimates were not available at the time of publication.",... ,... , ...,"Estimates were not available at the time of publication.",... ,... , ...,"Estimates were not available at the time of publication.",... ,... , ...,"Estimates were not available at the time of publication.",... ,... , ...,"Estimates were not available at the time of publication.",... ,... , ...,"Estimates were not available at the time of publication.",... ,... , ...,"Estimates were not available at the time of publication.",... ,... , ...,"Estimates were not available at the time of publication.",... ,... , ...,"Estimates were not available at the time of publication.",... ,... , ...,"Estimates were not available at the time of publication.",... ,... , ...,"Estimates were not available at the time of publication.",... ,... , ...,"Estimates were not available at the time of publication.",... ,... , ...,"Estimates were not available at the time of publication.",... ,... , ...,"Estimates were not available at the time of publication.",... ,... , ...,"Estimates were not available at the time of publication.",... ,... , ...,"Estimates were not available at the time of publication.",... ,... , ...,"Estimates were not available at the time of publication.",... ,... , ...,"Estimates were not available at the time of publication.",... ,... , ...,"Estimates were not available at the time of publication.",... ,... , ...,"Estimates were not available at the time of publication.",... ,... , ...,"Estimates were not available at the time of publication.",... ,... , ...,"Estimates were not available at the time of publication.",... ,... , ...,"Estimates were not available at the time of publication.",... ,... , ...,"Estimates were not available at the time of publication.",... ,... , ...,"Estimates were not available at the time of publication.",... ,... , ...,"Estimates were not available at the time of publication.",... ,... , ...,"Estimates were not available at the time of publication.",... ,... , ...,"Estimates were not available at the time of publication.",... ,... , ...,"Estimates were not available at the time of publication.",... ,... , ...,"Estimates were not available at the time of publication.",... ,... , ...,"Estimates were not available at the time of publication."
Colombia,910 ,520 , 2400,,1400 ,860 , 3100,,2100 ,1400 , 3800,,3100 ,2100 , 5100,,4400 ,3100 , 6700,,6200 ,4500 , 9100,,8600 ,6200 , 12 000,,11 000 ,8300 , 16 000,,15 000 ,11 000 , 20 000,,19 000 ,14 000 , 26 000,,23 000 ,17 000 , 31 000,,28 000 ,21 000 , 38 000,,33 000 ,25 000 , 44 000,,38 000 ,29 000 , 51 000,,44 000 ,34 000 , 58 000,,50 000 ,38 000 , 65 000,,55 000 ,42 000 , 72 000,,60 000 ,46 000 , 77 000,,65 000 ,50 000 , 83 000,,70 000 ,55 000 , 90 000,,75 000 ,59 000 , 96 000,,78 000 ,62 000 , 99 000,,81 000 ,64 000 , 100 000,,83 000 ,66 000 , 100 000,,84 000 ,67 000 , 110 000,,85 000 ,67 000 , 110 000,,84 000 ,67 000 , 100 000,,84 000 ,67 000 , 100 000,,84 000 ,66 000 , 100 000,,83 000 ,66 000 , 100 000,,80 000 ,61 000 , 100 000,,77 000 ,55 000 , 100 000,,75 000 ,52 000 , 100 000,,73 000 ,46 000 , 97 000,,... ,... , ...,
Comoros,<100 ,<100 , <100,"Children estimates were not available at the time of publication.",<100 ,<100 , <100,"Children estimates were not available at the time of publication.",<100 ,<100 , <100,"Children estimates were not available at the time of publication.",<100 ,<100 , <100,"Children estimates were not available at the time of publication.",<100 ,<100 , <100,"Children estimates were not available at the time of publication.",<100 ,<100 , <100,"Children estimates were not available at the time of publication.",<100 ,<100 , <100,"Children estimates were not available at the time of publication.",<100 ,<100 , <200,"Children estimates were not available at the time of publication.",<100 ,<100 , <200,"Children estimates were not available at the time of publication.",<100 ,<100 , <200,"Children estimates were not available at the time of publication.",<100 ,<100 , <200,"Children estimates were not available at the time of publication.",<100 ,<100 , <200,"Children estimates were not available at the time of publication.",<100 ,<100 , <200,"Children estimates were not available at the time of publication.",<100 ,<100 , <200,"Children estimates were not available at the time of publication.",<100 ,<100 , <200,"Children estimates were not available at the time of publication.",<100 ,<100 , <200,"Children estimates were not available at the time of publication.",<100 ,<100 , <200,"Children estimates were not available at the time of publication.",<100 ,<100 , <200,"Children estimates were not available at the time of publication.",<100 ,<100 , <200,"Children estimates were not available at the time of publication.",<100 ,<100 , <200,"Children estimates were not available at the time of publication.",<100 ,<100 , <200,"Children estimates were not available at the time of publication.",<100 ,<100 , <200,"Children estimates were not available at the time of publication.",<100 ,<100 , <200,"Children estimates were not available at the time of publication.",<100 ,<100 , <200,"Children estimates were not available at the time of publication.",<100 ,<100 , <200,"Children estimates were not available at the time of publication.",<100 ,<100 , <200,"Children estimates were not available at the time of publication.",<100 ,<100 , <200,"Children estimates were not available at the time of publication.",<100 ,<100 , <200,"Children estimates were not available at the time of publication.",<100 ,<100 , <200,"Children estimates were not available at the time of publication.",<100 ,<100 , <200,"Children estimates were not available at the time of publication.",<100 ,<100 , <500,"Children estimates were not available at the time of publication.",<100 ,<100 , <500,"Children estimates were not available at the time of publication.",<100 ,<100 , <500,"Children estimates were not available at the time of publication.",<100 ,<100 , <500,"Children estimates were not available at the time of publication.",<100 ,<100 , <500,"Children estimates were not available at the time of publication."
Congo,11 000 ,5800 , 18 000,,14 000 ,8000 , 23 000,,18 000 ,11 000 , 28 000,,23 000 ,15 000 , 34 000,,28 000 ,19 000 , 40 000,,33 000 ,23 000 , 46 000,,38 000 ,27 000 , 51 000,,42 000 ,31 000 , 57 000,,47 000 ,35 000 , 61 000,,51 000 ,40 000 , 64 000,,55 000 ,43 000 , 68 000,,59 000 ,47 000 , 72 000,,62 000 ,50 000 , 75 000,,65 000 ,53 000 , 77 000,,67 000 ,56 000 , 80 000,,69 000 ,58 000 , 82 000,,70 000 ,60 000 , 83 000,,71 000 ,61 000 , 84 000,,72 000 ,62 000 , 85 000,,71 000 ,62 000 , 84 000,,71 000 ,62 000 , 83 000,,72 000 ,63 000 , 83 000,,72 000 ,63 000 , 84 000,,74 000 ,64 000 , 85 000,,75 000 ,65 000 , 87 000,,77 000 ,66 000 , 89 000,,78 000 ,67 000 , 90 000,,80 000 ,69 000 , 91 000,,81 000 ,70 000 , 93 000,,83 000 ,71 000 , 95 000,,84 000 ,72 000 , 96 000,,85 000 ,72 000 , 97 000,,86 000 ,73 000 , 99 000,,87 000 ,73 000 , 100 000,,88 000 ,73 000 , 100 000,
Costa Rica,<500 ,<100 , <500,,<500 ,<100 , <500,,<500 ,<200 , <500,,<500 ,<500 , 540,,530 ,<500 , 670,,660 ,<500 , 810,,790 ,610 , 950,,940 ,750 , 1100,,1100 ,900 , 1200,,1200 ,1000 , 1400,,1400 ,1200 , 1500,,1500 ,1300 , 1600,,1500 ,1300 , 1700,,1600 ,1400 , 1800,,1700 ,1500 , 1900,,1800 ,1500 , 2000,,1900 ,1600 , 2100,,2000 ,1700 , 2200,,2100 ,1800 , 2300,,2200 ,1800 , 2500,,2300 ,1900 , 2600,,2300 ,1900 , 2600,,2200 ,1800 , 2600,,2300 ,1800 , 2700,,2400 ,1800 , 2800,,2600 ,1900 , 3000,,2700 ,2000 , 3200,,2800 ,2000 , 3300,,2900 ,2000 , 3500,,2900 ,2000 , 3600,,3000 ,2000 , 3600,,3100 ,2100 , 3800,,3000 ,2000 , 3800,,3000 ,1900 , 3800,,2900 ,1800 , 3800,
Croatia,<100 ,<100 , <100,"Children estimates were not available at the time of publication.",<100 ,<100 , <100,"Children estimates were not available at the time of publication.",<100 ,<100 , <100,"Children estimates were not available at the time of publication.",<100 ,<100 , <100,"Children estimates were not available at the time of publication.",<100 ,<100 , <100,"Children estimates were not available at the time of publication.",<100 ,<100 , <100,"Children estimates were not available at the time of publication.",<100 ,<100 , <100,"Children estimates were not available at the time of publication.",<100 ,<100 , <100,"Children estimates were not available at the time of publication.",<100 ,<100 , <100,"Children estimates were not available at the time of publication.",<100 ,<100 , <100,"Children estimates were not available at the time of publication.",<100 ,<100 , <100,"Children estimates were not available at the time of publication.",<100 ,<100 , <100,"Children estimates were not available at the time of publication.",<100 ,<100 , <100,"Children estimates were not available at the time of publication.",<100 ,<100 , <100,"Children estimates were not available at the time of publication.",<100 ,<100 , <100,"Children estimates were not available at the time of publication.",<100 ,<100 , <200,"Children estimates were not available at the time of publication.",<100 ,<100 , <200,"Children estimates were not available at the time of publication.",<100 ,<100 , <200,"Children estimates were not available at the time of publication.",<200 ,<100 , <200,"Children estimates were not available at the time of publication.",<200 ,<100 , <200,"Children estimates were not available at the time of publication.",<200 ,<100 , <200,"Children estimates were not available at the time of publication.",<200 ,<100 , <200,"Children estimates were not available at the time of publication.",<200 ,<100 , <200,"Children estimates were not available at the time of publication.",<200 ,<100 , <200,"Children estimates were not available at the time of publication.",<200 ,<100 , <200,"Children estimates were not available at the time of publication.",<200 ,<100 , <200,"Children estimates were not available at the time of publication.",<200 ,<100 , <500,"Children estimates were not available at the time of publication.",<200 ,<100 , <500,"Children estimates were not available at the time of publication.",<200 ,<100 , <500,"Children estimates were not available at the time of publication.",<200 ,<100 , <500,"Children estimates were not available at the time of publication.",<200 ,<100 , <200,"Children estimates were not available at the time of publication.",<200 ,<100 , <500,"Children estimates were not available at the time of publication.",<200 ,<100 , <500,"Children estimates were not available at the time of publication.",<200 ,<100 , <500,"Children estimates were not available at the time of publication.",<200 ,<100 , <200,"Children estimates were not available at the time of publication."
Cuba,<100 ,<100 , <200,,<100 ,<100 , <200,,<100 ,<100 , <200,,<100 ,<100 , <200,,<200 ,<100 , <200,,<200 ,<100 , <500,,<200 ,<200 , <500,,<500 ,<200 , <500,,<500 ,<200 , <500,,<500 ,<500 , <500,,<500 ,<500 , <500,,<500 ,<500 , 580,,520 ,<500 , 670,,590 ,<500 , 740,,660 ,520 , 830,,750 ,590 , 930,,880 ,680 , 1100,,1000 ,800 , 1200,,1200 ,920 , 1400,,1400 ,1000 , 1600,,1500 ,1100 , 1900,,1800 ,1300 , 2200,,2000 ,1500 , 2500,,2300 ,1600 , 2900,,2600 ,1800 , 3200,,2800 ,1900 , 3500,,2900 ,1900 , 3700,,3100 ,2000 , 3900,,3100 ,1900 , 4100,,3100 ,1900 , 4200,,3100 ,1800 , 4300,,3100 ,1700 , 4500,,3200 ,1700 , 4700,,3300 ,1700 , 4900,,3600 ,1800 , 5200,
Cyprus,... ,... , ...,"Estimates were not available at the time of publication.",... ,... , ...,"Estimates were not available at the time of publication.",... ,... , ...,"Estimates were not available at the time of publication.",... ,... , ...,"Estimates were not available at the time of publication.",... ,... , ...,"Estimates were not available at the time of publication.",... ,... , ...,"Estimates were not available at the time of publication.",... ,... , ...,"Estimates were not available at the time of publication.",... ,... , ...,"Estimates were not available at the time of publication.",... ,... , ...,"Estimates were not available at the time of publication.",... ,... , ...,"Estimates were not available at the time of publication.",... ,... , ...,"Estimates were not available at the time of publication.",... ,... , ...,"Estimates were not available at the time of publication.",... ,... , ...,"Estimates were not available at the time of publication.",... ,... , ...,"Estimates were not available at the time of publication.",... ,... , ...,"Estimates were not available at the time of publication.",... ,... , ...,"Estimates were not available at the time of publication.",... ,... , ...,"Estimates were not available at the time of publication.",... ,... , ...,"Estimates were not available at the time of publication.",... ,... , ...,"Estimates were not available at the time of publication.",... ,... , ...,"Estimates were not available at the time of publication.",... ,... , ...,"Estimates were not available at the time of publication.",... ,... , ...,"Estimates were not available at the time of publication.",... ,... , ...,"Estimates were not available at the time of publication.",... ,... , ...,"Estimates were not available at the time of publication.",... ,... , ...,"Estimates were not available at the time of publication.",... ,... , ...,"Estimates were not available at the time of publication.",... ,... , ...,"Estimates were not available at the time of publication.",... ,... , ...,"Estimates were not available at the time of publication.",... ,... , ...,"Estimates were not available at the time of publication.",... ,... , ...,"Estimates were not available at the time of publication.",... ,... , ...,"Estimates were not available at the time of publication.",... ,... , ...,"Estimates were not available at the time of publication.",... ,... , ...,"Estimates were not available at the time of publication.",... ,... , ...,"Estimates were not available at the time of publication.",... ,... , ...,"Estimates were not available at the time of publication."
Czechia,... ,... , ...,"Estimates were not available at the time of publication.",... ,... , ...,"Estimates were not available at the time of publication.",... ,... , ...,"Estimates were not available at the time of publication.",... ,... , ...,"Estimates were not available at the time of publication.",... ,... , ...,"Estimates were not available at the time of publication.",... ,... , ...,"Estimates were not available at the time of publication.",... ,... , ...,"Estimates were not available at the time of publication.",... ,... , ...,"Estimates were not available at the time of publication.",... ,... , ...,"Estimates were not available at the time of publication.",... ,... , ...,"Estimates were not available at the time of publication.",... ,... , ...,"Estimates were not available at the time of publication.",... ,... , ...,"Estimates were not available at the time of publication.",... ,... , ...,"Estimates were not available at the time of publication.",... ,... , ...,"Estimates were not available at the time of publication.",... ,... , ...,"Estimates were not available at the time of publication.",... ,... , ...,"Estimates were not available at the time of publication.",... ,... , ...,"Estimates were not available at the time of publication.",... ,... , ...,"Estimates were not available at the time of publication.",... ,... , ...,"Estimates were not available at the time of publication.",... ,... , ...,"Estimates were not available at the time of publication.",... ,... , ...,"Estimates were not available at the time of publication.",... ,... , ...,"Estimates were not available at the time of publication.",... ,... , ...,"Estimates were not available at the time of publication.",... ,... , ...,"Estimates were not available at the time of publication.",... ,... , ...,"Estimates were not available at the time of publication.",... ,... , ...,"Estimates were not available at the time of publication.",... ,... , ...,"Estimates were not available at the time of publication.",... ,... , ...,"Estimates were not available at the time of publication.",... ,... , ...,"Estimates were not available at the time of publication.",... ,... , ...,"Estimates were not available at the time of publication.",... ,... , ...,"Estimates were not available at the time of publication.",... ,... , ...,"Estimates were not available at the time of publication.",... ,... , ...,"Estimates were not available at the time of publication.",... ,... , ...,"Estimates were not available at the time of publication.",... ,... , ...,"Estimates were not available at the time of publication."
Côte d'Ivoire,46 000 ,26 000 , 87 000,,65 000 ,38 000 , 120 000,,89 000 ,55 000 , 160 000,,120 000 ,74 000 , 210 000,,150 000 ,100 000 , 260 000,,200 000 ,130 000 , 320 000,,240 000 ,170 000 , 380 000,,290 000 ,210 000 , 440 000,,340 000 ,250 000 , 480 000,,390 000 ,290 000 , 530 000,,430 000 ,330 000 , 590 000,,480 000 ,370 000 , 620 000,,520 000 ,420 000 , 670 000,,550 000 ,450 000 , 700 000,,580 000 ,480 000 , 710 000,,600 000 ,510 000 , 720 000,,620 000 ,520 000 , 730 000,,620 000 ,530 000 , 720 000,,620 000 ,540 000 , 700 000,,610 000 ,530 000 , 680 000,,590 000 ,520 000 , 660 000,,570 000 ,500 000 , 640 000,,560 000 ,480 000 , 620 000,,540 000 ,470 000 , 600 000,,520 000 ,470 000 , 580 000,,510 000 ,450 000 , 570 000,,490 000 ,430 000 , 560 000,,480 000 ,410 000 , 540 000,,450 000 ,390 000 , 520 000,,430 000 ,370 000 , 490 000,,400 000 ,340 000 , 460 000,,380 000 ,320 000 , 440 000,,360 000 ,290 000 , 420 000,,330 000 ,260 000 , 400 000,,310 000 ,240 000 , 380 000,
Democratic People's Republic of Korea,... ,... , ...,"Estimates were not available at the time of publication.",... ,... , ...,"Estimates were not available at the time of publication.",... ,... , ...,"Estimates were not available at the time of publication.",... ,... , ...,"Estimates were not available at the time of publication.",... ,... , ...,"Estimates were not available at the time of publication.",... ,... , ...,"Estimates were not available at the time of publication.",... ,... , ...,"Estimates were not available at the time of publication.",... ,... , ...,"Estimates were not available at the time of publication.",... ,... , ...,"Estimates were not available at the time of publication.",... ,... , ...,"Estimates were not available at the time of publication.",... ,... , ...,"Estimates were not available at the time of publication.",... ,... , ...,"Estimates were not available at the time of publication.",... ,... , ...,"Estimates were not available at the time of publication.",... ,... , ...,"Estimates were not available at the time of publication.",... ,... , ...,"Estimates were not available at the time of publication.",... ,... , ...,"Estimates were not available at the time of publication.",... ,... , ...,"Estimates were not available at the time of publication.",... ,... , ...,"Estimates were not available at the time of publication.",... ,... , ...,"Estimates were not available at the time of publication.",... ,... , ...,"Estimates were not available at the time of publication.",... ,... , ...,"Estimates were not available at the time of publication.",... ,... , ...,"Estimates were not available at the time of publication.",... ,... , ...,"Estimates were not available at the time of publication.",... ,... , ...,"Estimates were not available at the time of publication.",... ,... , ...,"Estimates were not available at the time of publication.",... ,... , ...,"Estimates were not available at the time of publication.",... ,... , ...,"Estimates were not available at the time of publication.",... ,... , ...,"Estimates were not available at the time of publication.",... ,... , ...,"Estimates were not available at the time of publication.",... ,... , ...,"Estimates were not available at the time of publication.",... ,... , ...,"Estimates were not available at the time of publication.",... ,... , ...,"Estimates were not available at the time of publication.",... ,... , ...,"Estimates were not available at the time of publication.",... ,... , ...,"Estimates were not available at the time of publication.",... ,... , ...,"Estimates were not available at the time of publication."
Democratic Republic of the Congo,84 000 ,57 000 , 120 000,,110 000 ,76 000 , 160 000,,140 000 ,98 000 , 200 000,,180 000 ,130 000 , 250 000,,210 000 ,160 000 , 290 000,,260 000 ,190 000 , 350 000,,310 000 ,230 000 , 410 000,,350 000 ,270 000 , 460 000,,390 000 ,300 000 , 520 000,,440 000 ,340 000 , 580 000,,480 000 ,370 000 , 630 000,,510 000 ,400 000 , 670 000,,550 000 ,430 000 , 710 000,,580 000 ,460 000 , 750 000,,610 000 ,480 000 , 770 000,,630 000 ,500 000 , 800 000,,650 000 ,520 000 , 820 000,,660 000 ,530 000 , 830 000,,680 000 ,540 000 , 840 000,,690 000 ,550 000 , 850 000,,690 000 ,550 000 , 850 000,,690 000 ,560 000 , 840 000,,700 000 ,560 000 , 840 000,,700 000 ,570 000 , 830 000,,700 000 ,570 000 , 830 000,,690 000 ,560 000 , 820 000,,690 000 ,570 000 , 810 000,,680 000 ,570 000 , 800 000,,670 000 ,550 000 , 790 000,,660 000 ,550 000 , 780 000,,650 000 ,540 000 , 760 000,,630 000 ,520 000 , 740 000,,590 000 ,490 000 , 700 000,,550 000 ,450 000 , 670 000,,510 000 ,410 000 , 620 000,
Denmark,<500 ,<200 , <500,"Children estimates were not available at the time of publication.",<500 ,<500 , <500,"Children estimates were not available at the time of publication.",<500 ,<500 , <500,"Children estimates were not available at the time of publication.",<500 ,<500 , <500,"Children estimates were not available at the time of publication.",<500 ,<500 , 570,"Children estimates were not available at the time of publication.",560 ,<500 , 650,"Children estimates were not available at the time of publication.",640 ,530 , 740,"Children estimates were not available at the time of publication.",720 ,610 , 830,"Children estimates were not available at the time of publication.",680 ,580 , 780,"Children estimates were not available at the time of publication.",640 ,550 , 740,"Children estimates were not available at the time of publication.",600 ,510 , 700,"Children estimates were not available at the time of publication.",570 ,<500 , 680,"Children estimates were not available at the time of publication.",560 ,<500 , 680,"Children estimates were not available at the time of publication.",560 ,<500 , 700,"Children estimates were not available at the time of publication.",580 ,<500 , 750,"Children estimates were not available at the time of publication.",610 ,<500 , 800,"Children estimates were not available at the time of publication.",660 ,510 , 900,"Children estimates were not available at the time of publication.",710 ,530 , 990,"Children estimates were not available at the time of publication.",760 ,560 , 1100,"Children estimates were not available at the time of publication.",780 ,560 , 1200,"Children estimates were not available at the time of publication.",770 ,550 , 1200,"Children estimates were not available at the time of publication.",760 ,530 , 1200,"Children estimates were not available at the time of publication.",740 ,520 , 1200,"Children estimates were not available at the time of publication.",710 ,<500 , 1100,"Children estimates were not available at the time of publication.",690 ,<500 , 1200,"Children estimates were not available at the time of publication.",660 ,<500 , 1100,"Children estimates were not available at the time of publication.",630 ,<500 , 1100,"Children estimates were not available at the time of publication.",610 ,<500 , 1100,"Children estimates were not available at the time of publication.",600 ,<500 , 1000,"Children estimates were not available at the time of publication.",580 ,<500 , 1000,"Children estimates were not available at the time of publication.",560 ,<500 , 990,"Children estimates were not available at the time of publication.",530 ,<500 , 940,"Children estimates were not available at the time of publication.",<500 ,<500 , 850,"Children estimates were not available at the time of publication.",<500 ,<500 , 760,"Children estimates were not available at the time of publication.",<500 ,<500 , 680,"Children estimates were not available at the time of publication."
Djibouti,<500 ,<200 , 650,,580 ,<500 , 1100,,920 ,<500 , 1700,,1300 ,650 , 2200,,1700 ,930 , 2800,,2200 ,1200 , 3600,,2700 ,1500 , 4300,,3300 ,2000 , 5300,,4200 ,2500 , 6400,,5300 ,3200 , 7700,,6400 ,4100 , 9000,,7600 ,5100 , 11 000,,8800 ,6000 , 12 000,,9900 ,7100 , 13 000,,11 000 ,8000 , 15 000,,12 000 ,8800 , 16 000,,13 000 ,9600 , 17 000,,14 000 ,11 000 , 18 000,,14 000 ,11 000 , 18 000,,15 000 ,12 000 , 19 000,,15 000 ,12 000 , 19 000,,15 000 ,12 000 , 19 000,,15 000 ,12 000 , 19 000,,15 000 ,12 000 , 19 000,,15 000 ,12 000 , 19 000,,15 000 ,12 000 , 18 000,,14 000 ,11 000 , 18 000,,14 000 ,11 000 , 17 000,,13 000 ,10 000 , 16 000,,12 000 ,9600 , 16 000,,12 000 ,9100 , 15 000,,11 000 ,8500 , 14 000,,10 000 ,7900 , 13 000,,9500 ,7300 , 12 000,,8900 ,6800 , 11 000,
Dominica,<100 ,<100 , <100,"Countries with a UNAIDS-approved estimate and population less than 250000 in 2024; not included in regional or global totals",<100 ,<100 , <100,"Countries with a UNAIDS-approved estimate and population less than 250000 in 2024; not included in regional or global totals",<100 ,<100 , <100,"Countries with a UNAIDS-approved estimate and population less than 250000 in 2024; not included in regional or global totals",<100 ,<100 , <100,"Countries with a UNAIDS-approved estimate and population less than 250000 in 2024; not included in regional or global totals",<100 ,<100 , <100,"Countries with a UNAIDS-approved estimate and population less than 250000 in 2024; not included in regional or global totals",<100 ,<100 , <100,"Countries with a UNAIDS-approved estimate and population less than 250000 in 2024; not included in regional or global totals",<100 ,<100 , <100,"Countries with a UNAIDS-approved estimate and population less than 250000 in 2024; not included in regional or global totals",<100 ,<100 , <200,"Countries with a UNAIDS-approved estimate and population less than 250000 in 2024; not included in regional or global totals",<100 ,<100 , <200,"Countries with a UNAIDS-approved estimate and population less than 250000 in 2024; not included in regional or global totals",<100 ,<100 , <200,"Countries with a UNAIDS-approved estimate and population less than 250000 in 2024; not included in regional or global totals",<100 ,<100 , <200,"Countries with a UNAIDS-approved estimate and population less than 250000 in 2024; not included in regional or global totals",<100 ,<100 , <200,"Countries with a UNAIDS-approved estimate and population less than 250000 in 2024; not included in regional or global totals",<200 ,<100 , <200,"Countries with a UNAIDS-approved estimate and population less than 250000 in 2024; not included in regional or global totals",<200 ,<100 , <200,"Countries with a UNAIDS-approved estimate and population less than 250000 in 2024; not included in regional or global totals",<200 ,<100 , <200,"Countries with a UNAIDS-approved estimate and population less than 250000 in 2024; not included in regional or global totals",<200 ,<100 , <200,"Countries with a UNAIDS-approved estimate and population less than 250000 in 2024; not included in regional or global totals",<200 ,<100 , <200,"Countries with a UNAIDS-approved estimate and population less than 250000 in 2024; not included in regional or global totals",<200 ,<100 , <200,"Countries with a UNAIDS-approved estimate and population less than 250000 in 2024; not included in regional or global totals",<200 ,<100 , <200,"Countries with a UNAIDS-approved estimate and population less than 250000 in 2024; not included in regional or global totals",<200 ,<100 , <200,"Countries with a UNAIDS-approved estimate and population less than 250000 in 2024; not included in regional or global totals",<100 ,<100 , <200,"Countries with a UNAIDS-approved estimate and population less than 250000 in 2024; not included in regional or global totals",<100 ,<100 , <200,"Countries with a UNAIDS-approved estimate and population less than 250000 in 2024; not included in regional or global totals",<100 ,<100 , <200,"Countries with a UNAIDS-approved estimate and population less than 250000 in 2024; not included in regional or global totals",<100 ,<100 , <100,"Countries with a UNAIDS-approved estimate and population less than 250000 in 2024; not included in regional or global totals",<100 ,<100 , <100,"Countries with a UNAIDS-approved estimate and population less than 250000 in 2024; not included in regional or global totals",<100 ,<100 , <100,"Countries with a UNAIDS-approved estimate and population less than 250000 in 2024; not included in regional or global totals",<100 ,<100 , <100,"Countries with a UNAIDS-approved estimate and population less than 250000 in 2024; not included in regional or global totals",<100 ,<100 , <100,"Countries with a UNAIDS-approved estimate and population less than 250000 in 2024; not included in regional or global totals",<100 ,<100 , <100,"Countries with a UNAIDS-approved estimate and population less than 250000 in 2024; not included in regional or global totals",<100 ,<100 , <100,"Countries with a UNAIDS-approved estimate and population less than 250000 in 2024; not included in regional or global totals",<100 ,<100 , <100,"Countries with a UNAIDS-approved estimate and population less than 250000 in 2024; not included in regional or global totals",<100 ,<100 , <100,"Countries with a UNAIDS-approved estimate and population less than 250000 in 2024; not included in regional or global totals",<100 ,<100 , <100,"Countries with a UNAIDS-approved estimate and population less than 250000 in 2024; not included in regional or global totals",<100 ,<100 , <100,"Countries with a UNAIDS-approved estimate and population less than 250000 in 2024; not included in regional or global totals",<100 ,<100 , <100,"Countries with a UNAIDS-approved estimate and population less than 250000 in 2024; not included in regional or global totals"
Dominican Republic,680 ,<500 , 4300,,1100 ,640 , 5500,,1800 ,1000 , 6900,,2700 ,1600 , 8700,,3900 ,2400 , 12 000,,5500 ,3500 , 12 000,,7400 ,5000 , 14 000,,9700 ,6800 , 16 000,,12 000 ,8900 , 19 000,,15 000 ,11 000 , 22 000,,18 000 ,13 000 , 25 000,,21 000 ,16 000 , 29 000,,25 000 ,19 000 , 33 000,,28 000 ,22 000 , 36 000,,30 000 ,24 000 , 38 000,,33 000 ,27 000 , 40 000,,35 000 ,28 000 , 42 000,,36 000 ,30 000 , 44 000,,37 000 ,31 000 , 45 000,,38 000 ,32 000 , 45 000,,38 000 ,33 000 , 46 000,,39 000 ,33 000 , 45 000,,39 000 ,33 000 , 45 000,,38 000 ,33 000 , 44 000,,38 000 ,32 000 , 44 000,,38 000 ,32 000 , 44 000,,37 000 ,31 000 , 43 000,,37 000 ,30 000 , 42 000,,36 000 ,30 000 , 42 000,,35 000 ,29 000 , 41 000,,34 000 ,28 000 , 41 000,,33 000 ,26 000 , 40 000,,31 000 ,24 000 , 38 000,,29 000 ,22 000 , 36 000,,28 000 ,20 000 , 35 000,
Ecuador,<500 ,<200 , 760,,550 ,<500 , 980,,720 ,<500 , 1200,,940 ,<500 , 1600,,1200 ,620 , 2100,,1600 ,850 , 2600,,2000 ,1100 , 3300,,2500 ,1400 , 4000,,3100 ,1800 , 4900,,3800 ,2400 , 6000,,4700 ,3100 , 7200,,5700 ,3800 , 8400,,6700 ,4700 , 9700,,7900 ,5700 , 11 000,,9100 ,6700 , 13 000,,10 000 ,7800 , 14 000,,12 000 ,8900 , 15 000,,13 000 ,10 000 , 17 000,,14 000 ,11 000 , 18 000,,15 000 ,12 000 , 19 000,,16 000 ,13 000 , 20 000,,17 000 ,14 000 , 20 000,,17 000 ,14 000 , 21 000,,18 000 ,15 000 , 22 000,,19 000 ,16 000 , 23 000,,20 000 ,17 000 , 24 000,,20 000 ,17 000 , 24 000,,20 000 ,18 000 , 24 000,,20 000 ,17 000 , 24 000,,19 000 ,16 000 , 23 000,,18 000 ,14 000 , 21 000,,17 000 ,13 000 , 20 000,,16 000 ,12 000 , 19 000,,14 000 ,10 000 , 18 000,,13 000 ,8900 , 17 000,
Egypt,580 ,<500 , 870,,920 ,600 , 1400,,1300 ,900 , 2100,,1900 ,1200 , 2900,,2500 ,1600 , 3900,,3100 ,2000 , 4900,,3900 ,2500 , 6100,,4600 ,2900 , 7300,,5400 ,3400 , 8600,,6200 ,4000 , 9900,,6900 ,4400 , 11 000,,7500 ,4900 , 12 000,,7900 ,5200 , 12 000,,8300 ,5600 , 13 000,,8900 ,6100 , 13 000,,9500 ,6500 , 14 000,,10 000 ,6900 , 14 000,,10 000 ,7300 , 15 000,,11 000 ,7800 , 15 000,,11 000 ,8300 , 16 000,,12 000 ,8800 , 16 000,,13 000 ,9300 , 16 000,,13 000 ,9900 , 17 000,,14 000 ,11 000 , 18 000,,15 000 ,11 000 , 19 000,,15 000 ,12 000 , 19 000,,16 000 ,13 000 , 20 000,,17 000 ,14 000 , 22 000,,18 000 ,14 000 , 23 000,,19 000 ,15 000 , 24 000,,20 000 ,15 000 , 26 000,,21 000 ,16 000 , 27 000,,22 000 ,16 000 , 29 000,,23 000 ,17 000 , 31 000,,24 000 ,17 000 , 33 000,
El Salvador,<100 ,<100 , <200,,<200 ,<100 , <200,,<500 ,<200 , <500,,<500 ,<500 , <500,,540 ,<500 , 710,,790 ,630 , 1000,,1100 ,900 , 1400,,1500 ,1300 , 1900,,2000 ,1700 , 2500,,2700 ,2200 , 3200,,3400 ,2900 , 4000,,4200 ,3600 , 4900,,5100 ,4400 , 5800,,6000 ,5300 , 6800,,6900 ,6200 , 7800,,7700 ,6900 , 8600,,8400 ,7500 , 9400,,9000 ,8000 , 10 000,,9500 ,8600 , 11 000,,10 000 ,9000 , 11 000,,10 000 ,9200 , 11 000,,10 000 ,9000 , 11 000,,10 000 ,8900 , 12 000,,10 000 ,8900 , 12 000,,10 000 ,8800 , 12 000,,10 000 ,8600 , 12 000,,10 000 ,8400 , 12 000,,10 000 ,8300 , 12 000,,10 000 ,8100 , 11 000,,9900 ,8100 , 11 000,,9400 ,7600 , 11 000,,8900 ,7100 , 10 000,,8300 ,6400 , 9800,,7800 ,5800 , 9300,,7200 ,5200 , 8800,
Equatorial Guinea,... ,... , ...,"Estimates were not available at the time of publication.",... ,... , ...,"Estimates were not available at the time of publication.",... ,... , ...,"Estimates were not available at the time of publication.",... ,... , ...,"Estimates were not available at the time of publication.",... ,... , ...,"Estimates were not available at the time of publication.",... ,... , ...,"Estimates were not available at the time of publication.",... ,... , ...,"Estimates were not available at the time of publication.",... ,... , ...,"Estimates were not available at the time of publication.",... ,... , ...,"Estimates were not available at the time of publication.",... ,... , ...,"Estimates were not available at the time of publication.",... ,... , ...,"Estimates were not available at the time of publication.",... ,... , ...,"Estimates were not available at the time of publication.",... ,... , ...,"Estimates were not available at the time of publication.",... ,... , ...,"Estimates were not available at the time of publication.",... ,... , ...,"Estimates were not available at the time of publication.",... ,... , ...,"Estimates were not available at the time of publication.",... ,... , ...,"Estimates were not available at the time of publication.",... ,... , ...,"Estimates were not available at the time of publication.",... ,... , ...,"Estimates were not available at the time of publication.",... ,... , ...,"Estimates were not available at the time of publication.",... ,... , ...,"Estimates were not available at the time of publication.",... ,... , ...,"Estimates were not available at the time of publication.",... ,... , ...,"Estimates were not available at the time of publication.",... ,... , ...,"Estimates were not available at the time of publication.",... ,... , ...,"Estimates were not available at the time of publication.",... ,... , ...,"Estimates were not available at the time of publication.",... ,... , ...,"Estimates were not available at the time of publication.",... ,... , ...,"Estimates were not available at the time of publication.",... ,... , ...,"Estimates were not available at the time of publication.",... ,... , ...,"Estimates were not available at the time of publication.",... ,... , ...,"Estimates were not available at the time of publication.",... ,... , ...,"Estimates were not available at the time of publication.",... ,... , ...,"Estimates were not available at the time of publication.",... ,... , ...,"Estimates were not available at the time of publication.",... ,... , ...,"Estimates were not available at the time of publication."
Eritrea,2400 ,1100 , 5800,,3200 ,1500 , 7300,,3800 ,1900 , 8500,,4800 ,2400 , 10 000,,6000 ,3200 , 13 000,,7400 ,4100 , 15 000,,9200 ,5300 , 18 000,,11 000 ,6600 , 21 000,,13 000 ,7900 , 23 000,,15 000 ,9200 , 25 000,,16 000 ,11 000 , 27 000,,18 000 ,12 000 , 29 000,,20 000 ,13 000 , 32 000,,22 000 ,15 000 , 33 000,,23 000 ,16 000 , 35 000,,24 000 ,17 000 , 35 000,,26 000 ,18 000 , 37 000,,26 000 ,19 000 , 37 000,,26 000 ,19 000 , 37 000,,26 000 ,19 000 , 36 000,,26 000 ,19 000 , 35 000,,25 000 ,18 000 , 33 000,,24 000 ,18 000 , 32 000,,24 000 ,17 000 , 31 000,,23 000 ,17 000 , 29 000,,22 000 ,15 000 , 27 000,,20 000 ,15 000 , 26 000,,19 000 ,13 000 , 24 000,,17 000 ,12 000 , 22 000,,16 000 ,11 000 , 21 000,,15 000 ,10 000 , 20 000,,14 000 ,8800 , 18 000,,13 000 ,7900 , 17 000,,12 000 ,7000 , 16 000,,11 000 ,6300 , 15 000,
Estonia,<100 ,<100 , <100,"Children estimates were not available at the time of publication.",<100 ,<100 , <100,"Children estimates were not available at the time of publication.",<100 ,<100 , <100,"Children estimates were not available at the time of publication.",<100 ,<100 , <100,"Children estimates were not available at the time of publication.",<100 ,<100 , <100,"Children estimates were not available at the time of publication.",<100 ,<100 , <100,"Children estimates were not available at the time of publication.",<100 ,<100 , <100,"Children estimates were not available at the time of publication.",<100 ,<100 , <100,"Children estimates were not available at the time of publication.",<100 ,<100 , <100,"Children estimates were not available at the time of publication.",<100 ,<100 , <100,"Children estimates were not available at the time of publication.",<100 ,<100 , <100,"Children estimates were not available at the time of publication.",<100 ,<100 , <100,"Children estimates were not available at the time of publication.",<100 ,<100 , <100,"Children estimates were not available at the time of publication.",<100 ,<100 , <100,"Children estimates were not available at the time of publication.",<100 ,<100 , <100,"Children estimates were not available at the time of publication.",<100 ,<100 , <200,"Children estimates were not available at the time of publication.",<200 ,<100 , <200,"Children estimates were not available at the time of publication.",<200 ,<200 , <200,"Children estimates were not available at the time of publication.",<200 ,<200 , <500,"Children estimates were not available at the time of publication.",<200 ,<200 , <500,"Children estimates were not available at the time of publication.",<500 ,<200 , <500,"Children estimates were not available at the time of publication.",<500 ,<200 , <500,"Children estimates were not available at the time of publication.",<500 ,<200 , <500,"Children estimates were not available at the time of publication.",<500 ,<200 , <500,"Children estimates were not available at the time of publication.",<500 ,<200 , <500,"Children estimates were not available at the time of publication.",<500 ,<200 , <500,"Children estimates were not available at the time of publication.",<500 ,<200 , <500,"Children estimates were not available at the time of publication.",<500 ,<200 , <500,"Children estimates were not available at the time of publication.",<500 ,<200 , <500,"Children estimates were not available at the time of publication.",<500 ,<200 , <500,"Children estimates were not available at the time of publication.",<500 ,<200 , <500,"Children estimates were not available at the time of publication.",<500 ,<200 , <500,"Children estimates were not available at the time of publication.",<500 ,<200 , <500,"Children estimates were not available at the time of publication.",<500 ,<500 , <500,"Children estimates were not available at the time of publication.",<500 ,<500 , <500,"Children estimates were not available at the time of publication."
Eswatini,<200 ,<200 , <500,,<500 ,<500 , 570,,810 ,620 , 1300,,1700 ,1300 , 2600,,3100 ,2400 , 4900,,5200 ,4000 , 8000,,8400 ,6600 , 13 000,,13 000 ,10 000 , 19 000,,18 000 ,15 000 , 26 000,,25 000 ,20 000 , 35 000,,33 000 ,27 000 , 46 000,,41 000 ,35 000 , 56 000,,50 000 ,43 000 , 66 000,,58 000 ,50 000 , 75 000,,66 000 ,58 000 , 84 000,,74 000 ,65 000 , 92 000,,80 000 ,72 000 , 98 000,,85 000 ,77 000 , 100 000,,89 000 ,80 000 , 100 000,,91 000 ,83 000 , 110 000,,94 000 ,86 000 , 110 000,,95 000 ,86 000 , 110 000,,96 000 ,87 000 , 110 000,,97 000 ,87 000 , 110 000,,97 000 ,87 000 , 110 000,,95 000 ,85 000 , 110 000,,91 000 ,81 000 , 110 000,,87 000 ,76 000 , 100 000,,82 000 ,71 000 , 97 000,,79 000 ,68 000 , 94 000,,77 000 ,65 000 , 92 000,,72 000 ,61 000 , 88 000,,68 000 ,57 000 , 84 000,,65 000 ,54 000 , 82 000,,61 000 ,51 000 , 79 000,
Ethiopia,43 000 ,22 000 , 76 000,,62 000 ,32 000 , 110 000,,87 000 ,45 000 , 150 000,,120 000 ,61 000 , 210 000,,160 000 ,81 000 , 280 000,,200 000 ,100 000 , 350 000,,250 000 ,130 000 , 440 000,,310 000 ,160 000 , 540 000,,360 000 ,190 000 , 640 000,,420 000 ,220 000 , 740 000,,470 000 ,250 000 , 830 000,,520 000 ,270 000 , 920 000,,570 000 ,300 000 , 1 000 000,,610 000 ,320 000 , 1 100 000,,640 000 ,330 000 , 1 100 000,,660 000 ,340 000 , 1 200 000,,680 000 ,350 000 , 1 200 000,,680 000 ,350 000 , 1 200 000,,670 000 ,350 000 , 1 200 000,,650 000 ,340 000 , 1 100 000,,620 000 ,320 000 , 1 100 000,,590 000 ,300 000 , 1 000 000,,540 000 ,280 000 , 950 000,,500 000 ,260 000 , 870 000,,450 000 ,240 000 , 800 000,,420 000 ,220 000 , 730 000,,380 000 ,200 000 , 670 000,,360 000 ,190 000 , 630 000,,340 000 ,180 000 , 590 000,,320 000 ,170 000 , 560 000,,300 000 ,160 000 , 530 000,,290 000 ,150 000 , 510 000,,270 000 ,140 000 , 480 000,,250 000 ,130 000 , 450 000,,240 000 ,120 000 , 420 000,
Fiji,<100 ,<100 , <100,,<100 ,<100 , <100,,<100 ,<100 , <100,,<100 ,<100 , <100,,<100 ,<100 , <100,,<100 ,<100 , <100,,<100 ,<100 , <100,,<100 ,<100 , <100,,<100 ,<100 , <100,,<100 ,<100 , <100,,<100 ,<100 , <100,,<100 ,<100 , <100,,<100 ,<100 , <100,,<100 ,<100 , <100,,<100 ,<100 , <100,,<100 ,<100 , <100,,<100 ,<100 , <100,,<100 ,<100 , <100,,<100 ,<100 , <100,,<100 ,<100 , <100,,<100 ,<100 , <100,,<100 ,<100 , <100,,<100 ,<100 , <100,,<100 ,<100 , <100,,<100 ,<100 , <100,,<100 ,<100 , <100,,<100 ,<100 , <100,,<100 ,<100 , <100,,<100 ,<100 , <100,,<100 ,<100 , <200,,<200 ,<100 , <200,,<200 ,<200 , <500,,<500 ,<200 , <500,,<500 ,<500 , <500,,<500 ,<500 , 630,
Finland,... ,... , ...,"Estimates were not available at the time of publication.",... ,... , ...,"Estimates were not available at the time of publication.",... ,... , ...,"Estimates were not available at the time of publication.",... ,... , ...,"Estimates were not available at the time of publication.",... ,... , ...,"Estimates were not available at the time of publication.",... ,... , ...,"Estimates were not available at the time of publication.",... ,... , ...,"Estimates were not available at the time of publication.",... ,... , ...,"Estimates were not available at the time of publication.",... ,... , ...,"Estimates were not available at the time of publication.",... ,... , ...,"Estimates were not available at the time of publication.",... ,... , ...,"Estimates were not available at the time of publication.",... ,... , ...,"Estimates were not available at the time of publication.",... ,... , ...,"Estimates were not available at the time of publication.",... ,... , ...,"Estimates were not available at the time of publication.",... ,... , ...,"Estimates were not available at the time of publication.",... ,... , ...,"Estimates were not available at the time of publication.",... ,... , ...,"Estimates were not available at the time of publication.",... ,... , ...,"Estimates were not available at the time of publication.",... ,... , ...,"Estimates were not available at the time of publication.",... ,... , ...,"Estimates were not available at the time of publication.",... ,... , ...,"Estimates were not available at the time of publication.",... ,... , ...,"Estimates were not available at the time of publication.",... ,... , ...,"Estimates were not available at the time of publication.",... ,... , ...,"Estimates were not available at the time of publication.",... ,... , ...,"Estimates were not available at the time of publication.",... ,... , ...,"Estimates were not available at the time of publication.",... ,... , ...,"Estimates were not available at the time of publication.",... ,... , ...,"Estimates were not available at the time of publication.",... ,... , ...,"Estimates were not available at the time of publication.",... ,... , ...,"Estimates were not available at the time of publication.",... ,... , ...,"Estimates were not available at the time of publication.",... ,... , ...,"Estimates were not available at the time of publication.",... ,... , ...,"Estimates were not available at the time of publication.",... ,... , ...,"Estimates were not available at the time of publication.",... ,... , ...,"Estimates were not available at the time of publication."
France,... ,... , ...,,... ,... , ...,,... ,... , ...,,... ,... , ...,,... ,... , ...,,... ,... , ...,,... ,... , ...,,... ,... , ...,,... ,... , ...,,... ,... , ...,,... ,... , ...,,... ,... , ...,,... ,... , ...,,... ,... , ...,,... ,... , ...,,... ,... , ...,,... ,... , ...,,... ,... , ...,,... ,... , ...,,... ,... , ...,,... ,... , ...,,... ,... , ...,,... ,... , ...,,... ,... , ...,,... ,... , ...,,... ,... , ...,,... ,... , ...,,... ,... , ...,,... ,... , ...,,... ,... , ...,,... ,... , ...,,... ,... , ...,,... ,... , ...,,... ,... , ...,,... ,... , ...,
Gabon,680 ,<500 , 1400,,940 ,<500 , 1900,,1300 ,630 , 2500,,1700 ,870 , 3300,,2300 ,1200 , 4300,,3100 ,1700 , 5600,,4000 ,2200 , 7100,,5200 ,2900 , 8900,,6500 ,3800 , 11 000,,8000 ,4800 , 13 000,,9600 ,6100 , 15 000,,11 000 ,7300 , 18 000,,13 000 ,8600 , 20 000,,15 000 ,10 000 , 23 000,,17 000 ,12 000 , 25 000,,19 000 ,13 000 , 27 000,,20 000 ,14 000 , 29 000,,21 000 ,15 000 , 30 000,,22 000 ,15 000 , 32 000,,23 000 ,16 000 , 33 000,,25 000 ,17 000 , 34 000,,26 000 ,18 000 , 35 000,,27 000 ,18 000 , 37 000,,27 000 ,18 000 , 37 000,,28 000 ,18 000 , 37 000,,28 000 ,19 000 , 38 000,,29 000 ,20 000 , 39 000,,30 000 ,21 000 , 39 000,,31 000 ,22 000 , 40 000,,32 000 ,22 000 , 40 000,,33 000 ,23 000 , 41 000,,34 000 ,24 000 , 42 000,,34 000 ,25 000 , 42 000,,34 000 ,24 000 , 42 000,,33 000 ,24 000 , 42 000,
Gambia,<100 ,<100 , <500,,<200 ,<100 , <500,,<500 ,<100 , 640,,<500 ,<200 , 870,,<500 ,<500 , 1200,,720 ,<500 , 1500,,1000 ,510 , 2000,,1400 ,790 , 2600,,1900 ,1200 , 3300,,2600 ,1600 , 4200,,3300 ,2200 , 5300,,4200 ,2800 , 6400,,5300 ,3600 , 7800,,6400 ,4500 , 9400,,7700 ,5500 , 11 000,,9000 ,6600 , 12 000,,10 000 ,7500 , 14 000,,12 000 ,8600 , 16 000,,13 000 ,9800 , 18 000,,14 000 ,11 000 , 20 000,,16 000 ,12 000 , 21 000,,17 000 ,13 000 , 23 000,,18 000 ,14 000 , 24 000,,19 000 ,15 000 , 26 000,,20 000 ,16 000 , 27 000,,22 000 ,17 000 , 29 000,,23 000 ,18 000 , 30 000,,24 000 ,18 000 , 31 000,,25 000 ,19 000 , 32 000,,25 000 ,20 000 , 33 000,,26 000 ,20 000 , 33 000,,26 000 ,21 000 , 34 000,,27 000 ,21 000 , 34 000,,27 000 ,21 000 , 34 000,,27 000 ,20 000 , 34 000,
Georgia,<100 ,<100 , <100,"Children estimates were not available at the time of publication.",<100 ,<100 , <100,"Children estimates were not available at the time of publication.",<100 ,<100 , <100,"Children estimates were not available at the time of publication.",<100 ,<100 , <100,"Children estimates were not available at the time of publication.",<100 ,<100 , <100,"Children estimates were not available at the time of publication.",<100 ,<100 , <100,"Children estimates were not available at the time of publication.",<100 ,<100 , <100,"Children estimates were not available at the time of publication.",<100 ,<100 , <100,"Children estimates were not available at the time of publication.",<100 ,<100 , <100,"Children estimates were not available at the time of publication.",<100 ,<100 , <100,"Children estimates were not available at the time of publication.",<100 ,<100 , <100,"Children estimates were not available at the time of publication.",<100 ,<100 , <100,"Children estimates were not available at the time of publication.",<100 ,<100 , <100,"Children estimates were not available at the time of publication.",<100 ,<100 , <100,"Children estimates were not available at the time of publication.",<100 ,<100 , <100,"Children estimates were not available at the time of publication.",<100 ,<100 , <100,"Children estimates were not available at the time of publication.",<100 ,<100 , <100,"Children estimates were not available at the time of publication.",<100 ,<100 , <100,"Children estimates were not available at the time of publication.",<100 ,<100 , <100,"Children estimates were not available at the time of publication.",<100 ,<100 , <100,"Children estimates were not available at the time of publication.",<100 ,<100 , <200,"Children estimates were not available at the time of publication.",<100 ,<100 , <200,"Children estimates were not available at the time of publication.",<200 ,<100 , <200,"Children estimates were not available at the time of publication.",<200 ,<100 , <200,"Children estimates were not available at the time of publication.",<200 ,<200 , <500,"Children estimates were not available at the time of publication.",<200 ,<200 , <500,"Children estimates were not available at the time of publication.",<200 ,<200 , <500,"Children estimates were not available at the time of publication.",<500 ,<200 , <500,"Children estimates were not available at the time of publication.",<500 ,<200 , <500,"Children estimates were not available at the time of publication.",<500 ,<500 , <500,"Children estimates were not available at the time of publication.",<500 ,<500 , 540,"Children estimates were not available at the time of publication.",<500 ,<500 , 640,"Children estimates were not available at the time of publication.",<500 ,<500 , 760,"Children estimates were not available at the time of publication.",560 ,<500 , 910,"Children estimates were not available at the time of publication.",650 ,<500 , 1100,"Children estimates were not available at the time of publication."
Germany,... ,... , ...,,... ,... , ...,,... ,... , ...,,... ,... , ...,,... ,... , ...,,... ,... , ...,,... ,... , ...,,... ,... , ...,,... ,... , ...,,... ,... , ...,,... ,... , ...,,... ,... , ...,,... ,... , ...,,... ,... , ...,,... ,... , ...,,... ,... , ...,,... ,... , ...,,... ,... , ...,,... ,... , ...,,... ,... , ...,,1800 ,1300 , 2300,,1700 ,1200 , 2300,,1600 ,1200 , 2200,,1600 ,1200 , 2300,,1600 ,1100 , 2300,,1500 ,1100 , 2300,,1500 ,1100 , 2200,,1400 ,1000 , 2200,,1400 ,990 , 2200,,1300 ,940 , 2100,,1300 ,880 , 2100,,1200 ,840 , 2000,,1100 ,780 , 1800,,1100 ,730 , 1700,,1000 ,690 , 1600,
Ghana,13 000 ,5200 , 26 000,,18 000 ,7500 , 35 000,,24 000 ,11 000 , 46 000,,32 000 ,15 000 , 57 000,,41 000 ,21 000 , 72 000,,52 000 ,28 000 , 87 000,,65 000 ,37 000 , 100 000,,79 000 ,48 000 , 120 000,,95 000 ,60 000 , 140 000,,110 000 ,73 000 , 160 000,,130 000 ,88 000 , 170 000,,140 000 ,100 000 , 190 000,,160 000 ,120 000 , 200 000,,170 000 ,140 000 , 220 000,,190 000 ,150 000 , 230 000,,200 000 ,170 000 , 240 000,,210 000 ,180 000 , 250 000,,220 000 ,190 000 , 260 000,,230 000 ,190 000 , 270 000,,230 000 ,200 000 , 270 000,,230 000 ,200 000 , 270 000,,240 000 ,210 000 , 280 000,,240 000 ,210 000 , 270 000,,240 000 ,210 000 , 270 000,,240 000 ,210 000 , 280 000,,240 000 ,210 000 , 280 000,,240 000 ,210 000 , 280 000,,240 000 ,210 000 , 280 000,,240 000 ,210 000 , 280 000,,240 000 ,210 000 , 290 000,,250 000 ,210 000 , 290 000,,240 000 ,210 000 , 290 000,,240 000 ,210 000 , 280 000,,240 000 ,210 000 , 280 000,,240 000 ,200 000 , 280 000,
Greece,<100 ,<100 , <100,"Children estimates were not available at the time of publication.",<100 ,<100 , <100,"Children estimates were not available at the time of publication.",<100 ,<100 , <200,"Children estimates were not available at the time of publication.",<200 ,<100 , <200,"Children estimates were not available at the time of publication.",<200 ,<200 , <500,"Children estimates were not available at the time of publication.",<500 ,<200 , <500,"Children estimates were not available at the time of publication.",<200 ,<200 , <500,"Children estimates were not available at the time of publication.",<200 ,<200 , <500,"Children estimates were not available at the time of publication.",<200 ,<200 , <500,"Children estimates were not available at the time of publication.",<200 ,<200 , <500,"Children estimates were not available at the time of publication.",<200 ,<200 , <500,"Children estimates were not available at the time of publication.",<200 ,<200 , <200,"Children estimates were not available at the time of publication.",<200 ,<200 , <200,"Children estimates were not available at the time of publication.",<200 ,<200 , <200,"Children estimates were not available at the time of publication.",<200 ,<200 , <200,"Children estimates were not available at the time of publication.",<200 ,<200 , <200,"Children estimates were not available at the time of publication.",<200 ,<200 , <200,"Children estimates were not available at the time of publication.",<200 ,<200 , <500,"Children estimates were not available at the time of publication.",<200 ,<200 , <500,"Children estimates were not available at the time of publication.",<200 ,<200 , <500,"Children estimates were not available at the time of publication.",<500 ,<200 , <500,"Children estimates were not available at the time of publication.",<500 ,<200 , <500,"Children estimates were not available at the time of publication.",<500 ,<200 , <500,"Children estimates were not available at the time of publication.",<500 ,<500 , <500,"Children estimates were not available at the time of publication.",<500 ,<500 , <500,"Children estimates were not available at the time of publication.",<500 ,<500 , <500,"Children estimates were not available at the time of publication.",<500 ,<500 , <500,"Children estimates were not available at the time of publication.",<500 ,<500 , <500,"Children estimates were not available at the time of publication.",<500 ,<500 , <500,"Children estimates were not available at the time of publication.",<500 ,<500 , <500,"Children estimates were not available at the time of publication.",<500 ,<500 , <500,"Children estimates were not available at the time of publication.",<500 ,<500 , <500,"Children estimates were not available at the time of publication.",<500 ,<500 , 550,"Children estimates were not available at the time of publication.",<500 ,<500 , 620,"Children estimates were not available at the time of publication.",<500 ,<500 , 700,"Children estimates were not available at the time of publication."
Guatemala,720 ,<500 , 19 000,,1100 ,<500 , 20 000,,1500 ,730 , 20 000,,2100 ,1100 , 20 000,,2900 ,1500 , 19 000,,3800 ,2100 , 18 000,,4900 ,2800 , 18 000,,6200 ,3700 , 18 000,,7700 ,4700 , 19 000,,9300 ,5700 , 20 000,,11 000 ,6900 , 21 000,,13 000 ,8300 , 22 000,,15 000 ,9900 , 23 000,,17 000 ,12 000 , 24 000,,17 000 ,13 000 , 24 000,,19 000 ,14 000 , 25 000,,20 000 ,14 000 , 27 000,,20 000 ,15 000 , 27 000,,20 000 ,15 000 , 26 000,,19 000 ,14 000 , 25 000,,18 000 ,13 000 , 24 000,,17 000 ,12 000 , 24 000,,17 000 ,11 000 , 23 000,,16 000 ,9800 , 23 000,,15 000 ,8800 , 22 000,,15 000 ,8100 , 22 000,,15 000 ,7700 , 22 000,,15 000 ,7100 , 22 000,,14 000 ,6400 , 22 000,,14 000 ,5800 , 21 000,,13 000 ,5400 , 21 000,,12 000 ,4900 , 20 000,,12 000 ,4500 , 19 000,,11 000 ,4100 , 18 000,,9800 ,3800 , 17 000,
Guinea,1500 ,<500 , 3300,,2000 ,510 , 4300,,2600 ,750 , 5700,,3500 ,1000 , 7100,,4600 ,1500 , 8800,,6100 ,2200 , 11 000,,7900 ,3000 , 14 000,,10 000 ,4200 , 17 000,,13 000 ,5700 , 21 000,,15 000 ,7600 , 24 000,,19 000 ,10 000 , 29 000,,23 000 ,13 000 , 33 000,,26 000 ,16 000 , 37 000,,31 000 ,19 000 , 42 000,,35 000 ,23 000 , 46 000,,39 000 ,28 000 , 51 000,,44 000 ,32 000 , 55 000,,48 000 ,36 000 , 60 000,,52 000 ,40 000 , 65 000,,56 000 ,43 000 , 69 000,,58 000 ,46 000 , 72 000,,61 000 ,48 000 , 74 000,,63 000 ,50 000 , 78 000,,67 000 ,54 000 , 82 000,,70 000 ,58 000 , 86 000,,74 000 ,61 000 , 89 000,,78 000 ,64 000 , 95 000,,82 000 ,68 000 , 99 000,,86 000 ,70 000 , 100 000,,89 000 ,74 000 , 110 000,,91 000 ,76 000 , 110 000,,92 000 ,77 000 , 110 000,,91 000 ,76 000 , 110 000,,89 000 ,73 000 , 110 000,,86 000 ,70 000 , 110 000,
Guinea-Bissau,<100 ,<100 , <200,,<200 ,<100 , <500,,<500 ,<200 , <500,,<500 ,<200 , <500,,<500 ,<500 , 680,,630 ,<500 , 1000,,910 ,570 , 1400,,1300 ,860 , 2000,,1800 ,1200 , 2800,,2600 ,1800 , 3800,,3500 ,2500 , 5100,,4700 ,3500 , 6700,,6200 ,4700 , 8500,,7900 ,6200 , 11 000,,9800 ,7800 , 13 000,,12 000 ,9500 , 15 000,,14 000 ,11 000 , 18 000,,16 000 ,13 000 , 20 000,,18 000 ,15 000 , 23 000,,20 000 ,17 000 , 25 000,,22 000 ,19 000 , 27 000,,24 000 ,21 000 , 29 000,,26 000 ,22 000 , 31 000,,27 000 ,24 000 , 32 000,,29 000 ,25 000 , 34 000,,31 000 ,27 000 , 35 000,,32 000 ,28 000 , 37 000,,32 000 ,29 000 , 38 000,,33 000 ,30 000 , 38 000,,34 000 ,29 000 , 38 000,,33 000 ,29 000 , 38 000,,33 000 ,28 000 , 38 000,,32 000 ,27 000 , 37 000,,31 000 ,26 000 , 35 000,,30 000 ,24 000 , 35 000,
Guyana,<200 ,<100 , <500,,<200 ,<100 , <500,,<200 ,<100 , <500,,<500 ,<100 , 560,,<500 ,<200 , 680,,<500 ,<200 , 840,,<500 ,<500 , 1000,,510 ,<500 , 1200,,630 ,<500 , 1400,,760 ,<500 , 1600,,900 ,520 , 1700,,1100 ,640 , 1900,,1200 ,750 , 2000,,1400 ,880 , 2200,,1500 ,980 , 2400,,1700 ,1100 , 2500,,1700 ,1100 , 2600,,1700 ,1100 , 2600,,1700 ,1000 , 2700,,1700 ,1000 , 2800,,1600 ,960 , 2800,,1600 ,910 , 2900,,1600 ,850 , 2900,,1500 ,800 , 2900,,1500 ,770 , 3000,,1500 ,720 , 3100,,1500 ,660 , 3200,,1500 ,610 , 3400,,1600 ,570 , 3500,,1600 ,540 , 3600,,1700 ,530 , 3900,,1800 ,530 , 4100,,1800 ,530 , 4300,,1900 ,530 , 4400,,1900 ,510 , 4400,
Haiti,8900 ,5300 , 16 000,,13 000 ,7900 , 22 000,,17 000 ,11 000 , 28 000,,22 000 ,15 000 , 35 000,,28 000 ,19 000 , 43 000,,35 000 ,24 000 , 51 000,,42 000 ,30 000 , 60 000,,49 000 ,36 000 , 68 000,,56 000 ,42 000 , 76 000,,62 000 ,48 000 , 83 000,,69 000 ,53 000 , 90 000,,75 000 ,59 000 , 95 000,,80 000 ,64 000 , 100 000,,84 000 ,68 000 , 110 000,,88 000 ,72 000 , 110 000,,90 000 ,75 000 , 110 000,,92 000 ,77 000 , 110 000,,92 000 ,78 000 , 110 000,,91 000 ,78 000 , 110 000,,90 000 ,77 000 , 110 000,,87 000 ,74 000 , 100 000,,86 000 ,73 000 , 100 000,,85 000 ,72 000 , 97 000,,84 000 ,72 000 , 95 000,,82 000 ,71 000 , 93 000,,80 000 ,70 000 , 90 000,,78 000 ,68 000 , 88 000,,77 000 ,68 000 , 86 000,,73 000 ,65 000 , 81 000,,69 000 ,61 000 , 78 000,,64 000 ,56 000 , 72 000,,58 000 ,50 000 , 66 000,,51 000 ,44 000 , 59 000,,45 000 ,38 000 , 54 000,,40 000 ,33 000 , 50 000,
Honduras,2000 ,1400 , 2900,,2700 ,1900 , 3800,,3500 ,2500 , 4900,,4500 ,3200 , 6300,,5600 ,4100 , 7800,,7000 ,5100 , 9600,,8600 ,6400 , 12 000,,10 000 ,7900 , 14 000,,12 000 ,9400 , 16 000,,14 000 ,11 000 , 19 000,,16 000 ,13 000 , 21 000,,18 000 ,15 000 , 24 000,,20 000 ,17 000 , 26 000,,22 000 ,18 000 , 28 000,,24 000 ,20 000 , 29 000,,25 000 ,21 000 , 31 000,,26 000 ,22 000 , 31 000,,26 000 ,23 000 , 31 000,,27 000 ,23 000 , 32 000,,27 000 ,23 000 , 32 000,,27 000 ,23 000 , 31 000,,26 000 ,23 000 , 30 000,,26 000 ,23 000 , 29 000,,25 000 ,22 000 , 29 000,,24 000 ,21 000 , 27 000,,23 000 ,20 000 , 26 000,,21 000 ,19 000 , 24 000,,20 000 ,17 000 , 23 000,,19 000 ,16 000 , 21 000,,17 000 ,14 000 , 20 000,,16 000 ,13 000 , 18 000,,15 000 ,11 000 , 17 000,,13 000 ,9900 , 16 000,,12 000 ,8600 , 15 000,,11 000 ,7500 , 14 000,
Hungary,... ,... , ...,"Estimates were not available at the time of publication.",... ,... , ...,"Estimates were not available at the time of publication.",... ,... , ...,"Estimates were not available at the time of publication.",... ,... , ...,"Estimates were not available at the time of publication.",... ,... , ...,"Estimates were not available at the time of publication.",... ,... , ...,"Estimates were not available at the time of publication.",... ,... , ...,"Estimates were not available at the time of publication.",... ,... , ...,"Estimates were not available at the time of publication.",... ,... , ...,"Estimates were not available at the time of publication.",... ,... , ...,"Estimates were not available at the time of publication.",... ,... , ...,"Estimates were not available at the time of publication.",... ,... , ...,"Estimates were not available at the time of publication.",... ,... , ...,"Estimates were not available at the time of publication.",... ,... , ...,"Estimates were not available at the time of publication.",... ,... , ...,"Estimates were not available at the time of publication.",... ,... , ...,"Estimates were not available at the time of publication.",... ,... , ...,"Estimates were not available at the time of publication.",... ,... , ...,"Estimates were not available at the time of publication.",... ,... , ...,"Estimates were not available at the time of publication.",... ,... , ...,"Estimates were not available at the time of publication.",... ,... , ...,"Estimates were not available at the time of publication.",... ,... , ...,"Estimates were not available at the time of publication.",... ,... , ...,"Estimates were not available at the time of publication.",... ,... , ...,"Estimates were not available at the time of publication.",... ,... , ...,"Estimates were not available at the time of publication.",... ,... , ...,"Estimates were not available at the time of publication.",... ,... , ...,"Estimates were not available at the time of publication.",... ,... , ...,"Estimates were not available at the time of publication.",... ,... , ...,"Estimates were not available at the time of publication.",... ,... , ...,"Estimates were not available at the time of publication.",... ,... , ...,"Estimates were not available at the time of publication.",... ,... , ...,"Estimates were not available at the time of publication.",... ,... , ...,"Estimates were not available at the time of publication.",... ,... , ...,"Estimates were not available at the time of publication.",... ,... , ...,"Estimates were not available at the time of publication."
Iceland,<100 ,<100 , <100,"Children estimates were not available at the time of publication.",<100 ,<100 , <100,"Children estimates were not available at the time of publication.",<100 ,<100 , <100,"Children estimates were not available at the time of publication.",<100 ,<100 , <100,"Children estimates were not available at the time of publication.",<100 ,<100 , <100,"Children estimates were not available at the time of publication.",<100 ,<100 , <100,"Children estimates were not available at the time of publication.",<100 ,<100 , <100,"Children estimates were not available at the time of publication.",<100 ,<100 , <100,"Children estimates were not available at the time of publication.",<100 ,<100 , <100,"Children estimates were not available at the time of publication.",<100 ,<100 , <100,"Children estimates were not available at the time of publication.",<100 ,<100 , <100,"Children estimates were not available at the time of publication.",<100 ,<100 , <100,"Children estimates were not available at the time of publication.",<100 ,<100 , <100,"Children estimates were not available at the time of publication.",<100 ,<100 , <100,"Children estimates were not available at the time of publication.",<100 ,<100 , <100,"Children estimates were not available at the time of publication.",<100 ,<100 , <100,"Children estimates were not available at the time of publication.",<100 ,<100 , <100,"Children estimates were not available at the time of publication.",<100 ,<100 , <100,"Children estimates were not available at the time of publication.",<100 ,<100 , <100,"Children estimates were not available at the time of publication.",<100 ,<100 , <100,"Children estimates were not available at the time of publication.",<100 ,<100 , <100,"Children estimates were not available at the time of publication.",<100 ,<100 , <100,"Children estimates were not available at the time of publication.",<100 ,<100 , <100,"Children estimates were not available at the time of publication.",<100 ,<100 , <100,"Children estimates were not available at the time of publication.",<100 ,<100 , <100,"Children estimates were not available at the time of publication.",<100 ,<100 , <100,"Children estimates were not available at the time of publication.",<100 ,<100 , <100,"Children estimates were not available at the time of publication.",<100 ,<100 , <100,"Children estimates were not available at the time of publication.",<100 ,<100 , <100,"Children estimates were not available at the time of publication.",<100 ,<100 , <100,"Children estimates were not available at the time of publication.",<100 ,<100 , <100,"Children estimates were not available at the time of publication.",<100 ,<100 , <100,"Children estimates were not available at the time of publication.",<100 ,<100 , <100,"Children estimates were not available at the time of publication.",<100 ,<100 , <100,"Children estimates were not available at the time of publication.",<100 ,<100 , <100,"Children estimates were not available at the time of publication."
Indonesia,... ,... , ...,,... ,... , ...,,... ,... , ...,,... ,... , ...,,... ,... , ...,,... ,... , ...,,... ,... , ...,,... ,... , ...,,... ,... , ...,,... ,... , ...,,... ,... , ...,,... ,... , ...,,... ,... , ...,,... ,... , ...,,... ,... , ...,,... ,... , ...,,... ,... , ...,,... ,... , ...,,... ,... , ...,,... ,... , ...,,... ,... , ...,,... ,... , ...,,... ,... , ...,,... ,... , ...,,... ,... , ...,,... ,... , ...,,... ,... , ...,,... ,... , ...,,... ,... , ...,,... ,... , ...,,... ,... , ...,,... ,... , ...,,... ,... , ...,,... ,... , ...,,... ,... , ...,
Iran (Islamic Republic of),... ,... , ...,,... ,... , ...,,... ,... , ...,,... ,... , ...,,... ,... , ...,,... ,... , ...,,... ,... , ...,,... ,... , ...,,... ,... , ...,,... ,... , ...,,... ,... , ...,,... ,... , ...,,... ,... , ...,,... ,... , ...,,... ,... , ...,,... ,... , ...,,... ,... , ...,,... ,... , ...,,... ,... , ...,,... ,... , ...,,... ,... , ...,,... ,... , ...,,... ,... , ...,,... ,... , ...,,... ,... , ...,,... ,... , ...,,... ,... , ...,,... ,... , ...,,... ,... , ...,,... ,... , ...,,... ,... , ...,,... ,... , ...,,... ,... , ...,,... ,... , ...,,25 000 ,19 000 , 31 000,
Iraq,<100 ,<100 , <100,"Children estimates were not available at the time of publication.",<100 ,<100 , <100,"Children estimates were not available at the time of publication.",<100 ,<100 , <100,"Children estimates were not available at the time of publication.",<100 ,<100 , <100,"Children estimates were not available at the time of publication.",<100 ,<100 , <100,"Children estimates were not available at the time of publication.",<100 ,<100 , <100,"Children estimates were not available at the time of publication.",<100 ,<100 , <100,"Children estimates were not available at the time of publication.",<100 ,<100 , <100,"Children estimates were not available at the time of publication.",<100 ,<100 , <100,"Children estimates were not available at the time of publication.",<100 ,<100 , <200,"Children estimates were not available at the time of publication.",<100 ,<100 , <200,"Children estimates were not available at the time of publication.",<100 ,<100 , <200,"Children estimates were not available at the time of publication.",<100 ,<100 , <200,"Children estimates were not available at the time of publication.",<100 ,<100 , <200,"Children estimates were not available at the time of publication.",<100 ,<100 , <200,"Children estimates were not available at the time of publication.",<100 ,<100 , <200,"Children estimates were not available at the time of publication.",<100 ,<100 , <200,"Children estimates were not available at the time of publication.",<100 ,<100 , <500,"Children estimates were not available at the time of publication.",<200 ,<100 , <500,"Children estimates were not available at the time of publication.",<200 ,<100 , <500,"Children estimates were not available at the time of publication.",<200 ,<100 , <500,"Children estimates were not available at the time of publication.",<500 ,<200 , <500,"Children estimates were not available at the time of publication.",<500 ,<200 , <500,"Children estimates were not available at the time of publication.",<500 ,<200 , 550,"Children estimates were not available at the time of publication.",<500 ,<500 , 630,"Children estimates were not available at the time of publication.",510 ,<500 , 710,"Children estimates were not available at the time of publication.",580 ,<500 , 790,"Children estimates were not available at the time of publication.",650 ,<500 , 870,"Children estimates were not available at the time of publication.",710 ,<500 , 920,"Children estimates were not available at the time of publication.",760 ,<500 , 960,"Children estimates were not available at the time of publication.",800 ,540 , 1000,"Children estimates were not available at the time of publication.",840 ,600 , 1100,"Children estimates were not available at the time of publication.",850 ,630 , 1100,"Children estimates were not available at the time of publication.",850 ,620 , 1100,"Children estimates were not available at the time of publication.",840 ,620 , 1100,"Children estimates were not available at the time of publication."
Ireland,<100 ,<100 , <100,,<100 ,<100 , <100,,<100 ,<100 , <100,,<100 ,<100 , <200,,<200 ,<100 , <200,,<200 ,<200 , <200,,<200 ,<200 , <500,,<200 ,<200 , <500,,<500 ,<200 , <500,,<500 ,<200 , <500,,<500 ,<200 , <500,,<500 ,<200 , <500,,<200 ,<200 , <500,,<200 ,<200 , <500,,<200 ,<200 , <500,,<200 ,<200 , <500,,<200 ,<200 , <500,,<200 ,<200 , <500,,<200 ,<200 , <500,,<500 ,<200 , <500,,<500 ,<200 , <500,,<500 ,<200 , <500,,<500 ,<200 , <500,,<500 ,<200 , <500,,<500 ,<200 , <500,,<500 ,<200 , <500,,<500 ,<200 , <500,,<500 ,<200 , <500,,<500 ,<200 , <500,,<500 ,<200 , <500,,<500 ,<200 , <500,,<500 ,<200 , <500,,<500 ,<200 , <500,,<500 ,<200 , <500,,<500 ,<200 , <500,
Israel,... ,... , ...,"Estimates were not available at the time of publication.",... ,... , ...,"Estimates were not available at the time of publication.",... ,... , ...,"Estimates were not available at the time of publication.",... ,... , ...,"Estimates were not available at the time of publication.",... ,... , ...,"Estimates were not available at the time of publication.",... ,... , ...,"Estimates were not available at the time of publication.",... ,... , ...,"Estimates were not available at the time of publication.",... ,... , ...,"Estimates were not available at the time of publication.",... ,... , ...,"Estimates were not available at the time of publication.",... ,... , ...,"Estimates were not available at the time of publication.",... ,... , ...,"Estimates were not available at the time of publication.",... ,... , ...,"Estimates were not available at the time of publication.",... ,... , ...,"Estimates were not available at the time of publication.",... ,... , ...,"Estimates were not available at the time of publication.",... ,... , ...,"Estimates were not available at the time of publication.",... ,... , ...,"Estimates were not available at the time of publication.",... ,... , ...,"Estimates were not available at the time of publication.",... ,... , ...,"Estimates were not available at the time of publication.",... ,... , ...,"Estimates were not available at the time of publication.",... ,... , ...,"Estimates were not available at the time of publication.",... ,... , ...,"Estimates were not available at the time of publication.",... ,... , ...,"Estimates were not available at the time of publication.",... ,... , ...,"Estimates were not available at the time of publication.",... ,... , ...,"Estimates were not available at the time of publication.",... ,... , ...,"Estimates were not available at the time of publication.",... ,... , ...,"Estimates were not available at the time of publication.",... ,... , ...,"Estimates were not available at the time of publication.",... ,... , ...,"Estimates were not available at the time of publication.",... ,... , ...,"Estimates were not available at the time of publication.",... ,... , ...,"Estimates were not available at the time of publication.",... ,... , ...,"Estimates were not available at the time of publication.",... ,... , ...,"Estimates were not available at the time of publication.",... ,... , ...,"Estimates were not available at the time of publication.",... ,... , ...,"Estimates were not available at the time of publication.",... ,... , ...,"Estimates were not available at the time of publication."
Italy,2500 ,1800 , 3200,,3500 ,2700 , 4300,,4700 ,3600 , 5700,,5900 ,4800 , 7000,,7300 ,6000 , 8500,,8700 ,7200 , 10 000,,10 000 ,8600 , 12 000,,11 000 ,9800 , 13 000,,12 000 ,11 000 , 14 000,,13 000 ,11 000 , 15 000,,13 000 ,11 000 , 15 000,,13 000 ,11 000 , 15 000,,13 000 ,11 000 , 15 000,,13 000 ,11 000 , 15 000,,12 000 ,10 000 , 14 000,,12 000 ,9600 , 14 000,,11 000 ,9000 , 13 000,,10 000 ,8200 , 12 000,,9300 ,7400 , 11 000,,8400 ,6700 , 11 000,,7700 ,6200 , 10 000,,7200 ,5800 , 9800,,6900 ,5500 , 9800,,6800 ,5400 , 10 000,,6800 ,5300 , 11 000,,6800 ,5300 , 11 000,,7000 ,5400 , 12 000,,7300 ,5500 , 13 000,,7400 ,5500 , 13 000,,7200 ,5300 , 13 000,,6800 ,5000 , 13 000,,6600 ,4800 , 12 000,,6500 ,4800 , 13 000,,6400 ,4700 , 13 000,,6400 ,4600 , 13 000,
Jamaica,... ,... , ...,,... ,... , ...,,... ,... , ...,,... ,... , ...,,... ,... , ...,,... ,... , ...,,... ,... , ...,,... ,... , ...,,... ,... , ...,,... ,... , ...,,... ,... , ...,,... ,... , ...,,... ,... , ...,,... ,... , ...,,... ,... , ...,,... ,... , ...,,... ,... , ...,,... ,... , ...,,... ,... , ...,,... ,... , ...,,... ,... , ...,,... ,... , ...,,... ,... , ...,,... ,... , ...,,... ,... , ...,,... ,... , ...,,... ,... , ...,,... ,... , ...,,... ,... , ...,,... ,... , ...,,... ,... , ...,,... ,... , ...,,... ,... , ...,,... ,... , ...,,... ,... , ...,
Japan,... ,... , ...,"Estimates were not available at the time of publication.",... ,... , ...,"Estimates were not available at the time of publication.",... ,... , ...,"Estimates were not available at the time of publication.",... ,... , ...,"Estimates were not available at the time of publication.",... ,... , ...,"Estimates were not available at the time of publication.",... ,... , ...,"Estimates were not available at the time of publication.",... ,... , ...,"Estimates were not available at the time of publication.",... ,... , ...,"Estimates were not available at the time of publication.",... ,... , ...,"Estimates were not available at the time of publication.",... ,... , ...,"Estimates were not available at the time of publication.",... ,... , ...,"Estimates were not available at the time of publication.",... ,... , ...,"Estimates were not available at the time of publication.",... ,... , ...,"Estimates were not available at the time of publication.",... ,... , ...,"Estimates were not available at the time of publication.",... ,... , ...,"Estimates were not available at the time of publication.",... ,... , ...,"Estimates were not available at the time of publication.",... ,... , ...,"Estimates were not available at the time of publication.",... ,... , ...,"Estimates were not available at the time of publication.",... ,... , ...,"Estimates were not available at the time of publication.",... ,... , ...,"Estimates were not available at the time of publication.",... ,... , ...,"Estimates were not available at the time of publication.",... ,... , ...,"Estimates were not available at the time of publication.",... ,... , ...,"Estimates were not available at the time of publication.",... ,... , ...,"Estimates were not available at the time of publication.",... ,... , ...,"Estimates were not available at the time of publication.",... ,... , ...,"Estimates were not available at the time of publication.",... ,... , ...,"Estimates were not available at the time of publication.",... ,... , ...,"Estimates were not available at the time of publication.",... ,... , ...,"Estimates were not available at the time of publication.",... ,... , ...,"Estimates were not available at the time of publication.",... ,... , ...,"Estimates were not available at the time of publication.",... ,... , ...,"Estimates were not available at the time of publication.",... ,... , ...,"Estimates were not available at the time of publication.",... ,... , ...,"Estimates were not available at the time of publication.",... ,... , ...,"Estimates were not available at the time of publication."
Jordan,<100 ,<100 , <100,"Children estimates were not available at the time of publication.",<100 ,<100 , <100,"Children estimates were not available at the time of publication.",<100 ,<100 , <100,"Children estimates were not available at the time of publication.",<100 ,<100 , <100,"Children estimates were not available at the time of publication.",<100 ,<100 , <100,"Children estimates were not available at the time of publication.",<100 ,<100 , <100,"Children estimates were not available at the time of publication.",<100 ,<100 , <100,"Children estimates were not available at the time of publication.",<100 ,<100 , <200,"Children estimates were not available at the time of publication.",<200 ,<100 , <200,"Children estimates were not available at the time of publication.",<200 ,<100 , <200,"Children estimates were not available at the time of publication.",<200 ,<100 , <200,"Children estimates were not available at the time of publication.",<200 ,<100 , <200,"Children estimates were not available at the time of publication.",<200 ,<100 , <200,"Children estimates were not available at the time of publication.",<200 ,<100 , <200,"Children estimates were not available at the time of publication.",<200 ,<100 , <200,"Children estimates were not available at the time of publication.",<200 ,<100 , <200,"Children estimates were not available at the time of publication.",<200 ,<100 , <200,"Children estimates were not available at the time of publication.",<200 ,<100 , <200,"Children estimates were not available at the time of publication.",<200 ,<100 , <200,"Children estimates were not available at the time of publication.",<200 ,<100 , <200,"Children estimates were not available at the time of publication.",<200 ,<100 , <200,"Children estimates were not available at the time of publication.",<200 ,<100 , <200,"Children estimates were not available at the time of publication.",<200 ,<200 , <200,"Children estimates were not available at the time of publication.",<200 ,<200 , <500,"Children estimates were not available at the time of publication.",<200 ,<200 , <500,"Children estimates were not available at the time of publication.",<200 ,<200 , <500,"Children estimates were not available at the time of publication.",<500 ,<200 , <500,"Children estimates were not available at the time of publication.",<500 ,<200 , <500,"Children estimates were not available at the time of publication.",<500 ,<200 , <500,"Children estimates were not available at the time of publication.",<500 ,<200 , <500,"Children estimates were not available at the time of publication.",<500 ,<200 , <500,"Children estimates were not available at the time of publication.",<500 ,<200 , <500,"Children estimates were not available at the time of publication.",<500 ,<200 , <500,"Children estimates were not available at the time of publication.",<500 ,<500 , <500,"Children estimates were not available at the time of publication.",<500 ,<500 , <500,"Children estimates were not available at the time of publication."
Kazakhstan,... ,... , ...,,... ,... , ...,,... ,... , ...,,... ,... , ...,,... ,... , ...,,... ,... , ...,,... ,... , ...,,... ,... , ...,,... ,... , ...,,... ,... , ...,,... ,... , ...,,... ,... , ...,,... ,... , ...,,... ,... , ...,,... ,... , ...,,... ,... , ...,,... ,... , ...,,... ,... , ...,,... ,... , ...,,... ,... , ...,,... ,... , ...,,... ,... , ...,,... ,... , ...,,... ,... , ...,,... ,... , ...,,... ,... , ...,,... ,... , ...,,... ,... , ...,,... ,... , ...,,... ,... , ...,,... ,... , ...,,... ,... , ...,,... ,... , ...,,... ,... , ...,,... ,... , ...,
Kenya,59 000 ,41 000 , 78 000,,88 000 ,62 000 , 120 000,,130 000 ,90 000 , 170 000,,180 000 ,130 000 , 240 000,,250 000 ,170 000 , 330 000,,330 000 ,230 000 , 440 000,,420 000 ,290 000 , 560 000,,520 000 ,360 000 , 690 000,,630 000 ,440 000 , 830 000,,730 000 ,510 000 , 970 000,,830 000 ,580 000 , 1 100 000,,930 000 ,640 000 , 1 200 000,,1 000 000 ,700 000 , 1 300 000,,1 100 000 ,760 000 , 1 400 000,,1 100 000 ,800 000 , 1 500 000,,1 200 000 ,830 000 , 1 600 000,,1 200 000 ,850 000 , 1 600 000,,1 200 000 ,860 000 , 1 600 000,,1 200 000 ,860 000 , 1 600 000,,1 200 000 ,850 000 , 1 600 000,,1 200 000 ,830 000 , 1 600 000,,1 100 000 ,800 000 , 1 500 000,,1 100 000 ,770 000 , 1 500 000,,1 100 000 ,740 000 , 1 400 000,,1 000 000 ,710 000 , 1 400 000,,990 000 ,690 000 , 1 300 000,,930 000 ,650 000 , 1 200 000,,880 000 ,610 000 , 1 200 000,,820 000 ,570 000 , 1 100 000,,770 000 ,530 000 , 1 000 000,,730 000 ,510 000 , 970 000,,690 000 ,480 000 , 920 000,,650 000 ,460 000 , 870 000,,610 000 ,430 000 , 810 000,,570 000 ,400 000 , 760 000,
Kiribati,... ,... , ...,,... ,... , ...,,... ,... , ...,,... ,... , ...,,... ,... , ...,,... ,... , ...,,... ,... , ...,,... ,... , ...,,... ,... , ...,,... ,... , ...,,... ,... , ...,,... ,... , ...,,... ,... , ...,,... ,... , ...,,... ,... , ...,,... ,... , ...,,... ,... , ...,,... ,... , ...,,... ,... , ...,,... ,... , ...,,... ,... , ...,,... ,... , ...,,... ,... , ...,,... ,... , ...,,... ,... , ...,,... ,... , ...,,... ,... , ...,,... ,... , ...,,... ,... , ...,,... ,... , ...,,... ,... , ...,,... ,... , ...,,... ,... , ...,,... ,... , ...,,... ,... , ...,
Kuwait,... ,... , ...,"Children estimates were not available at the time of publication.",... ,... , ...,"Children estimates were not available at the time of publication.",... ,... , ...,"Children estimates were not available at the time of publication.",... ,... , ...,"Children estimates were not available at the time of publication.",... ,... , ...,"Children estimates were not available at the time of publication.",... ,... , ...,"Children estimates were not available at the time of publication.",... ,... , ...,"Children estimates were not available at the time of publication.",... ,... , ...,"Children estimates were not available at the time of publication.",... ,... , ...,"Children estimates were not available at the time of publication.",... ,... , ...,"Children estimates were not available at the time of publication.",... ,... , ...,"Children estimates were not available at the time of publication.",... ,... , ...,"Children estimates were not available at the time of publication.",... ,... , ...,"Children estimates were not available at the time of publication.",... ,... , ...,"Children estimates were not available at the time of publication.",... ,... , ...,"Children estimates were not available at the time of publication.",... ,... , ...,"Children estimates were not available at the time of publication.",... ,... , ...,"Children estimates were not available at the time of publication.",... ,... , ...,"Children estimates were not available at the time of publication.",... ,... , ...,"Children estimates were not available at the time of publication.",... ,... , ...,"Children estimates were not available at the time of publication.",... ,... , ...,"Children estimates were not available at the time of publication.",... ,... , ...,"Children estimates were not available at the time of publication.",... ,... , ...,"Children estimates were not available at the time of publication.",... ,... , ...,"Children estimates were not available at the time of publication.",... ,... , ...,"Children estimates were not available at the time of publication.",... ,... , ...,"Children estimates were not available at the time of publication.",... ,... , ...,"Children estimates were not available at the time of publication.",... ,... , ...,"Children estimates were not available at the time of publication.",... ,... , ...,"Children estimates were not available at the time of publication.",... ,... , ...,"Children estimates were not available at the time of publication.",... ,... , ...,"Children estimates were not available at the time of publication.",... ,... , ...,"Children estimates were not available at the time of publication.",... ,... , ...,"Children estimates were not available at the time of publication.",... ,... , ...,"Children estimates were not available at the time of publication.",... ,... , ...,"Children estimates were not available at the time of publication."
Kyrgyzstan,<100 ,<100 , <100,,<100 ,<100 , <100,,<100 ,<100 , <100,,<100 ,<100 , <100,,<100 ,<100 , <100,,<100 ,<100 , <100,,<100 ,<100 , <100,,<100 ,<100 , <100,,<100 ,<100 , <100,,<100 ,<100 , <100,,<100 ,<100 , <100,,<100 ,<100 , <100,,<100 ,<100 , <100,,<100 ,<100 , <100,,<100 ,<100 , <200,,<100 ,<100 , <200,,<200 ,<100 , <500,,<500 ,<200 , <500,,<500 ,<500 , <500,,<500 ,<500 , 730,,560 ,<500 , 1100,,750 ,560 , 1600,,970 ,740 , 2100,,1200 ,980 , 2600,,1500 ,1200 , 2900,,1800 ,1500 , 3200,,2100 ,1800 , 2900,,2400 ,2000 , 3100,,2700 ,2300 , 3300,,3100 ,2700 , 3800,,3500 ,3000 , 4300,,4000 ,3400 , 4800,,4300 ,3700 , 5200,,4700 ,3900 , 5600,,5000 ,4100 , 5900,
Lao People's Democratic Republic,<100 ,<100 , <100,,<100 ,<100 , <100,,<100 ,<100 , <100,,<100 ,<100 , <100,,<100 ,<100 , <100,,<100 ,<100 , <100,,<100 ,<100 , <100,,<100 ,<100 , <100,,<100 ,<100 , <100,,<200 ,<100 , <200,,<200 ,<200 , <200,,<500 ,<500 , <500,,<500 ,<500 , <500,,520 ,<500 , 580,,710 ,620 , 800,,930 ,820 , 1000,,1200 ,1000 , 1300,,1400 ,1300 , 1600,,1700 ,1500 , 1900,,2000 ,1700 , 2300,,2300 ,2000 , 2600,,2600 ,2200 , 3000,,3100 ,2600 , 3500,,3500 ,2900 , 4100,,4000 ,3300 , 4600,,4400 ,3700 , 5200,,4900 ,4000 , 5600,,5300 ,4300 , 6100,,5700 ,4600 , 6600,,6000 ,4900 , 7100,,6300 ,5100 , 7500,,6600 ,5300 , 7900,,6900 ,5500 , 8200,,7100 ,5600 , 8500,,7100 ,5500 , 8500,
Latvia,<100 ,<100 , <200,"Children estimates were not available at the time of publication.",<200 ,<100 , <200,"Children estimates were not available at the time of publication.",<200 ,<100 , <200,"Children estimates were not available at the time of publication.",<200 ,<100 , <500,"Children estimates were not available at the time of publication.",<200 ,<200 , <500,"Children estimates were not available at the time of publication.",<200 ,<200 , <500,"Children estimates were not available at the time of publication.",<500 ,<200 , <500,"Children estimates were not available at the time of publication.",<500 ,<200 , <500,"Children estimates were not available at the time of publication.",<500 ,<200 , <500,"Children estimates were not available at the time of publication.",<500 ,<200 , <500,"Children estimates were not available at the time of publication.",<500 ,<500 , <500,"Children estimates were not available at the time of publication.",<500 ,<500 , <500,"Children estimates were not available at the time of publication.",<500 ,<500 , 510,"Children estimates were not available at the time of publication.",<500 ,<500 , 550,"Children estimates were not available at the time of publication.",<500 ,<500 , 590,"Children estimates were not available at the time of publication.",540 ,<500 , 640,"Children estimates were not available at the time of publication.",600 ,530 , 690,"Children estimates were not available at the time of publication.",670 ,590 , 750,"Children estimates were not available at the time of publication.",730 ,660 , 810,"Children estimates were not available at the time of publication.",810 ,720 , 880,"Children estimates were not available at the time of publication.",890 ,800 , 960,"Children estimates were not available at the time of publication.",980 ,880 , 1100,"Children estimates were not available at the time of publication.",1100 ,970 , 1200,"Children estimates were not available at the time of publication.",1200 ,1100 , 1300,"Children estimates were not available at the time of publication.",1300 ,1200 , 1400,"Children estimates were not available at the time of publication.",1500 ,1300 , 1600,"Children estimates were not available at the time of publication.",1600 ,1500 , 1700,"Children estimates were not available at the time of publication.",1700 ,1500 , 1800,"Children estimates were not available at the time of publication.",1800 ,1600 , 1900,"Children estimates were not available at the time of publication.",1800 ,1700 , 2000,"Children estimates were not available at the time of publication.",1900 ,1700 , 2100,"Children estimates were not available at the time of publication.",2000 ,1700 , 2200,"Children estimates were not available at the time of publication.",2100 ,1700 , 2300,"Children estimates were not available at the time of publication.",2100 ,1700 , 2400,"Children estimates were not available at the time of publication.",2100 ,1700 , 2500,"Children estimates were not available at the time of publication."
Lebanon,... ,... , ...,"Children estimates were not available at the time of publication.",... ,... , ...,"Children estimates were not available at the time of publication.",... ,... , ...,"Children estimates were not available at the time of publication.",... ,... , ...,"Children estimates were not available at the time of publication.",... ,... , ...,"Children estimates were not available at the time of publication.",... ,... , ...,"Children estimates were not available at the time of publication.",... ,... , ...,"Children estimates were not available at the time of publication.",... ,... , ...,"Children estimates were not available at the time of publication.",... ,... , ...,"Children estimates were not available at the time of publication.",... ,... , ...,"Children estimates were not available at the time of publication.",... ,... , ...,"Children estimates were not available at the time of publication.",... ,... , ...,"Children estimates were not available at the time of publication.",... ,... , ...,"Children estimates were not available at the time of publication.",... ,... , ...,"Children estimates were not available at the time of publication.",... ,... , ...,"Children estimates were not available at the time of publication.",... ,... , ...,"Children estimates were not available at the time of publication.",... ,... , ...,"Children estimates were not available at the time of publication.",... ,... , ...,"Children estimates were not available at the time of publication.",... ,... , ...,"Children estimates were not available at the time of publication.",... ,... , ...,"Children estimates were not available at the time of publication.",... ,... , ...,"Children estimates were not available at the time of publication.",... ,... , ...,"Children estimates were not available at the time of publication.",... ,... , ...,"Children estimates were not available at the time of publication.",... ,... , ...,"Children estimates were not available at the time of publication.",... ,... , ...,"Children estimates were not available at the time of publication.",... ,... , ...,"Children estimates were not available at the time of publication.",... ,... , ...,"Children estimates were not available at the time of publication.",... ,... , ...,"Children estimates were not available at the time of publication.",... ,... , ...,"Children estimates were not available at the time of publication.",... ,... , ...,"Children estimates were not available at the time of publication.",... ,... , ...,"Children estimates were not available at the time of publication.",... ,... , ...,"Children estimates were not available at the time of publication.",... ,... , ...,"Children estimates were not available at the time of publication.",... ,... , ...,"Children estimates were not available at the time of publication.",... ,... , ...,"Children estimates were not available at the time of publication."
Lesotho,1100 ,580 , 2400,,1900 ,1100 , 3500,,3100 ,2000 , 5400,,5200 ,3500 , 8100,,8400 ,6000 , 12 000,,13 000 ,9700 , 18 000,,19 000 ,15 000 , 26 000,,27 000 ,21 000 , 37 000,,37 000 ,30 000 , 50 000,,49 000 ,39 000 , 65 000,,61 000 ,50 000 , 81 000,,73 000 ,62 000 , 96 000,,85 000 ,73 000 , 110 000,,97 000 ,83 000 , 120 000,,110 000 ,94 000 , 140 000,,120 000 ,100 000 , 150 000,,120 000 ,110 000 , 150 000,,130 000 ,120 000 , 160 000,,130 000 ,120 000 , 160 000,,130 000 ,120 000 , 160 000,,130 000 ,110 000 , 150 000,,130 000 ,110 000 , 150 000,,120 000 ,110 000 , 150 000,,120 000 ,110 000 , 150 000,,120 000 ,110 000 , 150 000,,120 000 ,100 000 , 160 000,,120 000 ,100 000 , 150 000,,120 000 ,96 000 , 150 000,,110 000 ,92 000 , 150 000,,110 000 ,86 000 , 140 000,,110 000 ,82 000 , 140 000,,98 000 ,77 000 , 130 000,,91 000 ,71 000 , 120 000,,85 000 ,66 000 , 120 000,,81 000 ,62 000 , 110 000,
Liberia,1800 ,<500 , 4300,,2200 ,660 , 5300,,3100 ,1000 , 6800,,4100 ,1600 , 8800,,5400 ,2300 , 11 000,,6800 ,3000 , 13 000,,8600 ,4000 , 16 000,,11 000 ,5200 , 19 000,,13 000 ,7000 , 22 000,,16 000 ,8900 , 26 000,,19 000 ,12 000 , 29 000,,22 000 ,14 000 , 32 000,,25 000 ,17 000 , 36 000,,27 000 ,20 000 , 39 000,,29 000 ,22 000 , 40 000,,32 000 ,25 000 , 44 000,,35 000 ,27 000 , 46 000,,36 000 ,29 000 , 47 000,,37 000 ,30 000 , 47 000,,39 000 ,32 000 , 48 000,,40 000 ,33 000 , 49 000,,41 000 ,34 000 , 49 000,,41 000 ,35 000 , 48 000,,41 000 ,36 000 , 48 000,,41 000 ,36 000 , 48 000,,42 000 ,37 000 , 48 000,,41 000 ,37 000 , 48 000,,41 000 ,36 000 , 47 000,,40 000 ,35 000 , 46 000,,39 000 ,34 000 , 44 000,,37 000 ,32 000 , 43 000,,35 000 ,30 000 , 41 000,,33 000 ,28 000 , 39 000,,31 000 ,26 000 , 37 000,,28 000 ,23 000 , 35 000,
Libya,<100 ,<100 , <100,,<100 ,<100 , <100,,<100 ,<100 , <100,,<100 ,<100 , <100,,<100 ,<100 , <100,,<100 ,<100 , <100,,<100 ,<100 , <100,,<100 ,<100 , <100,,<100 ,<100 , <100,,<100 ,<100 , <200,,<200 ,<100 , <200,,<200 ,<100 , <200,,<200 ,<100 , <200,,<200 ,<200 , <500,,<200 ,<200 , <500,,<500 ,<200 , <500,,<500 ,<200 , <500,,<500 ,<500 , <500,,<500 ,<500 , <500,,<500 ,<500 , <500,,<500 ,<500 , <500,,<500 ,<500 , <500,,<500 ,<500 , 520,,<500 ,<500 , 560,,<500 ,<500 , 600,,<500 ,<500 , 650,,500 ,<500 , 690,,530 ,<500 , 740,,560 ,<500 , 810,,590 ,<500 , 880,,650 ,<500 , 1000,,740 ,530 , 1200,,860 ,610 , 1400,,1000 ,720 , 1600,,1200 ,820 , 1700,
Lithuania,<100 ,<100 , <100,"Children estimates were not available at the time of publication.",<100 ,<100 , <100,"Children estimates were not available at the time of publication.",<100 ,<100 , <100,"Children estimates were not available at the time of publication.",<100 ,<100 , <200,"Children estimates were not available at the time of publication.",<200 ,<100 , <200,"Children estimates were not available at the time of publication.",<200 ,<100 , <200,"Children estimates were not available at the time of publication.",<200 ,<200 , <200,"Children estimates were not available at the time of publication.",<200 ,<200 , <500,"Children estimates were not available at the time of publication.",<500 ,<200 , <500,"Children estimates were not available at the time of publication.",<500 ,<200 , <500,"Children estimates were not available at the time of publication.",<500 ,<500 , <500,"Children estimates were not available at the time of publication.",<500 ,<500 , <500,"Children estimates were not available at the time of publication.",<500 ,<500 , <500,"Children estimates were not available at the time of publication.",<500 ,<500 , <500,"Children estimates were not available at the time of publication.",<500 ,<500 , <500,"Children estimates were not available at the time of publication.",<500 ,<500 , <500,"Children estimates were not available at the time of publication.",<500 ,<500 , <500,"Children estimates were not available at the time of publication.",<500 ,<500 , <500,"Children estimates were not available at the time of publication.",<500 ,<500 , <500,"Children estimates were not available at the time of publication.",<500 ,<500 , <500,"Children estimates were not available at the time of publication.",<500 ,<500 , <500,"Children estimates were not available at the time of publication.",<500 ,<500 , <500,"Children estimates were not available at the time of publication.",<500 ,<500 , 510,"Children estimates were not available at the time of publication.",<500 ,<500 , 530,"Children estimates were not available at the time of publication.",<500 ,<500 , 540,"Children estimates were not available at the time of publication.",540 ,<500 , 580,"Children estimates were not available at the time of publication.",550 ,<500 , 590,"Children estimates were not available at the time of publication.",570 ,510 , 620,"Children estimates were not available at the time of publication.",580 ,520 , 630,"Children estimates were not available at the time of publication.",570 ,500 , 630,"Children estimates were not available at the time of publication.",570 ,<500 , 640,"Children estimates were not available at the time of publication.",610 ,520 , 690,"Children estimates were not available at the time of publication.",650 ,550 , 740,"Children estimates were not available at the time of publication.",680 ,570 , 790,"Children estimates were not available at the time of publication.",700 ,580 , 820,"Children estimates were not available at the time of publication."
Luxembourg,<100 ,<100 , <100,"Children estimates were not available at the time of publication.",<100 ,<100 , <100,"Children estimates were not available at the time of publication.",<100 ,<100 , <100,"Children estimates were not available at the time of publication.",<100 ,<100 , <100,"Children estimates were not available at the time of publication.",<100 ,<100 , <100,"Children estimates were not available at the time of publication.",<100 ,<100 , <100,"Children estimates were not available at the time of publication.",<100 ,<100 , <100,"Children estimates were not available at the time of publication.",<100 ,<100 , <100,"Children estimates were not available at the time of publication.",<100 ,<100 , <100,"Children estimates were not available at the time of publication.",<100 ,<100 , <100,"Children estimates were not available at the time of publication.",<100 ,<100 , <100,"Children estimates were not available at the time of publication.",<100 ,<100 , <100,"Children estimates were not available at the time of publication.",<100 ,<100 , <100,"Children estimates were not available at the time of publication.",<100 ,<100 , <100,"Children estimates were not available at the time of publication.",<100 ,<100 , <100,"Children estimates were not available at the time of publication.",<100 ,<100 , <100,"Children estimates were not available at the time of publication.",<100 ,<100 , <200,"Children estimates were not available at the time of publication.",<100 ,<100 , <200,"Children estimates were not available at the time of publication.",<100 ,<100 , <200,"Children estimates were not available at the time of publication.",<100 ,<100 , <200,"Children estimates were not available at the time of publication.",<100 ,<100 , <200,"Children estimates were not available at the time of publication.",<100 ,<100 , <200,"Children estimates were not available at the time of publication.",<100 ,<100 , <200,"Children estimates were not available at the time of publication.",<100 ,<100 , <200,"Children estimates were not available at the time of publication.",<100 ,<100 , <200,"Children estimates were not available at the time of publication.",<100 ,<100 , <200,"Children estimates were not available at the time of publication.",<100 ,<100 , <200,"Children estimates were not available at the time of publication.",<100 ,<100 , <200,"Children estimates were not available at the time of publication.",<100 ,<100 , <200,"Children estimates were not available at the time of publication.",<100 ,<100 , <200,"Children estimates were not available at the time of publication.",<100 ,<100 , <200,"Children estimates were not available at the time of publication.",<100 ,<100 , <200,"Children estimates were not available at the time of publication.",<100 ,<100 , <200,"Children estimates were not available at the time of publication.",<100 ,<100 , <200,"Children estimates were not available at the time of publication.",<100 ,<100 , <100,"Children estimates were not available at the time of publication."
Madagascar,<100 ,<100 , <100,,<100 ,<100 , <200,,<200 ,<100 , <500,,<200 ,<100 , <500,,<500 ,<100 , 550,,<500 ,<100 , 720,,<500 ,<200 , 940,,580 ,<200 , 1200,,740 ,<500 , 1600,,940 ,<500 , 1900,,1200 ,<500 , 2300,,1400 ,<500 , 2800,,1800 ,670 , 3400,,2200 ,890 , 4100,,2600 ,1200 , 4900,,3200 ,1500 , 5800,,4000 ,2000 , 7000,,4800 ,2600 , 8400,,5900 ,3400 , 9800,,7100 ,4200 , 12 000,,8500 ,5200 , 14 000,,10 000 ,6400 , 16 000,,12 000 ,7800 , 18 000,,14 000 ,9300 , 20 000,,16 000 ,11 000 , 22 000,,18 000 ,13 000 , 25 000,,20 000 ,14 000 , 27 000,,23 000 ,16 000 , 30 000,,25 000 ,19 000 , 31 000,,27 000 ,21 000 , 34 000,,30 000 ,23 000 , 36 000,,32 000 ,26 000 , 39 000,,35 000 ,28 000 , 42 000,,37 000 ,30 000 , 46 000,,40 000 ,32 000 , 50 000,
Malawi,57 000 ,51 000 , 73 000,,81 000 ,73 000 , 100 000,,110 000 ,100 000 , 140 000,,150 000 ,140 000 , 190 000,,190 000 ,180 000 , 240 000,,240 000 ,220 000 , 290 000,,290 000 ,260 000 , 350 000,,340 000 ,310 000 , 410 000,,400 000 ,370 000 , 470 000,,460 000 ,420 000 , 530 000,,520 000 ,480 000 , 590 000,,570 000 ,530 000 , 650 000,,630 000 ,590 000 , 700 000,,680 000 ,630 000 , 750 000,,720 000 ,680 000 , 790 000,,760 000 ,720 000 , 820 000,,790 000 ,750 000 , 850 000,,810 000 ,770 000 , 860 000,,820 000 ,790 000 , 870 000,,830 000 ,800 000 , 880 000,,830 000 ,790 000 , 880 000,,820 000 ,780 000 , 860 000,,800 000 ,750 000 , 850 000,,780 000 ,720 000 , 830 000,,750 000 ,680 000 , 810 000,,720 000 ,640 000 , 790 000,,690 000 ,600 000 , 770 000,,650 000 ,560 000 , 750 000,,610 000 ,520 000 , 710 000,,570 000 ,480 000 , 680 000,,520 000 ,440 000 , 640 000,,480 000 ,400 000 , 610 000,,440 000 ,360 000 , 580 000,,400 000 ,330 000 , 540 000,,360 000 ,290 000 , 510 000,
Malaysia,900 ,710 , 1100,,1700 ,1400 , 2000,,2900 ,2300 , 3400,,4400 ,3600 , 5200,,6400 ,5200 , 7500,,8700 ,7100 , 10 000,,11 000 ,9300 , 13 000,,14 000 ,12 000 , 17 000,,17 000 ,14 000 , 21 000,,21 000 ,17 000 , 24 000,,24 000 ,20 000 , 28 000,,27 000 ,23 000 , 32 000,,30 000 ,25 000 , 36 000,,33 000 ,28 000 , 39 000,,36 000 ,30 000 , 42 000,,38 000 ,32 000 , 44 000,,40 000 ,34 000 , 47 000,,42 000 ,35 000 , 49 000,,44 000 ,37 000 , 51 000,,45 000 ,38 000 , 53 000,,46 000 ,39 000 , 54 000,,47 000 ,40 000 , 54 000,,48 000 ,41 000 , 55 000,,48 000 ,41 000 , 55 000,,48 000 ,41 000 , 55 000,,48 000 ,41 000 , 54 000,,47 000 ,41 000 , 53 000,,46 000 ,39 000 , 52 000,,44 000 ,38 000 , 50 000,,43 000 ,37 000 , 49 000,,42 000 ,36 000 , 48 000,,41 000 ,35 000 , 47 000,,40 000 ,34 000 , 46 000,,39 000 ,33 000 , 46 000,,38 000 ,32 000 , 45 000,
Maldives,<100 ,<100 , <100,"Children estimates were not available at the time of publication.",<100 ,<100 , <100,"Children estimates were not available at the time of publication.",<100 ,<100 , <100,"Children estimates were not available at the time of publication.",<100 ,<100 , <100,"Children estimates were not available at the time of publication.",<100 ,<100 , <100,"Children estimates were not available at the time of publication.",<100 ,<100 , <100,"Children estimates were not available at the time of publication.",<100 ,<100 , <100,"Children estimates were not available at the time of publication.",<100 ,<100 , <100,"Children estimates were not available at the time of publication.",<100 ,<100 , <100,"Children estimates were not available at the time of publication.",<100 ,<100 , <100,"Children estimates were not available at the time of publication.",<100 ,<100 , <100,"Children estimates were not available at the time of publication.",<100 ,<100 , <100,"Children estimates were not available at the time of publication.",<100 ,<100 , <100,"Children estimates were not available at the time of publication.",<100 ,<100 , <100,"Children estimates were not available at the time of publication.",<100 ,<100 , <100,"Children estimates were not available at the time of publication.",<100 ,<100 , <100,"Children estimates were not available at the time of publication.",<100 ,<100 , <100,"Children estimates were not available at the time of publication.",<100 ,<100 , <100,"Children estimates were not available at the time of publication.",<100 ,<100 , <100,"Children estimates were not available at the time of publication.",<100 ,<100 , <100,"Children estimates were not available at the time of publication.",<100 ,<100 , <100,"Children estimates were not available at the time of publication.",<100 ,<100 , <100,"Children estimates were not available at the time of publication.",<100 ,<100 , <100,"Children estimates were not available at the time of publication.",<100 ,<100 , <100,"Children estimates were not available at the time of publication.",<100 ,<100 , <100,"Children estimates were not available at the time of publication.",<100 ,<100 , <100,"Children estimates were not available at the time of publication.",<100 ,<100 , <100,"Children estimates were not available at the time of publication.",<100 ,<100 , <100,"Children estimates were not available at the time of publication.",<100 ,<100 , <100,"Children estimates were not available at the time of publication.",<100 ,<100 , <100,"Children estimates were not available at the time of publication.",<100 ,<100 , <100,"Children estimates were not available at the time of publication.",<100 ,<100 , <100,"Children estimates were not available at the time of publication.",<100 ,<100 , <100,"Children estimates were not available at the time of publication.",<100 ,<100 , <100,"Children estimates were not available at the time of publication.",<100 ,<100 , <100,"Children estimates were not available at the time of publication."
Mali,5700 ,1700 , 14 000,,7700 ,2600 , 18 000,,10 000 ,3800 , 23 000,,13 000 ,5300 , 28 000,,17 000 ,7300 , 34 000,,21 000 ,9600 , 41 000,,26 000 ,13 000 , 48 000,,31 000 ,16 000 , 54 000,,37 000 ,21 000 , 62 000,,43 000 ,26 000 , 69 000,,49 000 ,31 000 , 76 000,,55 000 ,36 000 , 81 000,,61 000 ,42 000 , 86 000,,67 000 ,48 000 , 91 000,,73 000 ,54 000 , 95 000,,78 000 ,60 000 , 100 000,,83 000 ,65 000 , 100 000,,88 000 ,70 000 , 110 000,,91 000 ,73 000 , 110 000,,94 000 ,77 000 , 120 000,,97 000 ,81 000 , 120 000,,100 000 ,84 000 , 120 000,,100 000 ,86 000 , 120 000,,110 000 ,90 000 , 130 000,,110 000 ,93 000 , 130 000,,110 000 ,97 000 , 130 000,,120 000 ,99 000 , 140 000,,120 000 ,100 000 , 140 000,,120 000 ,100 000 , 140 000,,120 000 ,100 000 , 140 000,,120 000 ,100 000 , 150 000,,120 000 ,100 000 , 150 000,,120 000 ,100 000 , 150 000,,120 000 ,99 000 , 150 000,,110 000 ,95 000 , 150 000,
Malta,<100 ,<100 , <100,"Children estimates were not available at the time of publication.",<100 ,<100 , <100,"Children estimates were not available at the time of publication.",<100 ,<100 , <100,"Children estimates were not available at the time of publication.",<100 ,<100 , <100,"Children estimates were not available at the time of publication.",<100 ,<100 , <100,"Children estimates were not available at the time of publication.",<100 ,<100 , <100,"Children estimates were not available at the time of publication.",<100 ,<100 , <100,"Children estimates were not available at the time of publication.",<100 ,<100 , <100,"Children estimates were not available at the time of publication.",<100 ,<100 , <100,"Children estimates were not available at the time of publication.",<100 ,<100 , <100,"Children estimates were not available at the time of publication.",<100 ,<100 , <100,"Children estimates were not available at the time of publication.",<100 ,<100 , <100,"Children estimates were not available at the time of publication.",<100 ,<100 , <100,"Children estimates were not available at the time of publication.",<100 ,<100 , <100,"Children estimates were not available at the time of publication.",<100 ,<100 , <100,"Children estimates were not available at the time of publication.",<100 ,<100 , <100,"Children estimates were not available at the time of publication.",<100 ,<100 , <100,"Children estimates were not available at the time of publication.",<100 ,<100 , <100,"Children estimates were not available at the time of publication.",<100 ,<100 , <100,"Children estimates were not available at the time of publication.",<100 ,<100 , <100,"Children estimates were not available at the time of publication.",<100 ,<100 , <100,"Children estimates were not available at the time of publication.",<100 ,<100 , <100,"Children estimates were not available at the time of publication.",<100 ,<100 , <100,"Children estimates were not available at the time of publication.",<100 ,<100 , <100,"Children estimates were not available at the time of publication.",<100 ,<100 , <100,"Children estimates were not available at the time of publication.",<100 ,<100 , <100,"Children estimates were not available at the time of publication.",<100 ,<100 , <100,"Children estimates were not available at the time of publication.",<100 ,<100 , <100,"Children estimates were not available at the time of publication.",<100 ,<100 , <100,"Children estimates were not available at the time of publication.",<100 ,<100 , <100,"Children estimates were not available at the time of publication.",<100 ,<100 , <100,"Children estimates were not available at the time of publication.",<100 ,<100 , <100,"Children estimates were not available at the time of publication.",<100 ,<100 , <100,"Children estimates were not available at the time of publication.",<100 ,<100 , <100,"Children estimates were not available at the time of publication.",<100 ,<100 , <100,"Children estimates were not available at the time of publication."
Marshall Islands,... ,... , ...,,... ,... , ...,,... ,... , ...,,... ,... , ...,,... ,... , ...,,... ,... , ...,,... ,... , ...,,... ,... , ...,,... ,... , ...,,... ,... , ...,,... ,... , ...,,... ,... , ...,,... ,... , ...,,... ,... , ...,,... ,... , ...,,... ,... , ...,,... ,... , ...,,... ,... , ...,,... ,... , ...,,... ,... , ...,,... ,... , ...,,... ,... , ...,,... ,... , ...,,... ,... , ...,,... ,... , ...,,... ,... , ...,,... ,... , ...,,... ,... , ...,,... ,... , ...,,... ,... , ...,,... ,... , ...,,... ,... , ...,,... ,... , ...,,... ,... , ...,,... ,... , ...,
Mauritania,<500 ,<200 , 830,,<500 ,<500 , 1000,,600 ,<500 , 1300,,790 ,<500 , 1700,,1000 ,630 , 2200,,1300 ,840 , 2700,,1700 ,1100 , 3300,,2100 ,1400 , 4000,,2500 ,1700 , 4700,,3000 ,2200 , 5400,,3600 ,2700 , 6100,,4300 ,3200 , 6900,,5000 ,3900 , 7700,,5700 ,4500 , 8500,,6500 ,5100 , 9200,,7300 ,5900 , 10 000,,8000 ,6500 , 11 000,,8600 ,7100 , 11 000,,9200 ,7500 , 11 000,,9700 ,8100 , 12 000,,10 000 ,8500 , 12 000,,11 000 ,8800 , 13 000,,11 000 ,9100 , 13 000,,11 000 ,9600 , 13 000,,12 000 ,9900 , 13 000,,12 000 ,10 000 , 13 000,,12 000 ,10 000 , 13 000,,12 000 ,10 000 , 13 000,,12 000 ,10 000 , 13 000,,11 000 ,9800 , 13 000,,11 000 ,9400 , 13 000,,11 000 ,8800 , 12 000,,9900 ,8100 , 12 000,,9200 ,7300 , 11 000,,8400 ,6500 , 10 000,
Mauritius,... ,... , ...,"Estimates were not available at the time of publication.",... ,... , ...,"Estimates were not available at the time of publication.",... ,... , ...,"Estimates were not available at the time of publication.",... ,... , ...,"Estimates were not available at the time of publication.",... ,... , ...,"Estimates were not available at the time of publication.",... ,... , ...,"Estimates were not available at the time of publication.",... ,... , ...,"Estimates were not available at the time of publication.",... ,... , ...,"Estimates were not available at the time of publication.",... ,... , ...,"Estimates were not available at the time of publication.",... ,... , ...,"Estimates were not available at the time of publication.",... ,... , ...,"Estimates were not available at the time of publication.",... ,... , ...,"Estimates were not available at the time of publication.",... ,... , ...,"Estimates were not available at the time of publication.",... ,... , ...,"Estimates were not available at the time of publication.",... ,... , ...,"Estimates were not available at the time of publication.",... ,... , ...,"Estimates were not available at the time of publication.",... ,... , ...,"Estimates were not available at the time of publication.",... ,... , ...,"Estimates were not available at the time of publication.",... ,... , ...,"Estimates were not available at the time of publication.",... ,... , ...,"Estimates were not available at the time of publication.",... ,... , ...,"Estimates were not available at the time of publication.",... ,... , ...,"Estimates were not available at the time of publication.",... ,... , ...,"Estimates were not available at the time of publication.",... ,... , ...,"Estimates were not available at the time of publication.",... ,... , ...,"Estimates were not available at the time of publication.",... ,... , ...,"Estimates were not available at the time of publication.",... ,... , ...,"Estimates were not available at the time of publication.",... ,... , ...,"Estimates were not available at the time of publication.",... ,... , ...,"Estimates were not available at the time of publication.",... ,... , ...,"Estimates were not available at the time of publication.",... ,... , ...,"Estimates were not available at the time of publication.",... ,... , ...,"Estimates were not available at the time of publication.",... ,... , ...,"Estimates were not available at the time of publication.",... ,... , ...,"Estimates were not available at the time of publication.",... ,... , ...,"Estimates were not available at the time of publication."
Mexico,2700 ,1800 , 3700,,4000 ,2800 , 5400,,5800 ,4200 , 7800,,8200 ,6300 , 11 000,,11 000 ,8700 , 14 000,,15 000 ,12 000 , 19 000,,19 000 ,16 000 , 23 000,,23 000 ,19 000 , 29 000,,29 000 ,24 000 , 34 000,,34 000 ,29 000 , 40 000,,41 000 ,35 000 , 47 000,,47 000 ,41 000 , 53 000,,52 000 ,46 000 , 59 000,,58 000 ,51 000 , 64 000,,62 000 ,56 000 , 69 000,,67 000 ,60 000 , 74 000,,72 000 ,65 000 , 78 000,,75 000 ,68 000 , 82 000,,79 000 ,71 000 , 85 000,,82 000 ,73 000 , 88 000,,85 000 ,76 000 , 91 000,,88 000 ,78 000 , 95 000,,91 000 ,81 000 , 99 000,,94 000 ,83 000 , 100 000,,97 000 ,86 000 , 110 000,,100 000 ,88 000 , 110 000,,100 000 ,89 000 , 110 000,,100 000 ,89 000 , 120 000,,110 000 ,91 000 , 120 000,,110 000 ,90 000 , 120 000,,110 000 ,91 000 , 120 000,,110 000 ,89 000 , 130 000,,110 000 ,86 000 , 120 000,,110 000 ,85 000 , 120 000,,110 000 ,81 000 , 120 000,
Mongolia,<100 ,<100 , <100,"Children estimates were not available at the time of publication.",<100 ,<100 , <100,"Children estimates were not available at the time of publication.",<100 ,<100 , <100,"Children estimates were not available at the time of publication.",<100 ,<100 , <100,"Children estimates were not available at the time of publication.",<100 ,<100 , <100,"Children estimates were not available at the time of publication.",<100 ,<100 , <100,"Children estimates were not available at the time of publication.",<100 ,<100 , <100,"Children estimates were not available at the time of publication.",<100 ,<100 , <100,"Children estimates were not available at the time of publication.",<100 ,<100 , <100,"Children estimates were not available at the time of publication.",<100 ,<100 , <100,"Children estimates were not available at the time of publication.",<100 ,<100 , <100,"Children estimates were not available at the time of publication.",<100 ,<100 , <100,"Children estimates were not available at the time of publication.",<100 ,<100 , <100,"Children estimates were not available at the time of publication.",<100 ,<100 , <100,"Children estimates were not available at the time of publication.",<100 ,<100 , <100,"Children estimates were not available at the time of publication.",<100 ,<100 , <100,"Children estimates were not available at the time of publication.",<100 ,<100 , <100,"Children estimates were not available at the time of publication.",<100 ,<100 , <100,"Children estimates were not available at the time of publication.",<100 ,<100 , <100,"Children estimates were not available at the time of publication.",<100 ,<100 , <100,"Children estimates were not available at the time of publication.",<200 ,<100 , <200,"Children estimates were not available at the time of publication.",<200 ,<200 , <200,"Children estimates were not available at the time of publication.",<200 ,<200 , <200,"Children estimates were not available at the time of publication.",<200 ,<200 , <200,"Children estimates were not available at the time of publication.",<200 ,<200 , <200,"Children estimates were not available at the time of publication.",<200 ,<200 , <500,"Children estimates were not available at the time of publication.",<500 ,<200 , <500,"Children estimates were not available at the time of publication.",<500 ,<200 , <500,"Children estimates were not available at the time of publication.",<500 ,<500 , <500,"Children estimates were not available at the time of publication.",<500 ,<500 , <500,"Children estimates were not available at the time of publication.",<500 ,<500 , <500,"Children estimates were not available at the time of publication.",<500 ,<500 , <500,"Children estimates were not available at the time of publication.",<500 ,<500 , <500,"Children estimates were not available at the time of publication.",<500 ,<500 , <500,"Children estimates were not available at the time of publication.",<500 ,<500 , <500,"Children estimates were not available at the time of publication."
Montenegro,<100 ,<100 , <100,"Children estimates were not available at the time of publication.",<100 ,<100 , <100,"Children estimates were not available at the time of publication.",<100 ,<100 , <100,"Children estimates were not available at the time of publication.",<100 ,<100 , <100,"Children estimates were not available at the time of publication.",<100 ,<100 , <100,"Children estimates were not available at the time of publication.",<100 ,<100 , <100,"Children estimates were not available at the time of publication.",<100 ,<100 , <100,"Children estimates were not available at the time of publication.",<100 ,<100 , <100,"Children estimates were not available at the time of publication.",<100 ,<100 , <100,"Children estimates were not available at the time of publication.",<100 ,<100 , <100,"Children estimates were not available at the time of publication.",<100 ,<100 , <100,"Children estimates were not available at the time of publication.",<100 ,<100 , <100,"Children estimates were not available at the time of publication.",<100 ,<100 , <100,"Children estimates were not available at the time of publication.",<100 ,<100 , <100,"Children estimates were not available at the time of publication.",<100 ,<100 , <100,"Children estimates were not available at the time of publication.",<100 ,<100 , <100,"Children estimates were not available at the time of publication.",<100 ,<100 , <100,"Children estimates were not available at the time of publication.",<100 ,<100 , <100,"Children estimates were not available at the time of publication.",<100 ,<100 , <100,"Children estimates were not available at the time of publication.",<100 ,<100 , <100,"Children estimates were not available at the time of publication.",<100 ,<100 , <100,"Children estimates were not available at the time of publication.",<100 ,<100 , <100,"Children estimates were not available at the time of publication.",<100 ,<100 , <100,"Children estimates were not available at the time of publication.",<100 ,<100 , <100,"Children estimates were not available at the time of publication.",<100 ,<100 , <100,"Children estimates were not available at the time of publication.",<100 ,<100 , <100,"Children estimates were not available at the time of publication.",<100 ,<100 , <100,"Children estimates were not available at the time of publication.",<100 ,<100 , <100,"Children estimates were not available at the time of publication.",<100 ,<100 , <100,"Children estimates were not available at the time of publication.",<100 ,<100 , <100,"Children estimates were not available at the time of publication.",<100 ,<100 , <100,"Children estimates were not available at the time of publication.",<100 ,<100 , <100,"Children estimates were not available at the time of publication.",<100 ,<100 , <100,"Children estimates were not available at the time of publication.",<100 ,<100 , <100,"Children estimates were not available at the time of publication.",<100 ,<100 , <100,"Children estimates were not available at the time of publication."
Morocco,<500 ,<500 , 870,,<500 ,<500 , 1100,,610 ,<500 , 1300,,780 ,<500 , 1600,,980 ,600 , 1900,,1200 ,770 , 2300,,1500 ,960 , 2700,,1800 ,1200 , 3100,,2200 ,1500 , 3500,,2500 ,1700 , 3900,,3000 ,2100 , 4400,,3400 ,2400 , 4900,,3900 ,2800 , 5400,,4300 ,3200 , 5900,,4700 ,3600 , 6300,,5100 ,3900 , 6700,,5500 ,4300 , 7100,,6000 ,4800 , 7500,,6400 ,5200 , 7900,,6800 ,5700 , 8400,,7300 ,6000 , 8700,,7700 ,6400 , 9000,,8100 ,6800 , 9400,,8400 ,7000 , 9700,,8600 ,7300 , 9900,,8800 ,7500 , 10 000,,8900 ,7700 , 10 000,,9100 ,7900 , 10 000,,9400 ,8000 , 11 000,,9500 ,8100 , 11 000,,9700 ,8300 , 11 000,,9700 ,8300 , 11 000,,9400 ,7900 , 11 000,,9000 ,7600 , 10 000,,8700 ,7200 , 10 000,
Mozambique,12 000 ,7100 , 22 000,,18 000 ,10 000 , 29 000,,25 000 ,15 000 , 39 000,,34 000 ,21 000 , 51 000,,46 000 ,30 000 , 69 000,,63 000 ,43 000 , 93 000,,85 000 ,60 000 , 120 000,,110 000 ,80 000 , 160 000,,140 000 ,110 000 , 200 000,,180 000 ,140 000 , 240 000,,220 000 ,170 000 , 290 000,,270 000 ,220 000 , 340 000,,320 000 ,270 000 , 400 000,,380 000 ,320 000 , 470 000,,440 000 ,380 000 , 540 000,,500 000 ,440 000 , 620 000,,570 000 ,500 000 , 690 000,,640 000 ,570 000 , 770 000,,710 000 ,630 000 , 840 000,,770 000 ,690 000 , 910 000,,840 000 ,760 000 , 980 000,,910 000 ,820 000 , 1 100 000,,980 000 ,890 000 , 1 100 000,,1 100 000 ,970 000 , 1 200 000,,1 100 000 ,1 000 000 , 1 300 000,,1 200 000 ,1 100 000 , 1 400 000,,1 200 000 ,1 100 000 , 1 400 000,,1 200 000 ,1 100 000 , 1 400 000,,1 200 000 ,1 100 000 , 1 400 000,,1 200 000 ,1 100 000 , 1 400 000,,1 300 000 ,1 100 000 , 1 500 000,,1 300 000 ,1 100 000 , 1 500 000,,1 300 000 ,1 100 000 , 1 500 000,,1 300 000 ,1 100 000 , 1 500 000,,1 200 000 ,1 000 000 , 1 500 000,
Myanmar,<200 ,<200 , <200,,<500 ,<500 , <500,,720 ,600 , 910,,1500 ,1200 , 1800,,2700 ,2200 , 3300,,4400 ,3600 , 5300,,6700 ,5600 , 8100,,9700 ,8100 , 12 000,,13 000 ,11 000 , 16 000,,18 000 ,15 000 , 21 000,,23 000 ,19 000 , 27 000,,29 000 ,24 000 , 34 000,,35 000 ,30 000 , 42 000,,43 000 ,36 000 , 50 000,,50 000 ,43 000 , 59 000,,58 000 ,50 000 , 68 000,,67 000 ,58 000 , 77 000,,75 000 ,65 000 , 86 000,,83 000 ,72 000 , 95 000,,90 000 ,79 000 , 100 000,,98 000 ,86 000 , 110 000,,100 000 ,92 000 , 120 000,,110 000 ,98 000 , 130 000,,120 000 ,100 000 , 140 000,,120 000 ,110 000 , 140 000,,130 000 ,110 000 , 140 000,,130 000 ,110 000 , 150 000,,130 000 ,110 000 , 150 000,,130 000 ,110 000 , 150 000,,130 000 ,110 000 , 150 000,,120 000 ,100 000 , 150 000,,120 000 ,94 000 , 150 000,,120 000 ,88 000 , 150 000,,110 000 ,82 000 , 140 000,,110 000 ,76 000 , 140 000,
Namibia,1400 ,1000 , 2000,,2100 ,1600 , 3000,,3200 ,2400 , 4500,,4700 ,3700 , 6500,,6800 ,5400 , 9200,,9700 ,7700 , 13 000,,13 000 ,11 000 , 18 000,,18 000 ,15 000 , 24 000,,24 000 ,20 000 , 31 000,,30 000 ,26 000 , 39 000,,38 000 ,32 000 , 48 000,,46 000 ,40 000 , 58 000,,54 000 ,47 000 , 67 000,,63 000 ,55 000 , 77 000,,71 000 ,63 000 , 85 000,,77 000 ,69 000 , 93 000,,82 000 ,74 000 , 98 000,,85 000 ,77 000 , 100 000,,85 000 ,77 000 , 99 000,,83 000 ,74 000 , 97 000,,80 000 ,71 000 , 95 000,,77 000 ,66 000 , 92 000,,73 000 ,63 000 , 89 000,,70 000 ,60 000 , 87 000,,67 000 ,56 000 , 86 000,,66 000 ,54 000 , 86 000,,64 000 ,52 000 , 86 000,,64 000 ,51 000 , 88 000,,65 000 ,50 000 , 89 000,,65 000 ,50 000 , 91 000,,64 000 ,49 000 , 91 000,,62 000 ,48 000 , 90 000,,60 000 ,45 000 , 88 000,,57 000 ,44 000 , 86 000,,55 000 ,42 000 , 83 000,
Nepal,<100 ,<100 , <100,,<100 ,<100 , <100,,<100 ,<100 , <100,,<100 ,<100 , <100,,<100 ,<100 , <100,,<100 ,<100 , <100,,<200 ,<200 , <200,,<500 ,<500 , <500,,570 ,<500 , 660,,1100 ,930 , 1300,,1900 ,1600 , 2300,,3200 ,2700 , 3700,,4900 ,4100 , 5600,,7000 ,6000 , 8100,,9500 ,8200 , 11 000,,12 000 ,11 000 , 14 000,,15 000 ,13 000 , 18 000,,18 000 ,16 000 , 21 000,,22 000 ,19 000 , 25 000,,25 000 ,21 000 , 28 000,,27 000 ,24 000 , 31 000,,30 000 ,26 000 , 34 000,,32 000 ,28 000 , 36 000,,33 000 ,29 000 , 38 000,,35 000 ,30 000 , 40 000,,36 000 ,31 000 , 41 000,,36 000 ,32 000 , 42 000,,37 000 ,32 000 , 42 000,,36 000 ,32 000 , 42 000,,36 000 ,31 000 , 41 000,,35 000 ,30 000 , 40 000,,34 000 ,29 000 , 39 000,,32 000 ,27 000 , 37 000,,30 000 ,26 000 , 35 000,,29 000 ,24 000 , 33 000,
Netherlands,640 ,530 , 740,,830 ,680 , 970,,1000 ,860 , 1200,,1300 ,1000 , 1500,,1500 ,1200 , 1800,,1700 ,1400 , 2000,,1900 ,1600 , 2300,,1900 ,1600 , 2400,,1900 ,1500 , 2400,,1900 ,1500 , 2300,,1800 ,1400 , 2300,,1700 ,1300 , 2200,,1600 ,1200 , 2000,,1500 ,1100 , 1900,,1400 ,1000 , 1800,,1300 ,940 , 1700,,1200 ,920 , 1600,,1300 ,930 , 1700,,1300 ,970 , 1800,,1300 ,1000 , 1800,,1400 ,1000 , 1900,,1400 ,1000 , 1900,,1400 ,1000 , 1900,,1400 ,1100 , 2000,,1500 ,1100 , 2100,,1500 ,1100 , 2200,,1600 ,1100 , 2200,,1600 ,1200 , 2300,,1600 ,1200 , 2300,,1600 ,1200 , 2300,,1600 ,1200 , 2300,,1600 ,1200 , 2300,,1600 ,1200 , 2400,,1600 ,1200 , 2400,,... ,... , ...,
New Zealand,<200 ,<100 , <200,"Children estimates were not available at the time of publication.",<200 ,<200 , <200,"Children estimates were not available at the time of publication.",<200 ,<200 , <500,"Children estimates were not available at the time of publication.",<500 ,<200 , <500,"Children estimates were not available at the time of publication.",<500 ,<500 , <500,"Children estimates were not available at the time of publication.",<500 ,<500 , <500,"Children estimates were not available at the time of publication.",<500 ,<500 , <500,"Children estimates were not available at the time of publication.",<500 ,<500 , <500,"Children estimates were not available at the time of publication.",<500 ,<500 , <500,"Children estimates were not available at the time of publication.",<500 ,<500 , <500,"Children estimates were not available at the time of publication.",<500 ,<500 , <500,"Children estimates were not available at the time of publication.",<500 ,<500 , <500,"Children estimates were not available at the time of publication.",<500 ,<500 , <500,"Children estimates were not available at the time of publication.",<500 ,<500 , <500,"Children estimates were not available at the time of publication.",<500 ,<500 , <500,"Children estimates were not available at the time of publication.",<500 ,<500 , <500,"Children estimates were not available at the time of publication.",<500 ,<500 , <500,"Children estimates were not available at the time of publication.",<500 ,<500 , 500,"Children estimates were not available at the time of publication.",<500 ,<500 , 510,"Children estimates were not available at the time of publication.",<500 ,<500 , 530,"Children estimates were not available at the time of publication.",<500 ,<500 , 540,"Children estimates were not available at the time of publication.",<500 ,<500 , 540,"Children estimates were not available at the time of publication.",<500 ,<500 , 530,"Children estimates were not available at the time of publication.",<500 ,<500 , 520,"Children estimates were not available at the time of publication.",<500 ,<500 , 520,"Children estimates were not available at the time of publication.",<500 ,<500 , 520,"Children estimates were not available at the time of publication.",<500 ,<500 , <500,"Children estimates were not available at the time of publication.",<500 ,<500 , <500,"Children estimates were not available at the time of publication.",<500 ,<200 , <500,"Children estimates were not available at the time of publication.",<500 ,<200 , <500,"Children estimates were not available at the time of publication.",<500 ,<200 , <500,"Children estimates were not available at the time of publication.",<500 ,<200 , <500,"Children estimates were not available at the time of publication.",<500 ,<200 , <500,"Children estimates were not available at the time of publication.",<500 ,<200 , <500,"Children estimates were not available at the time of publication.",<200 ,<200 , <500,"Children estimates were not available at the time of publication."
Nicaragua,... ,... , ...,"Estimates were not available at the time of publication.",... ,... , ...,"Estimates were not available at the time of publication.",... ,... , ...,"Estimates were not available at the time of publication.",... ,... , ...,"Estimates were not available at the time of publication.",... ,... , ...,"Estimates were not available at the time of publication.",... ,... , ...,"Estimates were not available at the time of publication.",... ,... , ...,"Estimates were not available at the time of publication.",... ,... , ...,"Estimates were not available at the time of publication.",... ,... , ...,"Estimates were not available at the time of publication.",... ,... , ...,"Estimates were not available at the time of publication.",... ,... , ...,"Estimates were not available at the time of publication.",... ,... , ...,"Estimates were not available at the time of publication.",... ,... , ...,"Estimates were not available at the time of publication.",... ,... , ...,"Estimates were not available at the time of publication.",... ,... , ...,"Estimates were not available at the time of publication.",... ,... , ...,"Estimates were not available at the time of publication.",... ,... , ...,"Estimates were not available at the time of publication.",... ,... , ...,"Estimates were not available at the time of publication.",... ,... , ...,"Estimates were not available at the time of publication.",... ,... , ...,"Estimates were not available at the time of publication.",... ,... , ...,"Estimates were not available at the time of publication.",... ,... , ...,"Estimates were not available at the time of publication.",... ,... , ...,"Estimates were not available at the time of publication.",... ,... , ...,"Estimates were not available at the time of publication.",... ,... , ...,"Estimates were not available at the time of publication.",... ,... , ...,"Estimates were not available at the time of publication.",... ,... , ...,"Estimates were not available at the time of publication.",... ,... , ...,"Estimates were not available at the time of publication.",... ,... , ...,"Estimates were not available at the time of publication.",... ,... , ...,"Estimates were not available at the time of publication.",... ,... , ...,"Estimates were not available at the time of publication.",... ,... , ...,"Estimates were not available at the time of publication.",... ,... , ...,"Estimates were not available at the time of publication.",... ,... , ...,"Estimates were not available at the time of publication.",... ,... , ...,"Estimates were not available at the time of publication."
Niger,750 ,<500 , 1400,,1200 ,700 , 2000,,1900 ,1200 , 3000,,2900 ,1900 , 4500,,4300 ,2900 , 6200,,6100 ,4200 , 8400,,8300 ,6000 , 11 000,,11 000 ,8100 , 14 000,,14 000 ,11 000 , 18 000,,17 000 ,14 000 , 22 000,,21 000 ,17 000 , 26 000,,25 000 ,20 000 , 31 000,,29 000 ,24 000 , 35 000,,33 000 ,27 000 , 39 000,,37 000 ,30 000 , 44 000,,40 000 ,33 000 , 47 000,,43 000 ,36 000 , 51 000,,46 000 ,38 000 , 53 000,,48 000 ,41 000 , 56 000,,50 000 ,43 000 , 58 000,,50 000 ,43 000 , 58 000,,51 000 ,43 000 , 59 000,,51 000 ,43 000 , 59 000,,51 000 ,43 000 , 58 000,,51 000 ,44 000 , 58 000,,51 000 ,44 000 , 58 000,,51 000 ,43 000 , 58 000,,50 000 ,42 000 , 57 000,,49 000 ,41 000 , 55 000,,46 000 ,39 000 , 53 000,,44 000 ,38 000 , 51 000,,42 000 ,36 000 , 49 000,,40 000 ,34 000 , 47 000,,38 000 ,32 000 , 44 000,,36 000 ,30 000 , 42 000,
Nigeria,65 000 ,45 000 , 91 000,,89 000 ,64 000 , 120 000,,120 000 ,86 000 , 160 000,,150 000 ,110 000 , 210 000,,200 000 ,150 000 , 270 000,,250 000 ,200 000 , 330 000,,310 000 ,250 000 , 410 000,,380 000 ,310 000 , 490 000,,460 000 ,380 000 , 590 000,,540 000 ,460 000 , 680 000,,630 000 ,530 000 , 790 000,,720 000 ,620 000 , 880 000,,800 000 ,690 000 , 980 000,,890 000 ,780 000 , 1 100 000,,980 000 ,860 000 , 1 200 000,,1 100 000 ,940 000 , 1 300 000,,1 100 000 ,1 000 000 , 1 300 000,,1 200 000 ,1 100 000 , 1 400 000,,1 300 000 ,1 100 000 , 1 500 000,,1 300 000 ,1 200 000 , 1 500 000,,1 400 000 ,1 200 000 , 1 600 000,,1 400 000 ,1 300 000 , 1 600 000,,1 500 000 ,1 300 000 , 1 700 000,,1 500 000 ,1 400 000 , 1 700 000,,1 500 000 ,1 400 000 , 1 700 000,,1 600 000 ,1 400 000 , 1 700 000,,1 600 000 ,1 400 000 , 1 800 000,,1 600 000 ,1 400 000 , 1 800 000,,1 600 000 ,1 400 000 , 1 800 000,,1 600 000 ,1 400 000 , 1 800 000,,1 600 000 ,1 400 000 , 1 800 000,,1 600 000 ,1 400 000 , 1 800 000,,1 500 000 ,1 300 000 , 1 700 000,,1 400 000 ,1 200 000 , 1 700 000,,1 300 000 ,1 100 000 , 1 600 000,
North Macedonia,<100 ,<100 , <100,"Children estimates were not available at the time of publication.",<100 ,<100 , <100,"Children estimates were not available at the time of publication.",<100 ,<100 , <100,"Children estimates were not available at the time of publication.",<100 ,<100 , <100,"Children estimates were not available at the time of publication.",<100 ,<100 , <100,"Children estimates were not available at the time of publication.",<100 ,<100 , <100,"Children estimates were not available at the time of publication.",<100 ,<100 , <100,"Children estimates were not available at the time of publication.",<100 ,<100 , <100,"Children estimates were not available at the time of publication.",<100 ,<100 , <100,"Children estimates were not available at the time of publication.",<100 ,<100 , <100,"Children estimates were not available at the time of publication.",<100 ,<100 , <100,"Children estimates were not available at the time of publication.",<100 ,<100 , <100,"Children estimates were not available at the time of publication.",<100 ,<100 , <100,"Children estimates were not available at the time of publication.",<100 ,<100 , <100,"Children estimates were not available at the time of publication.",<100 ,<100 , <100,"Children estimates were not available at the time of publication.",<100 ,<100 , <100,"Children estimates were not available at the time of publication.",<100 ,<100 , <100,"Children estimates were not available at the time of publication.",<100 ,<100 , <100,"Children estimates were not available at the time of publication.",<100 ,<100 , <100,"Children estimates were not available at the time of publication.",<100 ,<100 , <100,"Children estimates were not available at the time of publication.",<100 ,<100 , <100,"Children estimates were not available at the time of publication.",<100 ,<100 , <100,"Children estimates were not available at the time of publication.",<100 ,<100 , <100,"Children estimates were not available at the time of publication.",<100 ,<100 , <100,"Children estimates were not available at the time of publication.",<500 ,<100 , 36 000,"Children estimates were not available at the time of publication.",<100 ,<100 , <500,"Children estimates were not available at the time of publication.",<100 ,<100 , <100,"Children estimates were not available at the time of publication.",<100 ,<100 , <100,"Children estimates were not available at the time of publication.",<100 ,<100 , <100,"Children estimates were not available at the time of publication.",<100 ,<100 , <100,"Children estimates were not available at the time of publication.",<100 ,<100 , <100,"Children estimates were not available at the time of publication.",<100 ,<100 , <100,"Children estimates were not available at the time of publication.",<100 ,<100 , <100,"Children estimates were not available at the time of publication.",<100 ,<100 , <100,"Children estimates were not available at the time of publication.",<100 ,<100 , <100,"Children estimates were not available at the time of publication."
Norway,<100 ,<100 , <200,"Children estimates were not available at the time of publication.",<100 ,<100 , <200,"Children estimates were not available at the time of publication.",<200 ,<100 , <200,"Children estimates were not available at the time of publication.",<200 ,<200 , <200,"Children estimates were not available at the time of publication.",<200 ,<200 , <500,"Children estimates were not available at the time of publication.",<500 ,<200 , <500,"Children estimates were not available at the time of publication.",<500 ,<500 , <500,"Children estimates were not available at the time of publication.",<500 ,<500 , <500,"Children estimates were not available at the time of publication.",<500 ,<500 , <500,"Children estimates were not available at the time of publication.",<500 ,<500 , <500,"Children estimates were not available at the time of publication.",<500 ,<500 , <500,"Children estimates were not available at the time of publication.",<500 ,<200 , <500,"Children estimates were not available at the time of publication.",<500 ,<200 , <500,"Children estimates were not available at the time of publication.",<500 ,<200 , <500,"Children estimates were not available at the time of publication.",<200 ,<200 , <500,"Children estimates were not available at the time of publication.",<200 ,<200 , <500,"Children estimates were not available at the time of publication.",<200 ,<200 , <200,"Children estimates were not available at the time of publication.",<200 ,<200 , <200,"Children estimates were not available at the time of publication.",<200 ,<200 , <200,"Children estimates were not available at the time of publication.",<200 ,<100 , <200,"Children estimates were not available at the time of publication.",<100 ,<100 , <200,"Children estimates were not available at the time of publication.",<100 ,<100 , <200,"Children estimates were not available at the time of publication.",<100 ,<100 , <100,"Children estimates were not available at the time of publication.",<100 ,<100 , <100,"Children estimates were not available at the time of publication.",<100 ,<100 , <100,"Children estimates were not available at the time of publication.",<100 ,<100 , <100,"Children estimates were not available at the time of publication.",<100 ,<100 , <100,"Children estimates were not available at the time of publication.",<100 ,<100 , <100,"Children estimates were not available at the time of publication.",<100 ,<100 , <100,"Children estimates were not available at the time of publication.",<100 ,<100 , <100,"Children estimates were not available at the time of publication.",<100 ,<100 , <100,"Children estimates were not available at the time of publication.",<100 ,<100 , <200,"Children estimates were not available at the time of publication.",<100 ,<100 , <200,"Children estimates were not available at the time of publication.",<100 ,<100 , <200,"Children estimates were not available at the time of publication.",<100 ,<100 , <200,"Children estimates were not available at the time of publication."
Oman,<100 ,<100 , <100,"Children estimates were not available at the time of publication.",<100 ,<100 , <100,"Children estimates were not available at the time of publication.",<100 ,<100 , <100,"Children estimates were not available at the time of publication.",<100 ,<100 , <100,"Children estimates were not available at the time of publication.",<100 ,<100 , <200,"Children estimates were not available at the time of publication.",<200 ,<200 , <200,"Children estimates were not available at the time of publication.",<200 ,<200 , <500,"Children estimates were not available at the time of publication.",<500 ,<500 , <500,"Children estimates were not available at the time of publication.",<500 ,<500 , <500,"Children estimates were not available at the time of publication.",<500 ,<500 , <500,"Children estimates were not available at the time of publication.",<500 ,<500 , 520,"Children estimates were not available at the time of publication.",<500 ,<500 , 550,"Children estimates were not available at the time of publication.",510 ,<500 , 570,"Children estimates were not available at the time of publication.",540 ,<500 , 590,"Children estimates were not available at the time of publication.",560 ,510 , 610,"Children estimates were not available at the time of publication.",580 ,530 , 640,"Children estimates were not available at the time of publication.",610 ,540 , 660,"Children estimates were not available at the time of publication.",620 ,560 , 680,"Children estimates were not available at the time of publication.",630 ,570 , 700,"Children estimates were not available at the time of publication.",630 ,560 , 690,"Children estimates were not available at the time of publication.",620 ,550 , 690,"Children estimates were not available at the time of publication.",610 ,530 , 690,"Children estimates were not available at the time of publication.",610 ,530 , 690,"Children estimates were not available at the time of publication.",640 ,550 , 740,"Children estimates were not available at the time of publication.",690 ,590 , 780,"Children estimates were not available at the time of publication.",730 ,620 , 830,"Children estimates were not available at the time of publication.",780 ,660 , 880,"Children estimates were not available at the time of publication.",820 ,700 , 930,"Children estimates were not available at the time of publication.",850 ,730 , 960,"Children estimates were not available at the time of publication.",860 ,740 , 980,"Children estimates were not available at the time of publication.",850 ,730 , 980,"Children estimates were not available at the time of publication.",840 ,710 , 960,"Children estimates were not available at the time of publication.",800 ,680 , 930,"Children estimates were not available at the time of publication.",770 ,640 , 900,"Children estimates were not available at the time of publication.",730 ,600 , 880,"Children estimates were not available at the time of publication."
Pakistan,<100 ,<100 , <100,,<100 ,<100 , <100,,<100 ,<100 , <100,,<100 ,<100 , <100,,<100 ,<100 , <100,,<100 ,<100 , <100,,<100 ,<100 , <100,,<100 ,<100 , <100,,<100 ,<100 , <100,,<100 ,<100 , <100,,<200 ,<100 , <200,,<200 ,<200 , <200,,<500 ,<200 , <500,,<500 ,<500 , <500,,<500 ,<500 , <500,,570 ,510 , 640,,1100 ,960 , 1200,,2100 ,1800 , 2400,,3600 ,3000 , 4200,,6000 ,5000 , 7000,,9300 ,7700 , 11 000,,14 000 ,11 000 , 16 000,,19 000 ,16 000 , 23 000,,26 000 ,22 000 , 31 000,,34 000 ,29 000 , 41 000,,43 000 ,37 000 , 52 000,,54 000 ,46 000 , 64 000,,65 000 ,55 000 , 77 000,,77 000 ,66 000 , 90 000,,90 000 ,77 000 , 100 000,,100 000 ,89 000 , 120 000,,120 000 ,100 000 , 140 000,,130 000 ,120 000 , 150 000,,150 000 ,130 000 , 170 000,,160 000 ,140 000 , 190 000,
Panama,<100 ,<100 , <200,,<200 ,<100 , <500,,<500 ,<200 , <500,,<500 ,<500 , 560,,640 ,<500 , 820,,920 ,740 , 1100,,1300 ,1000 , 1500,,1700 ,1400 , 1900,,2100 ,1800 , 2500,,2600 ,2300 , 3000,,3100 ,2800 , 3500,,3600 ,3300 , 4000,,4100 ,3700 , 4600,,4600 ,4200 , 5100,,5200 ,4700 , 5700,,5700 ,5300 , 6400,,6300 ,5800 , 7000,,6900 ,6300 , 7600,,7400 ,6800 , 8200,,8000 ,7300 , 8800,,8300 ,7600 , 9200,,8700 ,7900 , 9700,,9100 ,8300 , 10 000,,9500 ,8700 , 11 000,,9900 ,8900 , 11 000,,10 000 ,9100 , 11 000,,10 000 ,9300 , 12 000,,11 000 ,9300 , 12 000,,11 000 ,9200 , 12 000,,11 000 ,9200 , 12 000,,11 000 ,9200 , 12 000,,11 000 ,9300 , 13 000,,11 000 ,9600 , 13 000,,11 000 ,9100 , 13 000,,11 000 ,8600 , 12 000,
Papua New Guinea,<500 ,<200 , 1800,,540 ,<500 , 2100,,820 ,<500 , 2500,,1200 ,680 , 3100,,1700 ,980 , 3700,,2300 ,1400 , 4200,,2900 ,1800 , 5100,,3800 ,2400 , 6200,,4700 ,3100 , 7600,,5700 ,3900 , 8700,,6800 ,4800 , 10 000,,8000 ,5700 , 12 000,,9300 ,6800 , 13 000,,11 000 ,8000 , 15 000,,12 000 ,9200 , 16 000,,14 000 ,10 000 , 18 000,,15 000 ,12 000 , 20 000,,16 000 ,13 000 , 21 000,,17 000 ,14 000 , 22 000,,19 000 ,15 000 , 24 000,,20 000 ,16 000 , 25 000,,21 000 ,17 000 , 26 000,,23 000 ,18 000 , 28 000,,24 000 ,20 000 , 30 000,,25 000 ,21 000 , 31 000,,27 000 ,22 000 , 33 000,,28 000 ,23 000 , 34 000,,29 000 ,24 000 , 35 000,,30 000 ,25 000 , 37 000,,32 000 ,26 000 , 38 000,,33 000 ,27 000 , 40 000,,34 000 ,28 000 , 41 000,,35 000 ,29 000 , 42 000,,36 000 ,29 000 , 43 000,,37 000 ,29 000 , 44 000,
Paraguay,<200 ,<200 , 650,,<200 ,<200 , 640,,<200 ,<200 , 600,,<200 ,<200 , 530,,<500 ,<200 , <500,,<500 ,<200 , <500,,<500 ,<500 , <500,,<500 ,<500 , <500,,<500 ,<500 , <500,,<500 ,<500 , 580,,620 ,<500 , 730,,790 ,640 , 920,,1000 ,820 , 1100,,1200 ,1000 , 1400,,1500 ,1300 , 1700,,1800 ,1600 , 2100,,2100 ,1800 , 2400,,2400 ,2100 , 2700,,2700 ,2400 , 3000,,2900 ,2600 , 3300,,3000 ,2700 , 3400,,3200 ,2800 , 3600,,3500 ,3000 , 4000,,3900 ,3300 , 4400,,4300 ,3700 , 4900,,4700 ,4000 , 5300,,5100 ,4300 , 5800,,5500 ,4700 , 6200,,5800 ,4900 , 6500,,6100 ,5200 , 6900,,6500 ,5400 , 7300,,6700 ,5600 , 7600,,6900 ,5700 , 7900,,7000 ,5700 , 8000,,7100 ,5700 , 8200,
Peru,11 000 ,7700 , 17 000,,15 000 ,10 000 , 22 000,,19 000 ,13 000 , 27 000,,24 000 ,17 000 , 33 000,,28 000 ,21 000 , 39 000,,33 000 ,25 000 , 45 000,,38 000 ,29 000 , 51 000,,43 000 ,33 000 , 57 000,,48 000 ,37 000 , 63 000,,52 000 ,41 000 , 68 000,,56 000 ,44 000 , 72 000,,59 000 ,47 000 , 75 000,,61 000 ,50 000 , 77 000,,63 000 ,51 000 , 78 000,,63 000 ,53 000 , 78 000,,64 000 ,53 000 , 77 000,,63 000 ,54 000 , 76 000,,62 000 ,53 000 , 74 000,,61 000 ,52 000 , 73 000,,59 000 ,51 000 , 70 000,,57 000 ,49 000 , 67 000,,54 000 ,47 000 , 64 000,,52 000 ,44 000 , 61 000,,49 000 ,41 000 , 58 000,,47 000 ,39 000 , 56 000,,45 000 ,37 000 , 54 000,,44 000 ,36 000 , 53 000,,42 000 ,34 000 , 51 000,,40 000 ,32 000 , 48 000,,37 000 ,29 000 , 45 000,,34 000 ,25 000 , 41 000,,31 000 ,22 000 , 38 000,,28 000 ,20 000 , 36 000,,25 000 ,17 000 , 33 000,,22 000 ,15 000 , 31 000,
Philippines,<100 ,<100 , <100,,<100 ,<100 , <100,,<100 ,<100 , <200,,<100 ,<100 , <200,,<100 ,<100 , <200,,<200 ,<200 , <200,,<200 ,<200 , <200,,<200 ,<200 , <200,,<200 ,<200 , <200,,<500 ,<200 , <500,,<500 ,<500 , <500,,<500 ,<500 , <500,,<500 ,<500 , <500,,<500 ,<500 , <500,,<500 ,<500 , 540,,590 ,520 , 660,,720 ,620 , 820,,890 ,750 , 1000,,1100 ,930 , 1300,,1400 ,1200 , 1600,,1800 ,1500 , 2100,,2300 ,1800 , 2700,,2900 ,2300 , 3400,,3700 ,2900 , 4300,,4600 ,3600 , 5400,,5400 ,4200 , 6500,,6200 ,4800 , 7500,,7000 ,5300 , 8600,,7900 ,5900 , 9800,,8900 ,6500 , 11 000,,10 000 ,7200 , 13 000,,12 000 ,8100 , 15 000,,13 000 ,9300 , 18 000,,15 000 ,10 000 , 21 000,,18 000 ,12 000 , 25 000,
Poland,... ,... , ...,"Estimates were not available at the time of publication.",... ,... , ...,"Estimates were not available at the time of publication.",... ,... , ...,"Estimates were not available at the time of publication.",... ,... , ...,"Estimates were not available at the time of publication.",... ,... , ...,"Estimates were not available at the time of publication.",... ,... , ...,"Estimates were not available at the time of publication.",... ,... , ...,"Estimates were not available at the time of publication.",... ,... , ...,"Estimates were not available at the time of publication.",... ,... , ...,"Estimates were not available at the time of publication.",... ,... , ...,"Estimates were not available at the time of publication.",... ,... , ...,"Estimates were not available at the time of publication.",... ,... , ...,"Estimates were not available at the time of publication.",... ,... , ...,"Estimates were not available at the time of publication.",... ,... , ...,"Estimates were not available at the time of publication.",... ,... , ...,"Estimates were not available at the time of publication.",... ,... , ...,"Estimates were not available at the time of publication.",... ,... , ...,"Estimates were not available at the time of publication.",... ,... , ...,"Estimates were not available at the time of publication.",... ,... , ...,"Estimates were not available at the time of publication.",... ,... , ...,"Estimates were not available at the time of publication.",... ,... , ...,"Estimates were not available at the time of publication.",... ,... , ...,"Estimates were not available at the time of publication.",... ,... , ...,"Estimates were not available at the time of publication.",... ,... , ...,"Estimates were not available at the time of publication.",... ,... , ...,"Estimates were not available at the time of publication.",... ,... , ...,"Estimates were not available at the time of publication.",... ,... , ...,"Estimates were not available at the time of publication.",... ,... , ...,"Estimates were not available at the time of publication.",... ,... , ...,"Estimates were not available at the time of publication.",... ,... , ...,"Estimates were not available at the time of publication.",... ,... , ...,"Estimates were not available at the time of publication.",... ,... , ...,"Estimates were not available at the time of publication.",... ,... , ...,"Estimates were not available at the time of publication.",... ,... , ...,"Estimates were not available at the time of publication.",... ,... , ...,"Estimates were not available at the time of publication."
Portugal,<500 ,<500 , 510,,610 ,<500 , 730,,860 ,690 , 1000,,1200 ,960 , 1400,,1500 ,1300 , 1800,,2000 ,1700 , 2300,,2500 ,2100 , 2900,,3000 ,2700 , 3500,,3600 ,3200 , 4100,,4200 ,3700 , 4600,,4800 ,4200 , 5300,,5400 ,4800 , 5900,,6000 ,5400 , 6500,,6600 ,6000 , 7200,,7200 ,6500 , 7900,,7900 ,7100 , 8600,,8500 ,7600 , 9200,,9100 ,8100 , 9900,,9600 ,8400 , 11 000,,10 000 ,8700 , 11 000,,10 000 ,9000 , 12 000,,11 000 ,9000 , 12 000,,11 000 ,8900 , 12 000,,11 000 ,8700 , 12 000,,11 000 ,8400 , 12 000,,10 000 ,8000 , 12 000,,10 000 ,7500 , 12 000,,9800 ,7100 , 12 000,,9000 ,6500 , 11 000,,8200 ,6000 , 10 000,,7500 ,5400 , 9800,,6900 ,5000 , 9100,,6300 ,4700 , 8600,,5700 ,4300 , 7800,,5200 ,4000 , 7200,
Qatar,<100 ,<100 , <100,"Children estimates were not available at the time of publication.",<100 ,<100 , <100,"Children estimates were not available at the time of publication.",<100 ,<100 , <100,"Children estimates were not available at the time of publication.",<100 ,<100 , <100,"Children estimates were not available at the time of publication.",<100 ,<100 , <100,"Children estimates were not available at the time of publication.",<100 ,<100 , <100,"Children estimates were not available at the time of publication.",<100 ,<100 , <100,"Children estimates were not available at the time of publication.",<100 ,<100 , <100,"Children estimates were not available at the time of publication.",<100 ,<100 , <100,"Children estimates were not available at the time of publication.",<100 ,<100 , <100,"Children estimates were not available at the time of publication.",<100 ,<100 , <100,"Children estimates were not available at the time of publication.",<100 ,<100 , <100,"Children estimates were not available at the time of publication.",<100 ,<100 , <100,"Children estimates were not available at the time of publication.",<100 ,<100 , <100,"Children estimates were not available at the time of publication.",<100 ,<100 , <100,"Children estimates were not available at the time of publication.",<100 ,<100 , <100,"Children estimates were not available at the time of publication.",<100 ,<100 , <100,"Children estimates were not available at the time of publication.",<100 ,<100 , <100,"Children estimates were not available at the time of publication.",<100 ,<100 , <100,"Children estimates were not available at the time of publication.",<100 ,<100 , <100,"Children estimates were not available at the time of publication.",<100 ,<100 , <100,"Children estimates were not available at the time of publication.",<100 ,<100 , <100,"Children estimates were not available at the time of publication.",<100 ,<100 , <100,"Children estimates were not available at the time of publication.",<100 ,<100 , <100,"Children estimates were not available at the time of publication.",<100 ,<100 , <100,"Children estimates were not available at the time of publication.",<100 ,<100 , <100,"Children estimates were not available at the time of publication.",<100 ,<100 , <100,"Children estimates were not available at the time of publication.",<100 ,<100 , <100,"Children estimates were not available at the time of publication.",<100 ,<100 , <100,"Children estimates were not available at the time of publication.",<100 ,<100 , <100,"Children estimates were not available at the time of publication.",<100 ,<100 , <100,"Children estimates were not available at the time of publication.",<100 ,<100 , <100,"Children estimates were not available at the time of publication.",<100 ,<100 , <100,"Children estimates were not available at the time of publication.",<100 ,<100 , <100,"Children estimates were not available at the time of publication.",<100 ,<100 , <100,"Children estimates were not available at the time of publication."
Republic of Korea,... ,... , ...,"Estimates were not available at the time of publication.",... ,... , ...,"Estimates were not available at the time of publication.",... ,... , ...,"Estimates were not available at the time of publication.",... ,... , ...,"Estimates were not available at the time of publication.",... ,... , ...,"Estimates were not available at the time of publication.",... ,... , ...,"Estimates were not available at the time of publication.",... ,... , ...,"Estimates were not available at the time of publication.",... ,... , ...,"Estimates were not available at the time of publication.",... ,... , ...,"Estimates were not available at the time of publication.",... ,... , ...,"Estimates were not available at the time of publication.",... ,... , ...,"Estimates were not available at the time of publication.",... ,... , ...,"Estimates were not available at the time of publication.",... ,... , ...,"Estimates were not available at the time of publication.",... ,... , ...,"Estimates were not available at the time of publication.",... ,... , ...,"Estimates were not available at the time of publication.",... ,... , ...,"Estimates were not available at the time of publication.",... ,... , ...,"Estimates were not available at the time of publication.",... ,... , ...,"Estimates were not available at the time of publication.",... ,... , ...,"Estimates were not available at the time of publication.",... ,... , ...,"Estimates were not available at the time of publication.",... ,... , ...,"Estimates were not available at the time of publication.",... ,... , ...,"Estimates were not available at the time of publication.",... ,... , ...,"Estimates were not available at the time of publication.",... ,... , ...,"Estimates were not available at the time of publication.",... ,... , ...,"Estimates were not available at the time of publication.",... ,... , ...,"Estimates were not available at the time of publication.",... ,... , ...,"Estimates were not available at the time of publication.",... ,... , ...,"Estimates were not available at the time of publication.",... ,... , ...,"Estimates were not available at the time of publication.",... ,... , ...,"Estimates were not available at the time of publication.",... ,... , ...,"Estimates were not available at the time of publication.",... ,... , ...,"Estimates were not available at the time of publication.",... ,... , ...,"Estimates were not available at the time of publication.",... ,... , ...,"Estimates were not available at the time of publication.",... ,... , ...,"Estimates were not available at the time of publication."
Republic of Moldova,<100 ,<100 , <100,,<100 ,<100 , <100,,<100 ,<100 , <100,,<100 ,<100 , <100,,<100 ,<100 , <200,,<200 ,<200 , <200,,<200 ,<200 , <500,,<500 ,<500 , <500,,<500 ,<500 , <500,,540 ,<500 , 670,,730 ,580 , 910,,970 ,760 , 1200,,1200 ,980 , 1500,,1600 ,1200 , 1900,,1900 ,1500 , 2400,,2200 ,1800 , 2800,,2600 ,2100 , 3200,,3000 ,2300 , 3700,,3300 ,2600 , 4100,,3700 ,2900 , 4500,,4000 ,3100 , 4900,,4300 ,3400 , 5300,,4600 ,3600 , 5700,,4800 ,3800 , 6000,,5100 ,4000 , 6300,,5300 ,4200 , 6600,,5500 ,4300 , 6800,,5600 ,4400 , 7000,,5700 ,4500 , 7100,,5800 ,4600 , 7200,,5900 ,4600 , 7300,,5900 ,4600 , 7300,,5900 ,4600 , 7300,,5800 ,4600 , 7300,,5800 ,4500 , 7100,
Romania,<100 ,<100 , <100,,<500 ,<500 , <500,,870 ,520 , 1500,,1900 ,980 , 3700,,3400 ,1600 , 7500,,5400 ,2300 , 14 000,,7900 ,3200 , 22 000,,11 000 ,4100 , 32 000,,14 000 ,5100 , 43 000,,18 000 ,6100 , 56 000,,21 000 ,6800 , 69 000,,22 000 ,6900 , 72 000,,20 000 ,6700 , 67 000,,16 000 ,5800 , 51 000,,11 000 ,4400 , 33 000,,7100 ,3400 , 19 000,,4300 ,2400 , 9600,,2700 ,1700 , 4900,,1800 ,1200 , 2600,,1400 ,930 , 1800,,1300 ,840 , 1700,,1300 ,850 , 1700,,1500 ,930 , 1900,,1600 ,1000 , 2000,,1700 ,1100 , 2100,,1800 ,1200 , 2200,,1900 ,1200 , 2300,,2000 ,1300 , 2400,,2000 ,1300 , 2500,,2100 ,1300 , 2600,,2200 ,1300 , 2700,,2200 ,1400 , 2800,,2300 ,1400 , 2900,,2300 ,1300 , 2900,,2200 ,1300 , 2900,
Russian Federation,... ,... , ...,"Estimates were not available at the time of publication.",... ,... , ...,"Estimates were not available at the time of publication.",... ,... , ...,"Estimates were not available at the time of publication.",... ,... , ...,"Estimates were not available at the time of publication.",... ,... , ...,"Estimates were not available at the time of publication.",... ,... , ...,"Estimates were not available at the time of publication.",... ,... , ...,"Estimates were not available at the time of publication.",... ,... , ...,"Estimates were not available at the time of publication.",... ,... , ...,"Estimates were not available at the time of publication.",... ,... , ...,"Estimates were not available at the time of publication.",... ,... , ...,"Estimates were not available at the time of publication.",... ,... , ...,"Estimates were not available at the time of publication.",... ,... , ...,"Estimates were not available at the time of publication.",... ,... , ...,"Estimates were not available at the time of publication.",... ,... , ...,"Estimates were not available at the time of publication.",... ,... , ...,"Estimates were not available at the time of publication.",... ,... , ...,"Estimates were not available at the time of publication.",... ,... , ...,"Estimates were not available at the time of publication.",... ,... , ...,"Estimates were not available at the time of publication.",... ,... , ...,"Estimates were not available at the time of publication.",... ,... , ...,"Estimates were not available at the time of publication.",... ,... , ...,"Estimates were not available at the time of publication.",... ,... , ...,"Estimates were not available at the time of publication.",... ,... , ...,"Estimates were not available at the time of publication.",... ,... , ...,"Estimates were not available at the time of publication.",... ,... , ...,"Estimates were not available at the time of publication.",... ,... , ...,"Estimates were not available at the time of publication.",... ,... , ...,"Estimates were not available at the time of publication.",... ,... , ...,"Estimates were not available at the time of publication.",... ,... , ...,"Estimates were not available at the time of publication.",... ,... , ...,"Estimates were not available at the time of publication.",... ,... , ...,"Estimates were not available at the time of publication.",... ,... , ...,"Estimates were not available at the time of publication.",... ,... , ...,"Estimates were not available at the time of publication.",... ,... , ...,"Estimates were not available at the time of publication."
Rwanda,13 000 ,8100 , 27 000,,19 000 ,12 000 , 37 000,,26 000 ,17 000 , 48 000,,34 000 ,23 000 , 63 000,,42 000 ,28 000 , 74 000,,43 000 ,30 000 , 75 000,,48 000 ,33 000 , 79 000,,60 000 ,42 000 , 93 000,,72 000 ,53 000 , 110 000,,84 000 ,65 000 , 120 000,,96 000 ,76 000 , 140 000,,110 000 ,87 000 , 150 000,,120 000 ,100 000 , 160 000,,140 000 ,110 000 , 180 000,,150 000 ,130 000 , 190 000,,160 000 ,140 000 , 200 000,,180 000 ,150 000 , 210 000,,190 000 ,160 000 , 220 000,,190 000 ,160 000 , 220 000,,210 000 ,180 000 , 240 000,,210 000 ,180 000 , 240 000,,200 000 ,180 000 , 240 000,,200 000 ,170 000 , 230 000,,200 000 ,170 000 , 230 000,,190 000 ,160 000 , 220 000,,180 000 ,150 000 , 220 000,,170 000 ,140 000 , 210 000,,160 000 ,130 000 , 200 000,,150 000 ,120 000 , 190 000,,140 000 ,100 000 , 180 000,,130 000 ,92 000 , 180 000,,120 000 ,81 000 , 170 000,,110 000 ,70 000 , 160 000,,99 000 ,59 000 , 150 000,,88 000 ,51 000 , 140 000,
Saint Kitts and Nevis,<100 ,<100 , <100,"Countries with a UNAIDS-approved estimate and population less than 250000 in 2024; not included in regional or global totals",<100 ,<100 , <100,"Countries with a UNAIDS-approved estimate and population less than 250000 in 2024; not included in regional or global totals",<100 ,<100 , <100,"Countries with a UNAIDS-approved estimate and population less than 250000 in 2024; not included in regional or global totals",<100 ,<100 , <100,"Countries with a UNAIDS-approved estimate and population less than 250000 in 2024; not included in regional or global totals",<100 ,<100 , <100,"Countries with a UNAIDS-approved estimate and population less than 250000 in 2024; not included in regional or global totals",<100 ,<100 , <100,"Countries with a UNAIDS-approved estimate and population less than 250000 in 2024; not included in regional or global totals",<100 ,<100 , <100,"Countries with a UNAIDS-approved estimate and population less than 250000 in 2024; not included in regional or global totals",<100 ,<100 , <100,"Countries with a UNAIDS-approved estimate and population less than 250000 in 2024; not included in regional or global totals",<100 ,<100 , <100,"Countries with a UNAIDS-approved estimate and population less than 250000 in 2024; not included in regional or global totals",<100 ,<100 , <100,"Countries with a UNAIDS-approved estimate and population less than 250000 in 2024; not included in regional or global totals",<100 ,<100 , <100,"Countries with a UNAIDS-approved estimate and population less than 250000 in 2024; not included in regional or global totals",<100 ,<100 , <100,"Countries with a UNAIDS-approved estimate and population less than 250000 in 2024; not included in regional or global totals",<100 ,<100 , <100,"Countries with a UNAIDS-approved estimate and population less than 250000 in 2024; not included in regional or global totals",<100 ,<100 , <100,"Countries with a UNAIDS-approved estimate and population less than 250000 in 2024; not included in regional or global totals",<100 ,<100 , <100,"Countries with a UNAIDS-approved estimate and population less than 250000 in 2024; not included in regional or global totals",<100 ,<100 , <100,"Countries with a UNAIDS-approved estimate and population less than 250000 in 2024; not included in regional or global totals",<100 ,<100 , <100,"Countries with a UNAIDS-approved estimate and population less than 250000 in 2024; not included in regional or global totals",<100 ,<100 , <100,"Countries with a UNAIDS-approved estimate and population less than 250000 in 2024; not included in regional or global totals",<100 ,<100 , <100,"Countries with a UNAIDS-approved estimate and population less than 250000 in 2024; not included in regional or global totals",<100 ,<100 , <100,"Countries with a UNAIDS-approved estimate and population less than 250000 in 2024; not included in regional or global totals",<100 ,<100 , <100,"Countries with a UNAIDS-approved estimate and population less than 250000 in 2024; not included in regional or global totals",<100 ,<100 , <100,"Countries with a UNAIDS-approved estimate and population less than 250000 in 2024; not included in regional or global totals",<100 ,<100 , <100,"Countries with a UNAIDS-approved estimate and population less than 250000 in 2024; not included in regional or global totals",<100 ,<100 , <100,"Countries with a UNAIDS-approved estimate and population less than 250000 in 2024; not included in regional or global totals",<100 ,<100 , <100,"Countries with a UNAIDS-approved estimate and population less than 250000 in 2024; not included in regional or global totals",<100 ,<100 , <100,"Countries with a UNAIDS-approved estimate and population less than 250000 in 2024; not included in regional or global totals",<100 ,<100 , <100,"Countries with a UNAIDS-approved estimate and population less than 250000 in 2024; not included in regional or global totals",<100 ,<100 , <100,"Countries with a UNAIDS-approved estimate and population less than 250000 in 2024; not included in regional or global totals",<100 ,<100 , <100,"Countries with a UNAIDS-approved estimate and population less than 250000 in 2024; not included in regional or global totals",<100 ,<100 , <100,"Countries with a UNAIDS-approved estimate and population less than 250000 in 2024; not included in regional or global totals",<100 ,<100 , <100,"Countries with a UNAIDS-approved estimate and population less than 250000 in 2024; not included in regional or global totals",<100 ,<100 , <100,"Countries with a UNAIDS-approved estimate and population less than 250000 in 2024; not included in regional or global totals",<100 ,<100 , <100,"Countries with a UNAIDS-approved estimate and population less than 250000 in 2024; not included in regional or global totals",<100 ,<100 , <100,"Countries with a UNAIDS-approved estimate and population less than 250000 in 2024; not included in regional or global totals",<100 ,<100 , <100,"Countries with a UNAIDS-approved estimate and population less than 250000 in 2024; not included in regional or global totals"
Saint Lucia,<100 ,<100 , <100,"Countries with a UNAIDS-approved estimate and population less than 250000 in 2024; not included in regional or global totals",<100 ,<100 , <100,"Countries with a UNAIDS-approved estimate and population less than 250000 in 2024; not included in regional or global totals",<100 ,<100 , <100,"Countries with a UNAIDS-approved estimate and population less than 250000 in 2024; not included in regional or global totals",<100 ,<100 , <100,"Countries with a UNAIDS-approved estimate and population less than 250000 in 2024; not included in regional or global totals",<100 ,<100 , <100,"Countries with a UNAIDS-approved estimate and population less than 250000 in 2024; not included in regional or global totals",<100 ,<100 , <200,"Countries with a UNAIDS-approved estimate and population less than 250000 in 2024; not included in regional or global totals",<100 ,<100 , <200,"Countries with a UNAIDS-approved estimate and population less than 250000 in 2024; not included in regional or global totals",<100 ,<100 , <200,"Countries with a UNAIDS-approved estimate and population less than 250000 in 2024; not included in regional or global totals",<100 ,<100 , <200,"Countries with a UNAIDS-approved estimate and population less than 250000 in 2024; not included in regional or global totals",<100 ,<100 , <200,"Countries with a UNAIDS-approved estimate and population less than 250000 in 2024; not included in regional or global totals",<200 ,<100 , <200,"Countries with a UNAIDS-approved estimate and population less than 250000 in 2024; not included in regional or global totals",<200 ,<100 , <200,"Countries with a UNAIDS-approved estimate and population less than 250000 in 2024; not included in regional or global totals",<200 ,<100 , <200,"Countries with a UNAIDS-approved estimate and population less than 250000 in 2024; not included in regional or global totals",<200 ,<100 , <200,"Countries with a UNAIDS-approved estimate and population less than 250000 in 2024; not included in regional or global totals",<200 ,<100 , <200,"Countries with a UNAIDS-approved estimate and population less than 250000 in 2024; not included in regional or global totals",<200 ,<100 , <200,"Countries with a UNAIDS-approved estimate and population less than 250000 in 2024; not included in regional or global totals",<200 ,<100 , <200,"Countries with a UNAIDS-approved estimate and population less than 250000 in 2024; not included in regional or global totals",<200 ,<100 , <200,"Countries with a UNAIDS-approved estimate and population less than 250000 in 2024; not included in regional or global totals",<200 ,<100 , <200,"Countries with a UNAIDS-approved estimate and population less than 250000 in 2024; not included in regional or global totals",<200 ,<100 , <200,"Countries with a UNAIDS-approved estimate and population less than 250000 in 2024; not included in regional or global totals",<200 ,<100 , <200,"Countries with a UNAIDS-approved estimate and population less than 250000 in 2024; not included in regional or global totals",<200 ,<100 , <200,"Countries with a UNAIDS-approved estimate and population less than 250000 in 2024; not included in regional or global totals",<200 ,<100 , <200,"Countries with a UNAIDS-approved estimate and population less than 250000 in 2024; not included in regional or global totals",<200 ,<100 , <200,"Countries with a UNAIDS-approved estimate and population less than 250000 in 2024; not included in regional or global totals",<200 ,<100 , <200,"Countries with a UNAIDS-approved estimate and population less than 250000 in 2024; not included in regional or global totals",<200 ,<100 , <200,"Countries with a UNAIDS-approved estimate and population less than 250000 in 2024; not included in regional or global totals",<200 ,<100 , <200,"Countries with a UNAIDS-approved estimate and population less than 250000 in 2024; not included in regional or global totals",<200 ,<100 , <200,"Countries with a UNAIDS-approved estimate and population less than 250000 in 2024; not included in regional or global totals",<200 ,<100 , <200,"Countries with a UNAIDS-approved estimate and population less than 250000 in 2024; not included in regional or global totals",<200 ,<100 , <200,"Countries with a UNAIDS-approved estimate and population less than 250000 in 2024; not included in regional or global totals",<200 ,<100 , <200,"Countries with a UNAIDS-approved estimate and population less than 250000 in 2024; not included in regional or global totals",<200 ,<100 , <200,"Countries with a UNAIDS-approved estimate and population less than 250000 in 2024; not included in regional or global totals",<200 ,<100 , <200,"Countries with a UNAIDS-approved estimate and population less than 250000 in 2024; not included in regional or global totals",<200 ,<100 , <200,"Countries with a UNAIDS-approved estimate and population less than 250000 in 2024; not included in regional or global totals",<200 ,<100 , <200,"Countries with a UNAIDS-approved estimate and population less than 250000 in 2024; not included in regional or global totals"
Saint Vincent and the Grenadines,<100 ,<100 , <100,"Countries with a UNAIDS-approved estimate and population less than 250000 in 2024; not included in regional or global totals",<100 ,<100 , <100,"Countries with a UNAIDS-approved estimate and population less than 250000 in 2024; not included in regional or global totals",<100 ,<100 , <100,"Countries with a UNAIDS-approved estimate and population less than 250000 in 2024; not included in regional or global totals",<100 ,<100 , <100,"Countries with a UNAIDS-approved estimate and population less than 250000 in 2024; not included in regional or global totals",<100 ,<100 , <200,"Countries with a UNAIDS-approved estimate and population less than 250000 in 2024; not included in regional or global totals",<200 ,<100 , <200,"Countries with a UNAIDS-approved estimate and population less than 250000 in 2024; not included in regional or global totals",<200 ,<200 , <200,"Countries with a UNAIDS-approved estimate and population less than 250000 in 2024; not included in regional or global totals",<200 ,<200 , <200,"Countries with a UNAIDS-approved estimate and population less than 250000 in 2024; not included in regional or global totals",<200 ,<200 , <200,"Countries with a UNAIDS-approved estimate and population less than 250000 in 2024; not included in regional or global totals",<200 ,<200 , <500,"Countries with a UNAIDS-approved estimate and population less than 250000 in 2024; not included in regional or global totals",<200 ,<200 , <500,"Countries with a UNAIDS-approved estimate and population less than 250000 in 2024; not included in regional or global totals",<500 ,<200 , <500,"Countries with a UNAIDS-approved estimate and population less than 250000 in 2024; not included in regional or global totals",<500 ,<500 , <500,"Countries with a UNAIDS-approved estimate and population less than 250000 in 2024; not included in regional or global totals",<500 ,<500 , <500,"Countries with a UNAIDS-approved estimate and population less than 250000 in 2024; not included in regional or global totals",<500 ,<500 , <500,"Countries with a UNAIDS-approved estimate and population less than 250000 in 2024; not included in regional or global totals",<500 ,<500 , <500,"Countries with a UNAIDS-approved estimate and population less than 250000 in 2024; not included in regional or global totals",<500 ,<500 , <500,"Countries with a UNAIDS-approved estimate and population less than 250000 in 2024; not included in regional or global totals",<500 ,<500 , <500,"Countries with a UNAIDS-approved estimate and population less than 250000 in 2024; not included in regional or global totals",<500 ,<500 , <500,"Countries with a UNAIDS-approved estimate and population less than 250000 in 2024; not included in regional or global totals",<500 ,<500 , <500,"Countries with a UNAIDS-approved estimate and population less than 250000 in 2024; not included in regional or global totals",<500 ,<500 , <500,"Countries with a UNAIDS-approved estimate and population less than 250000 in 2024; not included in regional or global totals",<500 ,<500 , <500,"Countries with a UNAIDS-approved estimate and population less than 250000 in 2024; not included in regional or global totals",<500 ,<500 , <500,"Countries with a UNAIDS-approved estimate and population less than 250000 in 2024; not included in regional or global totals",<500 ,<500 , <500,"Countries with a UNAIDS-approved estimate and population less than 250000 in 2024; not included in regional or global totals",<500 ,<500 , <500,"Countries with a UNAIDS-approved estimate and population less than 250000 in 2024; not included in regional or global totals",<500 ,<500 , <500,"Countries with a UNAIDS-approved estimate and population less than 250000 in 2024; not included in regional or global totals",<500 ,<500 , <500,"Countries with a UNAIDS-approved estimate and population less than 250000 in 2024; not included in regional or global totals",<500 ,<500 , <500,"Countries with a UNAIDS-approved estimate and population less than 250000 in 2024; not included in regional or global totals",<500 ,<500 , <500,"Countries with a UNAIDS-approved estimate and population less than 250000 in 2024; not included in regional or global totals",<500 ,<500 , <500,"Countries with a UNAIDS-approved estimate and population less than 250000 in 2024; not included in regional or global totals",<500 ,<500 , <500,"Countries with a UNAIDS-approved estimate and population less than 250000 in 2024; not included in regional or global totals",<500 ,<500 , <500,"Countries with a UNAIDS-approved estimate and population less than 250000 in 2024; not included in regional or global totals",<500 ,<500 , <500,"Countries with a UNAIDS-approved estimate and population less than 250000 in 2024; not included in regional or global totals",<500 ,<500 , <500,"Countries with a UNAIDS-approved estimate and population less than 250000 in 2024; not included in regional or global totals",<500 ,<500 , <500,"Countries with a UNAIDS-approved estimate and population less than 250000 in 2024; not included in regional or global totals"
Sao Tome and Principe,... ,... , ...,"Estimates were not available at the time of publication.",... ,... , ...,"Estimates were not available at the time of publication.",... ,... , ...,"Estimates were not available at the time of publication.",... ,... , ...,"Estimates were not available at the time of publication.",... ,... , ...,"Estimates were not available at the time of publication.",... ,... , ...,"Estimates were not available at the time of publication.",... ,... , ...,"Estimates were not available at the time of publication.",... ,... , ...,"Estimates were not available at the time of publication.",... ,... , ...,"Estimates were not available at the time of publication.",... ,... , ...,"Estimates were not available at the time of publication.",... ,... , ...,"Estimates were not available at the time of publication.",... ,... , ...,"Estimates were not available at the time of publication.",... ,... , ...,"Estimates were not available at the time of publication.",... ,... , ...,"Estimates were not available at the time of publication.",... ,... , ...,"Estimates were not available at the time of publication.",... ,... , ...,"Estimates were not available at the time of publication.",... ,... , ...,"Estimates were not available at the time of publication.",... ,... , ...,"Estimates were not available at the time of publication.",... ,... , ...,"Estimates were not available at the time of publication.",... ,... , ...,"Estimates were not available at the time of publication.",... ,... , ...,"Estimates were not available at the time of publication.",... ,... , ...,"Estimates were not available at the time of publication.",... ,... , ...,"Estimates were not available at the time of publication.",... ,... , ...,"Estimates were not available at the time of publication.",... ,... , ...,"Estimates were not available at the time of publication.",... ,... , ...,"Estimates were not available at the time of publication.",... ,... , ...,"Estimates were not available at the time of publication.",... ,... , ...,"Estimates were not available at the time of publication.",... ,... , ...,"Estimates were not available at the time of publication.",... ,... , ...,"Estimates were not available at the time of publication.",... ,... , ...,"Estimates were not available at the time of publication.",... ,... , ...,"Estimates were not available at the time of publication.",... ,... , ...,"Estimates were not available at the time of publication.",... ,... , ...,"Estimates were not available at the time of publication.",... ,... , ...,"Estimates were not available at the time of publication."
Saudi Arabia,620 ,<500 , 1000,"Children estimates were not available at the time of publication.",780 ,<500 , 1300,"Children estimates were not available at the time of publication.",980 ,600 , 1600,"Children estimates were not available at the time of publication.",1200 ,760 , 1900,"Children estimates were not available at the time of publication.",1500 ,960 , 2300,"Children estimates were not available at the time of publication.",1800 ,1200 , 2700,"Children estimates were not available at the time of publication.",2100 ,1400 , 3100,"Children estimates were not available at the time of publication.",2500 ,1700 , 3600,"Children estimates were not available at the time of publication.",2800 ,2000 , 4000,"Children estimates were not available at the time of publication.",3200 ,2300 , 4500,"Children estimates were not available at the time of publication.",3700 ,2700 , 5000,"Children estimates were not available at the time of publication.",4100 ,3100 , 5500,"Children estimates were not available at the time of publication.",4500 ,3500 , 5900,"Children estimates were not available at the time of publication.",4900 ,3800 , 6200,"Children estimates were not available at the time of publication.",5300 ,4200 , 6500,"Children estimates were not available at the time of publication.",5600 ,4600 , 6800,"Children estimates were not available at the time of publication.",5900 ,4900 , 7000,"Children estimates were not available at the time of publication.",6200 ,5200 , 7100,"Children estimates were not available at the time of publication.",6300 ,5500 , 7300,"Children estimates were not available at the time of publication.",6500 ,5600 , 7300,"Children estimates were not available at the time of publication.",6600 ,5800 , 7400,"Children estimates were not available at the time of publication.",6700 ,6000 , 7500,"Children estimates were not available at the time of publication.",6800 ,6200 , 7500,"Children estimates were not available at the time of publication.",6800 ,6200 , 7500,"Children estimates were not available at the time of publication.",6800 ,6200 , 7400,"Children estimates were not available at the time of publication.",6600 ,6000 , 7200,"Children estimates were not available at the time of publication.",6300 ,5700 , 6800,"Children estimates were not available at the time of publication.",5800 ,5200 , 6300,"Children estimates were not available at the time of publication.",5300 ,4700 , 5700,"Children estimates were not available at the time of publication.",4700 ,4200 , 5200,"Children estimates were not available at the time of publication.",4100 ,3700 , 4600,"Children estimates were not available at the time of publication.",3600 ,3200 , 4000,"Children estimates were not available at the time of publication.",3200 ,2800 , 3500,"Children estimates were not available at the time of publication.",2700 ,2400 , 3100,"Children estimates were not available at the time of publication.",2300 ,2000 , 2600,"Children estimates were not available at the time of publication."
Senegal,1600 ,1500 , 1800,,2000 ,1900 , 2300,,2500 ,2300 , 2800,,3100 ,2900 , 3500,,3800 ,3600 , 4300,,4800 ,4500 , 5300,,5900 ,5500 , 6600,,7200 ,6700 , 8100,,8800 ,8200 , 9800,,11 000 ,9900 , 12 000,,13 000 ,12 000 , 14 000,,15 000 ,14 000 , 17 000,,18 000 ,17 000 , 20 000,,20 000 ,19 000 , 23 000,,23 000 ,22 000 , 26 000,,27 000 ,25 000 , 29 000,,30 000 ,28 000 , 32 000,,32 000 ,31 000 , 35 000,,33 000 ,32 000 , 37 000,,34 000 ,32 000 , 37 000,,35 000 ,33 000 , 38 000,,36 000 ,34 000 , 39 000,,37 000 ,34 000 , 40 000,,38 000 ,36 000 , 42 000,,39 000 ,37 000 , 43 000,,40 000 ,37 000 , 44 000,,41 000 ,37 000 , 45 000,,41 000 ,37 000 , 45 000,,40 000 ,37 000 , 45 000,,39 000 ,36 000 , 44 000,,38 000 ,35 000 , 42 000,,36 000 ,33 000 , 41 000,,35 000 ,32 000 , 39 000,,33 000 ,30 000 , 37 000,,32 000 ,28 000 , 35 000,
Serbia,<100 ,<100 , <100,"Children estimates were not available at the time of publication.",<100 ,<100 , <100,"Children estimates were not available at the time of publication.",<100 ,<100 , <200,"Children estimates were not available at the time of publication.",<200 ,<100 , <200,"Children estimates were not available at the time of publication.",<200 ,<100 , <200,"Children estimates were not available at the time of publication.",<200 ,<100 , <200,"Children estimates were not available at the time of publication.",<200 ,<100 , <500,"Children estimates were not available at the time of publication.",<200 ,<200 , <500,"Children estimates were not available at the time of publication.",<500 ,<200 , <500,"Children estimates were not available at the time of publication.",<500 ,<200 , <500,"Children estimates were not available at the time of publication.",<500 ,<200 , <500,"Children estimates were not available at the time of publication.",<500 ,<500 , <500,"Children estimates were not available at the time of publication.",<500 ,<500 , <500,"Children estimates were not available at the time of publication.",<500 ,<500 , <500,"Children estimates were not available at the time of publication.",<500 ,<500 , <500,"Children estimates were not available at the time of publication.",<500 ,<500 , <500,"Children estimates were not available at the time of publication.",<500 ,<200 , <500,"Children estimates were not available at the time of publication.",<500 ,<200 , <500,"Children estimates were not available at the time of publication.",<200 ,<200 , <500,"Children estimates were not available at the time of publication.",<200 ,<200 , <500,"Children estimates were not available at the time of publication.",<200 ,<200 , <500,"Children estimates were not available at the time of publication.",<200 ,<100 , <500,"Children estimates were not available at the time of publication.",<200 ,<100 , <500,"Children estimates were not available at the time of publication.",<200 ,<100 , <200,"Children estimates were not available at the time of publication.",<200 ,<100 , <200,"Children estimates were not available at the time of publication.",<200 ,<100 , <200,"Children estimates were not available at the time of publication.",<200 ,<100 , <200,"Children estimates were not available at the time of publication.",<200 ,<100 , <200,"Children estimates were not available at the time of publication.",<200 ,<100 , <200,"Children estimates were not available at the time of publication.",<200 ,<100 , <200,"Children estimates were not available at the time of publication.",<200 ,<100 , <200,"Children estimates were not available at the time of publication.",<200 ,<100 , <500,"Children estimates were not available at the time of publication.",<200 ,<100 , <500,"Children estimates were not available at the time of publication.",<200 ,<100 , <500,"Children estimates were not available at the time of publication.",<200 ,<100 , <500,"Children estimates were not available at the time of publication."
Sierra Leone,1600 ,560 , 3000,,2100 ,810 , 3900,,2700 ,1100 , 4900,,3400 ,1500 , 6100,,4300 ,2000 , 7500,,5300 ,2500 , 9100,,6500 ,3200 , 11 000,,7800 ,4000 , 13 000,,9300 ,5000 , 15 000,,11 000 ,6100 , 17 000,,13 000 ,7400 , 19 000,,15 000 ,9000 , 21 000,,17 000 ,11 000 , 24 000,,19 000 ,13 000 , 27 000,,22 000 ,16 000 , 30 000,,24 000 ,18 000 , 33 000,,27 000 ,20 000 , 35 000,,29 000 ,22 000 , 38 000,,32 000 ,25 000 , 40 000,,34 000 ,27 000 , 42 000,,36 000 ,29 000 , 45 000,,38 000 ,31 000 , 46 000,,40 000 ,33 000 , 47 000,,42 000 ,35 000 , 49 000,,44 000 ,38 000 , 52 000,,46 000 ,40 000 , 53 000,,47 000 ,41 000 , 55 000,,48 000 ,41 000 , 56 000,,49 000 ,42 000 , 56 000,,49 000 ,42 000 , 57 000,,50 000 ,43 000 , 57 000,,50 000 ,42 000 , 58 000,,49 000 ,41 000 , 57 000,,47 000 ,38 000 , 55 000,,44 000 ,35 000 , 53 000,
Singapore,<100 ,<100 , <100,"Children estimates were not available at the time of publication.",<100 ,<100 , <100,"Children estimates were not available at the time of publication.",<100 ,<100 , 1500,"Children estimates were not available at the time of publication.",<100 ,<100 , <500,"Children estimates were not available at the time of publication.",<100 ,<100 , <100,"Children estimates were not available at the time of publication.",<100 ,<100 , <100,"Children estimates were not available at the time of publication.",<100 ,<100 , <100,"Children estimates were not available at the time of publication.",<100 ,<100 , <100,"Children estimates were not available at the time of publication.",<100 ,<100 , <200,"Children estimates were not available at the time of publication.",<200 ,<100 , <200,"Children estimates were not available at the time of publication.",<200 ,<200 , <200,"Children estimates were not available at the time of publication.",<200 ,<200 , <200,"Children estimates were not available at the time of publication.",<200 ,<200 , <500,"Children estimates were not available at the time of publication.",<500 ,<200 , <500,"Children estimates were not available at the time of publication.",<500 ,<500 , <500,"Children estimates were not available at the time of publication.",<500 ,<500 , <500,"Children estimates were not available at the time of publication.",<500 ,<500 , <500,"Children estimates were not available at the time of publication.",<500 ,<500 , <500,"Children estimates were not available at the time of publication.",<500 ,<500 , <500,"Children estimates were not available at the time of publication.",<500 ,<500 , <500,"Children estimates were not available at the time of publication.",<500 ,<500 , <500,"Children estimates were not available at the time of publication.",<500 ,<500 , <500,"Children estimates were not available at the time of publication.",<500 ,<500 , <500,"Children estimates were not available at the time of publication.",<500 ,<500 , <500,"Children estimates were not available at the time of publication.",<500 ,<500 , <500,"Children estimates were not available at the time of publication.",<500 ,<500 , <500,"Children estimates were not available at the time of publication.",<500 ,<500 , <500,"Children estimates were not available at the time of publication.",<500 ,<500 , <500,"Children estimates were not available at the time of publication.",<500 ,<200 , <500,"Children estimates were not available at the time of publication.",<500 ,<200 , <500,"Children estimates were not available at the time of publication.",<500 ,<200 , <500,"Children estimates were not available at the time of publication.",<500 ,<200 , <500,"Children estimates were not available at the time of publication.",<500 ,<200 , <500,"Children estimates were not available at the time of publication.",<500 ,<200 , <500,"Children estimates were not available at the time of publication.",... ,... , ...,"Children estimates were not available at the time of publication."
Slovakia,<100 ,<100 , <100,"Children estimates were not available at the time of publication.",<100 ,<100 , <100,"Children estimates were not available at the time of publication.",<100 ,<100 , <100,"Children estimates were not available at the time of publication.",<100 ,<100 , <100,"Children estimates were not available at the time of publication.",<100 ,<100 , <100,"Children estimates were not available at the time of publication.",<100 ,<100 , <100,"Children estimates were not available at the time of publication.",<100 ,<100 , <100,"Children estimates were not available at the time of publication.",<100 ,<100 , <100,"Children estimates were not available at the time of publication.",<100 ,<100 , <100,"Children estimates were not available at the time of publication.",<100 ,<100 , <100,"Children estimates were not available at the time of publication.",<100 ,<100 , <100,"Children estimates were not available at the time of publication.",<100 ,<100 , <100,"Children estimates were not available at the time of publication.",<100 ,<100 , <100,"Children estimates were not available at the time of publication.",<100 ,<100 , <100,"Children estimates were not available at the time of publication.",<100 ,<100 , <100,"Children estimates were not available at the time of publication.",<100 ,<100 , <100,"Children estimates were not available at the time of publication.",<100 ,<100 , <100,"Children estimates were not available at the time of publication.",<100 ,<100 , <100,"Children estimates were not available at the time of publication.",<100 ,<100 , <100,"Children estimates were not available at the time of publication.",<100 ,<100 , <100,"Children estimates were not available at the time of publication.",<100 ,<100 , <100,"Children estimates were not available at the time of publication.",<100 ,<100 , <100,"Children estimates were not available at the time of publication.",<100 ,<100 , <100,"Children estimates were not available at the time of publication.",<100 ,<100 , <100,"Children estimates were not available at the time of publication.",<100 ,<100 , <100,"Children estimates were not available at the time of publication.",<100 ,<100 , <100,"Children estimates were not available at the time of publication.",<100 ,<100 , <100,"Children estimates were not available at the time of publication.",<100 ,<100 , <100,"Children estimates were not available at the time of publication.",<100 ,<100 , <100,"Children estimates were not available at the time of publication.",<100 ,<100 , <100,"Children estimates were not available at the time of publication.",<100 ,<100 , <100,"Children estimates were not available at the time of publication.",<100 ,<100 , <100,"Children estimates were not available at the time of publication.",<100 ,<100 , <200,"Children estimates were not available at the time of publication.",<100 ,<100 , <200,"Children estimates were not available at the time of publication.",<100 ,<100 , <200,"Children estimates were not available at the time of publication."
Slovenia,<100 ,<100 , <100,"Children estimates were not available at the time of publication.",<100 ,<100 , <100,"Children estimates were not available at the time of publication.",<100 ,<100 , <100,"Children estimates were not available at the time of publication.",<100 ,<100 , <100,"Children estimates were not available at the time of publication.",<100 ,<100 , <100,"Children estimates were not available at the time of publication.",<100 ,<100 , <100,"Children estimates were not available at the time of publication.",<100 ,<100 , <100,"Children estimates were not available at the time of publication.",<100 ,<100 , <100,"Children estimates were not available at the time of publication.",<100 ,<100 , <100,"Children estimates were not available at the time of publication.",<100 ,<100 , <100,"Children estimates were not available at the time of publication.",<100 ,<100 , <100,"Children estimates were not available at the time of publication.",<100 ,<100 , <100,"Children estimates were not available at the time of publication.",<100 ,<100 , <100,"Children estimates were not available at the time of publication.",<100 ,<100 , <100,"Children estimates were not available at the time of publication.",<100 ,<100 , <100,"Children estimates were not available at the time of publication.",<100 ,<100 , <100,"Children estimates were not available at the time of publication.",<100 ,<100 , <100,"Children estimates were not available at the time of publication.",<100 ,<100 , <100,"Children estimates were not available at the time of publication.",<100 ,<100 , <100,"Children estimates were not available at the time of publication.",<100 ,<100 , <100,"Children estimates were not available at the time of publication.",<100 ,<100 , <100,"Children estimates were not available at the time of publication.",<100 ,<100 , <100,"Children estimates were not available at the time of publication.",<100 ,<100 , <100,"Children estimates were not available at the time of publication.",<100 ,<100 , <100,"Children estimates were not available at the time of publication.",<100 ,<100 , <100,"Children estimates were not available at the time of publication.",<100 ,<100 , <100,"Children estimates were not available at the time of publication.",<100 ,<100 , <100,"Children estimates were not available at the time of publication.",<100 ,<100 , <100,"Children estimates were not available at the time of publication.",<100 ,<100 , <100,"Children estimates were not available at the time of publication.",<100 ,<100 , <100,"Children estimates were not available at the time of publication.",<100 ,<100 , <100,"Children estimates were not available at the time of publication.",<100 ,<100 , <100,"Children estimates were not available at the time of publication.",<100 ,<100 , <100,"Children estimates were not available at the time of publication.",<100 ,<100 , <100,"Children estimates were not available at the time of publication.",<100 ,<100 , <100,"Children estimates were not available at the time of publication."
Solomon Islands,... ,... , ...,"Estimates were not available at the time of publication.",... ,... , ...,"Estimates were not available at the time of publication.",... ,... , ...,"Estimates were not available at the time of publication.",... ,... , ...,"Estimates were not available at the time of publication.",... ,... , ...,"Estimates were not available at the time of publication.",... ,... , ...,"Estimates were not available at the time of publication.",... ,... , ...,"Estimates were not available at the time of publication.",... ,... , ...,"Estimates were not available at the time of publication.",... ,... , ...,"Estimates were not available at the time of publication.",... ,... , ...,"Estimates were not available at the time of publication.",... ,... , ...,"Estimates were not available at the time of publication.",... ,... , ...,"Estimates were not available at the time of publication.",... ,... , ...,"Estimates were not available at the time of publication.",... ,... , ...,"Estimates were not available at the time of publication.",... ,... , ...,"Estimates were not available at the time of publication.",... ,... , ...,"Estimates were not available at the time of publication.",... ,... , ...,"Estimates were not available at the time of publication.",... ,... , ...,"Estimates were not available at the time of publication.",... ,... , ...,"Estimates were not available at the time of publication.",... ,... , ...,"Estimates were not available at the time of publication.",... ,... , ...,"Estimates were not available at the time of publication.",... ,... , ...,"Estimates were not available at the time of publication.",... ,... , ...,"Estimates were not available at the time of publication.",... ,... , ...,"Estimates were not available at the time of publication.",... ,... , ...,"Estimates were not available at the time of publication.",... ,... , ...,"Estimates were not available at the time of publication.",... ,... , ...,"Estimates were not available at the time of publication.",... ,... , ...,"Estimates were not available at the time of publication.",... ,... , ...,"Estimates were not available at the time of publication.",... ,... , ...,"Estimates were not available at the time of publication.",... ,... , ...,"Estimates were not available at the time of publication.",... ,... , ...,"Estimates were not available at the time of publication.",... ,... , ...,"Estimates were not available at the time of publication.",... ,... , ...,"Estimates were not available at the time of publication.",... ,... , ...,"Estimates were not available at the time of publication."
Somalia,1900 ,690 , 4000,,2300 ,840 , 4700,,2600 ,1000 , 5400,,3200 ,1300 , 6300,,3800 ,1600 , 7400,,4600 ,2100 , 8600,,5500 ,2600 , 10 000,,6400 ,3300 , 12 000,,7300 ,3900 , 13 000,,8300 ,4700 , 15 000,,9300 ,5400 , 16 000,,10 000 ,6100 , 18 000,,11 000 ,6800 , 19 000,,12 000 ,7600 , 20 000,,13 000 ,8300 , 21 000,,14 000 ,8800 , 21 000,,14 000 ,9300 , 22 000,,15 000 ,10 000 , 22 000,,15 000 ,10 000 , 22 000,,15 000 ,11 000 , 22 000,,15 000 ,11 000 , 22 000,,15 000 ,11 000 , 21 000,,14 000 ,11 000 , 20 000,,14 000 ,10 000 , 19 000,,14 000 ,10 000 , 19 000,,13 000 ,10 000 , 18 000,,13 000 ,10 000 , 17 000,,13 000 ,9900 , 16 000,,12 000 ,9700 , 15 000,,12 000 ,9600 , 15 000,,11 000 ,9400 , 14 000,,11 000 ,9000 , 13 000,,11 000 ,8800 , 13 000,,... ,... , ...,,... ,... , ...,
South Africa,30 000 ,26 000 , 37 000,,40 000 ,35 000 , 52 000,,57 000 ,49 000 , 74 000,,82 000 ,70 000 , 110 000,,120 000 ,100 000 , 160 000,,170 000 ,150 000 , 220 000,,240 000 ,200 000 , 310 000,,320 000 ,280 000 , 410 000,,420 000 ,370 000 , 540 000,,550 000 ,470 000 , 690 000,,690 000 ,590 000 , 850 000,,830 000 ,720 000 , 1 000 000,,990 000 ,860 000 , 1 200 000,,1 100 000 ,1 000 000 , 1 400 000,,1 300 000 ,1 200 000 , 1 600 000,,1 500 000 ,1 300 000 , 1 700 000,,1 600 000 ,1 400 000 , 1 800 000,,1 700 000 ,1 500 000 , 1 900 000,,1 700 000 ,1 500 000 , 2 000 000,,1 700 000 ,1 500 000 , 2 000 000,,1 700 000 ,1 500 000 , 2 000 000,,1 700 000 ,1 400 000 , 2 000 000,,1 600 000 ,1 400 000 , 1 900 000,,1 500 000 ,1 300 000 , 1 800 000,,1 400 000 ,1 200 000 , 1 700 000,,1 400 000 ,1 100 000 , 1 600 000,,1 300 000 ,1 000 000 , 1 500 000,,1 200 000 ,950 000 , 1 400 000,,1 100 000 ,880 000 , 1 300 000,,1 000 000 ,820 000 , 1 300 000,,950 000 ,770 000 , 1 200 000,,860 000 ,700 000 , 1 100 000,,780 000 ,640 000 , 1 000 000,,700 000 ,580 000 , 930 000,,630 000 ,510 000 , 850 000,
South Sudan,2600 ,820 , 6600,,3400 ,1100 , 8200,,4500 ,1500 , 10 000,,5800 ,1900 , 12 000,,7700 ,2700 , 16 000,,10 000 ,3800 , 20 000,,13 000 ,5100 , 23 000,,16 000 ,6800 , 27 000,,19 000 ,8500 , 31 000,,24 000 ,11 000 , 37 000,,30 000 ,15 000 , 44 000,,36 000 ,20 000 , 51 000,,42 000 ,24 000 , 59 000,,49 000 ,28 000 , 69 000,,58 000 ,35 000 , 81 000,,68 000 ,42 000 , 92 000,,77 000 ,49 000 , 100 000,,87 000 ,55 000 , 110 000,,96 000 ,61 000 , 120 000,,100 000 ,68 000 , 140 000,,110 000 ,77 000 , 150 000,,120 000 ,86 000 , 160 000,,130 000 ,95 000 , 170 000,,140 000 ,100 000 , 180 000,,140 000 ,110 000 , 180 000,,140 000 ,110 000 , 180 000,,140 000 ,110 000 , 180 000,,140 000 ,100 000 , 180 000,,130 000 ,100 000 , 170 000,,130 000 ,100 000 , 160 000,,130 000 ,99 000 , 160 000,,120 000 ,96 000 , 150 000,,120 000 ,94 000 , 150 000,,110 000 ,91 000 , 140 000,,110 000 ,87 000 , 140 000,
Spain,2400 ,1900 , 3000,,3700 ,3000 , 4400,,5200 ,4300 , 6300,,7100 ,5900 , 8400,,9200 ,7700 , 11 000,,12 000 ,9800 , 14 000,,14 000 ,12 000 , 16 000,,16 000 ,14 000 , 19 000,,18 000 ,16 000 , 21 000,,20 000 ,17 000 , 23 000,,22 000 ,19 000 , 24 000,,23 000 ,20 000 , 26 000,,25 000 ,21 000 , 28 000,,26 000 ,22 000 , 29 000,,27 000 ,23 000 , 31 000,,29 000 ,24 000 , 32 000,,29 000 ,24 000 , 34 000,,30 000 ,24 000 , 36 000,,31 000 ,24 000 , 37 000,,31 000 ,24 000 , 38 000,,30 000 ,24 000 , 39 000,,29 000 ,23 000 , 38 000,,29 000 ,22 000 , 39 000,,28 000 ,22 000 , 38 000,,28 000 ,21 000 , 38 000,,27 000 ,21 000 , 37 000,,26 000 ,20 000 , 36 000,,23 000 ,19 000 , 32 000,,21 000 ,17 000 , 29 000,,19 000 ,15 000 , 26 000,,17 000 ,13 000 , 23 000,,14 000 ,12 000 , 20 000,,13 000 ,10 000 , 16 000,,11 000 ,8500 , 14 000,,9200 ,7200 , 12 000,
Sri Lanka,<100 ,<100 , <100,"Children estimates were not available at the time of publication.",<100 ,<100 , <100,"Children estimates were not available at the time of publication.",<100 ,<100 , <100,"Children estimates were not available at the time of publication.",<100 ,<100 , <100,"Children estimates were not available at the time of publication.",<100 ,<100 , <100,"Children estimates were not available at the time of publication.",<100 ,<100 , <100,"Children estimates were not available at the time of publication.",<100 ,<100 , <100,"Children estimates were not available at the time of publication.",<100 ,<100 , <200,"Children estimates were not available at the time of publication.",<200 ,<200 , <200,"Children estimates were not available at the time of publication.",<200 ,<200 , <500,"Children estimates were not available at the time of publication.",<500 ,<500 , <500,"Children estimates were not available at the time of publication.",<500 ,<500 , <500,"Children estimates were not available at the time of publication.",<500 ,<500 , 550,"Children estimates were not available at the time of publication.",600 ,<500 , 700,"Children estimates were not available at the time of publication.",730 ,610 , 860,"Children estimates were not available at the time of publication.",880 ,740 , 1000,"Children estimates were not available at the time of publication.",1000 ,880 , 1200,"Children estimates were not available at the time of publication.",1200 ,1000 , 1400,"Children estimates were not available at the time of publication.",1300 ,1100 , 1600,"Children estimates were not available at the time of publication.",1500 ,1300 , 1800,"Children estimates were not available at the time of publication.",1600 ,1400 , 1900,"Children estimates were not available at the time of publication.",1700 ,1500 , 2100,"Children estimates were not available at the time of publication.",1800 ,1600 , 2200,"Children estimates were not available at the time of publication.",1900 ,1700 , 2300,"Children estimates were not available at the time of publication.",2000 ,1700 , 2400,"Children estimates were not available at the time of publication.",2100 ,1800 , 2500,"Children estimates were not available at the time of publication.",2200 ,1800 , 2600,"Children estimates were not available at the time of publication.",2200 ,1900 , 2700,"Children estimates were not available at the time of publication.",2200 ,1900 , 2700,"Children estimates were not available at the time of publication.",2200 ,1900 , 2700,"Children estimates were not available at the time of publication.",2200 ,1800 , 2600,"Children estimates were not available at the time of publication.",2100 ,1800 , 2500,"Children estimates were not available at the time of publication.",2100 ,1700 , 2500,"Children estimates were not available at the time of publication.",2000 ,1700 , 2400,"Children estimates were not available at the time of publication.",1900 ,1500 , 2300,"Children estimates were not available at the time of publication."
Sudan,1200 ,580 , 2700,,1600 ,760 , 3400,,2000 ,1000 , 4300,,2500 ,1400 , 5500,,3000 ,1700 , 6400,,3600 ,2100 , 7000,,4100 ,2500 , 7800,,4800 ,3000 , 9000,,5700 ,3500 , 10 000,,6600 ,4200 , 12 000,,7600 ,5100 , 13 000,,8700 ,6000 , 15 000,,9900 ,6900 , 17 000,,11 000 ,7800 , 18 000,,12 000 ,8700 , 20 000,,13 000 ,9700 , 21 000,,14 000 ,11 000 , 22 000,,16 000 ,12 000 , 23 000,,17 000 ,12 000 , 24 000,,18 000 ,13 000 , 25 000,,18 000 ,14 000 , 26 000,,19 000 ,14 000 , 27 000,,20 000 ,15 000 , 28 000,,21 000 ,16 000 , 29 000,,22 000 ,17 000 , 31 000,,24 000 ,18 000 , 31 000,,25 000 ,19 000 , 32 000,,26 000 ,20 000 , 33 000,,26 000 ,20 000 , 34 000,,27 000 ,21 000 , 36 000,,28 000 ,21 000 , 37 000,,29 000 ,22 000 , 38 000,,30 000 ,22 000 , 40 000,,31 000 ,23 000 , 43 000,,32 000 ,24 000 , 44 000,
Suriname,<100 ,<100 , 620,,<100 ,<100 , 650,,<200 ,<100 , 660,,<200 ,<100 , 650,,<500 ,<100 , 630,,<500 ,<200 , 650,,<500 ,<200 , 670,,<500 ,<500 , 730,,<500 ,<500 , 800,,590 ,<500 , 880,,710 ,510 , 970,,830 ,620 , 1100,,960 ,740 , 1200,,1100 ,870 , 1400,,1300 ,1000 , 1500,,1400 ,1100 , 1700,,1500 ,1300 , 1900,,1700 ,1400 , 2000,,1800 ,1500 , 2100,,2000 ,1700 , 2300,,2100 ,1800 , 2400,,2200 ,1900 , 2600,,2400 ,2100 , 2700,,2500 ,2100 , 2800,,2600 ,2200 , 2900,,2600 ,2300 , 3000,,2700 ,2300 , 3000,,2700 ,2400 , 3100,,2800 ,2400 , 3200,,2800 ,2400 , 3200,,2900 ,2500 , 3300,,2900 ,2500 , 3400,,3000 ,2600 , 3500,,3100 ,2700 , 3600,,3100 ,2700 , 3600,
Sweden,... ,... , ...,"Numbers are estimated by UNAIDS using the Spectrum model, based on the official national estimates. Any differences are within uncertainty margins of both sets of estimates, reflecting methodologies and assumptions. (https://pubmed.ncbi.nlm.nih.gov/39421951/).",... ,... , ...,"Numbers are estimated by UNAIDS using the Spectrum model, based on the official national estimates. Any differences are within uncertainty margins of both sets of estimates, reflecting methodologies and assumptions. (https://pubmed.ncbi.nlm.nih.gov/39421951/).",... ,... , ...,"Numbers are estimated by UNAIDS using the Spectrum model, based on the official national estimates. Any differences are within uncertainty margins of both sets of estimates, reflecting methodologies and assumptions. (https://pubmed.ncbi.nlm.nih.gov/39421951/).",... ,... , ...,"Numbers are estimated by UNAIDS using the Spectrum model, based on the official national estimates. Any differences are within uncertainty margins of both sets of estimates, reflecting methodologies and assumptions. (https://pubmed.ncbi.nlm.nih.gov/39421951/).",... ,... , ...,"Numbers are estimated by UNAIDS using the Spectrum model, based on the official national estimates. Any differences are within uncertainty margins of both sets of estimates, reflecting methodologies and assumptions. (https://pubmed.ncbi.nlm.nih.gov/39421951/).",... ,... , ...,"Numbers are estimated by UNAIDS using the Spectrum model, based on the official national estimates. Any differences are within uncertainty margins of both sets of estimates, reflecting methodologies and assumptions. (https://pubmed.ncbi.nlm.nih.gov/39421951/).",... ,... , ...,"Numbers are estimated by UNAIDS using the Spectrum model, based on the official national estimates. Any differences are within uncertainty margins of both sets of estimates, reflecting methodologies and assumptions. (https://pubmed.ncbi.nlm.nih.gov/39421951/).",... ,... , ...,"Numbers are estimated by UNAIDS using the Spectrum model, based on the official national estimates. Any differences are within uncertainty margins of both sets of estimates, reflecting methodologies and assumptions. (https://pubmed.ncbi.nlm.nih.gov/39421951/).",... ,... , ...,"Numbers are estimated by UNAIDS using the Spectrum model, based on the official national estimates. Any differences are within uncertainty margins of both sets of estimates, reflecting methodologies and assumptions. (https://pubmed.ncbi.nlm.nih.gov/39421951/).",... ,... , ...,"Numbers are estimated by UNAIDS using the Spectrum model, based on the official national estimates. Any differences are within uncertainty margins of both sets of estimates, reflecting methodologies and assumptions. (https://pubmed.ncbi.nlm.nih.gov/39421951/).",... ,... , ...,"Numbers are estimated by UNAIDS using the Spectrum model, based on the official national estimates. Any differences are within uncertainty margins of both sets of estimates, reflecting methodologies and assumptions. (https://pubmed.ncbi.nlm.nih.gov/39421951/).",... ,... , ...,"Numbers are estimated by UNAIDS using the Spectrum model, based on the official national estimates. Any differences are within uncertainty margins of both sets of estimates, reflecting methodologies and assumptions. (https://pubmed.ncbi.nlm.nih.gov/39421951/).",... ,... , ...,"Numbers are estimated by UNAIDS using the Spectrum model, based on the official national estimates. Any differences are within uncertainty margins of both sets of estimates, reflecting methodologies and assumptions. (https://pubmed.ncbi.nlm.nih.gov/39421951/).",... ,... , ...,"Numbers are estimated by UNAIDS using the Spectrum model, based on the official national estimates. Any differences are within uncertainty margins of both sets of estimates, reflecting methodologies and assumptions. (https://pubmed.ncbi.nlm.nih.gov/39421951/).",... ,... , ...,"Numbers are estimated by UNAIDS using the Spectrum model, based on the official national estimates. Any differences are within uncertainty margins of both sets of estimates, reflecting methodologies and assumptions. (https://pubmed.ncbi.nlm.nih.gov/39421951/).",... ,... , ...,"Numbers are estimated by UNAIDS using the Spectrum model, based on the official national estimates. Any differences are within uncertainty margins of both sets of estimates, reflecting methodologies and assumptions. (https://pubmed.ncbi.nlm.nih.gov/39421951/).",... ,... , ...,"Numbers are estimated by UNAIDS using the Spectrum model, based on the official national estimates. Any differences are within uncertainty margins of both sets of estimates, reflecting methodologies and assumptions. (https://pubmed.ncbi.nlm.nih.gov/39421951/).",... ,... , ...,"Numbers are estimated by UNAIDS using the Spectrum model, based on the official national estimates. Any differences are within uncertainty margins of both sets of estimates, reflecting methodologies and assumptions. (https://pubmed.ncbi.nlm.nih.gov/39421951/).",... ,... , ...,"Numbers are estimated by UNAIDS using the Spectrum model, based on the official national estimates. Any differences are within uncertainty margins of both sets of estimates, reflecting methodologies and assumptions. (https://pubmed.ncbi.nlm.nih.gov/39421951/).",... ,... , ...,"Numbers are estimated by UNAIDS using the Spectrum model, based on the official national estimates. Any differences are within uncertainty margins of both sets of estimates, reflecting methodologies and assumptions. (https://pubmed.ncbi.nlm.nih.gov/39421951/).",... ,... , ...,"Numbers are estimated by UNAIDS using the Spectrum model, based on the official national estimates. Any differences are within uncertainty margins of both sets of estimates, reflecting methodologies and assumptions. (https://pubmed.ncbi.nlm.nih.gov/39421951/).",... ,... , ...,"Numbers are estimated by UNAIDS using the Spectrum model, based on the official national estimates. Any differences are within uncertainty margins of both sets of estimates, reflecting methodologies and assumptions. (https://pubmed.ncbi.nlm.nih.gov/39421951/).",... ,... , ...,"Numbers are estimated by UNAIDS using the Spectrum model, based on the official national estimates. Any differences are within uncertainty margins of both sets of estimates, reflecting methodologies and assumptions. (https://pubmed.ncbi.nlm.nih.gov/39421951/).",... ,... , ...,"Numbers are estimated by UNAIDS using the Spectrum model, based on the official national estimates. Any differences are within uncertainty margins of both sets of estimates, reflecting methodologies and assumptions. (https://pubmed.ncbi.nlm.nih.gov/39421951/).",... ,... , ...,"Numbers are estimated by UNAIDS using the Spectrum model, based on the official national estimates. Any differences are within uncertainty margins of both sets of estimates, reflecting methodologies and assumptions. (https://pubmed.ncbi.nlm.nih.gov/39421951/).",... ,... , ...,"Numbers are estimated by UNAIDS using the Spectrum model, based on the official national estimates. Any differences are within uncertainty margins of both sets of estimates, reflecting methodologies and assumptions. (https://pubmed.ncbi.nlm.nih.gov/39421951/).",... ,... , ...,"Numbers are estimated by UNAIDS using the Spectrum model, based on the official national estimates. Any differences are within uncertainty margins of both sets of estimates, reflecting methodologies and assumptions. (https://pubmed.ncbi.nlm.nih.gov/39421951/).",... ,... , ...,"Numbers are estimated by UNAIDS using the Spectrum model, based on the official national estimates. Any differences are within uncertainty margins of both sets of estimates, reflecting methodologies and assumptions. (https://pubmed.ncbi.nlm.nih.gov/39421951/).",... ,... , ...,"Numbers are estimated by UNAIDS using the Spectrum model, based on the official national estimates. Any differences are within uncertainty margins of both sets of estimates, reflecting methodologies and assumptions. (https://pubmed.ncbi.nlm.nih.gov/39421951/).",... ,... , ...,"Numbers are estimated by UNAIDS using the Spectrum model, based on the official national estimates. Any differences are within uncertainty margins of both sets of estimates, reflecting methodologies and assumptions. (https://pubmed.ncbi.nlm.nih.gov/39421951/).",... ,... , ...,"Numbers are estimated by UNAIDS using the Spectrum model, based on the official national estimates. Any differences are within uncertainty margins of both sets of estimates, reflecting methodologies and assumptions. (https://pubmed.ncbi.nlm.nih.gov/39421951/).",... ,... , ...,"Numbers are estimated by UNAIDS using the Spectrum model, based on the official national estimates. Any differences are within uncertainty margins of both sets of estimates, reflecting methodologies and assumptions. (https://pubmed.ncbi.nlm.nih.gov/39421951/).",... ,... , ...,"Numbers are estimated by UNAIDS using the Spectrum model, based on the official national estimates. Any differences are within uncertainty margins of both sets of estimates, reflecting methodologies and assumptions. (https://pubmed.ncbi.nlm.nih.gov/39421951/).",... ,... , ...,"Numbers are estimated by UNAIDS using the Spectrum model, based on the official national estimates. Any differences are within uncertainty margins of both sets of estimates, reflecting methodologies and assumptions. (https://pubmed.ncbi.nlm.nih.gov/39421951/).",... ,... , ...,"Numbers are estimated by UNAIDS using the Spectrum model, based on the official national estimates. Any differences are within uncertainty margins of both sets of estimates, reflecting methodologies and assumptions. (https://pubmed.ncbi.nlm.nih.gov/39421951/)."
Switzerland,<500 ,<500 , <500,"Children estimates were not available at the time of publication.",<500 ,<500 , 570,"Children estimates were not available at the time of publication.",600 ,510 , 710,"Children estimates were not available at the time of publication.",750 ,640 , 880,"Children estimates were not available at the time of publication.",920 ,800 , 1100,"Children estimates were not available at the time of publication.",1100 ,980 , 1300,"Children estimates were not available at the time of publication.",1300 ,1200 , 1500,"Children estimates were not available at the time of publication.",1500 ,1300 , 1600,"Children estimates were not available at the time of publication.",1600 ,1400 , 1800,"Children estimates were not available at the time of publication.",1700 ,1500 , 1800,"Children estimates were not available at the time of publication.",1700 ,1500 , 1900,"Children estimates were not available at the time of publication.",1800 ,1600 , 2000,"Children estimates were not available at the time of publication.",1800 ,1600 , 2100,"Children estimates were not available at the time of publication.",1900 ,1600 , 2200,"Children estimates were not available at the time of publication.",1900 ,1600 , 2200,"Children estimates were not available at the time of publication.",1900 ,1500 , 2200,"Children estimates were not available at the time of publication.",1800 ,1500 , 2200,"Children estimates were not available at the time of publication.",1800 ,1400 , 2200,"Children estimates were not available at the time of publication.",1700 ,1400 , 2200,"Children estimates were not available at the time of publication.",1600 ,1300 , 2000,"Children estimates were not available at the time of publication.",1500 ,1200 , 1900,"Children estimates were not available at the time of publication.",1400 ,1100 , 1800,"Children estimates were not available at the time of publication.",1300 ,1000 , 1700,"Children estimates were not available at the time of publication.",1200 ,970 , 1600,"Children estimates were not available at the time of publication.",1100 ,920 , 1500,"Children estimates were not available at the time of publication.",1100 ,870 , 1500,"Children estimates were not available at the time of publication.",1000 ,830 , 1400,"Children estimates were not available at the time of publication.",960 ,770 , 1400,"Children estimates were not available at the time of publication.",870 ,700 , 1200,"Children estimates were not available at the time of publication.",790 ,620 , 1100,"Children estimates were not available at the time of publication.",730 ,580 , 980,"Children estimates were not available at the time of publication.",660 ,520 , 910,"Children estimates were not available at the time of publication.",620 ,<500 , 850,"Children estimates were not available at the time of publication.",580 ,<500 , 770,"Children estimates were not available at the time of publication.",550 ,<500 , 720,"Children estimates were not available at the time of publication."
Syrian Arab Republic,<100 ,<100 , <100,"Children estimates were not available at the time of publication.",<100 ,<100 , <100,"Children estimates were not available at the time of publication.",<100 ,<100 , <100,"Children estimates were not available at the time of publication.",<100 ,<100 , <100,"Children estimates were not available at the time of publication.",<100 ,<100 , <100,"Children estimates were not available at the time of publication.",<100 ,<100 , <100,"Children estimates were not available at the time of publication.",<100 ,<100 , <100,"Children estimates were not available at the time of publication.",<100 ,<100 , <100,"Children estimates were not available at the time of publication.",<100 ,<100 , <200,"Children estimates were not available at the time of publication.",<100 ,<100 , <200,"Children estimates were not available at the time of publication.",<100 ,<100 , <200,"Children estimates were not available at the time of publication.",<100 ,<100 , <200,"Children estimates were not available at the time of publication.",<200 ,<100 , <200,"Children estimates were not available at the time of publication.",<200 ,<100 , <200,"Children estimates were not available at the time of publication.",<200 ,<200 , <500,"Children estimates were not available at the time of publication.",<200 ,<200 , <500,"Children estimates were not available at the time of publication.",<200 ,<200 , <500,"Children estimates were not available at the time of publication.",<500 ,<200 , <500,"Children estimates were not available at the time of publication.",<500 ,<200 , <500,"Children estimates were not available at the time of publication.",<500 ,<500 , <500,"Children estimates were not available at the time of publication.",<500 ,<500 , <500,"Children estimates were not available at the time of publication.",<500 ,<500 , <500,"Children estimates were not available at the time of publication.",<500 ,<500 , <500,"Children estimates were not available at the time of publication.",<500 ,<500 , <500,"Children estimates were not available at the time of publication.",<500 ,<500 , <500,"Children estimates were not available at the time of publication.",<500 ,<500 , <500,"Children estimates were not available at the time of publication.",<500 ,<500 , <500,"Children estimates were not available at the time of publication.",<500 ,<500 , <500,"Children estimates were not available at the time of publication.",<500 ,<500 , <500,"Children estimates were not available at the time of publication.",<500 ,<500 , <500,"Children estimates were not available at the time of publication.",<500 ,<500 , <500,"Children estimates were not available at the time of publication.",<500 ,<500 , <500,"Children estimates were not available at the time of publication.",<500 ,<500 , <500,"Children estimates were not available at the time of publication.",<500 ,<500 , <500,"Children estimates were not available at the time of publication.",<500 ,<500 , <500,"Children estimates were not available at the time of publication."
Tajikistan,<100 ,<100 , <100,,<100 ,<100 , <100,,<100 ,<100 , <100,,<100 ,<100 , <100,,<100 ,<100 , <100,,<100 ,<100 , <100,,<100 ,<100 , <100,,<100 ,<100 , <100,,<200 ,<100 , <200,,<500 ,<100 , <500,,<500 ,<200 , <500,,<500 ,<500 , <500,,600 ,<500 , 640,,780 ,680 , 820,,1000 ,950 , 1100,,1300 ,1200 , 1400,,1600 ,1600 , 1700,,2000 ,1900 , 2200,,2400 ,2300 , 2600,,2800 ,2700 , 3000,,3200 ,3000 , 3400,,3600 ,<100 , 5500,,4100 ,530 , 5500,,4600 ,4000 , 5300,,5200 ,4500 , 5800,,5700 ,4900 , 6300,,6000 ,5200 , 6800,,6300 ,5300 , 7200,,6600 ,5500 , 7700,,6800 ,5500 , 8100,,7100 ,5600 , 8600,,7300 ,5600 , 8900,,7500 ,5600 , 9300,,7600 ,5500 , 9600,,7500 ,5300 , 9700,
Thailand,1100 ,940 , 1400,,3300 ,2800 , 4000,,7600 ,6400 , 9200,,15 000 ,12 000 , 18 000,,26 000 ,22 000 , 30 000,,41 000 ,35 000 , 48 000,,60 000 ,51 000 , 71 000,,83 000 ,72 000 , 97 000,,110 000 ,95 000 , 130 000,,140 000 ,120 000 , 160 000,,170 000 ,150 000 , 200 000,,210 000 ,180 000 , 240 000,,240 000 ,210 000 , 280 000,,270 000 ,240 000 , 310 000,,300 000 ,260 000 , 350 000,,330 000 ,280 000 , 380 000,,340 000 ,300 000 , 400 000,,360 000 ,310 000 , 410 000,,370 000 ,310 000 , 420 000,,370 000 ,320 000 , 430 000,,370 000 ,310 000 , 430 000,,360 000 ,310 000 , 430 000,,350 000 ,300 000 , 420 000,,340 000 ,290 000 , 410 000,,330 000 ,270 000 , 400 000,,320 000 ,260 000 , 380 000,,300 000 ,240 000 , 370 000,,280 000 ,230 000 , 350 000,,260 000 ,210 000 , 330 000,,240 000 ,190 000 , 310 000,,230 000 ,170 000 , 290 000,,210 000 ,150 000 , 270 000,,190 000 ,140 000 , 240 000,,170 000 ,120 000 , 220 000,,150 000 ,110 000 , 200 000,
Timor-Leste,<100 ,<100 , <100,"Children estimates were not available at the time of publication.",<100 ,<100 , <100,"Children estimates were not available at the time of publication.",<100 ,<100 , <100,"Children estimates were not available at the time of publication.",<100 ,<100 , <100,"Children estimates were not available at the time of publication.",<100 ,<100 , <100,"Children estimates were not available at the time of publication.",<100 ,<100 , <200,"Children estimates were not available at the time of publication.",<200 ,<100 , <200,"Children estimates were not available at the time of publication.",<200 ,<100 , <500,"Children estimates were not available at the time of publication.",<200 ,<200 , <500,"Children estimates were not available at the time of publication.",<500 ,<200 , <500,"Children estimates were not available at the time of publication.",<500 ,<200 , <500,"Children estimates were not available at the time of publication.",<500 ,<200 , <500,"Children estimates were not available at the time of publication.",<500 ,<200 , <500,"Children estimates were not available at the time of publication.",<500 ,<500 , <500,"Children estimates were not available at the time of publication.",<500 ,<500 , <500,"Children estimates were not available at the time of publication.",<500 ,<500 , 540,"Children estimates were not available at the time of publication.",<500 ,<500 , 590,"Children estimates were not available at the time of publication.",<500 ,<500 , 630,"Children estimates were not available at the time of publication.",520 ,<500 , 680,"Children estimates were not available at the time of publication.",560 ,<500 , 740,"Children estimates were not available at the time of publication.",600 ,<500 , 790,"Children estimates were not available at the time of publication.",650 ,510 , 840,"Children estimates were not available at the time of publication.",690 ,550 , 890,"Children estimates were not available at the time of publication.",730 ,580 , 930,"Children estimates were not available at the time of publication.",780 ,640 , 1000,"Children estimates were not available at the time of publication.",820 ,670 , 1000,"Children estimates were not available at the time of publication.",840 ,700 , 1100,"Children estimates were not available at the time of publication.",860 ,720 , 1100,"Children estimates were not available at the time of publication.",900 ,760 , 1100,"Children estimates were not available at the time of publication.",940 ,790 , 1200,"Children estimates were not available at the time of publication.",950 ,800 , 1200,"Children estimates were not available at the time of publication.",960 ,810 , 1200,"Children estimates were not available at the time of publication.",960 ,800 , 1200,"Children estimates were not available at the time of publication.",930 ,790 , 1100,"Children estimates were not available at the time of publication.",900 ,740 , 1100,"Children estimates were not available at the time of publication."
Togo,2100 ,1100 , 3700,,2800 ,1600 , 4900,,3900 ,2400 , 6400,,5300 ,3300 , 8300,,6900 ,4400 , 10 000,,9100 ,6100 , 14 000,,12 000 ,8400 , 17 000,,16 000 ,11 000 , 22 000,,20 000 ,15 000 , 28 000,,25 000 ,18 000 , 35 000,,30 000 ,23 000 , 41 000,,36 000 ,27 000 , 49 000,,42 000 ,33 000 , 56 000,,49 000 ,38 000 , 64 000,,55 000 ,43 000 , 70 000,,61 000 ,48 000 , 77 000,,66 000 ,53 000 , 84 000,,70 000 ,57 000 , 88 000,,76 000 ,62 000 , 94 000,,80 000 ,65 000 , 100 000,,82 000 ,67 000 , 100 000,,83 000 ,68 000 , 100 000,,84 000 ,68 000 , 100 000,,85 000 ,68 000 , 110 000,,85 000 ,68 000 , 110 000,,86 000 ,68 000 , 110 000,,86 000 ,67 000 , 110 000,,85 000 ,66 000 , 100 000,,82 000 ,64 000 , 100 000,,79 000 ,61 000 , 99 000,,75 000 ,57 000 , 94 000,,70 000 ,52 000 , 90 000,,66 000 ,49 000 , 87 000,,61 000 ,44 000 , 83 000,,56 000 ,40 000 , 79 000,
Tonga,... ,... , ...,,... ,... , ...,,... ,... , ...,,... ,... , ...,,... ,... , ...,,... ,... , ...,,... ,... , ...,,... ,... , ...,,... ,... , ...,,... ,... , ...,,... ,... , ...,,... ,... , ...,,... ,... , ...,,... ,... , ...,,... ,... , ...,,... ,... , ...,,... ,... , ...,,... ,... , ...,,... ,... , ...,,... ,... , ...,,... ,... , ...,,... ,... , ...,,... ,... , ...,,... ,... , ...,,... ,... , ...,,... ,... , ...,,... ,... , ...,,... ,... , ...,,... ,... , ...,,... ,... , ...,,... ,... , ...,,... ,... , ...,,... ,... , ...,,... ,... , ...,,... ,... , ...,
Trinidad and Tobago,... ,... , ...,"Estimates were not available at the time of publication.",... ,... , ...,"Estimates were not available at the time of publication.",... ,... , ...,"Estimates were not available at the time of publication.",... ,... , ...,"Estimates were not available at the time of publication.",... ,... , ...,"Estimates were not available at the time of publication.",... ,... , ...,"Estimates were not available at the time of publication.",... ,... , ...,"Estimates were not available at the time of publication.",... ,... , ...,"Estimates were not available at the time of publication.",... ,... , ...,"Estimates were not available at the time of publication.",... ,... , ...,"Estimates were not available at the time of publication.",... ,... , ...,"Estimates were not available at the time of publication.",... ,... , ...,"Estimates were not available at the time of publication.",... ,... , ...,"Estimates were not available at the time of publication.",... ,... , ...,"Estimates were not available at the time of publication.",... ,... , ...,"Estimates were not available at the time of publication.",... ,... , ...,"Estimates were not available at the time of publication.",... ,... , ...,"Estimates were not available at the time of publication.",... ,... , ...,"Estimates were not available at the time of publication.",... ,... , ...,"Estimates were not available at the time of publication.",... ,... , ...,"Estimates were not available at the time of publication.",... ,... , ...,"Estimates were not available at the time of publication.",... ,... , ...,"Estimates were not available at the time of publication.",... ,... , ...,"Estimates were not available at the time of publication.",... ,... , ...,"Estimates were not available at the time of publication.",... ,... , ...,"Estimates were not available at the time of publication.",... ,... , ...,"Estimates were not available at the time of publication.",... ,... , ...,"Estimates were not available at the time of publication.",... ,... , ...,"Estimates were not available at the time of publication.",... ,... , ...,"Estimates were not available at the time of publication.",... ,... , ...,"Estimates were not available at the time of publication.",... ,... , ...,"Estimates were not available at the time of publication.",... ,... , ...,"Estimates were not available at the time of publication.",... ,... , ...,"Estimates were not available at the time of publication.",... ,... , ...,"Estimates were not available at the time of publication.",... ,... , ...,"Estimates were not available at the time of publication."
Tunisia,<100 ,<100 , <100,,<100 ,<100 , <100,,<100 ,<100 , <200,,<100 ,<100 , <200,,<100 ,<100 , <500,,<100 ,<100 , <500,,<100 ,<100 , <500,,<200 ,<100 , <500,,<200 ,<100 , 600,,<200 ,<200 , 720,,<500 ,<200 , 850,,<500 ,<200 , 970,,<500 ,<200 , 1100,,<500 ,<500 , 1200,,<500 ,<500 , 1300,,<500 ,<500 , 1400,,550 ,<500 , 1500,,630 ,<500 , 1600,,710 ,<500 , 1700,,800 ,<500 , 1700,,880 ,520 , 1800,,980 ,580 , 1900,,1100 ,650 , 2000,,1200 ,730 , 2100,,1400 ,820 , 2200,,1500 ,920 , 2300,,1700 ,1100 , 2500,,1800 ,1200 , 2700,,2000 ,1400 , 2900,,2200 ,1500 , 3100,,2400 ,1700 , 3300,,2500 ,1800 , 3600,,2700 ,1900 , 3800,,2800 ,2000 , 4200,,3000 ,2000 , 4400,
Turkmenistan,... ,... , ...,"Estimates were not available at the time of publication.",... ,... , ...,"Estimates were not available at the time of publication.",... ,... , ...,"Estimates were not available at the time of publication.",... ,... , ...,"Estimates were not available at the time of publication.",... ,... , ...,"Estimates were not available at the time of publication.",... ,... , ...,"Estimates were not available at the time of publication.",... ,... , ...,"Estimates were not available at the time of publication.",... ,... , ...,"Estimates were not available at the time of publication.",... ,... , ...,"Estimates were not available at the time of publication.",... ,... , ...,"Estimates were not available at the time of publication.",... ,... , ...,"Estimates were not available at the time of publication.",... ,... , ...,"Estimates were not available at the time of publication.",... ,... , ...,"Estimates were not available at the time of publication.",... ,... , ...,"Estimates were not available at the time of publication.",... ,... , ...,"Estimates were not available at the time of publication.",... ,... , ...,"Estimates were not available at the time of publication.",... ,... , ...,"Estimates were not available at the time of publication.",... ,... , ...,"Estimates were not available at the time of publication.",... ,... , ...,"Estimates were not available at the time of publication.",... ,... , ...,"Estimates were not available at the time of publication.",... ,... , ...,"Estimates were not available at the time of publication.",... ,... , ...,"Estimates were not available at the time of publication.",... ,... , ...,"Estimates were not available at the time of publication.",... ,... , ...,"Estimates were not available at the time of publication.",... ,... , ...,"Estimates were not available at the time of publication.",... ,... , ...,"Estimates were not available at the time of publication.",... ,... , ...,"Estimates were not available at the time of publication.",... ,... , ...,"Estimates were not available at the time of publication.",... ,... , ...,"Estimates were not available at the time of publication.",... ,... , ...,"Estimates were not available at the time of publication.",... ,... , ...,"Estimates were not available at the time of publication.",... ,... , ...,"Estimates were not available at the time of publication.",... ,... , ...,"Estimates were not available at the time of publication.",... ,... , ...,"Estimates were not available at the time of publication.",... ,... , ...,"Estimates were not available at the time of publication."
Tuvalu,... ,... , ...,"Estimates were not available at the time of publication.",... ,... , ...,"Estimates were not available at the time of publication.",... ,... , ...,"Estimates were not available at the time of publication.",... ,... , ...,"Estimates were not available at the time of publication.",... ,... , ...,"Estimates were not available at the time of publication.",... ,... , ...,"Estimates were not available at the time of publication.",... ,... , ...,"Estimates were not available at the time of publication.",... ,... , ...,"Estimates were not available at the time of publication.",... ,... , ...,"Estimates were not available at the time of publication.",... ,... , ...,"Estimates were not available at the time of publication.",... ,... , ...,"Estimates were not available at the time of publication.",... ,... , ...,"Estimates were not available at the time of publication.",... ,... , ...,"Estimates were not available at the time of publication.",... ,... , ...,"Estimates were not available at the time of publication.",... ,... , ...,"Estimates were not available at the time of publication.",... ,... , ...,"Estimates were not available at the time of publication.",... ,... , ...,"Estimates were not available at the time of publication.",... ,... , ...,"Estimates were not available at the time of publication.",... ,... , ...,"Estimates were not available at the time of publication.",... ,... , ...,"Estimates were not available at the time of publication.",... ,... , ...,"Estimates were not available at the time of publication.",... ,... , ...,"Estimates were not available at the time of publication.",... ,... , ...,"Estimates were not available at the time of publication.",... ,... , ...,"Estimates were not available at the time of publication.",... ,... , ...,"Estimates were not available at the time of publication.",... ,... , ...,"Estimates were not available at the time of publication.",... ,... , ...,"Estimates were not available at the time of publication.",... ,... , ...,"Estimates were not available at the time of publication.",... ,... , ...,"Estimates were not available at the time of publication.",... ,... , ...,"Estimates were not available at the time of publication.",... ,... , ...,"Estimates were not available at the time of publication.",... ,... , ...,"Estimates were not available at the time of publication.",... ,... , ...,"Estimates were not available at the time of publication.",... ,... , ...,"Estimates were not available at the time of publication.",... ,... , ...,"Estimates were not available at the time of publication."
Türkiye,... ,... , ...,"Estimates were not available at the time of publication.",... ,... , ...,"Estimates were not available at the time of publication.",... ,... , ...,"Estimates were not available at the time of publication.",... ,... , ...,"Estimates were not available at the time of publication.",... ,... , ...,"Estimates were not available at the time of publication.",... ,... , ...,"Estimates were not available at the time of publication.",... ,... , ...,"Estimates were not available at the time of publication.",... ,... , ...,"Estimates were not available at the time of publication.",... ,... , ...,"Estimates were not available at the time of publication.",... ,... , ...,"Estimates were not available at the time of publication.",... ,... , ...,"Estimates were not available at the time of publication.",... ,... , ...,"Estimates were not available at the time of publication.",... ,... , ...,"Estimates were not available at the time of publication.",... ,... , ...,"Estimates were not available at the time of publication.",... ,... , ...,"Estimates were not available at the time of publication.",... ,... , ...,"Estimates were not available at the time of publication.",... ,... , ...,"Estimates were not available at the time of publication.",... ,... , ...,"Estimates were not available at the time of publication.",... ,... , ...,"Estimates were not available at the time of publication.",... ,... , ...,"Estimates were not available at the time of publication.",... ,... , ...,"Estimates were not available at the time of publication.",... ,... , ...,"Estimates were not available at the time of publication.",... ,... , ...,"Estimates were not available at the time of publication.",... ,... , ...,"Estimates were not available at the time of publication.",... ,... , ...,"Estimates were not available at the time of publication.",... ,... , ...,"Estimates were not available at the time of publication.",... ,... , ...,"Estimates were not available at the time of publication.",... ,... , ...,"Estimates were not available at the time of publication.",... ,... , ...,"Estimates were not available at the time of publication.",... ,... , ...,"Estimates were not available at the time of publication.",... ,... , ...,"Estimates were not available at the time of publication.",... ,... , ...,"Estimates were not available at the time of publication.",... ,... , ...,"Estimates were not available at the time of publication.",... ,... , ...,"Estimates were not available at the time of publication.",... ,... , ...,"Estimates were not available at the time of publication."
Uganda,260 000 ,200 000 , 380 000,,330 000 ,260 000 , 470 000,,400 000 ,330 000 , 540 000,,470 000 ,390 000 , 620 000,,540 000 ,450 000 , 690 000,,610 000 ,510 000 , 750 000,,670 000 ,570 000 , 810 000,,730 000 ,630 000 , 860 000,,790 000 ,690 000 , 910 000,,830 000 ,740 000 , 960 000,,880 000 ,780 000 , 1 000 000,,910 000 ,820 000 , 1 000 000,,940 000 ,860 000 , 1 000 000,,970 000 ,890 000 , 1 100 000,,990 000 ,920 000 , 1 100 000,,1 000 000 ,930 000 , 1 100 000,,1 000 000 ,940 000 , 1 100 000,,1 000 000 ,950 000 , 1 100 000,,1 000 000 ,980 000 , 1 100 000,,1 100 000 ,990 000 , 1 100 000,,1 100 000 ,1 000 000 , 1 100 000,,1 100 000 ,1 000 000 , 1 200 000,,1 100 000 ,1 000 000 , 1 200 000,,1 100 000 ,1 000 000 , 1 200 000,,1 100 000 ,1 000 000 , 1 200 000,,1 100 000 ,1 000 000 , 1 200 000,,1 100 000 ,1 000 000 , 1 200 000,,1 100 000 ,980 000 , 1 200 000,,1 100 000 ,940 000 , 1 200 000,,1 100 000 ,890 000 , 1 200 000,,1 000 000 ,850 000 , 1 200 000,,990 000 ,800 000 , 1 200 000,,970 000 ,760 000 , 1 100 000,,930 000 ,720 000 , 1 100 000,,890 000 ,670 000 , 1 100 000,
Ukraine,... ,... , ...,"Estimates were not available at the time of publication.",... ,... , ...,"Estimates were not available at the time of publication.",... ,... , ...,"Estimates were not available at the time of publication.",... ,... , ...,"Estimates were not available at the time of publication.",... ,... , ...,"Estimates were not available at the time of publication.",... ,... , ...,"Estimates were not available at the time of publication.",... ,... , ...,"Estimates were not available at the time of publication.",... ,... , ...,"Estimates were not available at the time of publication.",... ,... , ...,"Estimates were not available at the time of publication.",... ,... , ...,"Estimates were not available at the time of publication.",... ,... , ...,"Estimates were not available at the time of publication.",... ,... , ...,"Estimates were not available at the time of publication.",... ,... , ...,"Estimates were not available at the time of publication.",... ,... , ...,"Estimates were not available at the time of publication.",... ,... , ...,"Estimates were not available at the time of publication.",... ,... , ...,"Estimates were not available at the time of publication.",... ,... , ...,"Estimates were not available at the time of publication.",... ,... , ...,"Estimates were not available at the time of publication.",... ,... , ...,"Estimates were not available at the time of publication.",... ,... , ...,"Estimates were not available at the time of publication.",... ,... , ...,"Estimates were not available at the time of publication.",... ,... , ...,"Estimates were not available at the time of publication.",... ,... , ...,"Estimates were not available at the time of publication.",... ,... , ...,"Estimates were not available at the time of publication.",... ,... , ...,"Estimates were not available at the time of publication.",... ,... , ...,"Estimates were not available at the time of publication.",... ,... , ...,"Estimates were not available at the time of publication.",... ,... , ...,"Estimates were not available at the time of publication.",... ,... , ...,"Estimates were not available at the time of publication.",... ,... , ...,"Estimates were not available at the time of publication.",... ,... , ...,"Estimates were not available at the time of publication.",... ,... , ...,"Estimates were not available at the time of publication.",... ,... , ...,"Estimates were not available at the time of publication.",... ,... , ...,"Estimates were not available at the time of publication.",... ,... , ...,"Estimates were not available at the time of publication."
United Arab Emirates,<100 ,<100 , <100,"Children estimates were not available at the time of publication.",<100 ,<100 , <100,"Children estimates were not available at the time of publication.",<100 ,<100 , <100,"Children estimates were not available at the time of publication.",<100 ,<100 , <100,"Children estimates were not available at the time of publication.",<100 ,<100 , <100,"Children estimates were not available at the time of publication.",<100 ,<100 , <100,"Children estimates were not available at the time of publication.",<100 ,<100 , <100,"Children estimates were not available at the time of publication.",<100 ,<100 , <100,"Children estimates were not available at the time of publication.",<100 ,<100 , <100,"Children estimates were not available at the time of publication.",<100 ,<100 , <100,"Children estimates were not available at the time of publication.",<100 ,<100 , <100,"Children estimates were not available at the time of publication.",<100 ,<100 , <100,"Children estimates were not available at the time of publication.",<100 ,<100 , <100,"Children estimates were not available at the time of publication.",<100 ,<100 , <100,"Children estimates were not available at the time of publication.",<100 ,<100 , <100,"Children estimates were not available at the time of publication.",<100 ,<100 , <100,"Children estimates were not available at the time of publication.",<100 ,<100 , <100,"Children estimates were not available at the time of publication.",<100 ,<100 , <100,"Children estimates were not available at the time of publication.",<100 ,<100 , <100,"Children estimates were not available at the time of publication.",<100 ,<100 , <100,"Children estimates were not available at the time of publication.",<100 ,<100 , <100,"Children estimates were not available at the time of publication.",<100 ,<100 , <100,"Children estimates were not available at the time of publication.",<100 ,<100 , <100,"Children estimates were not available at the time of publication.",<100 ,<100 , <200,"Children estimates were not available at the time of publication.",<100 ,<100 , <200,"Children estimates were not available at the time of publication.",<200 ,<100 , <200,"Children estimates were not available at the time of publication.",<200 ,<100 , <200,"Children estimates were not available at the time of publication.",<200 ,<200 , <200,"Children estimates were not available at the time of publication.",<200 ,<200 , <500,"Children estimates were not available at the time of publication.",<200 ,<200 , <500,"Children estimates were not available at the time of publication.",<200 ,<200 , <500,"Children estimates were not available at the time of publication.",<200 ,<200 , <500,"Children estimates were not available at the time of publication.",<200 ,<200 , <200,"Children estimates were not available at the time of publication.",<200 ,<200 , <200,"Children estimates were not available at the time of publication.",<200 ,<200 , <200,"Children estimates were not available at the time of publication."
United Kingdom,... ,... , ...,"Numbers are estimated by UNAIDS using the Spectrum model, based on the official national estimates (accessed May 2025). Any differences are within uncertainty margins of both sets of estimates, reflecting methodologies and assumptions. (https://www.gov.uk/government/statistics/hiv-annual-data-tables).",... ,... , ...,"Numbers are estimated by UNAIDS using the Spectrum model, based on the official national estimates (accessed May 2025). Any differences are within uncertainty margins of both sets of estimates, reflecting methodologies and assumptions. (https://www.gov.uk/government/statistics/hiv-annual-data-tables).",... ,... , ...,"Numbers are estimated by UNAIDS using the Spectrum model, based on the official national estimates (accessed May 2025). Any differences are within uncertainty margins of both sets of estimates, reflecting methodologies and assumptions. (https://www.gov.uk/government/statistics/hiv-annual-data-tables).",... ,... , ...,"Numbers are estimated by UNAIDS using the Spectrum model, based on the official national estimates (accessed May 2025). Any differences are within uncertainty margins of both sets of estimates, reflecting methodologies and assumptions. (https://www.gov.uk/government/statistics/hiv-annual-data-tables).",... ,... , ...,"Numbers are estimated by UNAIDS using the Spectrum model, based on the official national estimates (accessed May 2025). Any differences are within uncertainty margins of both sets of estimates, reflecting methodologies and assumptions. (https://www.gov.uk/government/statistics/hiv-annual-data-tables).",... ,... , ...,"Numbers are estimated by UNAIDS using the Spectrum model, based on the official national estimates (accessed May 2025). Any differences are within uncertainty margins of both sets of estimates, reflecting methodologies and assumptions. (https://www.gov.uk/government/statistics/hiv-annual-data-tables).",... ,... , ...,"Numbers are estimated by UNAIDS using the Spectrum model, based on the official national estimates (accessed May 2025). Any differences are within uncertainty margins of both sets of estimates, reflecting methodologies and assumptions. (https://www.gov.uk/government/statistics/hiv-annual-data-tables).",... ,... , ...,"Numbers are estimated by UNAIDS using the Spectrum model, based on the official national estimates (accessed May 2025). Any differences are within uncertainty margins of both sets of estimates, reflecting methodologies and assumptions. (https://www.gov.uk/government/statistics/hiv-annual-data-tables).",... ,... , ...,"Numbers are estimated by UNAIDS using the Spectrum model, based on the official national estimates (accessed May 2025). Any differences are within uncertainty margins of both sets of estimates, reflecting methodologies and assumptions. (https://www.gov.uk/government/statistics/hiv-annual-data-tables).",... ,... , ...,"Numbers are estimated by UNAIDS using the Spectrum model, based on the official national estimates (accessed May 2025). Any differences are within uncertainty margins of both sets of estimates, reflecting methodologies and assumptions. (https://www.gov.uk/government/statistics/hiv-annual-data-tables).",... ,... , ...,"Numbers are estimated by UNAIDS using the Spectrum model, based on the official national estimates (accessed May 2025). Any differences are within uncertainty margins of both sets of estimates, reflecting methodologies and assumptions. (https://www.gov.uk/government/statistics/hiv-annual-data-tables).",... ,... , ...,"Numbers are estimated by UNAIDS using the Spectrum model, based on the official national estimates (accessed May 2025). Any differences are within uncertainty margins of both sets of estimates, reflecting methodologies and assumptions. (https://www.gov.uk/government/statistics/hiv-annual-data-tables).",... ,... , ...,"Numbers are estimated by UNAIDS using the Spectrum model, based on the official national estimates (accessed May 2025). Any differences are within uncertainty margins of both sets of estimates, reflecting methodologies and assumptions. (https://www.gov.uk/government/statistics/hiv-annual-data-tables).",... ,... , ...,"Numbers are estimated by UNAIDS using the Spectrum model, based on the official national estimates (accessed May 2025). Any differences are within uncertainty margins of both sets of estimates, reflecting methodologies and assumptions. (https://www.gov.uk/government/statistics/hiv-annual-data-tables).",... ,... , ...,"Numbers are estimated by UNAIDS using the Spectrum model, based on the official national estimates (accessed May 2025). Any differences are within uncertainty margins of both sets of estimates, reflecting methodologies and assumptions. (https://www.gov.uk/government/statistics/hiv-annual-data-tables).",... ,... , ...,"Numbers are estimated by UNAIDS using the Spectrum model, based on the official national estimates (accessed May 2025). Any differences are within uncertainty margins of both sets of estimates, reflecting methodologies and assumptions. (https://www.gov.uk/government/statistics/hiv-annual-data-tables).",... ,... , ...,"Numbers are estimated by UNAIDS using the Spectrum model, based on the official national estimates (accessed May 2025). Any differences are within uncertainty margins of both sets of estimates, reflecting methodologies and assumptions. (https://www.gov.uk/government/statistics/hiv-annual-data-tables).",... ,... , ...,"Numbers are estimated by UNAIDS using the Spectrum model, based on the official national estimates (accessed May 2025). Any differences are within uncertainty margins of both sets of estimates, reflecting methodologies and assumptions. (https://www.gov.uk/government/statistics/hiv-annual-data-tables).",... ,... , ...,"Numbers are estimated by UNAIDS using the Spectrum model, based on the official national estimates (accessed May 2025). Any differences are within uncertainty margins of both sets of estimates, reflecting methodologies and assumptions. (https://www.gov.uk/government/statistics/hiv-annual-data-tables).",... ,... , ...,"Numbers are estimated by UNAIDS using the Spectrum model, based on the official national estimates (accessed May 2025). Any differences are within uncertainty margins of both sets of estimates, reflecting methodologies and assumptions. (https://www.gov.uk/government/statistics/hiv-annual-data-tables).",... ,... , ...,"Numbers are estimated by UNAIDS using the Spectrum model, based on the official national estimates (accessed May 2025). Any differences are within uncertainty margins of both sets of estimates, reflecting methodologies and assumptions. (https://www.gov.uk/government/statistics/hiv-annual-data-tables).",... ,... , ...,"Numbers are estimated by UNAIDS using the Spectrum model, based on the official national estimates (accessed May 2025). Any differences are within uncertainty margins of both sets of estimates, reflecting methodologies and assumptions. (https://www.gov.uk/government/statistics/hiv-annual-data-tables).",... ,... , ...,"Numbers are estimated by UNAIDS using the Spectrum model, based on the official national estimates (accessed May 2025). Any differences are within uncertainty margins of both sets of estimates, reflecting methodologies and assumptions. (https://www.gov.uk/government/statistics/hiv-annual-data-tables).",... ,... , ...,"Numbers are estimated by UNAIDS using the Spectrum model, based on the official national estimates (accessed May 2025). Any differences are within uncertainty margins of both sets of estimates, reflecting methodologies and assumptions. (https://www.gov.uk/government/statistics/hiv-annual-data-tables).",... ,... , ...,"Numbers are estimated by UNAIDS using the Spectrum model, based on the official national estimates (accessed May 2025). Any differences are within uncertainty margins of both sets of estimates, reflecting methodologies and assumptions. (https://www.gov.uk/government/statistics/hiv-annual-data-tables).",... ,... , ...,"Numbers are estimated by UNAIDS using the Spectrum model, based on the official national estimates (accessed May 2025). Any differences are within uncertainty margins of both sets of estimates, reflecting methodologies and assumptions. (https://www.gov.uk/government/statistics/hiv-annual-data-tables).",6400 ,4300 , 9400,"Numbers are estimated by UNAIDS using the Spectrum model, based on the official national estimates (accessed May 2025). Any differences are within uncertainty margins of both sets of estimates, reflecting methodologies and assumptions. (https://www.gov.uk/government/statistics/hiv-annual-data-tables).",5700 ,3900 , 8400,"Numbers are estimated by UNAIDS using the Spectrum model, based on the official national estimates (accessed May 2025). Any differences are within uncertainty margins of both sets of estimates, reflecting methodologies and assumptions. (https://www.gov.uk/government/statistics/hiv-annual-data-tables).",5000 ,3400 , 7400,"Numbers are estimated by UNAIDS using the Spectrum model, based on the official national estimates (accessed May 2025). Any differences are within uncertainty margins of both sets of estimates, reflecting methodologies and assumptions. (https://www.gov.uk/government/statistics/hiv-annual-data-tables).",4400 ,3000 , 6600,"Numbers are estimated by UNAIDS using the Spectrum model, based on the official national estimates (accessed May 2025). Any differences are within uncertainty margins of both sets of estimates, reflecting methodologies and assumptions. (https://www.gov.uk/government/statistics/hiv-annual-data-tables).",3900 ,2700 , 5800,"Numbers are estimated by UNAIDS using the Spectrum model, based on the official national estimates (accessed May 2025). Any differences are within uncertainty margins of both sets of estimates, reflecting methodologies and assumptions. (https://www.gov.uk/government/statistics/hiv-annual-data-tables).",3400 ,2400 , 5100,"Numbers are estimated by UNAIDS using the Spectrum model, based on the official national estimates (accessed May 2025). Any differences are within uncertainty margins of both sets of estimates, reflecting methodologies and assumptions. (https://www.gov.uk/government/statistics/hiv-annual-data-tables).",3000 ,2100 , 4500,"Numbers are estimated by UNAIDS using the Spectrum model, based on the official national estimates (accessed May 2025). Any differences are within uncertainty margins of both sets of estimates, reflecting methodologies and assumptions. (https://www.gov.uk/government/statistics/hiv-annual-data-tables).",2700 ,1800 , 4000,"Numbers are estimated by UNAIDS using the Spectrum model, based on the official national estimates (accessed May 2025). Any differences are within uncertainty margins of both sets of estimates, reflecting methodologies and assumptions. (https://www.gov.uk/government/statistics/hiv-annual-data-tables).",... ,... , ...,"Numbers are estimated by UNAIDS using the Spectrum model, based on the official national estimates (accessed May 2025). Any differences are within uncertainty margins of both sets of estimates, reflecting methodologies and assumptions. (https://www.gov.uk/government/statistics/hiv-annual-data-tables)."
United Republic of Tanzania,95 000 ,72 000 , 140 000,,130 000 ,99 000 , 180 000,,170 000 ,130 000 , 240 000,,220 000 ,170 000 , 300 000,,280 000 ,220 000 , 370 000,,340 000 ,280 000 , 450 000,,410 000 ,330 000 , 530 000,,470 000 ,400 000 , 600 000,,540 000 ,460 000 , 670 000,,610 000 ,520 000 , 740 000,,670 000 ,580 000 , 800 000,,740 000 ,650 000 , 860 000,,800 000 ,710 000 , 920 000,,860 000 ,760 000 , 980 000,,910 000 ,820 000 , 1 000 000,,960 000 ,870 000 , 1 100 000,,1 000 000 ,910 000 , 1 100 000,,1 000 000 ,950 000 , 1 100 000,,1 000 000 ,950 000 , 1 100 000,,1 000 000 ,970 000 , 1 200 000,,1 000 000 ,970 000 , 1 100 000,,1 100 000 ,980 000 , 1 100 000,,1 100 000 ,1 000 000 , 1 200 000,,1 100 000 ,990 000 , 1 200 000,,1 100 000 ,1 000 000 , 1 200 000,,1 100 000 ,980 000 , 1 200 000,,1 100 000 ,980 000 , 1 200 000,,1 100 000 ,980 000 , 1 200 000,,1 100 000 ,970 000 , 1 200 000,,1 100 000 ,970 000 , 1 200 000,,1 100 000 ,960 000 , 1 200 000,,1 000 000 ,920 000 , 1 200 000,,1 000 000 ,890 000 , 1 200 000,,980 000 ,840 000 , 1 100 000,,930 000 ,780 000 , 1 100 000,
United States,... ,... , ...,"Estimates were not available at the time of publication.",... ,... , ...,"Estimates were not available at the time of publication.",... ,... , ...,"Estimates were not available at the time of publication.",... ,... , ...,"Estimates were not available at the time of publication.",... ,... , ...,"Estimates were not available at the time of publication.",... ,... , ...,"Estimates were not available at the time of publication.",... ,... , ...,"Estimates were not available at the time of publication.",... ,... , ...,"Estimates were not available at the time of publication.",... ,... , ...,"Estimates were not available at the time of publication.",... ,... , ...,"Estimates were not available at the time of publication.",... ,... , ...,"Estimates were not available at the time of publication.",... ,... , ...,"Estimates were not available at the time of publication.",... ,... , ...,"Estimates were not available at the time of publication.",... ,... , ...,"Estimates were not available at the time of publication.",... ,... , ...,"Estimates were not available at the time of publication.",... ,... , ...,"Estimates were not available at the time of publication.",... ,... , ...,"Estimates were not available at the time of publication.",... ,... , ...,"Estimates were not available at the time of publication.",... ,... , ...,"Estimates were not available at the time of publication.",... ,... , ...,"Estimates were not available at the time of publication.",... ,... , ...,"Estimates were not available at the time of publication.",... ,... , ...,"Estimates were not available at the time of publication.",... ,... , ...,"Estimates were not available at the time of publication.",... ,... , ...,"Estimates were not available at the time of publication.",... ,... , ...,"Estimates were not available at the time of publication.",... ,... , ...,"Estimates were not available at the time of publication.",... ,... , ...,"Estimates were not available at the time of publication.",... ,... , ...,"Estimates were not available at the time of publication.",... ,... , ...,"Estimates were not available at the time of publication.",... ,... , ...,"Estimates were not available at the time of publication.",... ,... , ...,"Estimates were not available at the time of publication.",... ,... , ...,"Estimates were not available at the time of publication.",... ,... , ...,"Estimates were not available at the time of publication.",... ,... , ...,"Estimates were not available at the time of publication.",... ,... , ...,"Estimates were not available at the time of publication."
Uruguay,... ,... , ...,"Estimates were not available at the time of publication.",... ,... , ...,"Estimates were not available at the time of publication.",... ,... , ...,"Estimates were not available at the time of publication.",... ,... , ...,"Estimates were not available at the time of publication.",... ,... , ...,"Estimates were not available at the time of publication.",... ,... , ...,"Estimates were not available at the time of publication.",... ,... , ...,"Estimates were not available at the time of publication.",... ,... , ...,"Estimates were not available at the time of publication.",... ,... , ...,"Estimates were not available at the time of publication.",... ,... , ...,"Estimates were not available at the time of publication.",... ,... , ...,"Estimates were not available at the time of publication.",... ,... , ...,"Estimates were not available at the time of publication.",... ,... , ...,"Estimates were not available at the time of publication.",... ,... , ...,"Estimates were not available at the time of publication.",... ,... , ...,"Estimates were not available at the time of publication.",... ,... , ...,"Estimates were not available at the time of publication.",... ,... , ...,"Estimates were not available at the time of publication.",... ,... , ...,"Estimates were not available at the time of publication.",... ,... , ...,"Estimates were not available at the time of publication.",... ,... , ...,"Estimates were not available at the time of publication.",... ,... , ...,"Estimates were not available at the time of publication.",... ,... , ...,"Estimates were not available at the time of publication.",... ,... , ...,"Estimates were not available at the time of publication.",... ,... , ...,"Estimates were not available at the time of publication.",... ,... , ...,"Estimates were not available at the time of publication.",... ,... , ...,"Estimates were not available at the time of publication.",... ,... , ...,"Estimates were not available at the time of publication.",... ,... , ...,"Estimates were not available at the time of publication.",... ,... , ...,"Estimates were not available at the time of publication.",... ,... , ...,"Estimates were not available at the time of publication.",... ,... , ...,"Estimates were not available at the time of publication.",... ,... , ...,"Estimates were not available at the time of publication.",... ,... , ...,"Estimates were not available at the time of publication.",... ,... , ...,"Estimates were not available at the time of publication.",... ,... , ...,"Estimates were not available at the time of publication."
Uzbekistan,... ,... , ...,"Estimates were not available at the time of publication.",... ,... , ...,"Estimates were not available at the time of publication.",... ,... , ...,"Estimates were not available at the time of publication.",... ,... , ...,"Estimates were not available at the time of publication.",... ,... , ...,"Estimates were not available at the time of publication.",... ,... , ...,"Estimates were not available at the time of publication.",... ,... , ...,"Estimates were not available at the time of publication.",... ,... , ...,"Estimates were not available at the time of publication.",... ,... , ...,"Estimates were not available at the time of publication.",... ,... , ...,"Estimates were not available at the time of publication.",... ,... , ...,"Estimates were not available at the time of publication.",... ,... , ...,"Estimates were not available at the time of publication.",... ,... , ...,"Estimates were not available at the time of publication.",... ,... , ...,"Estimates were not available at the time of publication.",... ,... , ...,"Estimates were not available at the time of publication.",... ,... , ...,"Estimates were not available at the time of publication.",... ,... , ...,"Estimates were not available at the time of publication.",... ,... , ...,"Estimates were not available at the time of publication.",... ,... , ...,"Estimates were not available at the time of publication.",... ,... , ...,"Estimates were not available at the time of publication.",... ,... , ...,"Estimates were not available at the time of publication.",... ,... , ...,"Estimates were not available at the time of publication.",... ,... , ...,"Estimates were not available at the time of publication.",... ,... , ...,"Estimates were not available at the time of publication.",... ,... , ...,"Estimates were not available at the time of publication.",... ,... , ...,"Estimates were not available at the time of publication.",... ,... , ...,"Estimates were not available at the time of publication.",... ,... , ...,"Estimates were not available at the time of publication.",... ,... , ...,"Estimates were not available at the time of publication.",... ,... , ...,"Estimates were not available at the time of publication.",... ,... , ...,"Estimates were not available at the time of publication.",... ,... , ...,"Estimates were not available at the time of publication.",... ,... , ...,"Estimates were not available at the time of publication.",... ,... , ...,"Estimates were not available at the time of publication.",... ,... , ...,"Estimates were not available at the time of publication."
Vanuatu,... ,... , ...,"Estimates were not available at the time of publication.",... ,... , ...,"Estimates were not available at the time of publication.",... ,... , ...,"Estimates were not available at the time of publication.",... ,... , ...,"Estimates were not available at the time of publication.",... ,... , ...,"Estimates were not available at the time of publication.",... ,... , ...,"Estimates were not available at the time of publication.",... ,... , ...,"Estimates were not available at the time of publication.",... ,... , ...,"Estimates were not available at the time of publication.",... ,... , ...,"Estimates were not available at the time of publication.",... ,... , ...,"Estimates were not available at the time of publication.",... ,... , ...,"Estimates were not available at the time of publication.",... ,... , ...,"Estimates were not available at the time of publication.",... ,... , ...,"Estimates were not available at the time of publication.",... ,... , ...,"Estimates were not available at the time of publication.",... ,... , ...,"Estimates were not available at the time of publication.",... ,... , ...,"Estimates were not available at the time of publication.",... ,... , ...,"Estimates were not available at the time of publication.",... ,... , ...,"Estimates were not available at the time of publication.",... ,... , ...,"Estimates were not available at the time of publication.",... ,... , ...,"Estimates were not available at the time of publication.",... ,... , ...,"Estimates were not available at the time of publication.",... ,... , ...,"Estimates were not available at the time of publication.",... ,... , ...,"Estimates were not available at the time of publication.",... ,... , ...,"Estimates were not available at the time of publication.",... ,... , ...,"Estimates were not available at the time of publication.",... ,... , ...,"Estimates were not available at the time of publication.",... ,... , ...,"Estimates were not available at the time of publication.",... ,... , ...,"Estimates were not available at the time of publication.",... ,... , ...,"Estimates were not available at the time of publication.",... ,... , ...,"Estimates were not available at the time of publication.",... ,... , ...,"Estimates were not available at the time of publication.",... ,... , ...,"Estimates were not available at the time of publication.",... ,... , ...,"Estimates were not available at the time of publication.",... ,... , ...,"Estimates were not available at the time of publication.",... ,... , ...,"Estimates were not available at the time of publication."
Venezuela (Bolivarian Republic of),1200 ,830 , 1700,,1500 ,1000 , 2100,,1800 ,1300 , 2500,,2300 ,1600 , 3100,,2800 ,2000 , 3700,,3400 ,2500 , 4400,,4100 ,3100 , 5200,,4900 ,3900 , 6200,,5900 ,4800 , 7300,,7100 ,5800 , 8600,,8400 ,7000 , 10 000,,9900 ,8400 , 12 000,,12 000 ,9700 , 13 000,,13 000 ,11 000 , 15 000,,15 000 ,13 000 , 17 000,,17 000 ,15 000 , 20 000,,20 000 ,17 000 , 22 000,,22 000 ,18 000 , 25 000,,24 000 ,20 000 , 27 000,,26 000 ,22 000 , 30 000,,29 000 ,23 000 , 32 000,,31 000 ,24 000 , 35 000,,33 000 ,26 000 , 38 000,,35 000 ,28 000 , 40 000,,38 000 ,30 000 , 43 000,,41 000 ,33 000 , 47 000,,42 000 ,33 000 , 48 000,,43 000 ,34 000 , 49 000,,46 000 ,37 000 , 53 000,,49 000 ,40 000 , 56 000,,50 000 ,41 000 , 57 000,,48 000 ,39 000 , 55 000,,46 000 ,38 000 , 53 000,,44 000 ,36 000 , 52 000,,43 000 ,36 000 , 51 000,
Viet Nam,<100 ,<100 , <100,,<100 ,<100 , <100,,<200 ,<200 , <200,,<500 ,<500 , <500,,<500 ,<500 , 570,,850 ,690 , 1000,,1500 ,1200 , 1800,,2400 ,2000 , 2900,,3700 ,3000 , 4400,,5500 ,4500 , 6500,,7700 ,6400 , 9200,,11 000 ,8700 , 13 000,,14 000 ,12 000 , 17 000,,18 000 ,15 000 , 21 000,,23 000 ,19 000 , 27 000,,28 000 ,24 000 , 33 000,,33 000 ,28 000 , 39 000,,39 000 ,33 000 , 45 000,,44 000 ,37 000 , 51 000,,48 000 ,41 000 , 55 000,,51 000 ,43 000 , 59 000,,54 000 ,45 000 , 63 000,,57 000 ,47 000 , 67 000,,60 000 ,49 000 , 71 000,,63 000 ,50 000 , 76 000,,65 000 ,52 000 , 80 000,,68 000 ,53 000 , 84 000,,70 000 ,55 000 , 88 000,,73 000 ,57 000 , 92 000,,76 000 ,58 000 , 96 000,,78 000 ,58 000 , 99 000,,79 000 ,59 000 , 100 000,,80 000 ,59 000 , 110 000,,81 000 ,58 000 , 110 000,,80 000 ,56 000 , 110 000,
Yemen,<200 ,<200 , <500,,<200 ,<200 , <500,,<500 ,<200 , <500,,<500 ,<500 , <500,,<500 ,<500 , <500,,<500 ,<500 , <500,,<500 ,<500 , 540,,540 ,<500 , 620,,620 ,540 , 720,,720 ,630 , 820,,830 ,730 , 940,,950 ,850 , 1100,,1100 ,980 , 1200,,1200 ,1100 , 1400,,1400 ,1300 , 1600,,1600 ,1500 , 1800,,1800 ,1700 , 2000,,2100 ,2000 , 2300,,2400 ,2200 , 2600,,2700 ,2500 , 3000,,3000 ,2800 , 3300,,3400 ,3200 , 3700,,3800 ,3600 , 4200,,4300 ,4100 , 4700,,4900 ,4600 , 5300,,5500 ,5100 , 5900,,6100 ,5700 , 6500,,6700 ,6300 , 7200,,7300 ,6900 , 7800,,8000 ,7500 , 8500,,8600 ,8100 , 9100,,9200 ,8700 , 9800,,9900 ,9400 , 10 000,,10 000 ,9900 , 11 000,,11 000 ,10 000 , 12 000,
Zambia,57 000 ,38 000 , 81 000,,79 000 ,55 000 , 110 000,,110 000 ,76 000 , 150 000,,140 000 ,100 000 , 190 000,,170 000 ,140 000 , 230 000,,210 000 ,170 000 , 280 000,,260 000 ,210 000 , 330 000,,300 000 ,250 000 , 380 000,,350 000 ,300 000 , 430 000,,400 000 ,340 000 , 480 000,,440 000 ,390 000 , 530 000,,490 000 ,440 000 , 580 000,,540 000 ,480 000 , 630 000,,590 000 ,530 000 , 670 000,,630 000 ,570 000 , 710 000,,670 000 ,610 000 , 750 000,,700 000 ,650 000 , 780 000,,730 000 ,670 000 , 810 000,,740 000 ,680 000 , 810 000,,730 000 ,670 000 , 810 000,,720 000 ,650 000 , 800 000,,710 000 ,630 000 , 790 000,,690 000 ,610 000 , 780 000,,660 000 ,570 000 , 760 000,,630 000 ,540 000 , 740 000,,600 000 ,510 000 , 710 000,,570 000 ,480 000 , 690 000,,540 000 ,450 000 , 660 000,,530 000 ,430 000 , 670 000,,510 000 ,420 000 , 660 000,,480 000 ,400 000 , 630 000,,450 000 ,370 000 , 590 000,,420 000 ,350 000 , 550 000,,390 000 ,320 000 , 500 000,,350 000 ,290 000 , 450 000,
Zimbabwe,110 000 ,86 000 , 160 000,,160 000 ,130 000 , 230 000,,230 000 ,190 000 , 320 000,,320 000 ,260 000 , 430 000,,410 000 ,350 000 , 560 000,,520 000 ,440 000 , 680 000,,630 000 ,540 000 , 820 000,,740 000 ,640 000 , 950 000,,840 000 ,750 000 , 1 100 000,,940 000 ,840 000 , 1 200 000,,1 000 000 ,930 000 , 1 300 000,,1 100 000 ,1 000 000 , 1 300 000,,1 200 000 ,1 100 000 , 1 400 000,,1 200 000 ,1 100 000 , 1 400 000,,1 200 000 ,1 200 000 , 1 400 000,,1 300 000 ,1 200 000 , 1 400 000,,1 300 000 ,1 200 000 , 1 400 000,,1 300 000 ,1 200 000 , 1 400 000,,1 300 000 ,1 200 000 , 1 400 000,,1 300 000 ,1 200 000 , 1 400 000,,1 200 000 ,1 200 000 , 1 400 000,,1 200 000 ,1 100 000 , 1 300 000,,1 200 000 ,1 100 000 , 1 300 000,,1 100 000 ,1 000 000 , 1 200 000,,1 000 000 ,970 000 , 1 200 000,,990 000 ,910 000 , 1 100 000,,940 000 ,850 000 , 1 100 000,,900 000 ,800 000 , 1 000 000,,840 000 ,740 000 , 990 000,,780 000 ,670 000 , 940 000,,730 000 ,620 000 , 920 000,,670 000 ,560 000 , 880 000,,610 000 ,510 000 , 820 000,,550 000 ,460 000 , 780 000,,510 000 ,420 000 , 750 000,
Global,1 300 000 ,1 000 000,1 600 000,,1 800 000 ,1 400 000,2 200 000,,2 300 000 ,1 800 000,3 000 000,,3 100 000 ,2 400 000,3 900 000,,3 900 000 ,3 100 000,5 000 000,,4 900 000 ,3 800 000,6 200 000,,6 000 000 ,4 700 000,7 600 000,,7 100 000 ,5 600 000,9 100 000,,8 400 000 ,6 600 000,10 700 000,,9 600 000 ,7 600 000,12 300 000,,10 900 000 ,8 600 000,13 900 000,,12 200 000 ,9 600 000,15 600 000,,13 400 000 ,10 600 000,17 100 000,,14 600 000 ,11 500 000,18 600 000,,15 700 000 ,12 400 000,20 000 000,,16 700 000 ,13 200 000,21 300 000,,17 500 000 ,13 800 000,22 400 000,,18 200 000 ,14 300 000,23 200 000,,18 700 000 ,14 700 000,23 800 000,,19 000 000 ,15 000 000,24 200 000,,19 200 000 ,15 200 000,24 500 000,,19 400 000 ,15 300 000,24 800 000,,19 500 000 ,15 300 000,24 800 000,,19 400 000 ,15 300 000,24 700 000,,19 100 000 ,15 000 000,24 300 000,,18 600 000 ,14 700 000,23 800 000,,18 300 000 ,14 400 000,23 300 000,,17 800 000 ,14 100 000,22 800 000,,17 400 000 ,13 700 000,22 200 000,,17 000 000 ,13 400 000,21 700 000,,16 500 000 ,13 000 000,21 100 000,,16 000 000 ,12 600 000,20 400 000,,15 400 000 ,12 100 000,19 600 000,,14 600 000 ,11 600 000,18 700 000,,13 800 000 ,10 900 000,17 700 000,