Country,1990,1990_lower, 1990_upper, 1990_Footnote, 1991,1991_lower, 1991_upper, 1991_Footnote, 1992,1992_lower, 1992_upper, 1992_Footnote, 1993,1993_lower, 1993_upper, 1993_Footnote, 1994,1994_lower, 1994_upper, 1994_Footnote, 1995,1995_lower, 1995_upper, 1995_Footnote, 1996,1996_lower, 1996_upper, 1996_Footnote, 1997,1997_lower, 1997_upper, 1997_Footnote, 1998,1998_lower, 1998_upper, 1998_Footnote, 1999,1999_lower, 1999_upper, 1999_Footnote, 2000,2000_lower, 2000_upper, 2000_Footnote, 2001,2001_lower, 2001_upper, 2001_Footnote, 2002,2002_lower, 2002_upper, 2002_Footnote, 2003,2003_lower, 2003_upper, 2003_Footnote, 2004,2004_lower, 2004_upper, 2004_Footnote, 2005,2005_lower, 2005_upper, 2005_Footnote, 2006,2006_lower, 2006_upper, 2006_Footnote, 2007,2007_lower, 2007_upper, 2007_Footnote, 2008,2008_lower, 2008_upper, 2008_Footnote, 2009,2009_lower, 2009_upper, 2009_Footnote, 2010,2010_lower, 2010_upper, 2010_Footnote, 2011,2011_lower, 2011_upper, 2011_Footnote, 2012,2012_lower, 2012_upper, 2012_Footnote, 2013,2013_lower, 2013_upper, 2013_Footnote, 2014,2014_lower, 2014_upper, 2014_Footnote, 2015,2015_lower, 2015_upper, 2015_Footnote, 2016,2016_lower, 2016_upper, 2016_Footnote, 2017,2017_lower, 2017_upper, 2017_Footnote, 2018,2018_lower, 2018_upper, 2018_Footnote, 2019,2019_lower, 2019_upper, 2019_Footnote, 2020,2020_lower, 2020_upper, 2020_Footnote, 2021,2021_lower, 2021_upper, 2021_Footnote, 2022,2022_lower, 2022_upper, 2022_Footnote, 2023,2023_lower, 2023_upper, 2023_Footnote, 2024,2024_lower, 2024_upper, 2024_Footnote
Afghanistan,<100 ,<100 , <100,,<100 ,<100 , <100,,<100 ,<100 , <100,,<100 ,<100 , <100,,<100 ,<100 , <100,,<100 ,<100 , <100,,<100 ,<100 , <100,,<100 ,<100 , <100,,<100 ,<100 , <100,,<100 ,<100 , <100,,<100 ,<100 , <200,,<100 ,<100 , <200,,<100 ,<100 , <200,,<100 ,<100 , <200,,<100 ,<100 , <200,,<200 ,<100 , <500,,<200 ,<100 , <500,,<200 ,<100 , <500,,<200 ,<100 , <500,,<200 ,<100 , <500,,<200 ,<100 , <500,,<200 ,<100 , 500,,<200 ,<100 , 570,,<500 ,<100 , 640,,<500 ,<100 , 720,,<500 ,<100 , 820,,<500 ,<100 , 900,,<500 ,<100 , 980,,<500 ,<100 , 1100,,<500 ,<100 , 1300,,<500 ,<100 , 1500,,<500 ,<100 , 1700,,<500 ,<200 , 1800,,<500 ,<200 , 2000,,<500 ,<200 , 2200,
Albania,<100 ,<100 , <100,"Children estimates were not available at the time of publication.",<100 ,<100 , <100,"Children estimates were not available at the time of publication.",<100 ,<100 , <100,"Children estimates were not available at the time of publication.",<100 ,<100 , <100,"Children estimates were not available at the time of publication.",<100 ,<100 , <100,"Children estimates were not available at the time of publication.",<100 ,<100 , <100,"Children estimates were not available at the time of publication.",<100 ,<100 , <100,"Children estimates were not available at the time of publication.",<100 ,<100 , <100,"Children estimates were not available at the time of publication.",<100 ,<100 , <100,"Children estimates were not available at the time of publication.",<100 ,<100 , <100,"Children estimates were not available at the time of publication.",<100 ,<100 , <100,"Children estimates were not available at the time of publication.",<100 ,<100 , <100,"Children estimates were not available at the time of publication.",<100 ,<100 , <100,"Children estimates were not available at the time of publication.",<100 ,<100 , <100,"Children estimates were not available at the time of publication.",<100 ,<100 , <100,"Children estimates were not available at the time of publication.",<100 ,<100 , <100,"Children estimates were not available at the time of publication.",<100 ,<100 , <100,"Children estimates were not available at the time of publication.",<100 ,<100 , <100,"Children estimates were not available at the time of publication.",<100 ,<100 , <100,"Children estimates were not available at the time of publication.",<100 ,<100 , <100,"Children estimates were not available at the time of publication.",<100 ,<100 , <100,"Children estimates were not available at the time of publication.",<100 ,<100 , <100,"Children estimates were not available at the time of publication.",<100 ,<100 , <100,"Children estimates were not available at the time of publication.",<100 ,<100 , <100,"Children estimates were not available at the time of publication.",<100 ,<100 , <100,"Children estimates were not available at the time of publication.",<100 ,<100 , <100,"Children estimates were not available at the time of publication.",<100 ,<100 , <100,"Children estimates were not available at the time of publication.",<100 ,<100 , <100,"Children estimates were not available at the time of publication.",<100 ,<100 , <100,"Children estimates were not available at the time of publication.",<100 ,<100 , <100,"Children estimates were not available at the time of publication.",<100 ,<100 , <100,"Children estimates were not available at the time of publication.",<100 ,<100 , <100,"Children estimates were not available at the time of publication.",<100 ,<100 , <100,"Children estimates were not available at the time of publication.",<100 ,<100 , <100,"Children estimates were not available at the time of publication.",<100 ,<100 , <100,"Children estimates were not available at the time of publication."
Algeria,<100 ,<100 , <100,,<100 ,<100 , <100,,<100 ,<100 , <100,,<100 ,<100 , <100,,<100 ,<100 , <100,,<100 ,<100 , <100,,<100 ,<100 , <100,,<100 ,<100 , <100,,<100 ,<100 , <100,,<100 ,<100 , <100,,<100 ,<100 , <100,,<100 ,<100 , <100,,<100 ,<100 , <100,,<100 ,<100 , <100,,<200 ,<100 , <200,,<200 ,<200 , <200,,<200 ,<200 , <200,,<200 ,<200 , <200,,<200 ,<200 , <200,,<500 ,<200 , <500,,<500 ,<200 , <500,,<500 ,<200 , <500,,<500 ,<500 , <500,,<500 ,<500 , <500,,<500 ,<200 , <500,,<500 ,<200 , <500,,<200 ,<200 , <500,,<200 ,<200 , <500,,<200 ,<200 , <500,,<200 ,<200 , <500,,<200 ,<200 , <500,,<200 ,<200 , <500,,<200 ,<200 , <500,,<200 ,<200 , <500,,<200 ,<200 , <500,
Angola,770 ,<500 , 1400,,990 ,530 , 1700,,1200 ,690 , 2100,,1500 ,890 , 2600,,1900 ,1100 , 3000,,2300 ,1400 , 3600,,2700 ,1700 , 4100,,3200 ,2100 , 4700,,3700 ,2500 , 5300,,4200 ,2900 , 5800,,4800 ,3400 , 6400,,5400 ,3900 , 7100,,6000 ,4500 , 7800,,6600 ,5000 , 8500,,7200 ,5600 , 9200,,7700 ,6100 , 9800,,7900 ,6200 , 9900,,7800 ,6200 , 9800,,7900 ,6300 , 9800,,8100 ,6500 , 10 000,,8300 ,6700 , 10 000,,8600 ,6900 , 11 000,,8900 ,7300 , 11 000,,8500 ,6900 , 10 000,,7600 ,6000 , 9200,,7500 ,5900 , 9100,,8200 ,6700 , 10 000,,9300 ,7700 , 11 000,,9600 ,7900 , 11 000,,9800 ,8200 , 12 000,,9900 ,8100 , 12 000,,9100 ,7400 , 11 000,,8600 ,6900 , 11 000,,8200 ,6500 , 10 000,,7800 ,6100 , 9900,
Antigua and Barbuda,<100 ,<100 , <100,"Countries with a UNAIDS-approved estimate and population less than 250000 in 2024; not included in regional or global totals",<100 ,<100 , <100,"Countries with a UNAIDS-approved estimate and population less than 250000 in 2024; not included in regional or global totals",<100 ,<100 , <100,"Countries with a UNAIDS-approved estimate and population less than 250000 in 2024; not included in regional or global totals",<100 ,<100 , <100,"Countries with a UNAIDS-approved estimate and population less than 250000 in 2024; not included in regional or global totals",<100 ,<100 , <100,"Countries with a UNAIDS-approved estimate and population less than 250000 in 2024; not included in regional or global totals",<100 ,<100 , <100,"Countries with a UNAIDS-approved estimate and population less than 250000 in 2024; not included in regional or global totals",<100 ,<100 , <100,"Countries with a UNAIDS-approved estimate and population less than 250000 in 2024; not included in regional or global totals",<100 ,<100 , <100,"Countries with a UNAIDS-approved estimate and population less than 250000 in 2024; not included in regional or global totals",<100 ,<100 , <100,"Countries with a UNAIDS-approved estimate and population less than 250000 in 2024; not included in regional or global totals",<100 ,<100 , <100,"Countries with a UNAIDS-approved estimate and population less than 250000 in 2024; not included in regional or global totals",<100 ,<100 , <100,"Countries with a UNAIDS-approved estimate and population less than 250000 in 2024; not included in regional or global totals",<100 ,<100 , <100,"Countries with a UNAIDS-approved estimate and population less than 250000 in 2024; not included in regional or global totals",<100 ,<100 , <100,"Countries with a UNAIDS-approved estimate and population less than 250000 in 2024; not included in regional or global totals",<100 ,<100 , <100,"Countries with a UNAIDS-approved estimate and population less than 250000 in 2024; not included in regional or global totals",<100 ,<100 , <100,"Countries with a UNAIDS-approved estimate and population less than 250000 in 2024; not included in regional or global totals",<100 ,<100 , <100,"Countries with a UNAIDS-approved estimate and population less than 250000 in 2024; not included in regional or global totals",<100 ,<100 , <100,"Countries with a UNAIDS-approved estimate and population less than 250000 in 2024; not included in regional or global totals",<100 ,<100 , <100,"Countries with a UNAIDS-approved estimate and population less than 250000 in 2024; not included in regional or global totals",<100 ,<100 , <100,"Countries with a UNAIDS-approved estimate and population less than 250000 in 2024; not included in regional or global totals",<100 ,<100 , <100,"Countries with a UNAIDS-approved estimate and population less than 250000 in 2024; not included in regional or global totals",<100 ,<100 , <100,"Countries with a UNAIDS-approved estimate and population less than 250000 in 2024; not included in regional or global totals",<100 ,<100 , <100,"Countries with a UNAIDS-approved estimate and population less than 250000 in 2024; not included in regional or global totals",<100 ,<100 , <100,"Countries with a UNAIDS-approved estimate and population less than 250000 in 2024; not included in regional or global totals",<100 ,<100 , <100,"Countries with a UNAIDS-approved estimate and population less than 250000 in 2024; not included in regional or global totals",<100 ,<100 , <100,"Countries with a UNAIDS-approved estimate and population less than 250000 in 2024; not included in regional or global totals",<100 ,<100 , <100,"Countries with a UNAIDS-approved estimate and population less than 250000 in 2024; not included in regional or global totals",<100 ,<100 , <100,"Countries with a UNAIDS-approved estimate and population less than 250000 in 2024; not included in regional or global totals",<100 ,<100 , <100,"Countries with a UNAIDS-approved estimate and population less than 250000 in 2024; not included in regional or global totals",<100 ,<100 , <100,"Countries with a UNAIDS-approved estimate and population less than 250000 in 2024; not included in regional or global totals",<100 ,<100 , <100,"Countries with a UNAIDS-approved estimate and population less than 250000 in 2024; not included in regional or global totals",<100 ,<100 , <100,"Countries with a UNAIDS-approved estimate and population less than 250000 in 2024; not included in regional or global totals",<100 ,<100 , <100,"Countries with a UNAIDS-approved estimate and population less than 250000 in 2024; not included in regional or global totals",<100 ,<100 , <100,"Countries with a UNAIDS-approved estimate and population less than 250000 in 2024; not included in regional or global totals",<100 ,<100 , <100,"Countries with a UNAIDS-approved estimate and population less than 250000 in 2024; not included in regional or global totals",<100 ,<100 , <100,"Countries with a UNAIDS-approved estimate and population less than 250000 in 2024; not included in regional or global totals"
Argentina,<500 ,<500 , <500,,<500 ,<500 , 550,,670 ,610 , 750,,880 ,810 , 960,,1100 ,1000 , 1200,,1400 ,1300 , 1500,,1600 ,1500 , 1700,,1900 ,1700 , 2000,,1800 ,1600 , 1900,,1400 ,1300 , 1600,,1300 ,1200 , 1500,,1200 ,1000 , 1300,,1100 ,970 , 1300,,1100 ,940 , 1300,,1100 ,930 , 1300,,1100 ,920 , 1300,,1200 ,920 , 1300,,1100 ,910 , 1300,,1000 ,840 , 1200,,1000 ,820 , 1300,,1100 ,840 , 1300,,1100 ,830 , 1300,,1000 ,790 , 1300,,980 ,740 , 1200,,950 ,710 , 1200,,910 ,680 , 1200,,860 ,640 , 1100,,850 ,620 , 1100,,850 ,600 , 1100,,820 ,580 , 1100,,800 ,570 , 1100,,760 ,550 , 1000,,760 ,530 , 1000,,760 ,540 , 1000,,700 ,510 , 920,
Armenia,<100 ,<100 , <100,,<100 ,<100 , <100,,<100 ,<100 , <100,,<100 ,<100 , <100,,<100 ,<100 , <100,,<100 ,<100 , <100,,<100 ,<100 , <100,,<100 ,<100 , <100,,<100 ,<100 , <100,,<100 ,<100 , <100,,<100 ,<100 , <100,,<100 ,<100 , <100,,<100 ,<100 , <100,,<100 ,<100 , <100,,<100 ,<100 , <100,,<100 ,<100 , <100,,<100 ,<100 , <100,,<100 ,<100 , <100,,<100 ,<100 , <100,,<100 ,<100 , <100,,<100 ,<100 , <100,,<100 ,<100 , <100,,<100 ,<100 , <100,,<100 ,<100 , <100,,<100 ,<100 , <100,,<100 ,<100 , <100,,<100 ,<100 , <100,,<100 ,<100 , <100,,<100 ,<100 , <100,,<100 ,<100 , <100,,<100 ,<100 , <100,,<100 ,<100 , <200,,<100 ,<100 , <100,,<100 ,<100 , <100,,<100 ,<100 , <200,
Australia,<500 ,<500 , 550,,540 ,<500 , 620,,590 ,<500 , 680,,630 ,510 , 720,,650 ,530 , 750,,660 ,540 , 760,,<500 ,<500 , <500,,<200 ,<200 , <500,,<100 ,<100 , <200,,<100 ,<100 , <100,,<100 ,<100 , <100,,<100 ,<100 , <100,,<100 ,<100 , <100,,<100 ,<100 , <100,,<100 ,<100 , <100,,<100 ,<100 , <100,,<100 ,<100 , <100,,<100 ,<100 , <100,,<100 ,<100 , <100,,<100 ,<100 , <100,,<100 ,<100 , <100,,<100 ,<100 , <100,,<100 ,<100 , <100,,<100 ,<100 , <100,,<100 ,<100 , <100,,<100 ,<100 , <100,,<100 ,<100 , <100,,<100 ,<100 , <100,,<100 ,<100 , <100,,<100 ,<100 , <100,,<100 ,<100 , <100,,<100 ,<100 , <100,,<100 ,<100 , <100,,... ,... , ...,,... ,... , ...,
Austria,... ,... , ...,"Estimates were not available at the time of publication.",... ,... , ...,"Estimates were not available at the time of publication.",... ,... , ...,"Estimates were not available at the time of publication.",... ,... , ...,"Estimates were not available at the time of publication.",... ,... , ...,"Estimates were not available at the time of publication.",... ,... , ...,"Estimates were not available at the time of publication.",... ,... , ...,"Estimates were not available at the time of publication.",... ,... , ...,"Estimates were not available at the time of publication.",... ,... , ...,"Estimates were not available at the time of publication.",... ,... , ...,"Estimates were not available at the time of publication.",... ,... , ...,"Estimates were not available at the time of publication.",... ,... , ...,"Estimates were not available at the time of publication.",... ,... , ...,"Estimates were not available at the time of publication.",... ,... , ...,"Estimates were not available at the time of publication.",... ,... , ...,"Estimates were not available at the time of publication.",... ,... , ...,"Estimates were not available at the time of publication.",... ,... , ...,"Estimates were not available at the time of publication.",... ,... , ...,"Estimates were not available at the time of publication.",... ,... , ...,"Estimates were not available at the time of publication.",... ,... , ...,"Estimates were not available at the time of publication.",... ,... , ...,"Estimates were not available at the time of publication.",... ,... , ...,"Estimates were not available at the time of publication.",... ,... , ...,"Estimates were not available at the time of publication.",... ,... , ...,"Estimates were not available at the time of publication.",... ,... , ...,"Estimates were not available at the time of publication.",... ,... , ...,"Estimates were not available at the time of publication.",... ,... , ...,"Estimates were not available at the time of publication.",... ,... , ...,"Estimates were not available at the time of publication.",... ,... , ...,"Estimates were not available at the time of publication.",... ,... , ...,"Estimates were not available at the time of publication.",... ,... , ...,"Estimates were not available at the time of publication.",... ,... , ...,"Estimates were not available at the time of publication.",... ,... , ...,"Estimates were not available at the time of publication.",... ,... , ...,"Estimates were not available at the time of publication.",... ,... , ...,"Estimates were not available at the time of publication."
Azerbaijan,<100 ,<100 , <100,"Children estimates were not available at the time of publication.",<100 ,<100 , <100,"Children estimates were not available at the time of publication.",<100 ,<100 , <100,"Children estimates were not available at the time of publication.",<100 ,<100 , <100,"Children estimates were not available at the time of publication.",<100 ,<100 , <100,"Children estimates were not available at the time of publication.",<100 ,<100 , <100,"Children estimates were not available at the time of publication.",<100 ,<100 , <100,"Children estimates were not available at the time of publication.",<100 ,<100 , <100,"Children estimates were not available at the time of publication.",<100 ,<100 , <100,"Children estimates were not available at the time of publication.",<100 ,<100 , <200,"Children estimates were not available at the time of publication.",<200 ,<100 , <200,"Children estimates were not available at the time of publication.",<200 ,<100 , <200,"Children estimates were not available at the time of publication.",<200 ,<200 , <500,"Children estimates were not available at the time of publication.",<500 ,<200 , <500,"Children estimates were not available at the time of publication.",<500 ,<200 , <500,"Children estimates were not available at the time of publication.",<500 ,<200 , <500,"Children estimates were not available at the time of publication.",<500 ,<500 , <500,"Children estimates were not available at the time of publication.",<500 ,<500 , <500,"Children estimates were not available at the time of publication.",<500 ,<500 , <500,"Children estimates were not available at the time of publication.",<500 ,<500 , <500,"Children estimates were not available at the time of publication.",<500 ,<500 , <500,"Children estimates were not available at the time of publication.",<500 ,<500 , <500,"Children estimates were not available at the time of publication.",<500 ,<500 , <500,"Children estimates were not available at the time of publication.",<500 ,<500 , <500,"Children estimates were not available at the time of publication.",<500 ,<200 , <500,"Children estimates were not available at the time of publication.",<500 ,<200 , <500,"Children estimates were not available at the time of publication.",<500 ,<200 , <500,"Children estimates were not available at the time of publication.",<200 ,<200 , <500,"Children estimates were not available at the time of publication.",<200 ,<200 , <500,"Children estimates were not available at the time of publication.",<200 ,<100 , <200,"Children estimates were not available at the time of publication.",<200 ,<100 , <200,"Children estimates were not available at the time of publication.",<100 ,<100 , <200,"Children estimates were not available at the time of publication.",<100 ,<100 , <200,"Children estimates were not available at the time of publication.",<100 ,<100 , <200,"Children estimates were not available at the time of publication.",<100 ,<100 , <100,"Children estimates were not available at the time of publication."
Bahamas,<100 ,<100 , <100,"Children estimates were not available at the time of publication.",<100 ,<100 , <100,"Children estimates were not available at the time of publication.",<100 ,<100 , <200,"Children estimates were not available at the time of publication.",<200 ,<100 , <200,"Children estimates were not available at the time of publication.",<200 ,<200 , <200,"Children estimates were not available at the time of publication.",<200 ,<200 , <200,"Children estimates were not available at the time of publication.",<200 ,<200 , <200,"Children estimates were not available at the time of publication.",<200 ,<200 , <500,"Children estimates were not available at the time of publication.",<500 ,<200 , <500,"Children estimates were not available at the time of publication.",<500 ,<500 , <500,"Children estimates were not available at the time of publication.",<500 ,<500 , <500,"Children estimates were not available at the time of publication.",<500 ,<500 , <500,"Children estimates were not available at the time of publication.",<500 ,<500 , <500,"Children estimates were not available at the time of publication.",<200 ,<200 , <500,"Children estimates were not available at the time of publication.",<200 ,<200 , <200,"Children estimates were not available at the time of publication.",<200 ,<200 , <200,"Children estimates were not available at the time of publication.",<200 ,<100 , <200,"Children estimates were not available at the time of publication.",<200 ,<100 , <200,"Children estimates were not available at the time of publication.",<200 ,<100 , <200,"Children estimates were not available at the time of publication.",<100 ,<100 , <200,"Children estimates were not available at the time of publication.",<100 ,<100 , <200,"Children estimates were not available at the time of publication.",<200 ,<100 , <200,"Children estimates were not available at the time of publication.",<200 ,<200 , <200,"Children estimates were not available at the time of publication.",<200 ,<100 , <200,"Children estimates were not available at the time of publication.",<100 ,<100 , <100,"Children estimates were not available at the time of publication.",<100 ,<100 , <100,"Children estimates were not available at the time of publication.",<100 ,<100 , <100,"Children estimates were not available at the time of publication.",<100 ,<100 , <100,"Children estimates were not available at the time of publication.",<100 ,<100 , <100,"Children estimates were not available at the time of publication.",<100 ,<100 , <100,"Children estimates were not available at the time of publication.",<100 ,<100 , <100,"Children estimates were not available at the time of publication.",<100 ,<100 , <100,"Children estimates were not available at the time of publication.",<100 ,<100 , <100,"Children estimates were not available at the time of publication.",<100 ,<100 , <100,"Children estimates were not available at the time of publication.",<100 ,<100 , <100,"Children estimates were not available at the time of publication."
Bahrain,<100 ,<100 , <100,"Children estimates were not available at the time of publication.",<100 ,<100 , <100,"Children estimates were not available at the time of publication.",<100 ,<100 , <100,"Children estimates were not available at the time of publication.",<100 ,<100 , <100,"Children estimates were not available at the time of publication.",<100 ,<100 , <100,"Children estimates were not available at the time of publication.",<100 ,<100 , <100,"Children estimates were not available at the time of publication.",<100 ,<100 , <100,"Children estimates were not available at the time of publication.",<100 ,<100 , <100,"Children estimates were not available at the time of publication.",<100 ,<100 , <100,"Children estimates were not available at the time of publication.",<100 ,<100 , <100,"Children estimates were not available at the time of publication.",<100 ,<100 , <100,"Children estimates were not available at the time of publication.",<100 ,<100 , <100,"Children estimates were not available at the time of publication.",<100 ,<100 , <100,"Children estimates were not available at the time of publication.",<100 ,<100 , <100,"Children estimates were not available at the time of publication.",<100 ,<100 , <100,"Children estimates were not available at the time of publication.",<100 ,<100 , <100,"Children estimates were not available at the time of publication.",<100 ,<100 , <100,"Children estimates were not available at the time of publication.",<100 ,<100 , <100,"Children estimates were not available at the time of publication.",<100 ,<100 , <100,"Children estimates were not available at the time of publication.",<100 ,<100 , <100,"Children estimates were not available at the time of publication.",<100 ,<100 , <100,"Children estimates were not available at the time of publication.",<100 ,<100 , <100,"Children estimates were not available at the time of publication.",<100 ,<100 , <100,"Children estimates were not available at the time of publication.",<100 ,<100 , <100,"Children estimates were not available at the time of publication.",<100 ,<100 , <100,"Children estimates were not available at the time of publication.",<100 ,<100 , <100,"Children estimates were not available at the time of publication.",<100 ,<100 , <100,"Children estimates were not available at the time of publication.",<100 ,<100 , <100,"Children estimates were not available at the time of publication.",<100 ,<100 , <100,"Children estimates were not available at the time of publication.",<100 ,<100 , <100,"Children estimates were not available at the time of publication.",<100 ,<100 , <100,"Children estimates were not available at the time of publication.",<100 ,<100 , <100,"Children estimates were not available at the time of publication.",<100 ,<100 , <100,"Children estimates were not available at the time of publication.",<100 ,<100 , <100,"Children estimates were not available at the time of publication.",<100 ,<100 , <100,"Children estimates were not available at the time of publication."
Bangladesh,<100 ,<100 , <100,,<100 ,<100 , <100,,<100 ,<100 , <100,,<100 ,<100 , <100,,<100 ,<100 , <100,,<100 ,<100 , <100,,<100 ,<100 , <100,,<100 ,<100 , <100,,<100 ,<100 , <100,,<100 ,<100 , <100,,<100 ,<100 , <100,,<100 ,<100 , <100,,<100 ,<100 , <100,,<100 ,<100 , <100,,<100 ,<100 , <200,,<200 ,<200 , <200,,<200 ,<200 , <200,,<200 ,<200 , <200,,<200 ,<200 , <500,,<500 ,<200 , <500,,<500 ,<200 , <500,,<500 ,<500 , <500,,<500 ,<500 , <500,,<500 ,<500 , <500,,<500 ,<500 , <500,,<500 ,<500 , <500,,<500 ,<500 , <500,,<500 ,<500 , <500,,<500 ,<500 , <500,,<500 ,<500 , <500,,<500 ,<500 , <500,,<500 ,<500 , 500,,<500 ,<500 , 520,,<500 ,<500 , <500,,<500 ,<500 , <500,
Barbados,<100 ,<100 , <100,"Children estimates were not available at the time of publication.",<100 ,<100 , <100,"Children estimates were not available at the time of publication.",<100 ,<100 , <100,"Children estimates were not available at the time of publication.",<100 ,<100 , <100,"Children estimates were not available at the time of publication.",<100 ,<100 , <100,"Children estimates were not available at the time of publication.",<100 ,<100 , <100,"Children estimates were not available at the time of publication.",<100 ,<100 , <100,"Children estimates were not available at the time of publication.",<100 ,<100 , <100,"Children estimates were not available at the time of publication.",<100 ,<100 , <100,"Children estimates were not available at the time of publication.",<100 ,<100 , <100,"Children estimates were not available at the time of publication.",<100 ,<100 , <100,"Children estimates were not available at the time of publication.",<100 ,<100 , <100,"Children estimates were not available at the time of publication.",<100 ,<100 , <100,"Children estimates were not available at the time of publication.",<100 ,<100 , <100,"Children estimates were not available at the time of publication.",<100 ,<100 , <100,"Children estimates were not available at the time of publication.",<100 ,<100 , <100,"Children estimates were not available at the time of publication.",<100 ,<100 , <100,"Children estimates were not available at the time of publication.",<100 ,<100 , <100,"Children estimates were not available at the time of publication.",<100 ,<100 , <100,"Children estimates were not available at the time of publication.",<100 ,<100 , <100,"Children estimates were not available at the time of publication.",<100 ,<100 , <100,"Children estimates were not available at the time of publication.",<100 ,<100 , <100,"Children estimates were not available at the time of publication.",<100 ,<100 , <100,"Children estimates were not available at the time of publication.",<100 ,<100 , <100,"Children estimates were not available at the time of publication.",<100 ,<100 , <100,"Children estimates were not available at the time of publication.",<100 ,<100 , <100,"Children estimates were not available at the time of publication.",<100 ,<100 , <100,"Children estimates were not available at the time of publication.",<100 ,<100 , <100,"Children estimates were not available at the time of publication.",<100 ,<100 , <100,"Children estimates were not available at the time of publication.",<100 ,<100 , <100,"Children estimates were not available at the time of publication.",<100 ,<100 , <100,"Children estimates were not available at the time of publication.",<100 ,<100 , <100,"Children estimates were not available at the time of publication.",<100 ,<100 , <100,"Children estimates were not available at the time of publication.",<100 ,<100 , <100,"Children estimates were not available at the time of publication.",<100 ,<100 , <100,"Children estimates were not available at the time of publication."
Belarus,... ,... , ...,"Estimates were not available at the time of publication.",... ,... , ...,"Estimates were not available at the time of publication.",... ,... , ...,"Estimates were not available at the time of publication.",... ,... , ...,"Estimates were not available at the time of publication.",... ,... , ...,"Estimates were not available at the time of publication.",... ,... , ...,"Estimates were not available at the time of publication.",... ,... , ...,"Estimates were not available at the time of publication.",... ,... , ...,"Estimates were not available at the time of publication.",... ,... , ...,"Estimates were not available at the time of publication.",... ,... , ...,"Estimates were not available at the time of publication.",... ,... , ...,"Estimates were not available at the time of publication.",... ,... , ...,"Estimates were not available at the time of publication.",... ,... , ...,"Estimates were not available at the time of publication.",... ,... , ...,"Estimates were not available at the time of publication.",... ,... , ...,"Estimates were not available at the time of publication.",... ,... , ...,"Estimates were not available at the time of publication.",... ,... , ...,"Estimates were not available at the time of publication.",... ,... , ...,"Estimates were not available at the time of publication.",... ,... , ...,"Estimates were not available at the time of publication.",... ,... , ...,"Estimates were not available at the time of publication.",... ,... , ...,"Estimates were not available at the time of publication.",... ,... , ...,"Estimates were not available at the time of publication.",... ,... , ...,"Estimates were not available at the time of publication.",... ,... , ...,"Estimates were not available at the time of publication.",... ,... , ...,"Estimates were not available at the time of publication.",... ,... , ...,"Estimates were not available at the time of publication.",... ,... , ...,"Estimates were not available at the time of publication.",... ,... , ...,"Estimates were not available at the time of publication.",... ,... , ...,"Estimates were not available at the time of publication.",... ,... , ...,"Estimates were not available at the time of publication.",... ,... , ...,"Estimates were not available at the time of publication.",... ,... , ...,"Estimates were not available at the time of publication.",... ,... , ...,"Estimates were not available at the time of publication.",... ,... , ...,"Estimates were not available at the time of publication.",... ,... , ...,"Estimates were not available at the time of publication."
Belgium,<200 ,<200 , <200,,<200 ,<200 , <200,,<200 ,<200 , <200,,<200 ,<200 , <500,,<200 ,<200 , <500,,<200 ,<200 , <200,,<100 ,<100 , <100,,<100 ,<100 , <100,,<100 ,<100 , <100,,<100 ,<100 , <100,,<100 ,<100 , <100,,<100 ,<100 , <100,,<100 ,<100 , <100,,<100 ,<100 , <100,,<100 ,<100 , <100,,<100 ,<100 , <100,,<100 ,<100 , <100,,<100 ,<100 , <100,,<100 ,<100 , <100,,<100 ,<100 , <100,,<100 ,<100 , <100,,<100 ,<100 , <100,,<100 ,<100 , <100,,<100 ,<100 , <100,,<100 ,<100 , <100,,<100 ,<100 , <100,,<100 ,<100 , <100,,<100 ,<100 , <100,,<100 ,<100 , <100,,<100 ,<100 , <100,,<100 ,<100 , <100,,<100 ,<100 , <100,,<100 ,<100 , <100,,<100 ,<100 , <100,,<100 ,<100 , <100,
Belize,<100 ,<100 , <100,"Children estimates were not available at the time of publication.",<100 ,<100 , <100,"Children estimates were not available at the time of publication.",<100 ,<100 , <100,"Children estimates were not available at the time of publication.",<100 ,<100 , <100,"Children estimates were not available at the time of publication.",<100 ,<100 , <100,"Children estimates were not available at the time of publication.",<100 ,<100 , <100,"Children estimates were not available at the time of publication.",<100 ,<100 , <100,"Children estimates were not available at the time of publication.",<100 ,<100 , <100,"Children estimates were not available at the time of publication.",<100 ,<100 , <100,"Children estimates were not available at the time of publication.",<100 ,<100 , <100,"Children estimates were not available at the time of publication.",<100 ,<100 , <100,"Children estimates were not available at the time of publication.",<100 ,<100 , <100,"Children estimates were not available at the time of publication.",<100 ,<100 , <100,"Children estimates were not available at the time of publication.",<100 ,<100 , <100,"Children estimates were not available at the time of publication.",<100 ,<100 , <100,"Children estimates were not available at the time of publication.",<100 ,<100 , <100,"Children estimates were not available at the time of publication.",<100 ,<100 , <100,"Children estimates were not available at the time of publication.",<100 ,<100 , <100,"Children estimates were not available at the time of publication.",<100 ,<100 , <100,"Children estimates were not available at the time of publication.",<100 ,<100 , <100,"Children estimates were not available at the time of publication.",<100 ,<100 , <100,"Children estimates were not available at the time of publication.",<100 ,<100 , <100,"Children estimates were not available at the time of publication.",<100 ,<100 , <100,"Children estimates were not available at the time of publication.",<100 ,<100 , <100,"Children estimates were not available at the time of publication.",<100 ,<100 , <100,"Children estimates were not available at the time of publication.",<100 ,<100 , <100,"Children estimates were not available at the time of publication.",<100 ,<100 , <100,"Children estimates were not available at the time of publication.",<100 ,<100 , <100,"Children estimates were not available at the time of publication.",<100 ,<100 , <100,"Children estimates were not available at the time of publication.",<100 ,<100 , <100,"Children estimates were not available at the time of publication.",<100 ,<100 , <100,"Children estimates were not available at the time of publication.",<100 ,<100 , <100,"Children estimates were not available at the time of publication.",<100 ,<100 , <100,"Children estimates were not available at the time of publication.",<100 ,<100 , <100,"Children estimates were not available at the time of publication.",<100 ,<100 , <100,"Children estimates were not available at the time of publication."
Benin,<100 ,<100 , <200,,<200 ,<100 , <500,,<500 ,<200 , <500,,<500 ,<500 , <500,,510 ,<500 , 700,,680 ,530 , 910,,900 ,720 , 1200,,1200 ,960 , 1500,,1500 ,1200 , 1800,,1800 ,1500 , 2100,,2100 ,1800 , 2500,,2400 ,2100 , 2800,,2600 ,2300 , 3100,,2900 ,2600 , 3400,,3100 ,2800 , 3700,,3300 ,2900 , 3800,,3500 ,3100 , 4000,,3500 ,3100 , 4100,,1900 ,1600 , 2300,,1000 ,830 , 1200,,850 ,680 , 1100,,840 ,670 , 1100,,780 ,610 , 1000,,770 ,560 , 1100,,970 ,700 , 1400,,950 ,690 , 1400,,1100 ,700 , 1700,,1200 ,860 , 1700,,1100 ,800 , 1400,,950 ,730 , 1200,,850 ,670 , 1100,,810 ,620 , 1000,,780 ,570 , 990,,680 ,510 , 880,,650 ,<500 , 830,
Bhutan,<100 ,<100 , <100,"Children estimates were not available at the time of publication.",<100 ,<100 , <100,"Children estimates were not available at the time of publication.",<100 ,<100 , <100,"Children estimates were not available at the time of publication.",<100 ,<100 , <100,"Children estimates were not available at the time of publication.",<100 ,<100 , <100,"Children estimates were not available at the time of publication.",<100 ,<100 , <100,"Children estimates were not available at the time of publication.",<100 ,<100 , <100,"Children estimates were not available at the time of publication.",<100 ,<100 , <100,"Children estimates were not available at the time of publication.",<100 ,<100 , <100,"Children estimates were not available at the time of publication.",<100 ,<100 , <100,"Children estimates were not available at the time of publication.",<100 ,<100 , <100,"Children estimates were not available at the time of publication.",<100 ,<100 , <100,"Children estimates were not available at the time of publication.",<100 ,<100 , <100,"Children estimates were not available at the time of publication.",<100 ,<100 , <100,"Children estimates were not available at the time of publication.",<100 ,<100 , <100,"Children estimates were not available at the time of publication.",<100 ,<100 , <100,"Children estimates were not available at the time of publication.",<100 ,<100 , <100,"Children estimates were not available at the time of publication.",<100 ,<100 , <100,"Children estimates were not available at the time of publication.",<100 ,<100 , <100,"Children estimates were not available at the time of publication.",<100 ,<100 , <100,"Children estimates were not available at the time of publication.",<100 ,<100 , <100,"Children estimates were not available at the time of publication.",<100 ,<100 , <100,"Children estimates were not available at the time of publication.",<100 ,<100 , <100,"Children estimates were not available at the time of publication.",<100 ,<100 , <100,"Children estimates were not available at the time of publication.",<100 ,<100 , <100,"Children estimates were not available at the time of publication.",<100 ,<100 , <100,"Children estimates were not available at the time of publication.",<100 ,<100 , <100,"Children estimates were not available at the time of publication.",<100 ,<100 , <100,"Children estimates were not available at the time of publication.",<100 ,<100 , <100,"Children estimates were not available at the time of publication.",<100 ,<100 , <100,"Children estimates were not available at the time of publication.",<100 ,<100 , <100,"Children estimates were not available at the time of publication.",<100 ,<100 , <100,"Children estimates were not available at the time of publication.",<100 ,<100 , <100,"Children estimates were not available at the time of publication.",<100 ,<100 , <100,"Children estimates were not available at the time of publication.",<100 ,<100 , <100,"Children estimates were not available at the time of publication."
Bolivia (Plurinational State of),<100 ,<100 , <200,,<100 ,<100 , <500,,<100 ,<100 , <500,,<200 ,<100 , <500,,<500 ,<100 , <500,,<500 ,<100 , 520,,<500 ,<200 , 600,,<500 ,<200 , 680,,530 ,<500 , 760,,610 ,<500 , 840,,690 ,<500 , 910,,760 ,<500 , 980,,820 ,570 , 1000,,870 ,640 , 1100,,910 ,690 , 1200,,940 ,750 , 1200,,950 ,760 , 1200,,960 ,780 , 1200,,980 ,790 , 1200,,950 ,750 , 1200,,940 ,740 , 1200,,1000 ,810 , 1200,,970 ,770 , 1200,,910 ,720 , 1100,,890 ,720 , 1100,,810 ,630 , 1000,,720 ,550 , 960,,670 ,<500 , 890,,590 ,<500 , 790,,520 ,<500 , 730,,<500 ,<500 , 700,,<500 ,<500 , 650,,<500 ,<500 , 640,,<500 ,<500 , 600,,<500 ,<500 , 530,
Bosnia and Herzegovina,... ,... , ...,"Estimates were not available at the time of publication.",... ,... , ...,"Estimates were not available at the time of publication.",... ,... , ...,"Estimates were not available at the time of publication.",... ,... , ...,"Estimates were not available at the time of publication.",... ,... , ...,"Estimates were not available at the time of publication.",... ,... , ...,"Estimates were not available at the time of publication.",... ,... , ...,"Estimates were not available at the time of publication.",... ,... , ...,"Estimates were not available at the time of publication.",... ,... , ...,"Estimates were not available at the time of publication.",... ,... , ...,"Estimates were not available at the time of publication.",... ,... , ...,"Estimates were not available at the time of publication.",... ,... , ...,"Estimates were not available at the time of publication.",... ,... , ...,"Estimates were not available at the time of publication.",... ,... , ...,"Estimates were not available at the time of publication.",... ,... , ...,"Estimates were not available at the time of publication.",... ,... , ...,"Estimates were not available at the time of publication.",... ,... , ...,"Estimates were not available at the time of publication.",... ,... , ...,"Estimates were not available at the time of publication.",... ,... , ...,"Estimates were not available at the time of publication.",... ,... , ...,"Estimates were not available at the time of publication.",... ,... , ...,"Estimates were not available at the time of publication.",... ,... , ...,"Estimates were not available at the time of publication.",... ,... , ...,"Estimates were not available at the time of publication.",... ,... , ...,"Estimates were not available at the time of publication.",... ,... , ...,"Estimates were not available at the time of publication.",... ,... , ...,"Estimates were not available at the time of publication.",... ,... , ...,"Estimates were not available at the time of publication.",... ,... , ...,"Estimates were not available at the time of publication.",... ,... , ...,"Estimates were not available at the time of publication.",... ,... , ...,"Estimates were not available at the time of publication.",... ,... , ...,"Estimates were not available at the time of publication.",... ,... , ...,"Estimates were not available at the time of publication.",... ,... , ...,"Estimates were not available at the time of publication.",... ,... , ...,"Estimates were not available at the time of publication.",... ,... , ...,"Estimates were not available at the time of publication."
Botswana,860 ,690 , 1000,,1300 ,1100 , 1500,,1800 ,1600 , 2100,,2600 ,2300 , 3000,,3500 ,3100 , 3900,,4600 ,4200 , 5100,,5900 ,5400 , 6500,,7300 ,6700 , 8000,,8700 ,8100 , 9500,,10 000 ,9500 , 11 000,,11 000 ,11 000 , 12 000,,13 000 ,12 000 , 14 000,,13 000 ,12 000 , 14 000,,13 000 ,12 000 , 13 000,,11 000 ,9900 , 12 000,,8500 ,7700 , 9700,,7100 ,6300 , 8200,,6100 ,5400 , 7200,,5500 ,4800 , 6500,,4700 ,4200 , 5500,,4200 ,3700 , 4800,,3800 ,3300 , 4400,,3600 ,3200 , 4200,,3600 ,3100 , 4200,,3400 ,2900 , 4000,,3500 ,3000 , 4100,,3500 ,3000 , 4100,,3300 ,2800 , 3900,,3300 ,2800 , 4000,,3200 ,2700 , 3800,,3000 ,2500 , 3600,,3000 ,2500 , 3600,,2700 ,2200 , 3300,,2500 ,2000 , 3000,,2400 ,1900 , 2800,
Brazil,... ,... , ...,,... ,... , ...,,... ,... , ...,,... ,... , ...,,... ,... , ...,,... ,... , ...,,... ,... , ...,,... ,... , ...,,... ,... , ...,,... ,... , ...,,... ,... , ...,,... ,... , ...,,... ,... , ...,,... ,... , ...,,... ,... , ...,,... ,... , ...,,... ,... , ...,,... ,... , ...,,... ,... , ...,,... ,... , ...,,... ,... , ...,,... ,... , ...,,... ,... , ...,,... ,... , ...,,... ,... , ...,,... ,... , ...,,... ,... , ...,,... ,... , ...,,... ,... , ...,,... ,... , ...,,... ,... , ...,,... ,... , ...,,... ,... , ...,,... ,... , ...,,... ,... , ...,
Brunei Darussalam,... ,... , ...,"Estimates were not available at the time of publication.",... ,... , ...,"Estimates were not available at the time of publication.",... ,... , ...,"Estimates were not available at the time of publication.",... ,... , ...,"Estimates were not available at the time of publication.",... ,... , ...,"Estimates were not available at the time of publication.",... ,... , ...,"Estimates were not available at the time of publication.",... ,... , ...,"Estimates were not available at the time of publication.",... ,... , ...,"Estimates were not available at the time of publication.",... ,... , ...,"Estimates were not available at the time of publication.",... ,... , ...,"Estimates were not available at the time of publication.",... ,... , ...,"Estimates were not available at the time of publication.",... ,... , ...,"Estimates were not available at the time of publication.",... ,... , ...,"Estimates were not available at the time of publication.",... ,... , ...,"Estimates were not available at the time of publication.",... ,... , ...,"Estimates were not available at the time of publication.",... ,... , ...,"Estimates were not available at the time of publication.",... ,... , ...,"Estimates were not available at the time of publication.",... ,... , ...,"Estimates were not available at the time of publication.",... ,... , ...,"Estimates were not available at the time of publication.",... ,... , ...,"Estimates were not available at the time of publication.",... ,... , ...,"Estimates were not available at the time of publication.",... ,... , ...,"Estimates were not available at the time of publication.",... ,... , ...,"Estimates were not available at the time of publication.",... ,... , ...,"Estimates were not available at the time of publication.",... ,... , ...,"Estimates were not available at the time of publication.",... ,... , ...,"Estimates were not available at the time of publication.",... ,... , ...,"Estimates were not available at the time of publication.",... ,... , ...,"Estimates were not available at the time of publication.",... ,... , ...,"Estimates were not available at the time of publication.",... ,... , ...,"Estimates were not available at the time of publication.",... ,... , ...,"Estimates were not available at the time of publication.",... ,... , ...,"Estimates were not available at the time of publication.",... ,... , ...,"Estimates were not available at the time of publication.",... ,... , ...,"Estimates were not available at the time of publication.",... ,... , ...,"Estimates were not available at the time of publication."
Bulgaria,<100 ,<100 , <100,"Children estimates were not available at the time of publication.",<100 ,<100 , <100,"Children estimates were not available at the time of publication.",<100 ,<100 , <100,"Children estimates were not available at the time of publication.",<100 ,<100 , <100,"Children estimates were not available at the time of publication.",<100 ,<100 , <100,"Children estimates were not available at the time of publication.",<100 ,<100 , <100,"Children estimates were not available at the time of publication.",<100 ,<100 , <100,"Children estimates were not available at the time of publication.",<100 ,<100 , <100,"Children estimates were not available at the time of publication.",<100 ,<100 , <100,"Children estimates were not available at the time of publication.",<100 ,<100 , <100,"Children estimates were not available at the time of publication.",<100 ,<100 , <100,"Children estimates were not available at the time of publication.",<100 ,<100 , <100,"Children estimates were not available at the time of publication.",<100 ,<100 , <100,"Children estimates were not available at the time of publication.",<100 ,<100 , <100,"Children estimates were not available at the time of publication.",<100 ,<100 , <100,"Children estimates were not available at the time of publication.",<100 ,<100 , <100,"Children estimates were not available at the time of publication.",<100 ,<100 , <100,"Children estimates were not available at the time of publication.",<100 ,<100 , <100,"Children estimates were not available at the time of publication.",<100 ,<100 , <100,"Children estimates were not available at the time of publication.",<100 ,<100 , <100,"Children estimates were not available at the time of publication.",<100 ,<100 , <100,"Children estimates were not available at the time of publication.",<100 ,<100 , <100,"Children estimates were not available at the time of publication.",<100 ,<100 , <100,"Children estimates were not available at the time of publication.",<100 ,<100 , <100,"Children estimates were not available at the time of publication.",<100 ,<100 , <100,"Children estimates were not available at the time of publication.",<100 ,<100 , <100,"Children estimates were not available at the time of publication.",<100 ,<100 , <100,"Children estimates were not available at the time of publication.",<100 ,<100 , <100,"Children estimates were not available at the time of publication.",<100 ,<100 , <100,"Children estimates were not available at the time of publication.",<100 ,<100 , <100,"Children estimates were not available at the time of publication.",<100 ,<100 , <100,"Children estimates were not available at the time of publication.",<100 ,<100 , <100,"Children estimates were not available at the time of publication.",<100 ,<100 , <100,"Children estimates were not available at the time of publication.",<100 ,<100 , <100,"Children estimates were not available at the time of publication.",<100 ,<100 , <100,"Children estimates were not available at the time of publication."
Burkina Faso,3000 ,1700 , 6100,,3700 ,2200 , 7100,,4400 ,2700 , 8000,,5100 ,3200 , 8700,,5700 ,3700 , 9300,,6300 ,4200 , 9700,,6800 ,4700 , 10 000,,7200 ,5100 , 10 000,,7500 ,5600 , 11 000,,7800 ,6000 , 11 000,,8000 ,6300 , 11 000,,8100 ,6500 , 10 000,,8100 ,6600 , 10 000,,7800 ,6500 , 9700,,7200 ,6000 , 8800,,6300 ,5200 , 7700,,5300 ,4300 , 6600,,4600 ,3700 , 5900,,4000 ,3100 , 5100,,3400 ,2600 , 4200,,3000 ,2200 , 3800,,2700 ,2000 , 3400,,2600 ,2000 , 3300,,2500 ,1900 , 3200,,2400 ,1800 , 3100,,2200 ,1700 , 2700,,1900 ,1500 , 2400,,1800 ,1400 , 2300,,1600 ,1200 , 2100,,1600 ,1200 , 2100,,1400 ,1000 , 1900,,1400 ,1000 , 2000,,1300 ,970 , 1800,,1200 ,870 , 1600,,1100 ,780 , 1500,
Burundi,2900 ,840 , 6300,,3700 ,1300 , 7600,,4500 ,1800 , 8700,,5400 ,2500 , 9900,,4700 ,2400 , 8200,,6600 ,3700 , 11 000,,7100 ,4400 , 11 000,,7000 ,4700 , 10 000,,7200 ,5200 , 10 000,,7600 ,5700 , 10 000,,7600 ,5900 , 10 000,,7500 ,5900 , 9500,,7400 ,6000 , 9100,,7200 ,5900 , 8600,,6700 ,5600 , 8100,,6100 ,5100 , 7200,,5600 ,4700 , 6600,,5100 ,4300 , 6000,,4500 ,3700 , 5300,,4100 ,3300 , 4800,,3800 ,3100 , 4600,,3300 ,2600 , 4100,,3000 ,2300 , 3700,,2800 ,2100 , 3500,,2500 ,1900 , 3300,,2200 ,1600 , 3000,,1700 ,1300 , 2400,,1400 ,1000 , 1900,,1100 ,830 , 1700,,980 ,750 , 1500,,840 ,650 , 1300,,740 ,570 , 1200,,670 ,520 , 1100,,620 ,<500 , 1100,,570 ,<500 , 990,
Cabo Verde,<100 ,<100 , <100,,<100 ,<100 , <100,,<100 ,<100 , <100,,<100 ,<100 , <100,,<100 ,<100 , <100,,<100 ,<100 , <100,,<100 ,<100 , <100,,<100 ,<100 , <100,,<100 ,<100 , <100,,<100 ,<100 , <200,,<100 ,<100 , <200,,<100 ,<100 , <200,,<100 ,<100 , <200,,<200 ,<100 , <200,,<200 ,<100 , <200,,<100 ,<100 , <200,,<100 ,<100 , <100,,<100 ,<100 , <100,,<100 ,<100 , <100,,<100 ,<100 , <100,,<100 ,<100 , <100,,<100 ,<100 , <100,,<100 ,<100 , <100,,<100 ,<100 , <100,,<100 ,<100 , <100,,<100 ,<100 , <100,,<100 ,<100 , <100,,<100 ,<100 , <100,,<100 ,<100 , <100,,<100 ,<100 , <100,,<100 ,<100 , <100,,<100 ,<100 , <100,,<100 ,<100 , <100,,<100 ,<100 , <100,,<100 ,<100 , <100,
Cambodia,<100 ,<100 , <100,,<100 ,<100 , <100,,<100 ,<100 , <100,,<100 ,<100 , <100,,<200 ,<200 , <200,,<500 ,<500 , <500,,570 ,<500 , 670,,920 ,780 , 1100,,1400 ,1200 , 1600,,1800 ,1600 , 2200,,2300 ,2000 , 2700,,2800 ,2400 , 3300,,3300 ,2800 , 3800,,3500 ,3000 , 4000,,3300 ,2900 , 3900,,3000 ,2500 , 3500,,2400 ,2000 , 2900,,1800 ,1500 , 2100,,1400 ,1000 , 1700,,1100 ,800 , 1500,,950 ,720 , 1200,,900 ,680 , 1200,,980 ,700 , 1300,,1100 ,780 , 1500,,1200 ,850 , 1700,,1300 ,850 , 1700,,1200 ,810 , 1600,,1100 ,730 , 1500,,1000 ,640 , 1400,,900 ,540 , 1300,,790 ,<500 , 1200,,700 ,<500 , 1100,,630 ,<500 , 970,,550 ,<500 , 870,,<500 ,<500 , 770,
Cameroon,1100 ,670 , 1600,,1500 ,970 , 2200,,2100 ,1400 , 2800,,2900 ,2000 , 3600,,3900 ,2800 , 4800,,5100 ,3800 , 6100,,6600 ,5000 , 7800,,8400 ,6700 , 9700,,10 000 ,8600 , 12 000,,13 000 ,11 000 , 14 000,,15 000 ,13 000 , 17 000,,17 000 ,15 000 , 20 000,,20 000 ,17 000 , 22 000,,22 000 ,19 000 , 24 000,,23 000 ,20 000 , 25 000,,22 000 ,19 000 , 24 000,,23 000 ,20 000 , 25 000,,22 000 ,20 000 , 25 000,,21 000 ,19 000 , 24 000,,20 000 ,18 000 , 23 000,,20 000 ,18 000 , 23 000,,21 000 ,18 000 , 24 000,,20 000 ,18 000 , 23 000,,20 000 ,18 000 , 23 000,,21 000 ,19 000 , 24 000,,21 000 ,18 000 , 23 000,,19 000 ,17 000 , 21 000,,16 000 ,14 000 , 19 000,,13 000 ,12 000 , 16 000,,12 000 ,9900 , 14 000,,10 000 ,8400 , 13 000,,8500 ,7200 , 11 000,,7200 ,6100 , 9000,,6100 ,5100 , 7800,,5300 ,4300 , 6700,
Canada,1400 ,1200 , 1600,,1600 ,1400 , 1900,,1800 ,1500 , 2100,,1900 ,1600 , 2200,,2000 ,1700 , 2400,,2100 ,1800 , 2500,,1800 ,1400 , 2100,,1400 ,1000 , 1600,,1200 ,890 , 1400,,1100 ,840 , 1300,,1000 ,810 , 1300,,990 ,780 , 1200,,830 ,660 , 1000,,740 ,580 , 930,,840 ,650 , 1100,,900 ,690 , 1100,,940 ,690 , 1200,,960 ,670 , 1200,,960 ,660 , 1200,,660 ,<500 , 830,,<500 ,<500 , 550,,<500 ,<500 , 640,,530 ,<500 , 720,,<500 ,<500 , <500,,<200 ,<100 , <200,,<100 ,<100 , <200,,<100 ,<100 , <100,,<100 ,<100 , <100,,<100 ,<100 , <100,,<100 ,<100 , <100,,<100 ,<100 , <100,,<100 ,<100 , <100,,<100 ,<100 , <100,,... ,... , ...,,... ,... , ...,
Central African Republic,1300 ,880 , 1900,,1700 ,1200 , 2500,,2300 ,1600 , 3300,,2900 ,2100 , 4100,,3600 ,2600 , 5100,,4300 ,3200 , 6100,,5000 ,3800 , 6900,,5800 ,4400 , 7800,,6500 ,5000 , 8600,,7100 ,5600 , 9300,,7700 ,6200 , 9900,,8200 ,6700 , 10 000,,8500 ,6900 , 11 000,,8800 ,7200 , 11 000,,8900 ,7400 , 11 000,,8800 ,7300 , 11 000,,8500 ,7000 , 10 000,,7800 ,6400 , 9400,,6800 ,5400 , 8200,,6100 ,4800 , 7400,,6100 ,5000 , 7400,,6300 ,5100 , 7500,,6300 ,5200 , 7400,,6000 ,4900 , 7100,,5400 ,4400 , 6400,,4400 ,3400 , 5300,,3900 ,3000 , 4800,,3600 ,2800 , 4500,,3300 ,2400 , 4200,,2900 ,2100 , 3900,,2500 ,1800 , 3500,,2200 ,1500 , 3200,,1900 ,1300 , 2800,,1600 ,1100 , 2600,,1500 ,990 , 2400,
Chad,700 ,<500 , 1500,,920 ,<500 , 1900,,1300 ,630 , 2400,,1600 ,850 , 3000,,1900 ,1000 , 3400,,2400 ,1300 , 3900,,2900 ,1800 , 4600,,3400 ,2200 , 5200,,3900 ,2600 , 5800,,4400 ,3000 , 6300,,4900 ,3300 , 6800,,5200 ,3600 , 7200,,5600 ,4000 , 7500,,5900 ,4300 , 7800,,6200 ,4700 , 8100,,6400 ,4800 , 8300,,5900 ,4400 , 7700,,5300 ,3800 , 7100,,4800 ,3400 , 6400,,4400 ,3100 , 6100,,4200 ,2800 , 5800,,4100 ,2800 , 5600,,4000 ,2700 , 5500,,4000 ,2700 , 5400,,3900 ,2700 , 5300,,3800 ,2600 , 5100,,3600 ,2500 , 4800,,3500 ,2400 , 4600,,3300 ,2200 , 4400,,3200 ,2100 , 4200,,2900 ,2000 , 4000,,2600 ,1800 , 3700,,2400 ,1600 , 3400,,2200 ,1400 , 3000,,2000 ,1300 , 2800,
Chile,... ,... , ...,,... ,... , ...,,... ,... , ...,,... ,... , ...,,... ,... , ...,,... ,... , ...,,... ,... , ...,,... ,... , ...,,... ,... , ...,,... ,... , ...,,... ,... , ...,,... ,... , ...,,... ,... , ...,,... ,... , ...,,... ,... , ...,,... ,... , ...,,... ,... , ...,,... ,... , ...,,... ,... , ...,,... ,... , ...,,... ,... , ...,,... ,... , ...,,... ,... , ...,,... ,... , ...,,... ,... , ...,,... ,... , ...,,... ,... , ...,,... ,... , ...,,... ,... , ...,,... ,... , ...,,... ,... , ...,,... ,... , ...,,... ,... , ...,,... ,... , ...,,... ,... , ...,
China,... ,... , ...,"Estimates were not available at the time of publication.",... ,... , ...,"Estimates were not available at the time of publication.",... ,... , ...,"Estimates were not available at the time of publication.",... ,... , ...,"Estimates were not available at the time of publication.",... ,... , ...,"Estimates were not available at the time of publication.",... ,... , ...,"Estimates were not available at the time of publication.",... ,... , ...,"Estimates were not available at the time of publication.",... ,... , ...,"Estimates were not available at the time of publication.",... ,... , ...,"Estimates were not available at the time of publication.",... ,... , ...,"Estimates were not available at the time of publication.",... ,... , ...,"Estimates were not available at the time of publication.",... ,... , ...,"Estimates were not available at the time of publication.",... ,... , ...,"Estimates were not available at the time of publication.",... ,... , ...,"Estimates were not available at the time of publication.",... ,... , ...,"Estimates were not available at the time of publication.",... ,... , ...,"Estimates were not available at the time of publication.",... ,... , ...,"Estimates were not available at the time of publication.",... ,... , ...,"Estimates were not available at the time of publication.",... ,... , ...,"Estimates were not available at the time of publication.",... ,... , ...,"Estimates were not available at the time of publication.",... ,... , ...,"Estimates were not available at the time of publication.",... ,... , ...,"Estimates were not available at the time of publication.",... ,... , ...,"Estimates were not available at the time of publication.",... ,... , ...,"Estimates were not available at the time of publication.",... ,... , ...,"Estimates were not available at the time of publication.",... ,... , ...,"Estimates were not available at the time of publication.",... ,... , ...,"Estimates were not available at the time of publication.",... ,... , ...,"Estimates were not available at the time of publication.",... ,... , ...,"Estimates were not available at the time of publication.",... ,... , ...,"Estimates were not available at the time of publication.",... ,... , ...,"Estimates were not available at the time of publication.",... ,... , ...,"Estimates were not available at the time of publication.",... ,... , ...,"Estimates were not available at the time of publication.",... ,... , ...,"Estimates were not available at the time of publication.",... ,... , ...,"Estimates were not available at the time of publication."
Colombia,<500 ,<200 , 520,,<500 ,<500 , 700,,650 ,<500 , 950,,900 ,650 , 1300,,1200 ,890 , 1700,,1600 ,1200 , 2200,,2100 ,1500 , 2800,,2600 ,1900 , 3500,,3100 ,2300 , 4200,,3700 ,2700 , 4900,,4200 ,3200 , 5700,,4600 ,3400 , 6100,,4700 ,3500 , 6300,,4900 ,3600 , 6500,,5100 ,3800 , 6800,,5300 ,4000 , 7100,,4900 ,3700 , 6600,,4800 ,3600 , 6600,,5700 ,4300 , 7600,,6000 ,4600 , 7700,,5600 ,4200 , 7200,,4700 ,3500 , 6200,,4200 ,3000 , 5500,,3900 ,2700 , 5200,,3600 ,2500 , 4800,,3300 ,2200 , 4400,,3000 ,1900 , 4100,,3000 ,1800 , 4200,,2900 ,1700 , 4200,,2300 ,1300 , 3500,,1900 ,1100 , 3100,,1900 ,1000 , 3300,,2000 ,980 , 3400,,1700 ,890 , 3100,,... ,... , ...,
Comoros,<100 ,<100 , <100,"Children estimates were not available at the time of publication.",<100 ,<100 , <100,"Children estimates were not available at the time of publication.",<100 ,<100 , <100,"Children estimates were not available at the time of publication.",<100 ,<100 , <100,"Children estimates were not available at the time of publication.",<100 ,<100 , <100,"Children estimates were not available at the time of publication.",<100 ,<100 , <100,"Children estimates were not available at the time of publication.",<100 ,<100 , <100,"Children estimates were not available at the time of publication.",<100 ,<100 , <100,"Children estimates were not available at the time of publication.",<100 ,<100 , <100,"Children estimates were not available at the time of publication.",<100 ,<100 , <100,"Children estimates were not available at the time of publication.",<100 ,<100 , <100,"Children estimates were not available at the time of publication.",<100 ,<100 , <100,"Children estimates were not available at the time of publication.",<100 ,<100 , <100,"Children estimates were not available at the time of publication.",<100 ,<100 , <100,"Children estimates were not available at the time of publication.",<100 ,<100 , <100,"Children estimates were not available at the time of publication.",<100 ,<100 , <100,"Children estimates were not available at the time of publication.",<100 ,<100 , <100,"Children estimates were not available at the time of publication.",<100 ,<100 , <100,"Children estimates were not available at the time of publication.",<100 ,<100 , <100,"Children estimates were not available at the time of publication.",<100 ,<100 , <100,"Children estimates were not available at the time of publication.",<100 ,<100 , <100,"Children estimates were not available at the time of publication.",<100 ,<100 , <100,"Children estimates were not available at the time of publication.",<100 ,<100 , <100,"Children estimates were not available at the time of publication.",<100 ,<100 , <100,"Children estimates were not available at the time of publication.",<100 ,<100 , <100,"Children estimates were not available at the time of publication.",<100 ,<100 , <100,"Children estimates were not available at the time of publication.",<100 ,<100 , <100,"Children estimates were not available at the time of publication.",<100 ,<100 , <100,"Children estimates were not available at the time of publication.",<100 ,<100 , <100,"Children estimates were not available at the time of publication.",<100 ,<100 , <100,"Children estimates were not available at the time of publication.",<100 ,<100 , <100,"Children estimates were not available at the time of publication.",<100 ,<100 , <100,"Children estimates were not available at the time of publication.",<100 ,<100 , <100,"Children estimates were not available at the time of publication.",<100 ,<100 , <100,"Children estimates were not available at the time of publication.",<100 ,<100 , <100,"Children estimates were not available at the time of publication."
Congo,1700 ,1100 , 2500,,2100 ,1400 , 2900,,2500 ,1800 , 3400,,2900 ,2100 , 3800,,3300 ,2500 , 4200,,3700 ,2900 , 4600,,4100 ,3200 , 4900,,4300 ,3500 , 5300,,4500 ,3700 , 5500,,4700 ,3900 , 5700,,4900 ,4100 , 5900,,5200 ,4400 , 6200,,5300 ,4500 , 6300,,5300 ,4500 , 6200,,5300 ,4600 , 6300,,5000 ,4300 , 6000,,4800 ,4100 , 5700,,4700 ,4100 , 5600,,4100 ,3500 , 5000,,3500 ,2900 , 4300,,3600 ,2900 , 4400,,3600 ,2800 , 4400,,3700 ,3000 , 4500,,3900 ,3100 , 4700,,4000 ,3200 , 4800,,4200 ,3400 , 4900,,4100 ,3300 , 4800,,4100 ,3200 , 4900,,4100 ,3100 , 4900,,4100 ,3000 , 5000,,4100 ,3000 , 5100,,4100 ,2900 , 5200,,3900 ,2700 , 5300,,3700 ,2400 , 5200,,3500 ,2200 , 5100,
Costa Rica,<100 ,<100 , <100,,<100 ,<100 , <100,,<100 ,<100 , <100,,<100 ,<100 , <100,,<100 ,<100 , <100,,<100 ,<100 , <200,,<200 ,<100 , <200,,<200 ,<200 , <200,,<200 ,<200 , <200,,<200 ,<200 , <200,,<200 ,<200 , <200,,<100 ,<100 , <200,,<100 ,<100 , <200,,<100 ,<100 , <200,,<100 ,<100 , <200,,<100 ,<100 , <200,,<200 ,<100 , <200,,<200 ,<100 , <200,,<200 ,<100 , <200,,<200 ,<200 , <200,,<200 ,<100 , <200,,<100 ,<100 , <100,,<100 ,<100 , <200,,<200 ,<100 , <200,,<200 ,<200 , <200,,<200 ,<200 , <200,,<200 ,<100 , <200,,<200 ,<100 , <200,,<200 ,<100 , <200,,<200 ,<100 , <200,,<200 ,<100 , <200,,<200 ,<100 , <200,,<200 ,<100 , <200,,<100 ,<100 , <200,,<200 ,<100 , <200,
Croatia,<100 ,<100 , <100,"Children estimates were not available at the time of publication.",<100 ,<100 , <100,"Children estimates were not available at the time of publication.",<100 ,<100 , <100,"Children estimates were not available at the time of publication.",<100 ,<100 , <100,"Children estimates were not available at the time of publication.",<100 ,<100 , <100,"Children estimates were not available at the time of publication.",<100 ,<100 , <100,"Children estimates were not available at the time of publication.",<100 ,<100 , <100,"Children estimates were not available at the time of publication.",<100 ,<100 , <100,"Children estimates were not available at the time of publication.",<100 ,<100 , <100,"Children estimates were not available at the time of publication.",<100 ,<100 , <100,"Children estimates were not available at the time of publication.",<100 ,<100 , <100,"Children estimates were not available at the time of publication.",<100 ,<100 , <100,"Children estimates were not available at the time of publication.",<100 ,<100 , <100,"Children estimates were not available at the time of publication.",<100 ,<100 , <100,"Children estimates were not available at the time of publication.",<100 ,<100 , <100,"Children estimates were not available at the time of publication.",<100 ,<100 , <100,"Children estimates were not available at the time of publication.",<100 ,<100 , <100,"Children estimates were not available at the time of publication.",<100 ,<100 , <100,"Children estimates were not available at the time of publication.",<100 ,<100 , <100,"Children estimates were not available at the time of publication.",<100 ,<100 , <100,"Children estimates were not available at the time of publication.",<100 ,<100 , <100,"Children estimates were not available at the time of publication.",<100 ,<100 , <100,"Children estimates were not available at the time of publication.",<100 ,<100 , <100,"Children estimates were not available at the time of publication.",<100 ,<100 , <100,"Children estimates were not available at the time of publication.",<100 ,<100 , <100,"Children estimates were not available at the time of publication.",<100 ,<100 , <100,"Children estimates were not available at the time of publication.",<100 ,<100 , <100,"Children estimates were not available at the time of publication.",<100 ,<100 , <100,"Children estimates were not available at the time of publication.",<100 ,<100 , <100,"Children estimates were not available at the time of publication.",<100 ,<100 , <100,"Children estimates were not available at the time of publication.",<100 ,<100 , <100,"Children estimates were not available at the time of publication.",<100 ,<100 , <100,"Children estimates were not available at the time of publication.",<100 ,<100 , <100,"Children estimates were not available at the time of publication.",<100 ,<100 , <100,"Children estimates were not available at the time of publication.",<100 ,<100 , <100,"Children estimates were not available at the time of publication."
Cuba,<100 ,<100 , <100,,<100 ,<100 , <100,,<100 ,<100 , <100,,<100 ,<100 , <100,,<100 ,<100 , <100,,<100 ,<100 , <100,,<100 ,<100 , <100,,<100 ,<100 , <100,,<100 ,<100 , <200,,<200 ,<100 , <200,,<200 ,<100 , <200,,<200 ,<200 , <200,,<200 ,<100 , <200,,<100 ,<100 , <200,,<200 ,<100 , <200,,<200 ,<100 , <200,,<200 ,<200 , <200,,<200 ,<200 , <500,,<200 ,<200 , <500,,<200 ,<200 , <500,,<500 ,<200 , <500,,<500 ,<200 , <500,,<500 ,<200 , <500,,<500 ,<200 , <500,,<500 ,<200 , <500,,<500 ,<200 , <500,,<200 ,<200 , <500,,<200 ,<200 , <500,,<200 ,<200 , <500,,<200 ,<200 , <500,,<200 ,<100 , <500,,<200 ,<200 , <500,,<200 ,<200 , <500,,<200 ,<200 , <500,,<500 ,<200 , <500,
Cyprus,... ,... , ...,"Estimates were not available at the time of publication.",... ,... , ...,"Estimates were not available at the time of publication.",... ,... , ...,"Estimates were not available at the time of publication.",... ,... , ...,"Estimates were not available at the time of publication.",... ,... , ...,"Estimates were not available at the time of publication.",... ,... , ...,"Estimates were not available at the time of publication.",... ,... , ...,"Estimates were not available at the time of publication.",... ,... , ...,"Estimates were not available at the time of publication.",... ,... , ...,"Estimates were not available at the time of publication.",... ,... , ...,"Estimates were not available at the time of publication.",... ,... , ...,"Estimates were not available at the time of publication.",... ,... , ...,"Estimates were not available at the time of publication.",... ,... , ...,"Estimates were not available at the time of publication.",... ,... , ...,"Estimates were not available at the time of publication.",... ,... , ...,"Estimates were not available at the time of publication.",... ,... , ...,"Estimates were not available at the time of publication.",... ,... , ...,"Estimates were not available at the time of publication.",... ,... , ...,"Estimates were not available at the time of publication.",... ,... , ...,"Estimates were not available at the time of publication.",... ,... , ...,"Estimates were not available at the time of publication.",... ,... , ...,"Estimates were not available at the time of publication.",... ,... , ...,"Estimates were not available at the time of publication.",... ,... , ...,"Estimates were not available at the time of publication.",... ,... , ...,"Estimates were not available at the time of publication.",... ,... , ...,"Estimates were not available at the time of publication.",... ,... , ...,"Estimates were not available at the time of publication.",... ,... , ...,"Estimates were not available at the time of publication.",... ,... , ...,"Estimates were not available at the time of publication.",... ,... , ...,"Estimates were not available at the time of publication.",... ,... , ...,"Estimates were not available at the time of publication.",... ,... , ...,"Estimates were not available at the time of publication.",... ,... , ...,"Estimates were not available at the time of publication.",... ,... , ...,"Estimates were not available at the time of publication.",... ,... , ...,"Estimates were not available at the time of publication.",... ,... , ...,"Estimates were not available at the time of publication."
Czechia,... ,... , ...,"Estimates were not available at the time of publication.",... ,... , ...,"Estimates were not available at the time of publication.",... ,... , ...,"Estimates were not available at the time of publication.",... ,... , ...,"Estimates were not available at the time of publication.",... ,... , ...,"Estimates were not available at the time of publication.",... ,... , ...,"Estimates were not available at the time of publication.",... ,... , ...,"Estimates were not available at the time of publication.",... ,... , ...,"Estimates were not available at the time of publication.",... ,... , ...,"Estimates were not available at the time of publication.",... ,... , ...,"Estimates were not available at the time of publication.",... ,... , ...,"Estimates were not available at the time of publication.",... ,... , ...,"Estimates were not available at the time of publication.",... ,... , ...,"Estimates were not available at the time of publication.",... ,... , ...,"Estimates were not available at the time of publication.",... ,... , ...,"Estimates were not available at the time of publication.",... ,... , ...,"Estimates were not available at the time of publication.",... ,... , ...,"Estimates were not available at the time of publication.",... ,... , ...,"Estimates were not available at the time of publication.",... ,... , ...,"Estimates were not available at the time of publication.",... ,... , ...,"Estimates were not available at the time of publication.",... ,... , ...,"Estimates were not available at the time of publication.",... ,... , ...,"Estimates were not available at the time of publication.",... ,... , ...,"Estimates were not available at the time of publication.",... ,... , ...,"Estimates were not available at the time of publication.",... ,... , ...,"Estimates were not available at the time of publication.",... ,... , ...,"Estimates were not available at the time of publication.",... ,... , ...,"Estimates were not available at the time of publication.",... ,... , ...,"Estimates were not available at the time of publication.",... ,... , ...,"Estimates were not available at the time of publication.",... ,... , ...,"Estimates were not available at the time of publication.",... ,... , ...,"Estimates were not available at the time of publication.",... ,... , ...,"Estimates were not available at the time of publication.",... ,... , ...,"Estimates were not available at the time of publication.",... ,... , ...,"Estimates were not available at the time of publication.",... ,... , ...,"Estimates were not available at the time of publication."
Côte d'Ivoire,6600 ,4000 , 12 000,,8800 ,5600 , 15 000,,11 000 ,7500 , 19 000,,14 000 ,9700 , 23 000,,18 000 ,12 000 , 26 000,,21 000 ,15 000 , 30 000,,24 000 ,18 000 , 33 000,,28 000 ,21 000 , 36 000,,31 000 ,25 000 , 39 000,,34 000 ,28 000 , 41 000,,36 000 ,30 000 , 43 000,,37 000 ,32 000 , 43 000,,38 000 ,33 000 , 44 000,,39 000 ,34 000 , 43 000,,38 000 ,33 000 , 43 000,,36 000 ,31 000 , 40 000,,32 000 ,28 000 , 37 000,,30 000 ,26 000 , 34 000,,26 000 ,23 000 , 31 000,,23 000 ,19 000 , 27 000,,21 000 ,17 000 , 25 000,,19 000 ,16 000 , 23 000,,17 000 ,14 000 , 21 000,,16 000 ,13 000 , 20 000,,16 000 ,13 000 , 19 000,,14 000 ,11 000 , 17 000,,12 000 ,9700 , 15 000,,11 000 ,8700 , 14 000,,9200 ,7400 , 12 000,,7900 ,6200 , 10 000,,7000 ,5400 , 9400,,6300 ,4800 , 8700,,5900 ,4400 , 8000,,5100 ,3800 , 7100,,4500 ,3100 , 6300,
Democratic People's Republic of Korea,... ,... , ...,"Estimates were not available at the time of publication.",... ,... , ...,"Estimates were not available at the time of publication.",... ,... , ...,"Estimates were not available at the time of publication.",... ,... , ...,"Estimates were not available at the time of publication.",... ,... , ...,"Estimates were not available at the time of publication.",... ,... , ...,"Estimates were not available at the time of publication.",... ,... , ...,"Estimates were not available at the time of publication.",... ,... , ...,"Estimates were not available at the time of publication.",... ,... , ...,"Estimates were not available at the time of publication.",... ,... , ...,"Estimates were not available at the time of publication.",... ,... , ...,"Estimates were not available at the time of publication.",... ,... , ...,"Estimates were not available at the time of publication.",... ,... , ...,"Estimates were not available at the time of publication.",... ,... , ...,"Estimates were not available at the time of publication.",... ,... , ...,"Estimates were not available at the time of publication.",... ,... , ...,"Estimates were not available at the time of publication.",... ,... , ...,"Estimates were not available at the time of publication.",... ,... , ...,"Estimates were not available at the time of publication.",... ,... , ...,"Estimates were not available at the time of publication.",... ,... , ...,"Estimates were not available at the time of publication.",... ,... , ...,"Estimates were not available at the time of publication.",... ,... , ...,"Estimates were not available at the time of publication.",... ,... , ...,"Estimates were not available at the time of publication.",... ,... , ...,"Estimates were not available at the time of publication.",... ,... , ...,"Estimates were not available at the time of publication.",... ,... , ...,"Estimates were not available at the time of publication.",... ,... , ...,"Estimates were not available at the time of publication.",... ,... , ...,"Estimates were not available at the time of publication.",... ,... , ...,"Estimates were not available at the time of publication.",... ,... , ...,"Estimates were not available at the time of publication.",... ,... , ...,"Estimates were not available at the time of publication.",... ,... , ...,"Estimates were not available at the time of publication.",... ,... , ...,"Estimates were not available at the time of publication.",... ,... , ...,"Estimates were not available at the time of publication.",... ,... , ...,"Estimates were not available at the time of publication."
Democratic Republic of the Congo,13 000 ,9500 , 18 000,,16 000 ,12 000 , 22 000,,19 000 ,14 000 , 26 000,,22 000 ,17 000 , 30 000,,25 000 ,19 000 , 33 000,,29 000 ,23 000 , 39 000,,32 000 ,25 000 , 42 000,,33 000 ,26 000 , 44 000,,35 000 ,27 000 , 45 000,,36 000 ,29 000 , 47 000,,38 000 ,30 000 , 49 000,,39 000 ,31 000 , 50 000,,40 000 ,31 000 , 50 000,,40 000 ,32 000 , 50 000,,39 000 ,31 000 , 49 000,,38 000 ,30 000 , 47 000,,37 000 ,28 000 , 45 000,,35 000 ,27 000 , 43 000,,35 000 ,27 000 , 42 000,,33 000 ,26 000 , 41 000,,32 000 ,25 000 , 38 000,,31 000 ,24 000 , 37 000,,29 000 ,22 000 , 35 000,,27 000 ,21 000 , 33 000,,25 000 ,19 000 , 31 000,,23 000 ,18 000 , 29 000,,21 000 ,16 000 , 26 000,,18 000 ,13 000 , 23 000,,16 000 ,11 000 , 21 000,,16 000 ,12 000 , 21 000,,14 000 ,9600 , 18 000,,10 000 ,7000 , 15 000,,8600 ,5500 , 13 000,,7700 ,5300 , 12 000,,6600 ,4600 , 10 000,
Denmark,<100 ,<100 , <200,"Children estimates were not available at the time of publication.",<200 ,<100 , <200,"Children estimates were not available at the time of publication.",<200 ,<200 , <200,"Children estimates were not available at the time of publication.",<200 ,<200 , <200,"Children estimates were not available at the time of publication.",<200 ,<200 , <200,"Children estimates were not available at the time of publication.",<200 ,<200 , <200,"Children estimates were not available at the time of publication.",<200 ,<200 , <200,"Children estimates were not available at the time of publication.",<100 ,<100 , <100,"Children estimates were not available at the time of publication.",<100 ,<100 , <100,"Children estimates were not available at the time of publication.",<100 ,<100 , <100,"Children estimates were not available at the time of publication.",<100 ,<100 , <100,"Children estimates were not available at the time of publication.",<100 ,<100 , <100,"Children estimates were not available at the time of publication.",<100 ,<100 , <100,"Children estimates were not available at the time of publication.",<100 ,<100 , <100,"Children estimates were not available at the time of publication.",<100 ,<100 , <100,"Children estimates were not available at the time of publication.",<100 ,<100 , <100,"Children estimates were not available at the time of publication.",<100 ,<100 , <100,"Children estimates were not available at the time of publication.",<100 ,<100 , <100,"Children estimates were not available at the time of publication.",<100 ,<100 , <100,"Children estimates were not available at the time of publication.",<100 ,<100 , <100,"Children estimates were not available at the time of publication.",<100 ,<100 , <100,"Children estimates were not available at the time of publication.",<100 ,<100 , <100,"Children estimates were not available at the time of publication.",<100 ,<100 , <100,"Children estimates were not available at the time of publication.",<100 ,<100 , <100,"Children estimates were not available at the time of publication.",<100 ,<100 , <100,"Children estimates were not available at the time of publication.",<100 ,<100 , <100,"Children estimates were not available at the time of publication.",<100 ,<100 , <100,"Children estimates were not available at the time of publication.",<100 ,<100 , <100,"Children estimates were not available at the time of publication.",<100 ,<100 , <100,"Children estimates were not available at the time of publication.",<100 ,<100 , <100,"Children estimates were not available at the time of publication.",<100 ,<100 , <100,"Children estimates were not available at the time of publication.",<100 ,<100 , <100,"Children estimates were not available at the time of publication.",<100 ,<100 , <100,"Children estimates were not available at the time of publication.",<100 ,<100 , <100,"Children estimates were not available at the time of publication.",<100 ,<100 , <100,"Children estimates were not available at the time of publication."
Djibouti,<100 ,<100 , <100,,<100 ,<100 , <200,,<200 ,<100 , <200,,<200 ,<100 , <500,,<500 ,<200 , <500,,<500 ,<200 , <500,,<500 ,<500 , <500,,<500 ,<500 , 540,,<500 ,<500 , 660,,590 ,<500 , 780,,680 ,<500 , 890,,770 ,570 , 990,,850 ,640 , 1100,,830 ,620 , 1100,,860 ,640 , 1100,,930 ,710 , 1200,,970 ,750 , 1200,,960 ,750 , 1200,,940 ,730 , 1200,,930 ,720 , 1200,,930 ,720 , 1200,,930 ,700 , 1200,,880 ,660 , 1200,,830 ,610 , 1100,,790 ,580 , 1100,,730 ,510 , 980,,660 ,<500 , 890,,610 ,<500 , 840,,550 ,<500 , 780,,530 ,<500 , 740,,530 ,<500 , 740,,510 ,<500 , 710,,<500 ,<500 , 680,,<500 ,<500 , 640,,<500 ,<500 , 590,
Dominica,<100 ,<100 , <100,"Countries with a UNAIDS-approved estimate and population less than 250000 in 2024; not included in regional or global totals",<100 ,<100 , <100,"Countries with a UNAIDS-approved estimate and population less than 250000 in 2024; not included in regional or global totals",<100 ,<100 , <100,"Countries with a UNAIDS-approved estimate and population less than 250000 in 2024; not included in regional or global totals",<100 ,<100 , <100,"Countries with a UNAIDS-approved estimate and population less than 250000 in 2024; not included in regional or global totals",<100 ,<100 , <100,"Countries with a UNAIDS-approved estimate and population less than 250000 in 2024; not included in regional or global totals",<100 ,<100 , <100,"Countries with a UNAIDS-approved estimate and population less than 250000 in 2024; not included in regional or global totals",<100 ,<100 , <100,"Countries with a UNAIDS-approved estimate and population less than 250000 in 2024; not included in regional or global totals",<100 ,<100 , <100,"Countries with a UNAIDS-approved estimate and population less than 250000 in 2024; not included in regional or global totals",<100 ,<100 , <100,"Countries with a UNAIDS-approved estimate and population less than 250000 in 2024; not included in regional or global totals",<100 ,<100 , <100,"Countries with a UNAIDS-approved estimate and population less than 250000 in 2024; not included in regional or global totals",<100 ,<100 , <100,"Countries with a UNAIDS-approved estimate and population less than 250000 in 2024; not included in regional or global totals",<100 ,<100 , <100,"Countries with a UNAIDS-approved estimate and population less than 250000 in 2024; not included in regional or global totals",<100 ,<100 , <100,"Countries with a UNAIDS-approved estimate and population less than 250000 in 2024; not included in regional or global totals",<100 ,<100 , <100,"Countries with a UNAIDS-approved estimate and population less than 250000 in 2024; not included in regional or global totals",<100 ,<100 , <100,"Countries with a UNAIDS-approved estimate and population less than 250000 in 2024; not included in regional or global totals",<100 ,<100 , <100,"Countries with a UNAIDS-approved estimate and population less than 250000 in 2024; not included in regional or global totals",<100 ,<100 , <100,"Countries with a UNAIDS-approved estimate and population less than 250000 in 2024; not included in regional or global totals",<100 ,<100 , <100,"Countries with a UNAIDS-approved estimate and population less than 250000 in 2024; not included in regional or global totals",<100 ,<100 , <100,"Countries with a UNAIDS-approved estimate and population less than 250000 in 2024; not included in regional or global totals",<100 ,<100 , <100,"Countries with a UNAIDS-approved estimate and population less than 250000 in 2024; not included in regional or global totals",<100 ,<100 , <100,"Countries with a UNAIDS-approved estimate and population less than 250000 in 2024; not included in regional or global totals",<100 ,<100 , <100,"Countries with a UNAIDS-approved estimate and population less than 250000 in 2024; not included in regional or global totals",<100 ,<100 , <100,"Countries with a UNAIDS-approved estimate and population less than 250000 in 2024; not included in regional or global totals",<100 ,<100 , <100,"Countries with a UNAIDS-approved estimate and population less than 250000 in 2024; not included in regional or global totals",<100 ,<100 , <100,"Countries with a UNAIDS-approved estimate and population less than 250000 in 2024; not included in regional or global totals",<100 ,<100 , <100,"Countries with a UNAIDS-approved estimate and population less than 250000 in 2024; not included in regional or global totals",<100 ,<100 , <100,"Countries with a UNAIDS-approved estimate and population less than 250000 in 2024; not included in regional or global totals",<100 ,<100 , <100,"Countries with a UNAIDS-approved estimate and population less than 250000 in 2024; not included in regional or global totals",<100 ,<100 , <100,"Countries with a UNAIDS-approved estimate and population less than 250000 in 2024; not included in regional or global totals",<100 ,<100 , <100,"Countries with a UNAIDS-approved estimate and population less than 250000 in 2024; not included in regional or global totals",<100 ,<100 , <100,"Countries with a UNAIDS-approved estimate and population less than 250000 in 2024; not included in regional or global totals",<100 ,<100 , <100,"Countries with a UNAIDS-approved estimate and population less than 250000 in 2024; not included in regional or global totals",<100 ,<100 , <100,"Countries with a UNAIDS-approved estimate and population less than 250000 in 2024; not included in regional or global totals",<100 ,<100 , <100,"Countries with a UNAIDS-approved estimate and population less than 250000 in 2024; not included in regional or global totals",<100 ,<100 , <100,"Countries with a UNAIDS-approved estimate and population less than 250000 in 2024; not included in regional or global totals"
Dominican Republic,<500 ,<200 , 790,,<500 ,<500 , 940,,600 ,<500 , 1200,,840 ,570 , 1500,,1100 ,800 , 1800,,1500 ,1100 , 2200,,1800 ,1400 , 2600,,2200 ,1700 , 3100,,2600 ,2000 , 3400,,3000 ,2300 , 3800,,3300 ,2600 , 4100,,3600 ,2900 , 4400,,3800 ,3100 , 4600,,4000 ,3300 , 4800,,4100 ,3500 , 4900,,4000 ,3300 , 4700,,3600 ,3000 , 4200,,3100 ,2600 , 3700,,2700 ,2200 , 3200,,2400 ,2000 , 3000,,2300 ,1800 , 2800,,2200 ,1700 , 2800,,2100 ,1700 , 2700,,2100 ,1600 , 2600,,1900 ,1400 , 2400,,1700 ,1200 , 2200,,1600 ,1100 , 2100,,1600 ,1100 , 2100,,1500 ,1100 , 2000,,1400 ,930 , 1900,,1300 ,810 , 1800,,1100 ,660 , 1500,,830 ,510 , 1200,,670 ,<500 , 1000,,590 ,<500 , 920,
Ecuador,<100 ,<100 , <200,,<200 ,<100 , <500,,<200 ,<100 , <500,,<500 ,<200 , <500,,<500 ,<200 , <500,,<500 ,<200 , 550,,<500 ,<500 , 630,,<500 ,<500 , 750,,590 ,<500 , 880,,710 ,<500 , 1000,,840 ,600 , 1200,,960 ,700 , 1300,,1100 ,810 , 1400,,1200 ,920 , 1600,,1300 ,970 , 1600,,1300 ,990 , 1600,,1300 ,1000 , 1600,,1200 ,1000 , 1600,,1100 ,900 , 1400,,1000 ,790 , 1200,,910 ,720 , 1100,,860 ,670 , 1100,,880 ,680 , 1100,,980 ,760 , 1200,,990 ,780 , 1200,,900 ,700 , 1100,,740 ,570 , 940,,610 ,<500 , 800,,<500 ,<500 , 640,,<500 ,<500 , <500,,<500 ,<200 , <500,,<500 ,<200 , <500,,<500 ,<200 , <500,,<500 ,<200 , <500,,<500 ,<200 , <500,
Egypt,<200 ,<100 , <200,,<200 ,<200 , <500,,<500 ,<200 , <500,,<500 ,<200 , <500,,<500 ,<500 , 540,,<500 ,<500 , 620,,<500 ,<500 , 700,,500 ,<500 , 780,,560 ,<500 , 860,,610 ,<500 , 930,,660 ,<500 , 990,,710 ,<500 , 1000,,750 ,510 , 1100,,790 ,550 , 1100,,830 ,590 , 1100,,870 ,630 , 1200,,880 ,650 , 1200,,900 ,660 , 1200,,930 ,690 , 1200,,960 ,710 , 1200,,980 ,730 , 1200,,1000 ,760 , 1300,,1100 ,800 , 1400,,1100 ,840 , 1400,,1100 ,850 , 1500,,1100 ,860 , 1500,,1100 ,860 , 1500,,1100 ,790 , 1500,,1100 ,740 , 1500,,1100 ,690 , 1500,,1100 ,670 , 1500,,1100 ,650 , 1600,,1000 ,630 , 1600,,980 ,590 , 1500,,930 ,540 , 1500,
El Salvador,<100 ,<100 , <100,,<100 ,<100 , <100,,<100 ,<100 , <100,,<100 ,<100 , <200,,<200 ,<200 , <200,,<200 ,<200 , <500,,<500 ,<500 , <500,,<500 ,<500 , <500,,<500 ,<500 , <500,,<500 ,<500 , 500,,550 ,<500 , 590,,630 ,570 , 680,,680 ,620 , 740,,710 ,650 , 760,,660 ,600 , 720,,560 ,<500 , 630,,<500 ,<500 , 540,,<500 ,<500 , <500,,<500 ,<500 , <500,,<500 ,<500 , <500,,<500 ,<500 , <500,,<500 ,<200 , <500,,<500 ,<200 , <500,,<500 ,<500 , <500,,<500 ,<200 , <500,,<500 ,<200 , <500,,<500 ,<200 , <500,,<500 ,<200 , <500,,<500 ,<200 , <500,,<200 ,<200 , <500,,<200 ,<200 , <500,,<200 ,<200 , <200,,<200 ,<100 , <200,,<200 ,<100 , <200,,<200 ,<100 , <200,
Equatorial Guinea,... ,... , ...,"Estimates were not available at the time of publication.",... ,... , ...,"Estimates were not available at the time of publication.",... ,... , ...,"Estimates were not available at the time of publication.",... ,... , ...,"Estimates were not available at the time of publication.",... ,... , ...,"Estimates were not available at the time of publication.",... ,... , ...,"Estimates were not available at the time of publication.",... ,... , ...,"Estimates were not available at the time of publication.",... ,... , ...,"Estimates were not available at the time of publication.",... ,... , ...,"Estimates were not available at the time of publication.",... ,... , ...,"Estimates were not available at the time of publication.",... ,... , ...,"Estimates were not available at the time of publication.",... ,... , ...,"Estimates were not available at the time of publication.",... ,... , ...,"Estimates were not available at the time of publication.",... ,... , ...,"Estimates were not available at the time of publication.",... ,... , ...,"Estimates were not available at the time of publication.",... ,... , ...,"Estimates were not available at the time of publication.",... ,... , ...,"Estimates were not available at the time of publication.",... ,... , ...,"Estimates were not available at the time of publication.",... ,... , ...,"Estimates were not available at the time of publication.",... ,... , ...,"Estimates were not available at the time of publication.",... ,... , ...,"Estimates were not available at the time of publication.",... ,... , ...,"Estimates were not available at the time of publication.",... ,... , ...,"Estimates were not available at the time of publication.",... ,... , ...,"Estimates were not available at the time of publication.",... ,... , ...,"Estimates were not available at the time of publication.",... ,... , ...,"Estimates were not available at the time of publication.",... ,... , ...,"Estimates were not available at the time of publication.",... ,... , ...,"Estimates were not available at the time of publication.",... ,... , ...,"Estimates were not available at the time of publication.",... ,... , ...,"Estimates were not available at the time of publication.",... ,... , ...,"Estimates were not available at the time of publication.",... ,... , ...,"Estimates were not available at the time of publication.",... ,... , ...,"Estimates were not available at the time of publication.",... ,... , ...,"Estimates were not available at the time of publication.",... ,... , ...,"Estimates were not available at the time of publication."
Eritrea,<500 ,<500 , 850,,510 ,<500 , 1000,,530 ,<500 , 1000,,630 ,<500 , 1200,,780 ,<500 , 1400,,890 ,540 , 1500,,1200 ,730 , 1900,,1200 ,820 , 2000,,1300 ,880 , 2100,,1400 ,940 , 2200,,1500 ,1000 , 2300,,1500 ,1100 , 2300,,1600 ,1200 , 2400,,1600 ,1200 , 2300,,1800 ,1300 , 2400,,1700 ,1200 , 2300,,1500 ,1100 , 2000,,1200 ,840 , 1700,,1000 ,660 , 1400,,880 ,560 , 1200,,760 ,<500 , 1100,,660 ,<500 , 950,,570 ,<500 , 840,,<500 ,<500 , 730,,<500 ,<500 , 620,,<500 ,<200 , 520,,<500 ,<200 , <500,,<500 ,<200 , <500,,<500 ,<200 , <500,,<500 ,<200 , <500,,<200 ,<200 , <500,,<200 ,<100 , <500,,<200 ,<100 , <500,,<200 ,<100 , <500,,<200 ,<100 , <500,
Estonia,<100 ,<100 , <100,"Children estimates were not available at the time of publication.",<100 ,<100 , <100,"Children estimates were not available at the time of publication.",<100 ,<100 , <100,"Children estimates were not available at the time of publication.",<100 ,<100 , <100,"Children estimates were not available at the time of publication.",<100 ,<100 , <100,"Children estimates were not available at the time of publication.",<100 ,<100 , <100,"Children estimates were not available at the time of publication.",<100 ,<100 , <100,"Children estimates were not available at the time of publication.",<100 ,<100 , <100,"Children estimates were not available at the time of publication.",<100 ,<100 , <100,"Children estimates were not available at the time of publication.",<100 ,<100 , <100,"Children estimates were not available at the time of publication.",<100 ,<100 , <100,"Children estimates were not available at the time of publication.",<100 ,<100 , <100,"Children estimates were not available at the time of publication.",<100 ,<100 , <100,"Children estimates were not available at the time of publication.",<100 ,<100 , <100,"Children estimates were not available at the time of publication.",<100 ,<100 , <100,"Children estimates were not available at the time of publication.",<100 ,<100 , <100,"Children estimates were not available at the time of publication.",<100 ,<100 , <100,"Children estimates were not available at the time of publication.",<100 ,<100 , <100,"Children estimates were not available at the time of publication.",<100 ,<100 , <100,"Children estimates were not available at the time of publication.",<100 ,<100 , <100,"Children estimates were not available at the time of publication.",<100 ,<100 , <100,"Children estimates were not available at the time of publication.",<100 ,<100 , <100,"Children estimates were not available at the time of publication.",<100 ,<100 , <100,"Children estimates were not available at the time of publication.",<100 ,<100 , <100,"Children estimates were not available at the time of publication.",<100 ,<100 , <100,"Children estimates were not available at the time of publication.",<100 ,<100 , <100,"Children estimates were not available at the time of publication.",<100 ,<100 , <100,"Children estimates were not available at the time of publication.",<100 ,<100 , <100,"Children estimates were not available at the time of publication.",<100 ,<100 , <100,"Children estimates were not available at the time of publication.",<100 ,<100 , <100,"Children estimates were not available at the time of publication.",<100 ,<100 , <100,"Children estimates were not available at the time of publication.",<100 ,<100 , <100,"Children estimates were not available at the time of publication.",<100 ,<100 , <100,"Children estimates were not available at the time of publication.",<100 ,<100 , <100,"Children estimates were not available at the time of publication.",<100 ,<100 , <100,"Children estimates were not available at the time of publication."
Eswatini,<100 ,<100 , <100,,<200 ,<100 , <200,,<500 ,<200 , <500,,<500 ,<500 , 520,,690 ,570 , 870,,990 ,830 , 1200,,1500 ,1300 , 1800,,2100 ,1800 , 2500,,2800 ,2400 , 3300,,3500 ,3100 , 4100,,4300 ,3800 , 4900,,5100 ,4500 , 5700,,5700 ,5100 , 6400,,6300 ,5700 , 6900,,6700 ,6100 , 7300,,6600 ,6100 , 7200,,6000 ,5500 , 6600,,5400 ,4900 , 6000,,4900 ,4400 , 5600,,4500 ,3900 , 5100,,4000 ,3500 , 4600,,3500 ,3100 , 4100,,3400 ,3000 , 4100,,3300 ,2900 , 3900,,3200 ,2800 , 3600,,3000 ,2800 , 3400,,2800 ,2400 , 3200,,2300 ,1900 , 2700,,2100 ,1800 , 2600,,2300 ,2000 , 2700,,2300 ,2000 , 2700,,2000 ,1700 , 2400,,2000 ,1700 , 2300,,1900 ,1600 , 2300,,1900 ,1600 , 2300,
Ethiopia,9000 ,5600 , 16 000,,12 000 ,7700 , 22 000,,16 000 ,10 000 , 30 000,,21 000 ,13 000 , 38 000,,26 000 ,16 000 , 46 000,,30 000 ,19 000 , 55 000,,35 000 ,22 000 , 63 000,,39 000 ,24 000 , 70 000,,42 000 ,26 000 , 76 000,,45 000 ,28 000 , 81 000,,47 000 ,29 000 , 85 000,,48 000 ,30 000 , 87 000,,49 000 ,30 000 , 88 000,,49 000 ,30 000 , 88 000,,47 000 ,29 000 , 86 000,,44 000 ,27 000 , 80 000,,38 000 ,24 000 , 69 000,,30 000 ,19 000 , 55 000,,23 000 ,15 000 , 43 000,,19 000 ,12 000 , 34 000,,15 000 ,9300 , 27 000,,12 000 ,7800 , 23 000,,11 000 ,6800 , 20 000,,10 000 ,6500 , 19 000,,11 000 ,6600 , 19 000,,10 000 ,6500 , 19 000,,9800 ,6100 , 18 000,,9300 ,5800 , 17 000,,9000 ,5600 , 16 000,,8600 ,5400 , 16 000,,7800 ,4900 , 14 000,,6900 ,4300 , 13 000,,6300 ,3900 , 11 000,,5700 ,3600 , 10 000,,5200 ,3300 , 9500,
Fiji,<100 ,<100 , <100,,<100 ,<100 , <100,,<100 ,<100 , <100,,<100 ,<100 , <100,,<100 ,<100 , <100,,<100 ,<100 , <100,,<100 ,<100 , <100,,<100 ,<100 , <100,,<100 ,<100 , <100,,<100 ,<100 , <100,,<100 ,<100 , <100,,<100 ,<100 , <100,,<100 ,<100 , <100,,<100 ,<100 , <100,,<100 ,<100 , <100,,<100 ,<100 , <100,,<100 ,<100 , <100,,<100 ,<100 , <100,,<100 ,<100 , <100,,<100 ,<100 , <100,,<100 ,<100 , <100,,<100 ,<100 , <100,,<100 ,<100 , <100,,<100 ,<100 , <100,,<100 ,<100 , <100,,<100 ,<100 , <100,,<100 ,<100 , <100,,<100 ,<100 , <100,,<100 ,<100 , <100,,<100 ,<100 , <100,,<100 ,<100 , <100,,<100 ,<100 , <100,,<100 ,<100 , <100,,<100 ,<100 , <200,,<100 ,<100 , <200,
Finland,... ,... , ...,"Estimates were not available at the time of publication.",... ,... , ...,"Estimates were not available at the time of publication.",... ,... , ...,"Estimates were not available at the time of publication.",... ,... , ...,"Estimates were not available at the time of publication.",... ,... , ...,"Estimates were not available at the time of publication.",... ,... , ...,"Estimates were not available at the time of publication.",... ,... , ...,"Estimates were not available at the time of publication.",... ,... , ...,"Estimates were not available at the time of publication.",... ,... , ...,"Estimates were not available at the time of publication.",... ,... , ...,"Estimates were not available at the time of publication.",... ,... , ...,"Estimates were not available at the time of publication.",... ,... , ...,"Estimates were not available at the time of publication.",... ,... , ...,"Estimates were not available at the time of publication.",... ,... , ...,"Estimates were not available at the time of publication.",... ,... , ...,"Estimates were not available at the time of publication.",... ,... , ...,"Estimates were not available at the time of publication.",... ,... , ...,"Estimates were not available at the time of publication.",... ,... , ...,"Estimates were not available at the time of publication.",... ,... , ...,"Estimates were not available at the time of publication.",... ,... , ...,"Estimates were not available at the time of publication.",... ,... , ...,"Estimates were not available at the time of publication.",... ,... , ...,"Estimates were not available at the time of publication.",... ,... , ...,"Estimates were not available at the time of publication.",... ,... , ...,"Estimates were not available at the time of publication.",... ,... , ...,"Estimates were not available at the time of publication.",... ,... , ...,"Estimates were not available at the time of publication.",... ,... , ...,"Estimates were not available at the time of publication.",... ,... , ...,"Estimates were not available at the time of publication.",... ,... , ...,"Estimates were not available at the time of publication.",... ,... , ...,"Estimates were not available at the time of publication.",... ,... , ...,"Estimates were not available at the time of publication.",... ,... , ...,"Estimates were not available at the time of publication.",... ,... , ...,"Estimates were not available at the time of publication.",... ,... , ...,"Estimates were not available at the time of publication.",... ,... , ...,"Estimates were not available at the time of publication."
France,... ,... , ...,,... ,... , ...,,... ,... , ...,,... ,... , ...,,... ,... , ...,,... ,... , ...,,... ,... , ...,,... ,... , ...,,... ,... , ...,,... ,... , ...,,... ,... , ...,,... ,... , ...,,... ,... , ...,,... ,... , ...,,... ,... , ...,,... ,... , ...,,... ,... , ...,,... ,... , ...,,... ,... , ...,,... ,... , ...,,... ,... , ...,,... ,... , ...,,... ,... , ...,,... ,... , ...,,... ,... , ...,,... ,... , ...,,... ,... , ...,,... ,... , ...,,... ,... , ...,,... ,... , ...,,... ,... , ...,,... ,... , ...,,... ,... , ...,,... ,... , ...,,... ,... , ...,
Gabon,<200 ,<100 , <500,,<200 ,<100 , <500,,<500 ,<200 , <500,,<500 ,<200 , 530,,<500 ,<500 , 690,,520 ,<500 , 870,,650 ,<500 , 1100,,790 ,<500 , 1200,,950 ,600 , 1500,,1100 ,730 , 1700,,1300 ,870 , 2000,,1500 ,990 , 2100,,1600 ,1100 , 2300,,1700 ,1200 , 2400,,1600 ,1100 , 2400,,1400 ,890 , 2200,,1300 ,800 , 2000,,1400 ,850 , 2100,,1400 ,870 , 2100,,1400 ,910 , 2000,,1400 ,970 , 2000,,1400 ,940 , 2000,,1200 ,800 , 1700,,1100 ,710 , 1500,,1000 ,650 , 1500,,1100 ,700 , 1600,,1300 ,810 , 1700,,1400 ,920 , 1800,,1400 ,1000 , 1900,,1500 ,1100 , 2000,,1500 ,1100 , 2000,,1400 ,1000 , 1900,,1300 ,890 , 1800,,1100 ,730 , 1600,,950 ,660 , 1500,
Gambia,<100 ,<100 , <100,,<100 ,<100 , <100,,<100 ,<100 , <100,,<100 ,<100 , <200,,<100 ,<100 , <200,,<200 ,<100 , <200,,<200 ,<100 , <500,,<500 ,<200 , <500,,<500 ,<200 , <500,,<500 ,<500 , <500,,<500 ,<500 , 570,,<500 ,<500 , 680,,570 ,<500 , 800,,660 ,<500 , 910,,740 ,550 , 1000,,780 ,580 , 1100,,820 ,600 , 1100,,890 ,670 , 1200,,920 ,690 , 1300,,960 ,720 , 1300,,930 ,680 , 1300,,840 ,580 , 1200,,790 ,540 , 1100,,820 ,560 , 1200,,890 ,620 , 1200,,910 ,650 , 1300,,890 ,620 , 1300,,870 ,600 , 1200,,860 ,580 , 1200,,850 ,560 , 1200,,850 ,560 , 1200,,860 ,560 , 1200,,810 ,520 , 1100,,750 ,<500 , 1100,,700 ,<500 , 1000,
Georgia,<100 ,<100 , <100,"Children estimates were not available at the time of publication.",<100 ,<100 , <100,"Children estimates were not available at the time of publication.",<100 ,<100 , <100,"Children estimates were not available at the time of publication.",<100 ,<100 , <100,"Children estimates were not available at the time of publication.",<100 ,<100 , <100,"Children estimates were not available at the time of publication.",<100 ,<100 , <100,"Children estimates were not available at the time of publication.",<100 ,<100 , <100,"Children estimates were not available at the time of publication.",<100 ,<100 , <100,"Children estimates were not available at the time of publication.",<100 ,<100 , <100,"Children estimates were not available at the time of publication.",<100 ,<100 , <100,"Children estimates were not available at the time of publication.",<100 ,<100 , <100,"Children estimates were not available at the time of publication.",<100 ,<100 , <100,"Children estimates were not available at the time of publication.",<100 ,<100 , <100,"Children estimates were not available at the time of publication.",<100 ,<100 , <100,"Children estimates were not available at the time of publication.",<100 ,<100 , <100,"Children estimates were not available at the time of publication.",<100 ,<100 , <100,"Children estimates were not available at the time of publication.",<100 ,<100 , <100,"Children estimates were not available at the time of publication.",<100 ,<100 , <100,"Children estimates were not available at the time of publication.",<100 ,<100 , <100,"Children estimates were not available at the time of publication.",<100 ,<100 , <100,"Children estimates were not available at the time of publication.",<100 ,<100 , <100,"Children estimates were not available at the time of publication.",<100 ,<100 , <100,"Children estimates were not available at the time of publication.",<100 ,<100 , <100,"Children estimates were not available at the time of publication.",<100 ,<100 , <100,"Children estimates were not available at the time of publication.",<100 ,<100 , <100,"Children estimates were not available at the time of publication.",<100 ,<100 , <100,"Children estimates were not available at the time of publication.",<100 ,<100 , <100,"Children estimates were not available at the time of publication.",<100 ,<100 , <100,"Children estimates were not available at the time of publication.",<100 ,<100 , <100,"Children estimates were not available at the time of publication.",<100 ,<100 , <100,"Children estimates were not available at the time of publication.",<100 ,<100 , <100,"Children estimates were not available at the time of publication.",<100 ,<100 , <100,"Children estimates were not available at the time of publication.",<100 ,<100 , <100,"Children estimates were not available at the time of publication.",<100 ,<100 , <100,"Children estimates were not available at the time of publication.",<100 ,<100 , <100,"Children estimates were not available at the time of publication."
Germany,... ,... , ...,,... ,... , ...,,... ,... , ...,,... ,... , ...,,... ,... , ...,,... ,... , ...,,... ,... , ...,,... ,... , ...,,... ,... , ...,,... ,... , ...,,... ,... , ...,,... ,... , ...,,... ,... , ...,,... ,... , ...,,... ,... , ...,,... ,... , ...,,... ,... , ...,,... ,... , ...,,... ,... , ...,,... ,... , ...,,<100 ,<100 , <200,,<100 ,<100 , <200,,<100 ,<100 , <100,,<100 ,<100 , <100,,<100 ,<100 , <100,,<100 ,<100 , <100,,<100 ,<100 , <100,,<100 ,<100 , <100,,<100 ,<100 , <100,,<100 ,<100 , <100,,<100 ,<100 , <100,,<100 ,<100 , <100,,<100 ,<100 , <100,,<100 ,<100 , <100,,<100 ,<100 , <100,
Ghana,2100 ,970 , 3900,,2900 ,1400 , 5000,,3700 ,2000 , 6100,,4700 ,2700 , 7300,,5800 ,3600 , 8600,,7000 ,4600 , 9700,,8200 ,5700 , 11 000,,9500 ,6900 , 12 000,,11 000 ,8200 , 14 000,,12 000 ,9600 , 15 000,,13 000 ,11 000 , 16 000,,14 000 ,12 000 , 17 000,,15 000 ,13 000 , 18 000,,16 000 ,14 000 , 19 000,,16 000 ,14 000 , 19 000,,16 000 ,14 000 , 19 000,,16 000 ,14 000 , 19 000,,16 000 ,14 000 , 18 000,,15 000 ,13 000 , 17 000,,14 000 ,12 000 , 17 000,,13 000 ,11 000 , 16 000,,12 000 ,9600 , 14 000,,10 000 ,8500 , 13 000,,10 000 ,8400 , 13 000,,11 000 ,8400 , 13 000,,10 000 ,8400 , 13 000,,11 000 ,8500 , 13 000,,11 000 ,8500 , 14 000,,10 000 ,8400 , 13 000,,11 000 ,8500 , 14 000,,10 000 ,8100 , 13 000,,9500 ,7400 , 13 000,,8800 ,6700 , 12 000,,8200 ,6100 , 11 000,,8300 ,6000 , 11 000,
Greece,<100 ,<100 , <100,"Children estimates were not available at the time of publication.",<100 ,<100 , <100,"Children estimates were not available at the time of publication.",<100 ,<100 , <100,"Children estimates were not available at the time of publication.",<100 ,<100 , <100,"Children estimates were not available at the time of publication.",<100 ,<100 , <100,"Children estimates were not available at the time of publication.",<100 ,<100 , <100,"Children estimates were not available at the time of publication.",<100 ,<100 , <100,"Children estimates were not available at the time of publication.",<100 ,<100 , <100,"Children estimates were not available at the time of publication.",<100 ,<100 , <100,"Children estimates were not available at the time of publication.",<100 ,<100 , <100,"Children estimates were not available at the time of publication.",<100 ,<100 , <100,"Children estimates were not available at the time of publication.",<100 ,<100 , <100,"Children estimates were not available at the time of publication.",<100 ,<100 , <100,"Children estimates were not available at the time of publication.",<100 ,<100 , <100,"Children estimates were not available at the time of publication.",<100 ,<100 , <100,"Children estimates were not available at the time of publication.",<100 ,<100 , <100,"Children estimates were not available at the time of publication.",<100 ,<100 , <100,"Children estimates were not available at the time of publication.",<100 ,<100 , <100,"Children estimates were not available at the time of publication.",<100 ,<100 , <100,"Children estimates were not available at the time of publication.",<100 ,<100 , <100,"Children estimates were not available at the time of publication.",<100 ,<100 , <100,"Children estimates were not available at the time of publication.",<100 ,<100 , <100,"Children estimates were not available at the time of publication.",<100 ,<100 , <100,"Children estimates were not available at the time of publication.",<100 ,<100 , <100,"Children estimates were not available at the time of publication.",<100 ,<100 , <100,"Children estimates were not available at the time of publication.",<100 ,<100 , <100,"Children estimates were not available at the time of publication.",<100 ,<100 , <100,"Children estimates were not available at the time of publication.",<100 ,<100 , <100,"Children estimates were not available at the time of publication.",<100 ,<100 , <100,"Children estimates were not available at the time of publication.",<100 ,<100 , <100,"Children estimates were not available at the time of publication.",<100 ,<100 , <100,"Children estimates were not available at the time of publication.",<100 ,<100 , <100,"Children estimates were not available at the time of publication.",<100 ,<100 , <100,"Children estimates were not available at the time of publication.",<100 ,<100 , <100,"Children estimates were not available at the time of publication.",<100 ,<100 , <100,"Children estimates were not available at the time of publication."
Guatemala,<200 ,<100 , 850,,<500 ,<200 , 910,,<500 ,<200 , 960,,<500 ,<500 , 1000,,<500 ,<500 , 1200,,610 ,<500 , 1200,,740 ,<500 , 1300,,870 ,570 , 1400,,1000 ,680 , 1500,,1100 ,790 , 1600,,1200 ,890 , 1700,,1300 ,990 , 1800,,1400 ,1100 , 1800,,1100 ,870 , 1500,,920 ,650 , 1300,,970 ,670 , 1300,,890 ,610 , 1200,,640 ,<500 , 910,,<500 ,<500 , 610,,<500 ,<200 , <500,,<500 ,<200 , <500,,<500 ,<200 , <500,,<500 ,<200 , <500,,<500 ,<200 , <500,,<500 ,<200 , <500,,<500 ,<200 , 540,,<500 ,<200 , 600,,<500 ,<200 , 580,,<500 ,<200 , 510,,<500 ,<200 , <500,,<500 ,<200 , <500,,<200 ,<200 , <500,,<200 ,<100 , <500,,<200 ,<100 , <500,,<200 ,<100 , <500,
Guinea,<500 ,<100 , <500,,<500 ,<200 , 640,,<500 ,<200 , 800,,560 ,<500 , 980,,730 ,<500 , 1200,,910 ,<500 , 1500,,1100 ,560 , 1800,,1400 ,740 , 2100,,1600 ,980 , 2300,,1900 ,1200 , 2600,,2200 ,1500 , 2900,,2500 ,1800 , 3300,,2700 ,2000 , 3500,,3000 ,2300 , 3900,,3300 ,2600 , 4100,,3400 ,2800 , 4200,,3200 ,2600 , 4000,,3100 ,2500 , 3900,,3100 ,2400 , 3800,,2600 ,2000 , 3300,,2300 ,1700 , 3000,,2300 ,1700 , 3000,,2300 ,1800 , 3100,,2500 ,1900 , 3200,,2800 ,2100 , 3500,,2900 ,2200 , 3600,,3100 ,2400 , 3900,,3000 ,2400 , 3900,,3100 ,2400 , 4000,,3000 ,2400 , 3900,,2600 ,2100 , 3500,,2400 ,1800 , 3200,,2100 ,1600 , 2800,,1900 ,1400 , 2600,,1700 ,1300 , 2400,
Guinea-Bissau,<100 ,<100 , <100,,<100 ,<100 , <100,,<100 ,<100 , <100,,<100 ,<100 , <100,,<100 ,<100 , <200,,<200 ,<100 , <200,,<200 ,<200 , <500,,<500 ,<200 , <500,,<500 ,<500 , <500,,<500 ,<500 , 590,,620 ,<500 , 760,,790 ,600 , 950,,960 ,750 , 1100,,1100 ,920 , 1300,,1300 ,1100 , 1500,,1500 ,1200 , 1700,,1600 ,1300 , 1800,,1600 ,1400 , 1800,,1500 ,1300 , 1800,,1500 ,1200 , 1700,,1500 ,1200 , 1700,,1500 ,1200 , 1700,,1400 ,1100 , 1600,,1400 ,1100 , 1600,,1400 ,1200 , 1700,,1300 ,1100 , 1600,,1200 ,1000 , 1500,,1200 ,980 , 1500,,1200 ,970 , 1400,,1000 ,800 , 1200,,900 ,670 , 1100,,820 ,610 , 1100,,700 ,520 , 920,,620 ,<500 , 850,,570 ,<500 , 760,
Guyana,<100 ,<100 , <100,,<100 ,<100 , <100,,<100 ,<100 , <100,,<100 ,<100 , <200,,<100 ,<100 , <200,,<100 ,<100 , <200,,<100 ,<100 , <200,,<200 ,<100 , <200,,<200 ,<100 , <200,,<200 ,<100 , <500,,<200 ,<100 , <500,,<200 ,<200 , <500,,<500 ,<200 , <500,,<500 ,<200 , <500,,<200 ,<200 , <500,,<200 ,<100 , <500,,<100 ,<100 , <200,,<100 ,<100 , <200,,<100 ,<100 , <200,,<100 ,<100 , <200,,<100 ,<100 , <200,,<100 ,<100 , <200,,<100 ,<100 , <200,,<100 ,<100 , <200,,<100 ,<100 , <200,,<100 ,<100 , <200,,<100 ,<100 , <200,,<100 ,<100 , <200,,<100 ,<100 , <200,,<100 ,<100 , <200,,<100 ,<100 , <200,,<100 ,<100 , <200,,<100 ,<100 , <200,,<100 ,<100 , <200,,<100 ,<100 , <200,
Haiti,2000 ,1300 , 2900,,2500 ,1800 , 3700,,3100 ,2300 , 4400,,3700 ,2800 , 5200,,4300 ,3300 , 5800,,4900 ,3800 , 6400,,5400 ,4300 , 7000,,5900 ,4700 , 7500,,6300 ,5000 , 7900,,6600 ,5300 , 8200,,6800 ,5700 , 8400,,7000 ,5900 , 8500,,7100 ,6000 , 8500,,7100 ,6000 , 8400,,7100 ,6000 , 8300,,6800 ,5800 , 7900,,6200 ,5200 , 7200,,5500 ,4500 , 6400,,5000 ,4100 , 5800,,4500 ,3600 , 5200,,4500 ,3600 , 5200,,4700 ,3900 , 5400,,4300 ,3600 , 4900,,3900 ,3200 , 4500,,3500 ,2900 , 4200,,3300 ,2700 , 4000,,3400 ,2800 , 4100,,2600 ,2100 , 3200,,1700 ,1300 , 2200,,1400 ,1100 , 1800,,910 ,740 , 1100,,680 ,540 , 890,,580 ,<500 , 800,,530 ,<500 , 770,,510 ,<500 , 760,
Honduras,<500 ,<500 , <500,,<500 ,<500 , <500,,<500 ,<500 , 620,,570 ,<500 , 770,,700 ,530 , 920,,830 ,640 , 1100,,980 ,760 , 1300,,1100 ,880 , 1400,,1300 ,1000 , 1600,,1400 ,1100 , 1700,,1500 ,1300 , 1800,,1600 ,1400 , 1900,,1700 ,1400 , 2000,,1500 ,1300 , 1800,,1300 ,1100 , 1500,,1200 ,990 , 1400,,1100 ,880 , 1300,,940 ,770 , 1100,,860 ,700 , 1000,,790 ,630 , 940,,730 ,570 , 870,,690 ,540 , 820,,620 ,<500 , 750,,540 ,<500 , 660,,<500 ,<500 , 600,,<500 ,<500 , 560,,<500 ,<500 , 500,,<500 ,<500 , <500,,<500 ,<200 , <500,,<500 ,<200 , <500,,<500 ,<200 , <500,,<500 ,<200 , <500,,<200 ,<200 , <500,,<200 ,<100 , <500,,<200 ,<100 , <200,
Hungary,... ,... , ...,"Estimates were not available at the time of publication.",... ,... , ...,"Estimates were not available at the time of publication.",... ,... , ...,"Estimates were not available at the time of publication.",... ,... , ...,"Estimates were not available at the time of publication.",... ,... , ...,"Estimates were not available at the time of publication.",... ,... , ...,"Estimates were not available at the time of publication.",... ,... , ...,"Estimates were not available at the time of publication.",... ,... , ...,"Estimates were not available at the time of publication.",... ,... , ...,"Estimates were not available at the time of publication.",... ,... , ...,"Estimates were not available at the time of publication.",... ,... , ...,"Estimates were not available at the time of publication.",... ,... , ...,"Estimates were not available at the time of publication.",... ,... , ...,"Estimates were not available at the time of publication.",... ,... , ...,"Estimates were not available at the time of publication.",... ,... , ...,"Estimates were not available at the time of publication.",... ,... , ...,"Estimates were not available at the time of publication.",... ,... , ...,"Estimates were not available at the time of publication.",... ,... , ...,"Estimates were not available at the time of publication.",... ,... , ...,"Estimates were not available at the time of publication.",... ,... , ...,"Estimates were not available at the time of publication.",... ,... , ...,"Estimates were not available at the time of publication.",... ,... , ...,"Estimates were not available at the time of publication.",... ,... , ...,"Estimates were not available at the time of publication.",... ,... , ...,"Estimates were not available at the time of publication.",... ,... , ...,"Estimates were not available at the time of publication.",... ,... , ...,"Estimates were not available at the time of publication.",... ,... , ...,"Estimates were not available at the time of publication.",... ,... , ...,"Estimates were not available at the time of publication.",... ,... , ...,"Estimates were not available at the time of publication.",... ,... , ...,"Estimates were not available at the time of publication.",... ,... , ...,"Estimates were not available at the time of publication.",... ,... , ...,"Estimates were not available at the time of publication.",... ,... , ...,"Estimates were not available at the time of publication.",... ,... , ...,"Estimates were not available at the time of publication.",... ,... , ...,"Estimates were not available at the time of publication."
Iceland,<100 ,<100 , <100,"Children estimates were not available at the time of publication.",<100 ,<100 , <100,"Children estimates were not available at the time of publication.",<100 ,<100 , <100,"Children estimates were not available at the time of publication.",<100 ,<100 , <100,"Children estimates were not available at the time of publication.",<100 ,<100 , <100,"Children estimates were not available at the time of publication.",<100 ,<100 , <100,"Children estimates were not available at the time of publication.",<100 ,<100 , <100,"Children estimates were not available at the time of publication.",<100 ,<100 , <100,"Children estimates were not available at the time of publication.",<100 ,<100 , <100,"Children estimates were not available at the time of publication.",<100 ,<100 , <100,"Children estimates were not available at the time of publication.",<100 ,<100 , <100,"Children estimates were not available at the time of publication.",<100 ,<100 , <100,"Children estimates were not available at the time of publication.",<100 ,<100 , <100,"Children estimates were not available at the time of publication.",<100 ,<100 , <100,"Children estimates were not available at the time of publication.",<100 ,<100 , <100,"Children estimates were not available at the time of publication.",<100 ,<100 , <100,"Children estimates were not available at the time of publication.",<100 ,<100 , <100,"Children estimates were not available at the time of publication.",<100 ,<100 , <100,"Children estimates were not available at the time of publication.",<100 ,<100 , <100,"Children estimates were not available at the time of publication.",<100 ,<100 , <100,"Children estimates were not available at the time of publication.",<100 ,<100 , <100,"Children estimates were not available at the time of publication.",<100 ,<100 , <100,"Children estimates were not available at the time of publication.",<100 ,<100 , <100,"Children estimates were not available at the time of publication.",<100 ,<100 , <100,"Children estimates were not available at the time of publication.",<100 ,<100 , <100,"Children estimates were not available at the time of publication.",<100 ,<100 , <100,"Children estimates were not available at the time of publication.",<100 ,<100 , <100,"Children estimates were not available at the time of publication.",<100 ,<100 , <100,"Children estimates were not available at the time of publication.",<100 ,<100 , <100,"Children estimates were not available at the time of publication.",<100 ,<100 , <100,"Children estimates were not available at the time of publication.",<100 ,<100 , <100,"Children estimates were not available at the time of publication.",<100 ,<100 , <100,"Children estimates were not available at the time of publication.",<100 ,<100 , <100,"Children estimates were not available at the time of publication.",<100 ,<100 , <100,"Children estimates were not available at the time of publication.",<100 ,<100 , <100,"Children estimates were not available at the time of publication."
Indonesia,<100 ,<100 , <100,,<100 ,<100 , <100,,<100 ,<100 , <100,,<100 ,<100 , <100,,<100 ,<100 , <100,,<100 ,<100 , <100,,<100 ,<100 , <200,,<200 ,<200 , <200,,<500 ,<500 , <500,,<500 ,<500 , <500,,620 ,520 , 730,,1000 ,840 , 1200,,1600 ,1400 , 1900,,2500 ,2100 , 3000,,3700 ,3200 , 4300,,5100 ,4400 , 6000,,6400 ,5500 , 7500,,7600 ,6400 , 8900,,9300 ,7800 , 11 000,,11 000 ,9200 , 13 000,,13 000 ,11 000 , 15 000,,15 000 ,13 000 , 17 000,,17 000 ,15 000 , 20 000,,19 000 ,16 000 , 22 000,,21 000 ,18 000 , 24 000,,22 000 ,18 000 , 25 000,,23 000 ,19 000 , 26 000,,23 000 ,19 000 , 27 000,,23 000 ,20 000 , 27 000,,23 000 ,20 000 , 28 000,,23 000 ,19 000 , 28 000,,23 000 ,19 000 , 28 000,,24 000 ,19 000 , 28 000,,23 000 ,19 000 , 28 000,,20 000 ,16 000 , 25 000,
Iran (Islamic Republic of),... ,... , ...,,... ,... , ...,,... ,... , ...,,... ,... , ...,,... ,... , ...,,... ,... , ...,,... ,... , ...,,... ,... , ...,,... ,... , ...,,... ,... , ...,,... ,... , ...,,... ,... , ...,,... ,... , ...,,... ,... , ...,,... ,... , ...,,... ,... , ...,,... ,... , ...,,... ,... , ...,,... ,... , ...,,... ,... , ...,,... ,... , ...,,... ,... , ...,,... ,... , ...,,... ,... , ...,,... ,... , ...,,... ,... , ...,,... ,... , ...,,... ,... , ...,,... ,... , ...,,... ,... , ...,,... ,... , ...,,... ,... , ...,,... ,... , ...,,... ,... , ...,,... ,810 , 1800,
Iraq,<100 ,<100 , <100,"Children estimates were not available at the time of publication.",<100 ,<100 , <100,"Children estimates were not available at the time of publication.",<100 ,<100 , <100,"Children estimates were not available at the time of publication.",<100 ,<100 , <100,"Children estimates were not available at the time of publication.",<100 ,<100 , <100,"Children estimates were not available at the time of publication.",<100 ,<100 , <100,"Children estimates were not available at the time of publication.",<100 ,<100 , <100,"Children estimates were not available at the time of publication.",<100 ,<100 , <100,"Children estimates were not available at the time of publication.",<100 ,<100 , <100,"Children estimates were not available at the time of publication.",<100 ,<100 , <100,"Children estimates were not available at the time of publication.",<100 ,<100 , <100,"Children estimates were not available at the time of publication.",<100 ,<100 , <100,"Children estimates were not available at the time of publication.",<100 ,<100 , <100,"Children estimates were not available at the time of publication.",<100 ,<100 , <100,"Children estimates were not available at the time of publication.",<100 ,<100 , <100,"Children estimates were not available at the time of publication.",<100 ,<100 , <100,"Children estimates were not available at the time of publication.",<100 ,<100 , <100,"Children estimates were not available at the time of publication.",<100 ,<100 , <100,"Children estimates were not available at the time of publication.",<100 ,<100 , <100,"Children estimates were not available at the time of publication.",<100 ,<100 , <100,"Children estimates were not available at the time of publication.",<100 ,<100 , <100,"Children estimates were not available at the time of publication.",<100 ,<100 , <100,"Children estimates were not available at the time of publication.",<100 ,<100 , <100,"Children estimates were not available at the time of publication.",<100 ,<100 , <100,"Children estimates were not available at the time of publication.",<100 ,<100 , <100,"Children estimates were not available at the time of publication.",<100 ,<100 , <100,"Children estimates were not available at the time of publication.",<100 ,<100 , <100,"Children estimates were not available at the time of publication.",<100 ,<100 , <100,"Children estimates were not available at the time of publication.",<100 ,<100 , <100,"Children estimates were not available at the time of publication.",<100 ,<100 , <100,"Children estimates were not available at the time of publication.",<100 ,<100 , <100,"Children estimates were not available at the time of publication.",<100 ,<100 , <100,"Children estimates were not available at the time of publication.",<100 ,<100 , <100,"Children estimates were not available at the time of publication.",<100 ,<100 , <100,"Children estimates were not available at the time of publication.",<100 ,<100 , <100,"Children estimates were not available at the time of publication."
Ireland,<100 ,<100 , <100,,<100 ,<100 , <100,,<100 ,<100 , <100,,<100 ,<100 , <100,,<100 ,<100 , <100,,<100 ,<100 , <100,,<100 ,<100 , <100,,<100 ,<100 , <100,,<100 ,<100 , <100,,<100 ,<100 , <100,,<100 ,<100 , <100,,<100 ,<100 , <100,,<100 ,<100 , <100,,<100 ,<100 , <100,,<100 ,<100 , <100,,<100 ,<100 , <100,,<100 ,<100 , <100,,<100 ,<100 , <100,,<100 ,<100 , <100,,<100 ,<100 , <100,,<100 ,<100 , <100,,<100 ,<100 , <100,,<100 ,<100 , <100,,<100 ,<100 , <100,,<100 ,<100 , <100,,<100 ,<100 , <100,,<100 ,<100 , <100,,<100 ,<100 , <100,,<100 ,<100 , <100,,<100 ,<100 , <100,,<100 ,<100 , <100,,<100 ,<100 , <100,,<100 ,<100 , <100,,<100 ,<100 , <100,,<100 ,<100 , <100,
Israel,... ,... , ...,"Estimates were not available at the time of publication.",... ,... , ...,"Estimates were not available at the time of publication.",... ,... , ...,"Estimates were not available at the time of publication.",... ,... , ...,"Estimates were not available at the time of publication.",... ,... , ...,"Estimates were not available at the time of publication.",... ,... , ...,"Estimates were not available at the time of publication.",... ,... , ...,"Estimates were not available at the time of publication.",... ,... , ...,"Estimates were not available at the time of publication.",... ,... , ...,"Estimates were not available at the time of publication.",... ,... , ...,"Estimates were not available at the time of publication.",... ,... , ...,"Estimates were not available at the time of publication.",... ,... , ...,"Estimates were not available at the time of publication.",... ,... , ...,"Estimates were not available at the time of publication.",... ,... , ...,"Estimates were not available at the time of publication.",... ,... , ...,"Estimates were not available at the time of publication.",... ,... , ...,"Estimates were not available at the time of publication.",... ,... , ...,"Estimates were not available at the time of publication.",... ,... , ...,"Estimates were not available at the time of publication.",... ,... , ...,"Estimates were not available at the time of publication.",... ,... , ...,"Estimates were not available at the time of publication.",... ,... , ...,"Estimates were not available at the time of publication.",... ,... , ...,"Estimates were not available at the time of publication.",... ,... , ...,"Estimates were not available at the time of publication.",... ,... , ...,"Estimates were not available at the time of publication.",... ,... , ...,"Estimates were not available at the time of publication.",... ,... , ...,"Estimates were not available at the time of publication.",... ,... , ...,"Estimates were not available at the time of publication.",... ,... , ...,"Estimates were not available at the time of publication.",... ,... , ...,"Estimates were not available at the time of publication.",... ,... , ...,"Estimates were not available at the time of publication.",... ,... , ...,"Estimates were not available at the time of publication.",... ,... , ...,"Estimates were not available at the time of publication.",... ,... , ...,"Estimates were not available at the time of publication.",... ,... , ...,"Estimates were not available at the time of publication.",... ,... , ...,"Estimates were not available at the time of publication."
Italy,1700 ,1400 , 1900,,2100 ,1800 , 2300,,2500 ,2200 , 2800,,2800 ,2500 , 3100,,3100 ,2800 , 3500,,3400 ,3000 , 3700,,3300 ,3000 , 3700,,2700 ,2400 , 3000,,1800 ,1500 , 2100,,1200 ,970 , 1400,,830 ,660 , 980,,590 ,<500 , 710,,<500 ,<500 , 540,,<500 ,<500 , <500,,<500 ,<500 , <500,,<500 ,<200 , <500,,<500 ,<200 , <500,,<200 ,<200 , <500,,<200 ,<200 , <500,,<200 ,<200 , <500,,<200 ,<200 , <500,,<200 ,<200 , <500,,<500 ,<200 , <500,,<500 ,<200 , <500,,<500 ,<200 , <500,,<500 ,<200 , <500,,<500 ,<200 , <500,,<500 ,<200 , <500,,<200 ,<200 , <500,,<200 ,<100 , <200,,<200 ,<100 , <200,,<200 ,<100 , <200,,<200 ,<100 , <200,,<200 ,<200 , <200,,<200 ,<100 , <200,
Jamaica,... ,... , ...,,... ,... , ...,,... ,... , ...,,... ,... , ...,,... ,... , ...,,... ,... , ...,,... ,... , ...,,... ,... , ...,,... ,... , ...,,... ,... , ...,,... ,... , ...,,... ,... , ...,,... ,... , ...,,... ,... , ...,,... ,... , ...,,... ,... , ...,,... ,... , ...,,... ,... , ...,,... ,... , ...,,... ,... , ...,,... ,... , ...,,... ,... , ...,,... ,... , ...,,... ,... , ...,,... ,... , ...,,... ,... , ...,,... ,... , ...,,... ,... , ...,,... ,... , ...,,... ,... , ...,,... ,... , ...,,... ,... , ...,,... ,... , ...,,... ,... , ...,,... ,... , ...,
Japan,... ,... , ...,"Estimates were not available at the time of publication.",... ,... , ...,"Estimates were not available at the time of publication.",... ,... , ...,"Estimates were not available at the time of publication.",... ,... , ...,"Estimates were not available at the time of publication.",... ,... , ...,"Estimates were not available at the time of publication.",... ,... , ...,"Estimates were not available at the time of publication.",... ,... , ...,"Estimates were not available at the time of publication.",... ,... , ...,"Estimates were not available at the time of publication.",... ,... , ...,"Estimates were not available at the time of publication.",... ,... , ...,"Estimates were not available at the time of publication.",... ,... , ...,"Estimates were not available at the time of publication.",... ,... , ...,"Estimates were not available at the time of publication.",... ,... , ...,"Estimates were not available at the time of publication.",... ,... , ...,"Estimates were not available at the time of publication.",... ,... , ...,"Estimates were not available at the time of publication.",... ,... , ...,"Estimates were not available at the time of publication.",... ,... , ...,"Estimates were not available at the time of publication.",... ,... , ...,"Estimates were not available at the time of publication.",... ,... , ...,"Estimates were not available at the time of publication.",... ,... , ...,"Estimates were not available at the time of publication.",... ,... , ...,"Estimates were not available at the time of publication.",... ,... , ...,"Estimates were not available at the time of publication.",... ,... , ...,"Estimates were not available at the time of publication.",... ,... , ...,"Estimates were not available at the time of publication.",... ,... , ...,"Estimates were not available at the time of publication.",... ,... , ...,"Estimates were not available at the time of publication.",... ,... , ...,"Estimates were not available at the time of publication.",... ,... , ...,"Estimates were not available at the time of publication.",... ,... , ...,"Estimates were not available at the time of publication.",... ,... , ...,"Estimates were not available at the time of publication.",... ,... , ...,"Estimates were not available at the time of publication.",... ,... , ...,"Estimates were not available at the time of publication.",... ,... , ...,"Estimates were not available at the time of publication.",... ,... , ...,"Estimates were not available at the time of publication.",... ,... , ...,"Estimates were not available at the time of publication."
Jordan,<100 ,<100 , <100,"Children estimates were not available at the time of publication.",<100 ,<100 , <100,"Children estimates were not available at the time of publication.",<100 ,<100 , <100,"Children estimates were not available at the time of publication.",<100 ,<100 , <100,"Children estimates were not available at the time of publication.",<100 ,<100 , <100,"Children estimates were not available at the time of publication.",<100 ,<100 , <100,"Children estimates were not available at the time of publication.",<100 ,<100 , <100,"Children estimates were not available at the time of publication.",<100 ,<100 , <100,"Children estimates were not available at the time of publication.",<100 ,<100 , <100,"Children estimates were not available at the time of publication.",<100 ,<100 , <100,"Children estimates were not available at the time of publication.",<100 ,<100 , <100,"Children estimates were not available at the time of publication.",<100 ,<100 , <100,"Children estimates were not available at the time of publication.",<100 ,<100 , <100,"Children estimates were not available at the time of publication.",<100 ,<100 , <100,"Children estimates were not available at the time of publication.",<100 ,<100 , <100,"Children estimates were not available at the time of publication.",<100 ,<100 , <100,"Children estimates were not available at the time of publication.",<100 ,<100 , <100,"Children estimates were not available at the time of publication.",<100 ,<100 , <100,"Children estimates were not available at the time of publication.",<100 ,<100 , <100,"Children estimates were not available at the time of publication.",<100 ,<100 , <100,"Children estimates were not available at the time of publication.",<100 ,<100 , <100,"Children estimates were not available at the time of publication.",<100 ,<100 , <100,"Children estimates were not available at the time of publication.",<100 ,<100 , <100,"Children estimates were not available at the time of publication.",<100 ,<100 , <100,"Children estimates were not available at the time of publication.",<100 ,<100 , <100,"Children estimates were not available at the time of publication.",<100 ,<100 , <100,"Children estimates were not available at the time of publication.",<100 ,<100 , <100,"Children estimates were not available at the time of publication.",<100 ,<100 , <100,"Children estimates were not available at the time of publication.",<100 ,<100 , <100,"Children estimates were not available at the time of publication.",<100 ,<100 , <100,"Children estimates were not available at the time of publication.",<100 ,<100 , <100,"Children estimates were not available at the time of publication.",<100 ,<100 , <100,"Children estimates were not available at the time of publication.",<100 ,<100 , <100,"Children estimates were not available at the time of publication.",<100 ,<100 , <100,"Children estimates were not available at the time of publication.",<100 ,<100 , <100,"Children estimates were not available at the time of publication."
Kazakhstan,... ,... , ...,,... ,... , ...,,... ,... , ...,,... ,... , ...,,... ,... , ...,,... ,... , ...,,... ,... , ...,,... ,... , ...,,... ,... , ...,,... ,... , ...,,... ,... , ...,,... ,... , ...,,... ,... , ...,,... ,... , ...,,... ,... , ...,,... ,... , ...,,... ,... , ...,,... ,... , ...,,... ,... , ...,,... ,... , ...,,... ,... , ...,,... ,... , ...,,... ,... , ...,,... ,... , ...,,... ,... , ...,,... ,... , ...,,... ,... , ...,,... ,... , ...,,... ,... , ...,,... ,... , ...,,... ,... , ...,,... ,... , ...,,... ,... , ...,,... ,... , ...,,... ,... , ...,
Kenya,11 000 ,7300 , 16 000,,15 000 ,10 000 , 23 000,,21 000 ,14 000 , 32 000,,28 000 ,19 000 , 42 000,,36 000 ,24 000 , 54 000,,44 000 ,30 000 , 66 000,,52 000 ,36 000 , 78 000,,60 000 ,41 000 , 90 000,,68 000 ,46 000 , 100 000,,74 000 ,51 000 , 110 000,,80 000 ,55 000 , 120 000,,84 000 ,58 000 , 130 000,,88 000 ,60 000 , 130 000,,90 000 ,61 000 , 140 000,,87 000 ,60 000 , 130 000,,80 000 ,55 000 , 120 000,,69 000 ,47 000 , 100 000,,58 000 ,40 000 , 87 000,,50 000 ,34 000 , 76 000,,42 000 ,29 000 , 63 000,,35 000 ,24 000 , 53 000,,31 000 ,21 000 , 46 000,,28 000 ,19 000 , 42 000,,26 000 ,18 000 , 40 000,,26 000 ,18 000 , 38 000,,24 000 ,16 000 , 36 000,,21 000 ,14 000 , 31 000,,19 000 ,13 000 , 28 000,,16 000 ,11 000 , 25 000,,16 000 ,11 000 , 24 000,,16 000 ,11 000 , 24 000,,16 000 ,11 000 , 24 000,,14 000 ,9900 , 22 000,,13 000 ,8800 , 19 000,,12 000 ,8300 , 18 000,
Kiribati,... ,... , ...,,... ,... , ...,,... ,... , ...,,... ,... , ...,,... ,... , ...,,... ,... , ...,,... ,... , ...,,... ,... , ...,,... ,... , ...,,... ,... , ...,,... ,... , ...,,... ,... , ...,,... ,... , ...,,... ,... , ...,,... ,... , ...,,... ,... , ...,,... ,... , ...,,... ,... , ...,,... ,... , ...,,... ,... , ...,,... ,... , ...,,... ,... , ...,,... ,... , ...,,... ,... , ...,,... ,... , ...,,... ,... , ...,,... ,... , ...,,... ,... , ...,,... ,... , ...,,... ,... , ...,,... ,... , ...,,... ,... , ...,,... ,... , ...,,... ,... , ...,,... ,... , ...,
Kuwait,... ,... , ...,"Children estimates were not available at the time of publication.",... ,... , ...,"Children estimates were not available at the time of publication.",... ,... , ...,"Children estimates were not available at the time of publication.",... ,... , ...,"Children estimates were not available at the time of publication.",... ,... , ...,"Children estimates were not available at the time of publication.",... ,... , ...,"Children estimates were not available at the time of publication.",... ,... , ...,"Children estimates were not available at the time of publication.",... ,... , ...,"Children estimates were not available at the time of publication.",... ,... , ...,"Children estimates were not available at the time of publication.",... ,... , ...,"Children estimates were not available at the time of publication.",... ,... , ...,"Children estimates were not available at the time of publication.",... ,... , ...,"Children estimates were not available at the time of publication.",... ,... , ...,"Children estimates were not available at the time of publication.",... ,... , ...,"Children estimates were not available at the time of publication.",... ,... , ...,"Children estimates were not available at the time of publication.",... ,... , ...,"Children estimates were not available at the time of publication.",... ,... , ...,"Children estimates were not available at the time of publication.",... ,... , ...,"Children estimates were not available at the time of publication.",... ,... , ...,"Children estimates were not available at the time of publication.",... ,... , ...,"Children estimates were not available at the time of publication.",... ,... , ...,"Children estimates were not available at the time of publication.",... ,... , ...,"Children estimates were not available at the time of publication.",... ,... , ...,"Children estimates were not available at the time of publication.",... ,... , ...,"Children estimates were not available at the time of publication.",... ,... , ...,"Children estimates were not available at the time of publication.",... ,... , ...,"Children estimates were not available at the time of publication.",... ,... , ...,"Children estimates were not available at the time of publication.",... ,... , ...,"Children estimates were not available at the time of publication.",... ,... , ...,"Children estimates were not available at the time of publication.",... ,... , ...,"Children estimates were not available at the time of publication.",... ,... , ...,"Children estimates were not available at the time of publication.",... ,... , ...,"Children estimates were not available at the time of publication.",... ,... , ...,"Children estimates were not available at the time of publication.",... ,... , ...,"Children estimates were not available at the time of publication.",... ,... , ...,"Children estimates were not available at the time of publication."
Kyrgyzstan,<100 ,<100 , <100,,<100 ,<100 , <100,,<100 ,<100 , <100,,<100 ,<100 , <100,,<100 ,<100 , <100,,<100 ,<100 , <100,,<100 ,<100 , <100,,<100 ,<100 , <100,,<100 ,<100 , <100,,<100 ,<100 , <100,,<100 ,<100 , <100,,<100 ,<100 , <100,,<100 ,<100 , <100,,<100 ,<100 , <100,,<100 ,<100 , <100,,<100 ,<100 , <100,,<100 ,<100 , <100,,<100 ,<100 , <100,,<100 ,<100 , <100,,<100 ,<100 , <200,,<100 ,<100 , <200,,<200 ,<100 , <200,,<200 ,<100 , <200,,<200 ,<200 , <200,,<200 ,<100 , <200,,<200 ,<100 , <200,,<200 ,<100 , <200,,<200 ,<200 , <200,,<200 ,<200 , <200,,<200 ,<200 , <500,,<200 ,<200 , <500,,<200 ,<200 , <500,,<200 ,<200 , <500,,<200 ,<200 , <500,,<200 ,<200 , <500,
Lao People's Democratic Republic,<100 ,<100 , <100,,<100 ,<100 , <100,,<100 ,<100 , <100,,<100 ,<100 , <100,,<100 ,<100 , <100,,<100 ,<100 , <100,,<100 ,<100 , <100,,<100 ,<100 , <100,,<100 ,<100 , <100,,<100 ,<100 , <100,,<100 ,<100 , <100,,<100 ,<100 , <100,,<100 ,<100 , <100,,<100 ,<100 , <200,,<200 ,<200 , <200,,<200 ,<200 , <200,,<200 ,<200 , <200,,<200 ,<200 , <200,,<200 ,<200 , <200,,<200 ,<200 , <200,,<200 ,<200 , <200,,<200 ,<200 , <500,,<500 ,<200 , <500,,<500 ,<200 , <500,,<500 ,<500 , <500,,<500 ,<500 , <500,,<500 ,<500 , <500,,<500 ,<500 , <500,,<500 ,<500 , <500,,<500 ,<500 , <500,,<500 ,<500 , <500,,<500 ,<500 , <500,,<500 ,<500 , <500,,<500 ,<500 , <500,,<500 ,<200 , <500,
Latvia,<100 ,<100 , <100,"Children estimates were not available at the time of publication.",<100 ,<100 , <100,"Children estimates were not available at the time of publication.",<100 ,<100 , <100,"Children estimates were not available at the time of publication.",<100 ,<100 , <100,"Children estimates were not available at the time of publication.",<100 ,<100 , <100,"Children estimates were not available at the time of publication.",<100 ,<100 , <100,"Children estimates were not available at the time of publication.",<100 ,<100 , <100,"Children estimates were not available at the time of publication.",<100 ,<100 , <100,"Children estimates were not available at the time of publication.",<100 ,<100 , <200,"Children estimates were not available at the time of publication.",<100 ,<100 , <200,"Children estimates were not available at the time of publication.",<200 ,<100 , <200,"Children estimates were not available at the time of publication.",<200 ,<100 , <200,"Children estimates were not available at the time of publication.",<200 ,<200 , <200,"Children estimates were not available at the time of publication.",<200 ,<200 , <200,"Children estimates were not available at the time of publication.",<200 ,<200 , <500,"Children estimates were not available at the time of publication.",<500 ,<200 , <500,"Children estimates were not available at the time of publication.",<500 ,<200 , <500,"Children estimates were not available at the time of publication.",<500 ,<200 , <500,"Children estimates were not available at the time of publication.",<500 ,<200 , <500,"Children estimates were not available at the time of publication.",<500 ,<500 , <500,"Children estimates were not available at the time of publication.",<500 ,<500 , <500,"Children estimates were not available at the time of publication.",<500 ,<500 , <500,"Children estimates were not available at the time of publication.",<500 ,<500 , <500,"Children estimates were not available at the time of publication.",<500 ,<500 , <500,"Children estimates were not available at the time of publication.",<500 ,<500 , <500,"Children estimates were not available at the time of publication.",<500 ,<500 , <500,"Children estimates were not available at the time of publication.",<500 ,<200 , <500,"Children estimates were not available at the time of publication.",<200 ,<200 , <500,"Children estimates were not available at the time of publication.",<200 ,<200 , <500,"Children estimates were not available at the time of publication.",<200 ,<200 , <200,"Children estimates were not available at the time of publication.",<200 ,<200 , <200,"Children estimates were not available at the time of publication.",<200 ,<200 , <500,"Children estimates were not available at the time of publication.",<200 ,<200 , <500,"Children estimates were not available at the time of publication.",<200 ,<200 , <500,"Children estimates were not available at the time of publication.",<200 ,<200 , <500,"Children estimates were not available at the time of publication."
Lebanon,... ,... , ...,"Children estimates were not available at the time of publication.",... ,... , ...,"Children estimates were not available at the time of publication.",... ,... , ...,"Children estimates were not available at the time of publication.",... ,... , ...,"Children estimates were not available at the time of publication.",... ,... , ...,"Children estimates were not available at the time of publication.",... ,... , ...,"Children estimates were not available at the time of publication.",... ,... , ...,"Children estimates were not available at the time of publication.",... ,... , ...,"Children estimates were not available at the time of publication.",... ,... , ...,"Children estimates were not available at the time of publication.",... ,... , ...,"Children estimates were not available at the time of publication.",... ,... , ...,"Children estimates were not available at the time of publication.",... ,... , ...,"Children estimates were not available at the time of publication.",... ,... , ...,"Children estimates were not available at the time of publication.",... ,... , ...,"Children estimates were not available at the time of publication.",... ,... , ...,"Children estimates were not available at the time of publication.",... ,... , ...,"Children estimates were not available at the time of publication.",... ,... , ...,"Children estimates were not available at the time of publication.",... ,... , ...,"Children estimates were not available at the time of publication.",... ,... , ...,"Children estimates were not available at the time of publication.",... ,... , ...,"Children estimates were not available at the time of publication.",... ,... , ...,"Children estimates were not available at the time of publication.",... ,... , ...,"Children estimates were not available at the time of publication.",... ,... , ...,"Children estimates were not available at the time of publication.",... ,... , ...,"Children estimates were not available at the time of publication.",... ,... , ...,"Children estimates were not available at the time of publication.",... ,... , ...,"Children estimates were not available at the time of publication.",... ,... , ...,"Children estimates were not available at the time of publication.",... ,... , ...,"Children estimates were not available at the time of publication.",... ,... , ...,"Children estimates were not available at the time of publication.",... ,... , ...,"Children estimates were not available at the time of publication.",... ,... , ...,"Children estimates were not available at the time of publication.",... ,... , ...,"Children estimates were not available at the time of publication.",... ,... , ...,"Children estimates were not available at the time of publication.",... ,... , ...,"Children estimates were not available at the time of publication.",... ,... , ...,"Children estimates were not available at the time of publication."
Lesotho,<500 ,<200 , <500,,<500 ,<500 , 560,,670 ,510 , 880,,1100 ,860 , 1300,,1600 ,1400 , 2000,,2400 ,2000 , 2900,,3300 ,2800 , 3900,,4400 ,3800 , 5100,,5500 ,4800 , 6400,,6700 ,5900 , 7700,,7900 ,7000 , 8900,,9000 ,8000 , 10 000,,9900 ,9000 , 11 000,,11 000 ,9800 , 12 000,,11 000 ,10 000 , 13 000,,11 000 ,10 000 , 12 000,,10 000 ,9200 , 11 000,,8100 ,7100 , 9200,,6000 ,5100 , 7100,,5200 ,4400 , 6300,,4700 ,4000 , 5700,,4500 ,3700 , 5600,,4700 ,3800 , 6000,,4800 ,4000 , 6100,,5000 ,4100 , 6200,,4900 ,4100 , 6000,,4600 ,4000 , 5400,,4200 ,3700 , 4900,,3700 ,3200 , 4400,,3500 ,3000 , 4200,,3300 ,2800 , 3900,,3000 ,2500 , 3500,,2700 ,2300 , 3200,,2600 ,2100 , 3100,,2400 ,2000 , 2900,
Liberia,<500 ,<200 , 970,,<500 ,<200 , 900,,620 ,<500 , 1200,,810 ,<500 , 1500,,1000 ,500 , 1700,,1100 ,600 , 1800,,1300 ,780 , 2100,,1500 ,940 , 2200,,1900 ,1300 , 2700,,2100 ,1500 , 3000,,2300 ,1700 , 3200,,2400 ,1900 , 3300,,2600 ,2000 , 3400,,2600 ,2100 , 3300,,2600 ,2100 , 3200,,2600 ,2200 , 3200,,2600 ,2200 , 3100,,2400 ,2000 , 2900,,2400 ,2000 , 2900,,2300 ,1900 , 2700,,2100 ,1700 , 2500,,1900 ,1600 , 2300,,2000 ,1600 , 2300,,2000 ,1600 , 2300,,1900 ,1600 , 2200,,1800 ,1600 , 2200,,1800 ,1500 , 2100,,1500 ,1300 , 1800,,1200 ,960 , 1500,,1000 ,800 , 1400,,940 ,710 , 1200,,770 ,570 , 1100,,630 ,<500 , 880,,520 ,<500 , 720,,<500 ,<500 , 640,
Libya,<100 ,<100 , <100,,<100 ,<100 , <100,,<100 ,<100 , <100,,<100 ,<100 , <100,,<100 ,<100 , <100,,<100 ,<100 , <100,,<100 ,<100 , <100,,<100 ,<100 , <100,,<100 ,<100 , <100,,<100 ,<100 , <100,,<100 ,<100 , <100,,<100 ,<100 , <100,,<100 ,<100 , <100,,<100 ,<100 , <100,,<100 ,<100 , <100,,<100 ,<100 , <100,,<100 ,<100 , <100,,<100 ,<100 , <100,,<100 ,<100 , <100,,<100 ,<100 , <100,,<100 ,<100 , <100,,<100 ,<100 , <100,,<100 ,<100 , <100,,<100 ,<100 , <100,,<100 ,<100 , <100,,<100 ,<100 , <100,,<100 ,<100 , <100,,<100 ,<100 , <100,,<100 ,<100 , <100,,<100 ,<100 , <100,,<100 ,<100 , <100,,<100 ,<100 , <200,,<200 ,<100 , <200,,<200 ,<100 , <200,,<200 ,<100 , <200,
Lithuania,<100 ,<100 , <100,"Children estimates were not available at the time of publication.",<100 ,<100 , <100,"Children estimates were not available at the time of publication.",<100 ,<100 , <100,"Children estimates were not available at the time of publication.",<100 ,<100 , <100,"Children estimates were not available at the time of publication.",<100 ,<100 , <100,"Children estimates were not available at the time of publication.",<100 ,<100 , <100,"Children estimates were not available at the time of publication.",<100 ,<100 , <100,"Children estimates were not available at the time of publication.",<100 ,<100 , <100,"Children estimates were not available at the time of publication.",<100 ,<100 , <100,"Children estimates were not available at the time of publication.",<100 ,<100 , <100,"Children estimates were not available at the time of publication.",<100 ,<100 , <100,"Children estimates were not available at the time of publication.",<100 ,<100 , <100,"Children estimates were not available at the time of publication.",<100 ,<100 , <100,"Children estimates were not available at the time of publication.",<100 ,<100 , <100,"Children estimates were not available at the time of publication.",<100 ,<100 , <100,"Children estimates were not available at the time of publication.",<100 ,<100 , <100,"Children estimates were not available at the time of publication.",<100 ,<100 , <100,"Children estimates were not available at the time of publication.",<100 ,<100 , <100,"Children estimates were not available at the time of publication.",<100 ,<100 , <100,"Children estimates were not available at the time of publication.",<100 ,<100 , <100,"Children estimates were not available at the time of publication.",<100 ,<100 , <100,"Children estimates were not available at the time of publication.",<100 ,<100 , <100,"Children estimates were not available at the time of publication.",<100 ,<100 , <100,"Children estimates were not available at the time of publication.",<100 ,<100 , <100,"Children estimates were not available at the time of publication.",<100 ,<100 , <100,"Children estimates were not available at the time of publication.",<100 ,<100 , <100,"Children estimates were not available at the time of publication.",<100 ,<100 , <100,"Children estimates were not available at the time of publication.",<100 ,<100 , <100,"Children estimates were not available at the time of publication.",<100 ,<100 , <100,"Children estimates were not available at the time of publication.",<100 ,<100 , <100,"Children estimates were not available at the time of publication.",<100 ,<100 , <100,"Children estimates were not available at the time of publication.",<100 ,<100 , <100,"Children estimates were not available at the time of publication.",<100 ,<100 , <100,"Children estimates were not available at the time of publication.",<100 ,<100 , <100,"Children estimates were not available at the time of publication.",<100 ,<100 , <100,"Children estimates were not available at the time of publication."
Luxembourg,<100 ,<100 , <100,"Children estimates were not available at the time of publication.",<100 ,<100 , <100,"Children estimates were not available at the time of publication.",<100 ,<100 , <100,"Children estimates were not available at the time of publication.",<100 ,<100 , <100,"Children estimates were not available at the time of publication.",<100 ,<100 , <100,"Children estimates were not available at the time of publication.",<100 ,<100 , <100,"Children estimates were not available at the time of publication.",<100 ,<100 , <100,"Children estimates were not available at the time of publication.",<100 ,<100 , <100,"Children estimates were not available at the time of publication.",<100 ,<100 , <100,"Children estimates were not available at the time of publication.",<100 ,<100 , <100,"Children estimates were not available at the time of publication.",<100 ,<100 , <100,"Children estimates were not available at the time of publication.",<100 ,<100 , <100,"Children estimates were not available at the time of publication.",<100 ,<100 , <100,"Children estimates were not available at the time of publication.",<100 ,<100 , <100,"Children estimates were not available at the time of publication.",<100 ,<100 , <100,"Children estimates were not available at the time of publication.",<100 ,<100 , <100,"Children estimates were not available at the time of publication.",<100 ,<100 , <100,"Children estimates were not available at the time of publication.",<100 ,<100 , <100,"Children estimates were not available at the time of publication.",<100 ,<100 , <100,"Children estimates were not available at the time of publication.",<100 ,<100 , <100,"Children estimates were not available at the time of publication.",<100 ,<100 , <100,"Children estimates were not available at the time of publication.",<100 ,<100 , <100,"Children estimates were not available at the time of publication.",<100 ,<100 , <100,"Children estimates were not available at the time of publication.",<100 ,<100 , <100,"Children estimates were not available at the time of publication.",<100 ,<100 , <100,"Children estimates were not available at the time of publication.",<100 ,<100 , <100,"Children estimates were not available at the time of publication.",<100 ,<100 , <100,"Children estimates were not available at the time of publication.",<100 ,<100 , <100,"Children estimates were not available at the time of publication.",<100 ,<100 , <100,"Children estimates were not available at the time of publication.",<100 ,<100 , <100,"Children estimates were not available at the time of publication.",<100 ,<100 , <100,"Children estimates were not available at the time of publication.",<100 ,<100 , <100,"Children estimates were not available at the time of publication.",<100 ,<100 , <100,"Children estimates were not available at the time of publication.",<100 ,<100 , <100,"Children estimates were not available at the time of publication.",<100 ,<100 , <100,"Children estimates were not available at the time of publication."
Madagascar,<100 ,<100 , <100,,<100 ,<100 , <100,,<100 ,<100 , <100,,<100 ,<100 , <100,,<100 ,<100 , <100,,<100 ,<100 , <100,,<100 ,<100 , <200,,<100 ,<100 , <200,,<100 ,<100 , <200,,<200 ,<100 , <500,,<200 ,<100 , <500,,<200 ,<100 , <500,,<200 ,<100 , <500,,<500 ,<200 , <500,,<500 ,<200 , 520,,<500 ,<500 , 610,,<500 ,<500 , 710,,520 ,<500 , 840,,620 ,<500 , 960,,740 ,<500 , 1100,,880 ,600 , 1200,,1000 ,710 , 1400,,1200 ,840 , 1500,,1300 ,960 , 1700,,1500 ,1100 , 1800,,1600 ,1200 , 2000,,1700 ,1300 , 2100,,1800 ,1400 , 2200,,1900 ,1500 , 2300,,1900 ,1500 , 2400,,2100 ,1600 , 2700,,2100 ,1600 , 2800,,2000 ,1500 , 2900,,2000 ,1400 , 3000,,1900 ,1200 , 2900,
Malawi,9600 ,9000 , 11 000,,13 000 ,12 000 , 14 000,,17 000 ,16 000 , 18 000,,21 000 ,20 000 , 22 000,,25 000 ,23 000 , 26 000,,28 000 ,26 000 , 30 000,,32 000 ,31 000 , 34 000,,36 000 ,35 000 , 38 000,,40 000 ,38 000 , 42 000,,44 000 ,42 000 , 46 000,,47 000 ,45 000 , 49 000,,49 000 ,47 000 , 51 000,,51 000 ,49 000 , 52 000,,52 000 ,50 000 , 53 000,,51 000 ,49 000 , 52 000,,47 000 ,46 000 , 49 000,,42 000 ,41 000 , 44 000,,36 000 ,34 000 , 38 000,,30 000 ,27 000 , 32 000,,24 000 ,21 000 , 27 000,,21 000 ,18 000 , 24 000,,18 000 ,16 000 , 22 000,,17 000 ,15 000 , 20 000,,15 000 ,13 000 , 18 000,,14 000 ,12 000 , 16 000,,13 000 ,12 000 , 15 000,,13 000 ,12 000 , 15 000,,13 000 ,11 000 , 15 000,,12 000 ,11 000 , 14 000,,11 000 ,9500 , 13 000,,11 000 ,8900 , 12 000,,10 000 ,8600 , 12 000,,9500 ,7900 , 11 000,,9000 ,7500 , 11 000,,8400 ,6900 , 10 000,
Malaysia,<500 ,<500 , <500,,540 ,<500 , 650,,780 ,630 , 930,,1000 ,850 , 1200,,1300 ,1100 , 1600,,1600 ,1300 , 1900,,1900 ,1500 , 2200,,2100 ,1800 , 2500,,2400 ,2000 , 2800,,2600 ,2200 , 3100,,2800 ,2300 , 3300,,2900 ,2400 , 3400,,2700 ,2300 , 3200,,2600 ,2200 , 3100,,2500 ,2100 , 3000,,2500 ,2000 , 3000,,2500 ,2000 , 2900,,2500 ,2000 , 2900,,2500 ,2000 , 3000,,2500 ,2100 , 3000,,2600 ,2100 , 3000,,2600 ,2200 , 3100,,2700 ,2300 , 3200,,2800 ,2300 , 3200,,2600 ,2200 , 3000,,2400 ,2000 , 2800,,2000 ,1600 , 2300,,1600 ,1300 , 2000,,1600 ,1300 , 2000,,1500 ,1200 , 1900,,1500 ,1100 , 1800,,1400 ,1100 , 1800,,1500 ,1100 , 2000,,1500 ,1100 , 2000,,1400 ,1000 , 1800,
Maldives,<100 ,<100 , <100,"Children estimates were not available at the time of publication.",<100 ,<100 , <100,"Children estimates were not available at the time of publication.",<100 ,<100 , <100,"Children estimates were not available at the time of publication.",<100 ,<100 , <100,"Children estimates were not available at the time of publication.",<100 ,<100 , <100,"Children estimates were not available at the time of publication.",<100 ,<100 , <100,"Children estimates were not available at the time of publication.",<100 ,<100 , <100,"Children estimates were not available at the time of publication.",<100 ,<100 , <100,"Children estimates were not available at the time of publication.",<100 ,<100 , <100,"Children estimates were not available at the time of publication.",<100 ,<100 , <100,"Children estimates were not available at the time of publication.",<100 ,<100 , <100,"Children estimates were not available at the time of publication.",<100 ,<100 , <100,"Children estimates were not available at the time of publication.",<100 ,<100 , <100,"Children estimates were not available at the time of publication.",<100 ,<100 , <100,"Children estimates were not available at the time of publication.",<100 ,<100 , <100,"Children estimates were not available at the time of publication.",<100 ,<100 , <100,"Children estimates were not available at the time of publication.",<100 ,<100 , <100,"Children estimates were not available at the time of publication.",<100 ,<100 , <100,"Children estimates were not available at the time of publication.",<100 ,<100 , <100,"Children estimates were not available at the time of publication.",<100 ,<100 , <100,"Children estimates were not available at the time of publication.",<100 ,<100 , <100,"Children estimates were not available at the time of publication.",<100 ,<100 , <100,"Children estimates were not available at the time of publication.",<100 ,<100 , <100,"Children estimates were not available at the time of publication.",<100 ,<100 , <100,"Children estimates were not available at the time of publication.",<100 ,<100 , <100,"Children estimates were not available at the time of publication.",<100 ,<100 , <100,"Children estimates were not available at the time of publication.",<100 ,<100 , <100,"Children estimates were not available at the time of publication.",<100 ,<100 , <100,"Children estimates were not available at the time of publication.",<100 ,<100 , <100,"Children estimates were not available at the time of publication.",<100 ,<100 , <100,"Children estimates were not available at the time of publication.",<100 ,<100 , <100,"Children estimates were not available at the time of publication.",<100 ,<100 , <100,"Children estimates were not available at the time of publication.",<100 ,<100 , <100,"Children estimates were not available at the time of publication.",<100 ,<100 , <100,"Children estimates were not available at the time of publication.",<100 ,<100 , <100,"Children estimates were not available at the time of publication."
Mali,940 ,<500 , 2100,,1200 ,520 , 2600,,1500 ,710 , 3000,,1900 ,920 , 3500,,2200 ,1200 , 3900,,2600 ,1600 , 4400,,3000 ,2000 , 4900,,3400 ,2300 , 5200,,3800 ,2700 , 5400,,4200 ,3000 , 5700,,4500 ,3400 , 6000,,4900 ,3800 , 6300,,5100 ,4100 , 6400,,5200 ,4200 , 6500,,5100 ,4100 , 6200,,5100 ,4200 , 6200,,4800 ,3900 , 5900,,4000 ,3200 , 5000,,3600 ,2800 , 4600,,3500 ,2700 , 4500,,3400 ,2700 , 4400,,3300 ,2500 , 4200,,3300 ,2600 , 4300,,3600 ,2800 , 4700,,3700 ,3000 , 4900,,3600 ,2900 , 4800,,3500 ,2700 , 4700,,3400 ,2600 , 4600,,3200 ,2500 , 4500,,3200 ,2400 , 4500,,3100 ,2300 , 4300,,2800 ,2000 , 3900,,2700 ,1900 , 3800,,2200 ,1500 , 3300,,1800 ,1300 , 2900,
Malta,<100 ,<100 , <100,"Children estimates were not available at the time of publication.",<100 ,<100 , <100,"Children estimates were not available at the time of publication.",<100 ,<100 , <100,"Children estimates were not available at the time of publication.",<100 ,<100 , <100,"Children estimates were not available at the time of publication.",<100 ,<100 , <100,"Children estimates were not available at the time of publication.",<100 ,<100 , <100,"Children estimates were not available at the time of publication.",<100 ,<100 , <100,"Children estimates were not available at the time of publication.",<100 ,<100 , <100,"Children estimates were not available at the time of publication.",<100 ,<100 , <100,"Children estimates were not available at the time of publication.",<100 ,<100 , <100,"Children estimates were not available at the time of publication.",<100 ,<100 , <100,"Children estimates were not available at the time of publication.",<100 ,<100 , <100,"Children estimates were not available at the time of publication.",<100 ,<100 , <100,"Children estimates were not available at the time of publication.",<100 ,<100 , <100,"Children estimates were not available at the time of publication.",<100 ,<100 , <100,"Children estimates were not available at the time of publication.",<100 ,<100 , <100,"Children estimates were not available at the time of publication.",<100 ,<100 , <100,"Children estimates were not available at the time of publication.",<100 ,<100 , <100,"Children estimates were not available at the time of publication.",<100 ,<100 , <100,"Children estimates were not available at the time of publication.",<100 ,<100 , <100,"Children estimates were not available at the time of publication.",<100 ,<100 , <100,"Children estimates were not available at the time of publication.",<100 ,<100 , <100,"Children estimates were not available at the time of publication.",<100 ,<100 , <100,"Children estimates were not available at the time of publication.",<100 ,<100 , <100,"Children estimates were not available at the time of publication.",<100 ,<100 , <100,"Children estimates were not available at the time of publication.",<100 ,<100 , <100,"Children estimates were not available at the time of publication.",<100 ,<100 , <100,"Children estimates were not available at the time of publication.",<100 ,<100 , <100,"Children estimates were not available at the time of publication.",<100 ,<100 , <100,"Children estimates were not available at the time of publication.",<100 ,<100 , <100,"Children estimates were not available at the time of publication.",<100 ,<100 , <100,"Children estimates were not available at the time of publication.",<100 ,<100 , <100,"Children estimates were not available at the time of publication.",<100 ,<100 , <100,"Children estimates were not available at the time of publication.",<100 ,<100 , <100,"Children estimates were not available at the time of publication.",<100 ,<100 , <100,"Children estimates were not available at the time of publication."
Marshall Islands,... ,... , ...,,... ,... , ...,,... ,... , ...,,... ,... , ...,,... ,... , ...,,... ,... , ...,,... ,... , ...,,... ,... , ...,,... ,... , ...,,... ,... , ...,,... ,... , ...,,... ,... , ...,,... ,... , ...,,... ,... , ...,,... ,... , ...,,... ,... , ...,,... ,... , ...,,... ,... , ...,,... ,... , ...,,... ,... , ...,,... ,... , ...,,... ,... , ...,,... ,... , ...,,... ,... , ...,,... ,... , ...,,... ,... , ...,,... ,... , ...,,... ,... , ...,,... ,... , ...,,... ,... , ...,,... ,... , ...,,... ,... , ...,,... ,... , ...,,... ,... , ...,,... ,... , ...,
Mauritania,<100 ,<100 , <200,,<100 ,<100 , <200,,<100 ,<100 , <200,,<200 ,<100 , <500,,<200 ,<100 , <500,,<200 ,<200 , <500,,<200 ,<200 , <500,,<500 ,<200 , <500,,<500 ,<500 , <500,,<500 ,<500 , <500,,<500 ,<500 , 510,,<500 ,<500 , 550,,<500 ,<500 , 600,,510 ,<500 , 630,,530 ,<500 , 650,,530 ,<500 , 640,,<500 ,<500 , 600,,<500 ,<500 , 560,,<500 ,<500 , 520,,<500 ,<500 , <500,,<500 ,<500 , <500,,<500 ,<500 , <500,,<500 ,<500 , <500,,<500 ,<500 , <500,,<500 ,<500 , <500,,<500 ,<500 , <500,,<500 ,<500 , <500,,<500 ,<200 , <500,,<500 ,<200 , <500,,<200 ,<200 , <500,,<200 ,<200 , <500,,<200 ,<200 , <500,,<200 ,<100 , <200,,<100 ,<100 , <200,,<100 ,<100 , <200,
Mauritius,... ,... , ...,"Estimates were not available at the time of publication.",... ,... , ...,"Estimates were not available at the time of publication.",... ,... , ...,"Estimates were not available at the time of publication.",... ,... , ...,"Estimates were not available at the time of publication.",... ,... , ...,"Estimates were not available at the time of publication.",... ,... , ...,"Estimates were not available at the time of publication.",... ,... , ...,"Estimates were not available at the time of publication.",... ,... , ...,"Estimates were not available at the time of publication.",... ,... , ...,"Estimates were not available at the time of publication.",... ,... , ...,"Estimates were not available at the time of publication.",... ,... , ...,"Estimates were not available at the time of publication.",... ,... , ...,"Estimates were not available at the time of publication.",... ,... , ...,"Estimates were not available at the time of publication.",... ,... , ...,"Estimates were not available at the time of publication.",... ,... , ...,"Estimates were not available at the time of publication.",... ,... , ...,"Estimates were not available at the time of publication.",... ,... , ...,"Estimates were not available at the time of publication.",... ,... , ...,"Estimates were not available at the time of publication.",... ,... , ...,"Estimates were not available at the time of publication.",... ,... , ...,"Estimates were not available at the time of publication.",... ,... , ...,"Estimates were not available at the time of publication.",... ,... , ...,"Estimates were not available at the time of publication.",... ,... , ...,"Estimates were not available at the time of publication.",... ,... , ...,"Estimates were not available at the time of publication.",... ,... , ...,"Estimates were not available at the time of publication.",... ,... , ...,"Estimates were not available at the time of publication.",... ,... , ...,"Estimates were not available at the time of publication.",... ,... , ...,"Estimates were not available at the time of publication.",... ,... , ...,"Estimates were not available at the time of publication.",... ,... , ...,"Estimates were not available at the time of publication.",... ,... , ...,"Estimates were not available at the time of publication.",... ,... , ...,"Estimates were not available at the time of publication.",... ,... , ...,"Estimates were not available at the time of publication.",... ,... , ...,"Estimates were not available at the time of publication.",... ,... , ...,"Estimates were not available at the time of publication."
Mexico,530 ,<500 , 720,,800 ,610 , 1000,,1100 ,900 , 1400,,1500 ,1200 , 1900,,1900 ,1700 , 2300,,2100 ,1900 , 2500,,2200 ,2000 , 2600,,2600 ,2300 , 2900,,3000 ,2700 , 3400,,3500 ,3200 , 3900,,3800 ,3500 , 4200,,3800 ,3500 , 4100,,3800 ,3400 , 4100,,3600 ,3200 , 4000,,3500 ,3100 , 4000,,3700 ,3200 , 4100,,3600 ,3100 , 4100,,3500 ,2900 , 4000,,3400 ,2900 , 3900,,3500 ,2900 , 4000,,3600 ,3000 , 4200,,3800 ,3100 , 4400,,3700 ,3000 , 4300,,3600 ,3000 , 4300,,3800 ,3100 , 4500,,3600 ,2900 , 4300,,3500 ,2800 , 4200,,3800 ,3100 , 4600,,3800 ,3100 , 4600,,3600 ,2800 , 4500,,3500 ,2700 , 4400,,3000 ,2300 , 3900,,2900 ,2200 , 3800,,3100 ,2300 , 4100,,3000 ,2300 , 4100,
Mongolia,<100 ,<100 , <100,"Children estimates were not available at the time of publication.",<100 ,<100 , <100,"Children estimates were not available at the time of publication.",<100 ,<100 , <100,"Children estimates were not available at the time of publication.",<100 ,<100 , <100,"Children estimates were not available at the time of publication.",<100 ,<100 , <100,"Children estimates were not available at the time of publication.",<100 ,<100 , <100,"Children estimates were not available at the time of publication.",<100 ,<100 , <100,"Children estimates were not available at the time of publication.",<100 ,<100 , <100,"Children estimates were not available at the time of publication.",<100 ,<100 , <100,"Children estimates were not available at the time of publication.",<100 ,<100 , <100,"Children estimates were not available at the time of publication.",<100 ,<100 , <100,"Children estimates were not available at the time of publication.",<100 ,<100 , <100,"Children estimates were not available at the time of publication.",<100 ,<100 , <100,"Children estimates were not available at the time of publication.",<100 ,<100 , <100,"Children estimates were not available at the time of publication.",<100 ,<100 , <100,"Children estimates were not available at the time of publication.",<100 ,<100 , <100,"Children estimates were not available at the time of publication.",<100 ,<100 , <100,"Children estimates were not available at the time of publication.",<100 ,<100 , <100,"Children estimates were not available at the time of publication.",<100 ,<100 , <100,"Children estimates were not available at the time of publication.",<100 ,<100 , <100,"Children estimates were not available at the time of publication.",<100 ,<100 , <100,"Children estimates were not available at the time of publication.",<100 ,<100 , <100,"Children estimates were not available at the time of publication.",<100 ,<100 , <100,"Children estimates were not available at the time of publication.",<100 ,<100 , <100,"Children estimates were not available at the time of publication.",<100 ,<100 , <100,"Children estimates were not available at the time of publication.",<100 ,<100 , <100,"Children estimates were not available at the time of publication.",<100 ,<100 , <100,"Children estimates were not available at the time of publication.",<100 ,<100 , <100,"Children estimates were not available at the time of publication.",<100 ,<100 , <100,"Children estimates were not available at the time of publication.",<100 ,<100 , <100,"Children estimates were not available at the time of publication.",<100 ,<100 , <100,"Children estimates were not available at the time of publication.",<100 ,<100 , <100,"Children estimates were not available at the time of publication.",<100 ,<100 , <100,"Children estimates were not available at the time of publication.",<100 ,<100 , <100,"Children estimates were not available at the time of publication.",<100 ,<100 , <100,"Children estimates were not available at the time of publication."
Montenegro,<100 ,<100 , <100,"Children estimates were not available at the time of publication.",<100 ,<100 , <100,"Children estimates were not available at the time of publication.",<100 ,<100 , <100,"Children estimates were not available at the time of publication.",<100 ,<100 , <100,"Children estimates were not available at the time of publication.",<100 ,<100 , <100,"Children estimates were not available at the time of publication.",<100 ,<100 , <100,"Children estimates were not available at the time of publication.",<100 ,<100 , <100,"Children estimates were not available at the time of publication.",<100 ,<100 , <100,"Children estimates were not available at the time of publication.",<100 ,<100 , <100,"Children estimates were not available at the time of publication.",<100 ,<100 , <100,"Children estimates were not available at the time of publication.",<100 ,<100 , <100,"Children estimates were not available at the time of publication.",<100 ,<100 , <100,"Children estimates were not available at the time of publication.",<100 ,<100 , <100,"Children estimates were not available at the time of publication.",<100 ,<100 , <100,"Children estimates were not available at the time of publication.",<100 ,<100 , <100,"Children estimates were not available at the time of publication.",<100 ,<100 , <100,"Children estimates were not available at the time of publication.",<100 ,<100 , <100,"Children estimates were not available at the time of publication.",<100 ,<100 , <100,"Children estimates were not available at the time of publication.",<100 ,<100 , <100,"Children estimates were not available at the time of publication.",<100 ,<100 , <100,"Children estimates were not available at the time of publication.",<100 ,<100 , <100,"Children estimates were not available at the time of publication.",<100 ,<100 , <100,"Children estimates were not available at the time of publication.",<100 ,<100 , <100,"Children estimates were not available at the time of publication.",<100 ,<100 , <100,"Children estimates were not available at the time of publication.",<100 ,<100 , <100,"Children estimates were not available at the time of publication.",<100 ,<100 , <100,"Children estimates were not available at the time of publication.",<100 ,<100 , <100,"Children estimates were not available at the time of publication.",<100 ,<100 , <100,"Children estimates were not available at the time of publication.",<100 ,<100 , <100,"Children estimates were not available at the time of publication.",<100 ,<100 , <100,"Children estimates were not available at the time of publication.",<100 ,<100 , <100,"Children estimates were not available at the time of publication.",<100 ,<100 , <100,"Children estimates were not available at the time of publication.",<100 ,<100 , <100,"Children estimates were not available at the time of publication.",<100 ,<100 , <100,"Children estimates were not available at the time of publication.",<100 ,<100 , <100,"Children estimates were not available at the time of publication."
Morocco,<100 ,<100 , <200,,<100 ,<100 , <200,,<100 ,<100 , <200,,<200 ,<100 , <500,,<200 ,<200 , <500,,<200 ,<200 , <500,,<500 ,<200 , <500,,<500 ,<200 , <500,,<500 ,<500 , <500,,<500 ,<500 , 500,,<500 ,<500 , 560,,<500 ,<500 , 620,,550 ,<500 , 680,,540 ,<500 , 660,,<500 ,<500 , 620,,520 ,<500 , 640,,560 ,<500 , 690,,590 ,<500 , 720,,600 ,<500 , 720,,590 ,<500 , 710,,600 ,<500 , 720,,600 ,<500 , 720,,560 ,<500 , 670,,500 ,<500 , 600,,<500 ,<500 , 580,,<500 ,<500 , 570,,<500 ,<500 , 570,,<500 ,<500 , 560,,<500 ,<500 , 550,,<500 ,<500 , 530,,<500 ,<500 , 510,,<500 ,<500 , <500,,<500 ,<500 , <500,,<500 ,<200 , <500,,<500 ,<200 , <500,
Mozambique,2400 ,1500 , 3600,,3200 ,2200 , 4700,,4400 ,3100 , 6100,,5700 ,4200 , 7700,,7600 ,5800 , 9900,,10 000 ,8100 , 13 000,,13 000 ,11 000 , 16 000,,16 000 ,13 000 , 20 000,,20 000 ,17 000 , 24 000,,24 000 ,20 000 , 28 000,,28 000 ,24 000 , 32 000,,32 000 ,28 000 , 36 000,,36 000 ,32 000 , 41 000,,40 000 ,36 000 , 45 000,,44 000 ,40 000 , 49 000,,47 000 ,42 000 , 52 000,,47 000 ,43 000 , 53 000,,44 000 ,40 000 , 50 000,,41 000 ,36 000 , 47 000,,40 000 ,35 000 , 47 000,,41 000 ,35 000 , 47 000,,41 000 ,35 000 , 47 000,,44 000 ,38 000 , 50 000,,43 000 ,38 000 , 49 000,,37 000 ,32 000 , 43 000,,33 000 ,29 000 , 38 000,,30 000 ,27 000 , 34 000,,29 000 ,26 000 , 33 000,,28 000 ,24 000 , 32 000,,29 000 ,25 000 , 34 000,,30 000 ,26 000 , 35 000,,30 000 ,26 000 , 35 000,,29 000 ,26 000 , 34 000,,28 000 ,24 000 , 33 000,,27 000 ,23 000 , 32 000,
Myanmar,<200 ,<100 , <200,,<500 ,<500 , <500,,570 ,<500 , 710,,950 ,760 , 1200,,1400 ,1200 , 1700,,2000 ,1600 , 2400,,2600 ,2100 , 3200,,3300 ,2700 , 4000,,4100 ,3400 , 5000,,5000 ,4100 , 6000,,5900 ,4900 , 7000,,6900 ,5700 , 8100,,7900 ,6600 , 9200,,8900 ,7500 , 10 000,,9800 ,8400 , 11 000,,11 000 ,9200 , 12 000,,11 000 ,9500 , 13 000,,11 000 ,9500 , 13 000,,11 000 ,9400 , 13 000,,11 000 ,9600 , 13 000,,11 000 ,9600 , 13 000,,11 000 ,9300 , 13 000,,10 000 ,8800 , 12 000,,9700 ,8100 , 12 000,,9200 ,7500 , 11 000,,8600 ,6900 , 11 000,,7900 ,6200 , 10 000,,7400 ,5300 , 10 000,,6900 ,4700 , 9800,,6500 ,4100 , 9700,,6000 ,3400 , 9000,,5300 ,2800 , 8500,,5200 ,2600 , 8400,,5100 ,2300 , 8700,,4800 ,1900 , 8300,
Namibia,<500 ,<500 , <500,,<500 ,<500 , 520,,620 ,520 , 720,,880 ,740 , 1000,,1200 ,1100 , 1400,,1700 ,1400 , 1900,,2200 ,1900 , 2500,,2800 ,2500 , 3200,,3500 ,3100 , 4000,,4300 ,3800 , 4800,,5100 ,4600 , 5600,,5900 ,5300 , 6500,,6600 ,6000 , 7300,,7300 ,6700 , 8000,,7300 ,6700 , 8000,,6500 ,5900 , 7200,,5300 ,4700 , 6100,,3900 ,3400 , 4700,,2900 ,2500 , 3600,,2400 ,2100 , 3000,,2300 ,2000 , 2800,,2300 ,2000 , 2700,,2200 ,1900 , 2600,,2100 ,1800 , 2500,,2000 ,1700 , 2400,,2200 ,1900 , 2800,,2300 ,2000 , 2900,,2600 ,2200 , 3200,,2500 ,2200 , 3000,,2400 ,2100 , 2900,,2200 ,1900 , 2700,,2100 ,1700 , 2500,,1900 ,1600 , 2300,,1800 ,1500 , 2200,,1700 ,1400 , 2100,
Nepal,<100 ,<100 , <100,,<100 ,<100 , <100,,<100 ,<100 , <100,,<100 ,<100 , <100,,<100 ,<100 , <100,,<100 ,<100 , <100,,<100 ,<100 , <100,,<100 ,<100 , <200,,<200 ,<200 , <200,,<500 ,<500 , <500,,<500 ,<500 , 520,,630 ,530 , 760,,860 ,720 , 1000,,1100 ,920 , 1300,,1300 ,1100 , 1600,,1500 ,1300 , 1800,,1700 ,1400 , 2000,,1800 ,1500 , 2100,,1700 ,1400 , 2000,,1700 ,1400 , 2000,,1700 ,1400 , 2000,,1600 ,1300 , 1900,,1600 ,1300 , 1900,,1500 ,1200 , 1800,,1500 ,1200 , 1700,,1400 ,1100 , 1600,,1300 ,1000 , 1500,,1200 ,950 , 1400,,1100 ,830 , 1200,,910 ,720 , 1100,,790 ,620 , 950,,660 ,520 , 810,,520 ,<500 , 640,,<500 ,<500 , 510,,<500 ,<500 , <500,
Netherlands,<500 ,<500 , <500,,<500 ,<500 , <500,,<500 ,<500 , <500,,<500 ,<500 , 520,,<500 ,<500 , 560,,<500 ,<500 , 580,,<500 ,<200 , <500,,<100 ,<100 , <200,,<100 ,<100 , <100,,<100 ,<100 , <100,,<100 ,<100 , <100,,<100 ,<100 , <100,,<100 ,<100 , <100,,<100 ,<100 , <100,,<100 ,<100 , <100,,<100 ,<100 , <100,,<100 ,<100 , <100,,<100 ,<100 , <100,,<100 ,<100 , <100,,<100 ,<100 , <100,,<100 ,<100 , <100,,<100 ,<100 , <100,,<100 ,<100 , <100,,<100 ,<100 , <100,,<100 ,<100 , <100,,<100 ,<100 , <100,,<100 ,<100 , <100,,<100 ,<100 , <100,,<100 ,<100 , <100,,<100 ,<100 , <100,,<100 ,<100 , <100,,<100 ,<100 , <100,,<100 ,<100 , <100,,<100 ,<100 , <100,,... ,... , ...,
New Zealand,<100 ,<100 , <100,"Children estimates were not available at the time of publication.",<100 ,<100 , <100,"Children estimates were not available at the time of publication.",<100 ,<100 , <100,"Children estimates were not available at the time of publication.",<100 ,<100 , <100,"Children estimates were not available at the time of publication.",<100 ,<100 , <100,"Children estimates were not available at the time of publication.",<100 ,<100 , <100,"Children estimates were not available at the time of publication.",<100 ,<100 , <100,"Children estimates were not available at the time of publication.",<100 ,<100 , <100,"Children estimates were not available at the time of publication.",<100 ,<100 , <100,"Children estimates were not available at the time of publication.",<100 ,<100 , <100,"Children estimates were not available at the time of publication.",<100 ,<100 , <100,"Children estimates were not available at the time of publication.",<100 ,<100 , <100,"Children estimates were not available at the time of publication.",<100 ,<100 , <100,"Children estimates were not available at the time of publication.",<100 ,<100 , <100,"Children estimates were not available at the time of publication.",<100 ,<100 , <100,"Children estimates were not available at the time of publication.",<100 ,<100 , <100,"Children estimates were not available at the time of publication.",<100 ,<100 , <100,"Children estimates were not available at the time of publication.",<100 ,<100 , <100,"Children estimates were not available at the time of publication.",<100 ,<100 , <100,"Children estimates were not available at the time of publication.",<100 ,<100 , <100,"Children estimates were not available at the time of publication.",<100 ,<100 , <100,"Children estimates were not available at the time of publication.",<100 ,<100 , <100,"Children estimates were not available at the time of publication.",<100 ,<100 , <100,"Children estimates were not available at the time of publication.",<100 ,<100 , <100,"Children estimates were not available at the time of publication.",<100 ,<100 , <100,"Children estimates were not available at the time of publication.",<100 ,<100 , <100,"Children estimates were not available at the time of publication.",<100 ,<100 , <100,"Children estimates were not available at the time of publication.",<100 ,<100 , <100,"Children estimates were not available at the time of publication.",<100 ,<100 , <100,"Children estimates were not available at the time of publication.",<100 ,<100 , <100,"Children estimates were not available at the time of publication.",<100 ,<100 , <100,"Children estimates were not available at the time of publication.",<100 ,<100 , <100,"Children estimates were not available at the time of publication.",<100 ,<100 , <100,"Children estimates were not available at the time of publication.",<100 ,<100 , <100,"Children estimates were not available at the time of publication.",<100 ,<100 , <100,"Children estimates were not available at the time of publication."
Nicaragua,... ,... , ...,"Estimates were not available at the time of publication.",... ,... , ...,"Estimates were not available at the time of publication.",... ,... , ...,"Estimates were not available at the time of publication.",... ,... , ...,"Estimates were not available at the time of publication.",... ,... , ...,"Estimates were not available at the time of publication.",... ,... , ...,"Estimates were not available at the time of publication.",... ,... , ...,"Estimates were not available at the time of publication.",... ,... , ...,"Estimates were not available at the time of publication.",... ,... , ...,"Estimates were not available at the time of publication.",... ,... , ...,"Estimates were not available at the time of publication.",... ,... , ...,"Estimates were not available at the time of publication.",... ,... , ...,"Estimates were not available at the time of publication.",... ,... , ...,"Estimates were not available at the time of publication.",... ,... , ...,"Estimates were not available at the time of publication.",... ,... , ...,"Estimates were not available at the time of publication.",... ,... , ...,"Estimates were not available at the time of publication.",... ,... , ...,"Estimates were not available at the time of publication.",... ,... , ...,"Estimates were not available at the time of publication.",... ,... , ...,"Estimates were not available at the time of publication.",... ,... , ...,"Estimates were not available at the time of publication.",... ,... , ...,"Estimates were not available at the time of publication.",... ,... , ...,"Estimates were not available at the time of publication.",... ,... , ...,"Estimates were not available at the time of publication.",... ,... , ...,"Estimates were not available at the time of publication.",... ,... , ...,"Estimates were not available at the time of publication.",... ,... , ...,"Estimates were not available at the time of publication.",... ,... , ...,"Estimates were not available at the time of publication.",... ,... , ...,"Estimates were not available at the time of publication.",... ,... , ...,"Estimates were not available at the time of publication.",... ,... , ...,"Estimates were not available at the time of publication.",... ,... , ...,"Estimates were not available at the time of publication.",... ,... , ...,"Estimates were not available at the time of publication.",... ,... , ...,"Estimates were not available at the time of publication.",... ,... , ...,"Estimates were not available at the time of publication.",... ,... , ...,"Estimates were not available at the time of publication."
Niger,<200 ,<200 , <500,,<500 ,<200 , <500,,<500 ,<500 , 540,,560 ,<500 , 740,,750 ,560 , 970,,960 ,740 , 1200,,1200 ,940 , 1500,,1400 ,1200 , 1700,,1700 ,1400 , 2000,,1900 ,1600 , 2300,,2100 ,1800 , 2500,,2300 ,1900 , 2600,,2400 ,2000 , 2800,,2500 ,2100 , 2900,,2500 ,2100 , 2900,,2400 ,2100 , 2800,,2200 ,1900 , 2500,,2000 ,1700 , 2400,,2000 ,1600 , 2300,,1600 ,1300 , 1800,,1200 ,920 , 1500,,1100 ,870 , 1400,,1000 ,770 , 1200,,940 ,730 , 1100,,970 ,750 , 1200,,1000 ,780 , 1200,,900 ,710 , 1100,,780 ,620 , 930,,660 ,530 , 790,,570 ,<500 , 690,,530 ,<500 , 650,,<500 ,<500 , 600,,<500 ,<500 , 570,,<500 ,<500 , 540,,<500 ,<500 , 520,
Nigeria,11 000 ,8400 , 14 000,,14 000 ,11 000 , 18 000,,19 000 ,14 000 , 23 000,,23 000 ,19 000 , 28 000,,29 000 ,24 000 , 34 000,,35 000 ,29 000 , 41 000,,41 000 ,35 000 , 48 000,,48 000 ,42 000 , 56 000,,55 000 ,48 000 , 63 000,,62 000 ,54 000 , 70 000,,68 000 ,61 000 , 77 000,,75 000 ,67 000 , 84 000,,79 000 ,71 000 , 89 000,,83 000 ,75 000 , 93 000,,84 000 ,76 000 , 94 000,,83 000 ,74 000 , 93 000,,79 000 ,70 000 , 89 000,,76 000 ,67 000 , 86 000,,70 000 ,62 000 , 80 000,,60 000 ,52 000 , 71 000,,60 000 ,51 000 , 70 000,,62 000 ,54 000 , 72 000,,59 000 ,51 000 , 69 000,,52 000 ,45 000 , 63 000,,49 000 ,41 000 , 59 000,,47 000 ,39 000 , 57 000,,45 000 ,38 000 , 55 000,,43 000 ,36 000 , 53 000,,44 000 ,36 000 , 55 000,,44 000 ,36 000 , 54 000,,38 000 ,31 000 , 47 000,,33 000 ,26 000 , 41 000,,28 000 ,23 000 , 36 000,,24 000 ,20 000 , 31 000,,21 000 ,17 000 , 27 000,
North Macedonia,<100 ,<100 , <100,"Children estimates were not available at the time of publication.",<100 ,<100 , <100,"Children estimates were not available at the time of publication.",<100 ,<100 , <100,"Children estimates were not available at the time of publication.",<100 ,<100 , <100,"Children estimates were not available at the time of publication.",<100 ,<100 , <100,"Children estimates were not available at the time of publication.",<100 ,<100 , <100,"Children estimates were not available at the time of publication.",<100 ,<100 , <100,"Children estimates were not available at the time of publication.",<100 ,<100 , <100,"Children estimates were not available at the time of publication.",<100 ,<100 , <100,"Children estimates were not available at the time of publication.",<100 ,<100 , <100,"Children estimates were not available at the time of publication.",<100 ,<100 , <100,"Children estimates were not available at the time of publication.",<100 ,<100 , <100,"Children estimates were not available at the time of publication.",<100 ,<100 , <100,"Children estimates were not available at the time of publication.",<100 ,<100 , <100,"Children estimates were not available at the time of publication.",<100 ,<100 , <100,"Children estimates were not available at the time of publication.",<100 ,<100 , <100,"Children estimates were not available at the time of publication.",<100 ,<100 , <100,"Children estimates were not available at the time of publication.",<100 ,<100 , <100,"Children estimates were not available at the time of publication.",<100 ,<100 , <100,"Children estimates were not available at the time of publication.",<100 ,<100 , <100,"Children estimates were not available at the time of publication.",<100 ,<100 , <100,"Children estimates were not available at the time of publication.",<100 ,<100 , <100,"Children estimates were not available at the time of publication.",<100 ,<100 , <100,"Children estimates were not available at the time of publication.",<100 ,<100 , <100,"Children estimates were not available at the time of publication.",<100 ,<100 , <100,"Children estimates were not available at the time of publication.",<100 ,<100 , <100,"Children estimates were not available at the time of publication.",<100 ,<100 , <100,"Children estimates were not available at the time of publication.",<100 ,<100 , <100,"Children estimates were not available at the time of publication.",<100 ,<100 , <100,"Children estimates were not available at the time of publication.",<100 ,<100 , <100,"Children estimates were not available at the time of publication.",<100 ,<100 , <100,"Children estimates were not available at the time of publication.",<100 ,<100 , <100,"Children estimates were not available at the time of publication.",<100 ,<100 , <100,"Children estimates were not available at the time of publication.",<100 ,<100 , <100,"Children estimates were not available at the time of publication.",<100 ,<100 , <100,"Children estimates were not available at the time of publication."
Norway,<100 ,<100 , <100,"Children estimates were not available at the time of publication.",<100 ,<100 , <100,"Children estimates were not available at the time of publication.",<100 ,<100 , <100,"Children estimates were not available at the time of publication.",<100 ,<100 , <100,"Children estimates were not available at the time of publication.",<100 ,<100 , <100,"Children estimates were not available at the time of publication.",<100 ,<100 , <100,"Children estimates were not available at the time of publication.",<100 ,<100 , <100,"Children estimates were not available at the time of publication.",<100 ,<100 , <100,"Children estimates were not available at the time of publication.",<100 ,<100 , <100,"Children estimates were not available at the time of publication.",<100 ,<100 , <100,"Children estimates were not available at the time of publication.",<100 ,<100 , <100,"Children estimates were not available at the time of publication.",<100 ,<100 , <100,"Children estimates were not available at the time of publication.",<100 ,<100 , <100,"Children estimates were not available at the time of publication.",<100 ,<100 , <100,"Children estimates were not available at the time of publication.",<100 ,<100 , <100,"Children estimates were not available at the time of publication.",<100 ,<100 , <100,"Children estimates were not available at the time of publication.",<100 ,<100 , <100,"Children estimates were not available at the time of publication.",<100 ,<100 , <100,"Children estimates were not available at the time of publication.",<100 ,<100 , <100,"Children estimates were not available at the time of publication.",<100 ,<100 , <100,"Children estimates were not available at the time of publication.",<100 ,<100 , <100,"Children estimates were not available at the time of publication.",<100 ,<100 , <100,"Children estimates were not available at the time of publication.",<100 ,<100 , <100,"Children estimates were not available at the time of publication.",<100 ,<100 , <100,"Children estimates were not available at the time of publication.",<100 ,<100 , <100,"Children estimates were not available at the time of publication.",<100 ,<100 , <100,"Children estimates were not available at the time of publication.",<100 ,<100 , <100,"Children estimates were not available at the time of publication.",<100 ,<100 , <100,"Children estimates were not available at the time of publication.",<100 ,<100 , <100,"Children estimates were not available at the time of publication.",<100 ,<100 , <100,"Children estimates were not available at the time of publication.",<100 ,<100 , <100,"Children estimates were not available at the time of publication.",<100 ,<100 , <100,"Children estimates were not available at the time of publication.",<100 ,<100 , <100,"Children estimates were not available at the time of publication.",<100 ,<100 , <100,"Children estimates were not available at the time of publication.",<100 ,<100 , <100,"Children estimates were not available at the time of publication."
Oman,<100 ,<100 , <100,"Children estimates were not available at the time of publication.",<100 ,<100 , <100,"Children estimates were not available at the time of publication.",<100 ,<100 , <100,"Children estimates were not available at the time of publication.",<100 ,<100 , <100,"Children estimates were not available at the time of publication.",<100 ,<100 , <100,"Children estimates were not available at the time of publication.",<100 ,<100 , <100,"Children estimates were not available at the time of publication.",<100 ,<100 , <100,"Children estimates were not available at the time of publication.",<100 ,<100 , <100,"Children estimates were not available at the time of publication.",<100 ,<100 , <100,"Children estimates were not available at the time of publication.",<100 ,<100 , <100,"Children estimates were not available at the time of publication.",<100 ,<100 , <100,"Children estimates were not available at the time of publication.",<100 ,<100 , <100,"Children estimates were not available at the time of publication.",<100 ,<100 , <100,"Children estimates were not available at the time of publication.",<100 ,<100 , <100,"Children estimates were not available at the time of publication.",<100 ,<100 , <100,"Children estimates were not available at the time of publication.",<100 ,<100 , <100,"Children estimates were not available at the time of publication.",<100 ,<100 , <100,"Children estimates were not available at the time of publication.",<100 ,<100 , <100,"Children estimates were not available at the time of publication.",<100 ,<100 , <100,"Children estimates were not available at the time of publication.",<100 ,<100 , <100,"Children estimates were not available at the time of publication.",<100 ,<100 , <100,"Children estimates were not available at the time of publication.",<100 ,<100 , <100,"Children estimates were not available at the time of publication.",<100 ,<100 , <100,"Children estimates were not available at the time of publication.",<100 ,<100 , <100,"Children estimates were not available at the time of publication.",<100 ,<100 , <100,"Children estimates were not available at the time of publication.",<100 ,<100 , <100,"Children estimates were not available at the time of publication.",<100 ,<100 , <100,"Children estimates were not available at the time of publication.",<100 ,<100 , <100,"Children estimates were not available at the time of publication.",<100 ,<100 , <100,"Children estimates were not available at the time of publication.",<100 ,<100 , <100,"Children estimates were not available at the time of publication.",<100 ,<100 , <100,"Children estimates were not available at the time of publication.",<100 ,<100 , <100,"Children estimates were not available at the time of publication.",<100 ,<100 , <100,"Children estimates were not available at the time of publication.",<100 ,<100 , <100,"Children estimates were not available at the time of publication.",<100 ,<100 , <100,"Children estimates were not available at the time of publication."
Pakistan,<100 ,<100 , <100,,<100 ,<100 , <100,,<100 ,<100 , <100,,<100 ,<100 , <100,,<100 ,<100 , <100,,<100 ,<100 , <100,,<100 ,<100 , <100,,<100 ,<100 , <100,,<100 ,<100 , <100,,<100 ,<100 , <100,,<100 ,<100 , <100,,<100 ,<100 , <100,,<100 ,<100 , <100,,<100 ,<100 , <100,,<100 ,<100 , <100,,<200 ,<200 , <200,,<500 ,<500 , <500,,560 ,<500 , 670,,840 ,680 , 1000,,1200 ,980 , 1500,,1700 ,1400 , 2100,,2300 ,1800 , 2800,,2900 ,2400 , 3500,,3600 ,3000 , 4300,,4300 ,3600 , 5200,,5000 ,4100 , 6000,,5700 ,4700 , 6700,,6300 ,5200 , 7400,,6800 ,5700 , 8100,,7300 ,6100 , 8600,,8100 ,6700 , 9500,,9100 ,7600 , 11 000,,9800 ,8100 , 11 000,,10 000 ,8300 , 12 000,,10 000 ,8700 , 12 000,
Panama,<100 ,<100 , <100,,<100 ,<100 , <200,,<200 ,<100 , <200,,<200 ,<200 , <200,,<500 ,<200 , <500,,<500 ,<500 , <500,,<500 ,<500 , <500,,<500 ,<500 , <500,,<500 ,<500 , 520,,<500 ,<500 , 520,,<500 ,<500 , <500,,<500 ,<500 , 520,,<500 ,<500 , 520,,<500 ,<500 , 530,,<500 ,<500 , 560,,<500 ,<500 , 570,,<500 ,<500 , 570,,<500 ,<500 , 580,,510 ,<500 , 590,,<500 ,<500 , 530,,<500 ,<500 , <500,,<500 ,<500 , 520,,<500 ,<500 , 530,,<500 ,<500 , 530,,<500 ,<500 , <500,,<500 ,<500 , <500,,<500 ,<500 , <500,,<500 ,<500 , <500,,<500 ,<500 , <500,,<500 ,<500 , <500,,<500 ,<500 , 550,,510 ,<500 , 600,,<500 ,<500 , <500,,<500 ,<500 , <500,,<500 ,<200 , <500,
Papua New Guinea,<100 ,<100 , <500,,<200 ,<100 , <500,,<200 ,<200 , <500,,<500 ,<200 , <500,,<500 ,<200 , <500,,<500 ,<500 , 560,,<500 ,<500 , 650,,560 ,<500 , 760,,660 ,<500 , 890,,760 ,550 , 1000,,880 ,650 , 1200,,1000 ,760 , 1300,,1100 ,870 , 1400,,1300 ,990 , 1600,,1400 ,1100 , 1800,,1500 ,1200 , 1900,,1500 ,1200 , 1900,,1200 ,970 , 1600,,1100 ,840 , 1500,,1100 ,870 , 1600,,1200 ,940 , 1600,,1300 ,1000 , 1700,,1300 ,1000 , 1800,,1300 ,1000 , 1700,,1200 ,940 , 1600,,1200 ,910 , 1500,,1200 ,970 , 1600,,1300 ,1000 , 1700,,1400 ,1100 , 1800,,1500 ,1200 , 1800,,1500 ,1200 , 1900,,1600 ,1300 , 2000,,1600 ,1200 , 2000,,1400 ,1100 , 1800,,1400 ,1100 , 1800,
Paraguay,<100 ,<100 , <100,,<100 ,<100 , <100,,<100 ,<100 , <100,,<100 ,<100 , <100,,<100 ,<100 , <100,,<100 ,<100 , <100,,<100 ,<100 , <100,,<100 ,<100 , <100,,<100 ,<100 , <100,,<100 ,<100 , <100,,<200 ,<100 , <200,,<200 ,<200 , <200,,<200 ,<200 , <200,,<500 ,<200 , <500,,<500 ,<500 , <500,,<500 ,<500 , <500,,<200 ,<200 , <500,,<200 ,<200 , <500,,<200 ,<200 , <200,,<200 ,<200 , <200,,<200 ,<200 , <200,,<200 ,<200 , <200,,<500 ,<200 , <500,,<500 ,<200 , <500,,<500 ,<500 , <500,,<500 ,<500 , <500,,<500 ,<500 , <500,,<500 ,<500 , <500,,<500 ,<200 , <500,,<500 ,<200 , <500,,<500 ,<200 , <500,,<500 ,<200 , <500,,<500 ,<200 , <500,,<500 ,<200 , <500,,<500 ,<200 , <500,
Peru,1500 ,1100 , 2000,,1800 ,1400 , 2400,,2100 ,1700 , 2700,,2400 ,1900 , 3100,,2700 ,2100 , 3400,,2900 ,2400 , 3700,,3200 ,2600 , 3900,,3300 ,2800 , 4100,,3500 ,3000 , 4200,,3600 ,3100 , 4300,,3700 ,3200 , 4400,,3800 ,3300 , 4400,,3700 ,3200 , 4300,,3500 ,2900 , 4000,,3400 ,2900 , 4000,,3300 ,2800 , 3800,,2900 ,2400 , 3300,,2500 ,2000 , 2900,,2200 ,1800 , 2600,,1900 ,1500 , 2200,,1300 ,1100 , 1700,,1100 ,820 , 1400,,1000 ,780 , 1400,,1000 ,760 , 1300,,1100 ,780 , 1400,,1100 ,770 , 1400,,990 ,740 , 1300,,760 ,560 , 1000,,600 ,<500 , 830,,<500 ,<500 , 690,,<500 ,<500 , 630,,<500 ,<500 , 640,,<500 ,<500 , 610,,<500 ,<500 , 590,,<500 ,<500 , 600,
Philippines,<100 ,<100 , <100,,<100 ,<100 , <100,,<100 ,<100 , <100,,<100 ,<100 , <100,,<100 ,<100 , <100,,<100 ,<100 , <100,,<100 ,<100 , <100,,<100 ,<100 , <100,,<100 ,<100 , <100,,<100 ,<100 , <100,,<100 ,<100 , <100,,<100 ,<100 , <100,,<100 ,<100 , <100,,<100 ,<100 , <100,,<100 ,<100 , <200,,<200 ,<100 , <200,,<200 ,<200 , <200,,<200 ,<200 , <200,,<200 ,<200 , <500,,<500 ,<200 , <500,,<500 ,<500 , <500,,<500 ,<500 , <500,,<500 ,<500 , 530,,<500 ,<500 , 600,,<500 ,<500 , 610,,510 ,<500 , 630,,550 ,<500 , 690,,630 ,<500 , 830,,720 ,520 , 950,,810 ,580 , 1100,,930 ,650 , 1300,,1200 ,780 , 1600,,1400 ,960 , 2000,,1700 ,1100 , 2400,,2000 ,1300 , 2900,
Poland,... ,... , ...,"Estimates were not available at the time of publication.",... ,... , ...,"Estimates were not available at the time of publication.",... ,... , ...,"Estimates were not available at the time of publication.",... ,... , ...,"Estimates were not available at the time of publication.",... ,... , ...,"Estimates were not available at the time of publication.",... ,... , ...,"Estimates were not available at the time of publication.",... ,... , ...,"Estimates were not available at the time of publication.",... ,... , ...,"Estimates were not available at the time of publication.",... ,... , ...,"Estimates were not available at the time of publication.",... ,... , ...,"Estimates were not available at the time of publication.",... ,... , ...,"Estimates were not available at the time of publication.",... ,... , ...,"Estimates were not available at the time of publication.",... ,... , ...,"Estimates were not available at the time of publication.",... ,... , ...,"Estimates were not available at the time of publication.",... ,... , ...,"Estimates were not available at the time of publication.",... ,... , ...,"Estimates were not available at the time of publication.",... ,... , ...,"Estimates were not available at the time of publication.",... ,... , ...,"Estimates were not available at the time of publication.",... ,... , ...,"Estimates were not available at the time of publication.",... ,... , ...,"Estimates were not available at the time of publication.",... ,... , ...,"Estimates were not available at the time of publication.",... ,... , ...,"Estimates were not available at the time of publication.",... ,... , ...,"Estimates were not available at the time of publication.",... ,... , ...,"Estimates were not available at the time of publication.",... ,... , ...,"Estimates were not available at the time of publication.",... ,... , ...,"Estimates were not available at the time of publication.",... ,... , ...,"Estimates were not available at the time of publication.",... ,... , ...,"Estimates were not available at the time of publication.",... ,... , ...,"Estimates were not available at the time of publication.",... ,... , ...,"Estimates were not available at the time of publication.",... ,... , ...,"Estimates were not available at the time of publication.",... ,... , ...,"Estimates were not available at the time of publication.",... ,... , ...,"Estimates were not available at the time of publication.",... ,... , ...,"Estimates were not available at the time of publication.",... ,... , ...,"Estimates were not available at the time of publication."
Portugal,<500 ,<500 , <500,,<500 ,<500 , <500,,<500 ,<500 , 510,,600 ,560 , 650,,740 ,690 , 800,,890 ,830 , 960,,1000 ,980 , 1100,,1000 ,980 , 1100,,960 ,880 , 1000,,940 ,850 , 1000,,900 ,800 , 990,,830 ,730 , 930,,800 ,690 , 900,,770 ,650 , 870,,730 ,620 , 840,,710 ,590 , 820,,690 ,570 , 800,,670 ,550 , 780,,640 ,520 , 760,,610 ,<500 , 730,,550 ,<500 , 660,,<500 ,<500 , 550,,<500 ,<500 , <500,,<500 ,<500 , <500,,<500 ,<500 , <500,,<500 ,<500 , <500,,<500 ,<200 , <500,,<200 ,<200 , <200,,<100 ,<100 , <200,,<100 ,<100 , <200,,<100 ,<100 , <200,,<100 ,<100 , <200,,<100 ,<100 , <100,,<100 ,<100 , <100,,<100 ,<100 , <100,
Qatar,<100 ,<100 , <100,"Children estimates were not available at the time of publication.",<100 ,<100 , <100,"Children estimates were not available at the time of publication.",<100 ,<100 , <100,"Children estimates were not available at the time of publication.",<100 ,<100 , <100,"Children estimates were not available at the time of publication.",<100 ,<100 , <100,"Children estimates were not available at the time of publication.",<100 ,<100 , <100,"Children estimates were not available at the time of publication.",<100 ,<100 , <100,"Children estimates were not available at the time of publication.",<100 ,<100 , <100,"Children estimates were not available at the time of publication.",<100 ,<100 , <100,"Children estimates were not available at the time of publication.",<100 ,<100 , <100,"Children estimates were not available at the time of publication.",<100 ,<100 , <100,"Children estimates were not available at the time of publication.",<100 ,<100 , <100,"Children estimates were not available at the time of publication.",<100 ,<100 , <100,"Children estimates were not available at the time of publication.",<100 ,<100 , <100,"Children estimates were not available at the time of publication.",<100 ,<100 , <100,"Children estimates were not available at the time of publication.",<100 ,<100 , <100,"Children estimates were not available at the time of publication.",<100 ,<100 , <100,"Children estimates were not available at the time of publication.",<100 ,<100 , <100,"Children estimates were not available at the time of publication.",<100 ,<100 , <100,"Children estimates were not available at the time of publication.",<100 ,<100 , <100,"Children estimates were not available at the time of publication.",<100 ,<100 , <100,"Children estimates were not available at the time of publication.",<100 ,<100 , <100,"Children estimates were not available at the time of publication.",<100 ,<100 , <100,"Children estimates were not available at the time of publication.",<100 ,<100 , <100,"Children estimates were not available at the time of publication.",<100 ,<100 , <100,"Children estimates were not available at the time of publication.",<100 ,<100 , <100,"Children estimates were not available at the time of publication.",<100 ,<100 , <100,"Children estimates were not available at the time of publication.",<100 ,<100 , <100,"Children estimates were not available at the time of publication.",<100 ,<100 , <100,"Children estimates were not available at the time of publication.",<100 ,<100 , <100,"Children estimates were not available at the time of publication.",<100 ,<100 , <100,"Children estimates were not available at the time of publication.",<100 ,<100 , <100,"Children estimates were not available at the time of publication.",<100 ,<100 , <100,"Children estimates were not available at the time of publication.",<100 ,<100 , <100,"Children estimates were not available at the time of publication.",<100 ,<100 , <100,"Children estimates were not available at the time of publication."
Republic of Korea,... ,... , ...,"Estimates were not available at the time of publication.",... ,... , ...,"Estimates were not available at the time of publication.",... ,... , ...,"Estimates were not available at the time of publication.",... ,... , ...,"Estimates were not available at the time of publication.",... ,... , ...,"Estimates were not available at the time of publication.",... ,... , ...,"Estimates were not available at the time of publication.",... ,... , ...,"Estimates were not available at the time of publication.",... ,... , ...,"Estimates were not available at the time of publication.",... ,... , ...,"Estimates were not available at the time of publication.",... ,... , ...,"Estimates were not available at the time of publication.",... ,... , ...,"Estimates were not available at the time of publication.",... ,... , ...,"Estimates were not available at the time of publication.",... ,... , ...,"Estimates were not available at the time of publication.",... ,... , ...,"Estimates were not available at the time of publication.",... ,... , ...,"Estimates were not available at the time of publication.",... ,... , ...,"Estimates were not available at the time of publication.",... ,... , ...,"Estimates were not available at the time of publication.",... ,... , ...,"Estimates were not available at the time of publication.",... ,... , ...,"Estimates were not available at the time of publication.",... ,... , ...,"Estimates were not available at the time of publication.",... ,... , ...,"Estimates were not available at the time of publication.",... ,... , ...,"Estimates were not available at the time of publication.",... ,... , ...,"Estimates were not available at the time of publication.",... ,... , ...,"Estimates were not available at the time of publication.",... ,... , ...,"Estimates were not available at the time of publication.",... ,... , ...,"Estimates were not available at the time of publication.",... ,... , ...,"Estimates were not available at the time of publication.",... ,... , ...,"Estimates were not available at the time of publication.",... ,... , ...,"Estimates were not available at the time of publication.",... ,... , ...,"Estimates were not available at the time of publication.",... ,... , ...,"Estimates were not available at the time of publication.",... ,... , ...,"Estimates were not available at the time of publication.",... ,... , ...,"Estimates were not available at the time of publication.",... ,... , ...,"Estimates were not available at the time of publication.",... ,... , ...,"Estimates were not available at the time of publication."
Republic of Moldova,<100 ,<100 , <100,,<100 ,<100 , <100,,<100 ,<100 , <100,,<100 ,<100 , <100,,<100 ,<100 , <100,,<100 ,<100 , <100,,<100 ,<100 , <200,,<200 ,<100 , <200,,<200 ,<200 , <500,,<500 ,<200 , <500,,<500 ,<200 , <500,,<500 ,<500 , 520,,<500 ,<500 , 640,,510 ,<500 , 750,,580 ,<500 , 850,,640 ,<500 , 940,,690 ,<500 , 1000,,720 ,<500 , 1000,,730 ,<500 , 1100,,730 ,<500 , 1100,,740 ,<500 , 1100,,730 ,<500 , 1100,,700 ,<500 , 1000,,670 ,<500 , 980,,630 ,<500 , 920,,580 ,<500 , 850,,550 ,<500 , 800,,500 ,<500 , 730,,<500 ,<500 , 670,,<500 ,<500 , 600,,<500 ,<500 , 590,,<500 ,<500 , 590,,<500 ,<500 , 530,,<500 ,<500 , <500,,<500 ,<200 , <500,
Romania,<100 ,<100 , <100,,<100 ,<100 , <100,,<100 ,<100 , <100,,<100 ,<100 , <200,,<100 ,<100 , <200,,<200 ,<100 , <200,,<200 ,<200 , <500,,<500 ,<200 , <500,,<200 ,<200 , <500,,<200 ,<200 , <200,,<200 ,<100 , <200,,<100 ,<100 , <200,,<100 ,<100 , <100,,<100 ,<100 , <100,,<100 ,<100 , <200,,<200 ,<100 , <200,,<200 ,<100 , <200,,<200 ,<200 , <200,,<200 ,<200 , <500,,<200 ,<200 , <500,,<200 ,<200 , <500,,<500 ,<200 , <500,,<500 ,<200 , <500,,<500 ,<200 , <500,,<200 ,<200 , <500,,<200 ,<200 , <500,,<200 ,<200 , <200,,<200 ,<200 , <200,,<200 ,<100 , <200,,<200 ,<100 , <200,,<200 ,<100 , <200,,<200 ,<100 , <200,,<100 ,<100 , <200,,<100 ,<100 , <200,,<100 ,<100 , <100,
Russian Federation,... ,... , ...,"Estimates were not available at the time of publication.",... ,... , ...,"Estimates were not available at the time of publication.",... ,... , ...,"Estimates were not available at the time of publication.",... ,... , ...,"Estimates were not available at the time of publication.",... ,... , ...,"Estimates were not available at the time of publication.",... ,... , ...,"Estimates were not available at the time of publication.",... ,... , ...,"Estimates were not available at the time of publication.",... ,... , ...,"Estimates were not available at the time of publication.",... ,... , ...,"Estimates were not available at the time of publication.",... ,... , ...,"Estimates were not available at the time of publication.",... ,... , ...,"Estimates were not available at the time of publication.",... ,... , ...,"Estimates were not available at the time of publication.",... ,... , ...,"Estimates were not available at the time of publication.",... ,... , ...,"Estimates were not available at the time of publication.",... ,... , ...,"Estimates were not available at the time of publication.",... ,... , ...,"Estimates were not available at the time of publication.",... ,... , ...,"Estimates were not available at the time of publication.",... ,... , ...,"Estimates were not available at the time of publication.",... ,... , ...,"Estimates were not available at the time of publication.",... ,... , ...,"Estimates were not available at the time of publication.",... ,... , ...,"Estimates were not available at the time of publication.",... ,... , ...,"Estimates were not available at the time of publication.",... ,... , ...,"Estimates were not available at the time of publication.",... ,... , ...,"Estimates were not available at the time of publication.",... ,... , ...,"Estimates were not available at the time of publication.",... ,... , ...,"Estimates were not available at the time of publication.",... ,... , ...,"Estimates were not available at the time of publication.",... ,... , ...,"Estimates were not available at the time of publication.",... ,... , ...,"Estimates were not available at the time of publication.",... ,... , ...,"Estimates were not available at the time of publication.",... ,... , ...,"Estimates were not available at the time of publication.",... ,... , ...,"Estimates were not available at the time of publication.",... ,... , ...,"Estimates were not available at the time of publication.",... ,... , ...,"Estimates were not available at the time of publication.",... ,... , ...,"Estimates were not available at the time of publication."
Rwanda,2000 ,1400 , 3800,,2700 ,1900 , 4800,,3600 ,2600 , 6000,,4600 ,3300 , 7400,,4700 ,3500 , 7300,,4000 ,3000 , 5800,,5100 ,4000 , 7100,,7300 ,5700 , 9800,,8700 ,7000 , 11 000,,9700 ,8000 , 12 000,,11 000 ,8900 , 13 000,,11 000 ,9700 , 14 000,,12 000 ,10 000 , 14 000,,13 000 ,11 000 , 15 000,,12 000 ,11 000 , 14 000,,10 000 ,8900 , 12 000,,8000 ,6700 , 9500,,6500 ,5200 , 7900,,5600 ,4400 , 6900,,5000 ,3900 , 6200,,4600 ,3400 , 5800,,4200 ,3100 , 5500,,3800 ,2900 , 5100,,3500 ,2600 , 4600,,3200 ,2400 , 4300,,3000 ,2300 , 4000,,2800 ,2300 , 3800,,2500 ,2100 , 3500,,2300 ,1900 , 3400,,2200 ,1800 , 3300,,2100 ,1700 , 3200,,2000 ,1600 , 3000,,1900 ,1500 , 2700,,1700 ,1400 , 2500,,1600 ,1300 , 2200,
Saint Kitts and Nevis,<100 ,<100 , <100,"Countries with a UNAIDS-approved estimate and population less than 250000 in 2024; not included in regional or global totals",<100 ,<100 , <100,"Countries with a UNAIDS-approved estimate and population less than 250000 in 2024; not included in regional or global totals",<100 ,<100 , <100,"Countries with a UNAIDS-approved estimate and population less than 250000 in 2024; not included in regional or global totals",<100 ,<100 , <100,"Countries with a UNAIDS-approved estimate and population less than 250000 in 2024; not included in regional or global totals",<100 ,<100 , <100,"Countries with a UNAIDS-approved estimate and population less than 250000 in 2024; not included in regional or global totals",<100 ,<100 , <100,"Countries with a UNAIDS-approved estimate and population less than 250000 in 2024; not included in regional or global totals",<100 ,<100 , <100,"Countries with a UNAIDS-approved estimate and population less than 250000 in 2024; not included in regional or global totals",<100 ,<100 , <100,"Countries with a UNAIDS-approved estimate and population less than 250000 in 2024; not included in regional or global totals",<100 ,<100 , <100,"Countries with a UNAIDS-approved estimate and population less than 250000 in 2024; not included in regional or global totals",<100 ,<100 , <100,"Countries with a UNAIDS-approved estimate and population less than 250000 in 2024; not included in regional or global totals",<100 ,<100 , <100,"Countries with a UNAIDS-approved estimate and population less than 250000 in 2024; not included in regional or global totals",<100 ,<100 , <100,"Countries with a UNAIDS-approved estimate and population less than 250000 in 2024; not included in regional or global totals",<100 ,<100 , <100,"Countries with a UNAIDS-approved estimate and population less than 250000 in 2024; not included in regional or global totals",<100 ,<100 , <100,"Countries with a UNAIDS-approved estimate and population less than 250000 in 2024; not included in regional or global totals",<100 ,<100 , <100,"Countries with a UNAIDS-approved estimate and population less than 250000 in 2024; not included in regional or global totals",<100 ,<100 , <100,"Countries with a UNAIDS-approved estimate and population less than 250000 in 2024; not included in regional or global totals",<100 ,<100 , <100,"Countries with a UNAIDS-approved estimate and population less than 250000 in 2024; not included in regional or global totals",<100 ,<100 , <100,"Countries with a UNAIDS-approved estimate and population less than 250000 in 2024; not included in regional or global totals",<100 ,<100 , <100,"Countries with a UNAIDS-approved estimate and population less than 250000 in 2024; not included in regional or global totals",<100 ,<100 , <100,"Countries with a UNAIDS-approved estimate and population less than 250000 in 2024; not included in regional or global totals",<100 ,<100 , <100,"Countries with a UNAIDS-approved estimate and population less than 250000 in 2024; not included in regional or global totals",<100 ,<100 , <100,"Countries with a UNAIDS-approved estimate and population less than 250000 in 2024; not included in regional or global totals",<100 ,<100 , <100,"Countries with a UNAIDS-approved estimate and population less than 250000 in 2024; not included in regional or global totals",<100 ,<100 , <100,"Countries with a UNAIDS-approved estimate and population less than 250000 in 2024; not included in regional or global totals",<100 ,<100 , <100,"Countries with a UNAIDS-approved estimate and population less than 250000 in 2024; not included in regional or global totals",<100 ,<100 , <100,"Countries with a UNAIDS-approved estimate and population less than 250000 in 2024; not included in regional or global totals",<100 ,<100 , <100,"Countries with a UNAIDS-approved estimate and population less than 250000 in 2024; not included in regional or global totals",<100 ,<100 , <100,"Countries with a UNAIDS-approved estimate and population less than 250000 in 2024; not included in regional or global totals",<100 ,<100 , <100,"Countries with a UNAIDS-approved estimate and population less than 250000 in 2024; not included in regional or global totals",<100 ,<100 , <100,"Countries with a UNAIDS-approved estimate and population less than 250000 in 2024; not included in regional or global totals",<100 ,<100 , <100,"Countries with a UNAIDS-approved estimate and population less than 250000 in 2024; not included in regional or global totals",<100 ,<100 , <100,"Countries with a UNAIDS-approved estimate and population less than 250000 in 2024; not included in regional or global totals",<100 ,<100 , <100,"Countries with a UNAIDS-approved estimate and population less than 250000 in 2024; not included in regional or global totals",<100 ,<100 , <100,"Countries with a UNAIDS-approved estimate and population less than 250000 in 2024; not included in regional or global totals",<100 ,<100 , <100,"Countries with a UNAIDS-approved estimate and population less than 250000 in 2024; not included in regional or global totals"
Saint Lucia,<100 ,<100 , <100,"Countries with a UNAIDS-approved estimate and population less than 250000 in 2024; not included in regional or global totals",<100 ,<100 , <100,"Countries with a UNAIDS-approved estimate and population less than 250000 in 2024; not included in regional or global totals",<100 ,<100 , <100,"Countries with a UNAIDS-approved estimate and population less than 250000 in 2024; not included in regional or global totals",<100 ,<100 , <100,"Countries with a UNAIDS-approved estimate and population less than 250000 in 2024; not included in regional or global totals",<100 ,<100 , <100,"Countries with a UNAIDS-approved estimate and population less than 250000 in 2024; not included in regional or global totals",<100 ,<100 , <100,"Countries with a UNAIDS-approved estimate and population less than 250000 in 2024; not included in regional or global totals",<100 ,<100 , <100,"Countries with a UNAIDS-approved estimate and population less than 250000 in 2024; not included in regional or global totals",<100 ,<100 , <100,"Countries with a UNAIDS-approved estimate and population less than 250000 in 2024; not included in regional or global totals",<100 ,<100 , <100,"Countries with a UNAIDS-approved estimate and population less than 250000 in 2024; not included in regional or global totals",<100 ,<100 , <100,"Countries with a UNAIDS-approved estimate and population less than 250000 in 2024; not included in regional or global totals",<100 ,<100 , <100,"Countries with a UNAIDS-approved estimate and population less than 250000 in 2024; not included in regional or global totals",<100 ,<100 , <100,"Countries with a UNAIDS-approved estimate and population less than 250000 in 2024; not included in regional or global totals",<100 ,<100 , <100,"Countries with a UNAIDS-approved estimate and population less than 250000 in 2024; not included in regional or global totals",<100 ,<100 , <100,"Countries with a UNAIDS-approved estimate and population less than 250000 in 2024; not included in regional or global totals",<100 ,<100 , <100,"Countries with a UNAIDS-approved estimate and population less than 250000 in 2024; not included in regional or global totals",<100 ,<100 , <100,"Countries with a UNAIDS-approved estimate and population less than 250000 in 2024; not included in regional or global totals",<100 ,<100 , <100,"Countries with a UNAIDS-approved estimate and population less than 250000 in 2024; not included in regional or global totals",<100 ,<100 , <100,"Countries with a UNAIDS-approved estimate and population less than 250000 in 2024; not included in regional or global totals",<100 ,<100 , <100,"Countries with a UNAIDS-approved estimate and population less than 250000 in 2024; not included in regional or global totals",<100 ,<100 , <100,"Countries with a UNAIDS-approved estimate and population less than 250000 in 2024; not included in regional or global totals",<100 ,<100 , <100,"Countries with a UNAIDS-approved estimate and population less than 250000 in 2024; not included in regional or global totals",<100 ,<100 , <100,"Countries with a UNAIDS-approved estimate and population less than 250000 in 2024; not included in regional or global totals",<100 ,<100 , <100,"Countries with a UNAIDS-approved estimate and population less than 250000 in 2024; not included in regional or global totals",<100 ,<100 , <100,"Countries with a UNAIDS-approved estimate and population less than 250000 in 2024; not included in regional or global totals",<100 ,<100 , <100,"Countries with a UNAIDS-approved estimate and population less than 250000 in 2024; not included in regional or global totals",<100 ,<100 , <100,"Countries with a UNAIDS-approved estimate and population less than 250000 in 2024; not included in regional or global totals",<100 ,<100 , <100,"Countries with a UNAIDS-approved estimate and population less than 250000 in 2024; not included in regional or global totals",<100 ,<100 , <100,"Countries with a UNAIDS-approved estimate and population less than 250000 in 2024; not included in regional or global totals",<100 ,<100 , <100,"Countries with a UNAIDS-approved estimate and population less than 250000 in 2024; not included in regional or global totals",<100 ,<100 , <100,"Countries with a UNAIDS-approved estimate and population less than 250000 in 2024; not included in regional or global totals",<100 ,<100 , <100,"Countries with a UNAIDS-approved estimate and population less than 250000 in 2024; not included in regional or global totals",<100 ,<100 , <100,"Countries with a UNAIDS-approved estimate and population less than 250000 in 2024; not included in regional or global totals",<100 ,<100 , <100,"Countries with a UNAIDS-approved estimate and population less than 250000 in 2024; not included in regional or global totals",<100 ,<100 , <100,"Countries with a UNAIDS-approved estimate and population less than 250000 in 2024; not included in regional or global totals",<100 ,<100 , <100,"Countries with a UNAIDS-approved estimate and population less than 250000 in 2024; not included in regional or global totals"
Saint Vincent and the Grenadines,<100 ,<100 , <100,"Countries with a UNAIDS-approved estimate and population less than 250000 in 2024; not included in regional or global totals",<100 ,<100 , <100,"Countries with a UNAIDS-approved estimate and population less than 250000 in 2024; not included in regional or global totals",<100 ,<100 , <100,"Countries with a UNAIDS-approved estimate and population less than 250000 in 2024; not included in regional or global totals",<100 ,<100 , <100,"Countries with a UNAIDS-approved estimate and population less than 250000 in 2024; not included in regional or global totals",<100 ,<100 , <100,"Countries with a UNAIDS-approved estimate and population less than 250000 in 2024; not included in regional or global totals",<100 ,<100 , <100,"Countries with a UNAIDS-approved estimate and population less than 250000 in 2024; not included in regional or global totals",<100 ,<100 , <100,"Countries with a UNAIDS-approved estimate and population less than 250000 in 2024; not included in regional or global totals",<100 ,<100 , <100,"Countries with a UNAIDS-approved estimate and population less than 250000 in 2024; not included in regional or global totals",<100 ,<100 , <100,"Countries with a UNAIDS-approved estimate and population less than 250000 in 2024; not included in regional or global totals",<100 ,<100 , <100,"Countries with a UNAIDS-approved estimate and population less than 250000 in 2024; not included in regional or global totals",<100 ,<100 , <100,"Countries with a UNAIDS-approved estimate and population less than 250000 in 2024; not included in regional or global totals",<100 ,<100 , <100,"Countries with a UNAIDS-approved estimate and population less than 250000 in 2024; not included in regional or global totals",<100 ,<100 , <100,"Countries with a UNAIDS-approved estimate and population less than 250000 in 2024; not included in regional or global totals",<100 ,<100 , <100,"Countries with a UNAIDS-approved estimate and population less than 250000 in 2024; not included in regional or global totals",<100 ,<100 , <100,"Countries with a UNAIDS-approved estimate and population less than 250000 in 2024; not included in regional or global totals",<100 ,<100 , <100,"Countries with a UNAIDS-approved estimate and population less than 250000 in 2024; not included in regional or global totals",<100 ,<100 , <100,"Countries with a UNAIDS-approved estimate and population less than 250000 in 2024; not included in regional or global totals",<100 ,<100 , <100,"Countries with a UNAIDS-approved estimate and population less than 250000 in 2024; not included in regional or global totals",<100 ,<100 , <100,"Countries with a UNAIDS-approved estimate and population less than 250000 in 2024; not included in regional or global totals",<100 ,<100 , <100,"Countries with a UNAIDS-approved estimate and population less than 250000 in 2024; not included in regional or global totals",<100 ,<100 , <100,"Countries with a UNAIDS-approved estimate and population less than 250000 in 2024; not included in regional or global totals",<100 ,<100 , <100,"Countries with a UNAIDS-approved estimate and population less than 250000 in 2024; not included in regional or global totals",<100 ,<100 , <100,"Countries with a UNAIDS-approved estimate and population less than 250000 in 2024; not included in regional or global totals",<100 ,<100 , <100,"Countries with a UNAIDS-approved estimate and population less than 250000 in 2024; not included in regional or global totals",<100 ,<100 , <100,"Countries with a UNAIDS-approved estimate and population less than 250000 in 2024; not included in regional or global totals",<100 ,<100 , <100,"Countries with a UNAIDS-approved estimate and population less than 250000 in 2024; not included in regional or global totals",<100 ,<100 , <100,"Countries with a UNAIDS-approved estimate and population less than 250000 in 2024; not included in regional or global totals",<100 ,<100 , <100,"Countries with a UNAIDS-approved estimate and population less than 250000 in 2024; not included in regional or global totals",<100 ,<100 , <100,"Countries with a UNAIDS-approved estimate and population less than 250000 in 2024; not included in regional or global totals",<100 ,<100 , <100,"Countries with a UNAIDS-approved estimate and population less than 250000 in 2024; not included in regional or global totals",<100 ,<100 , <100,"Countries with a UNAIDS-approved estimate and population less than 250000 in 2024; not included in regional or global totals",<100 ,<100 , <100,"Countries with a UNAIDS-approved estimate and population less than 250000 in 2024; not included in regional or global totals",<100 ,<100 , <100,"Countries with a UNAIDS-approved estimate and population less than 250000 in 2024; not included in regional or global totals",<100 ,<100 , <100,"Countries with a UNAIDS-approved estimate and population less than 250000 in 2024; not included in regional or global totals",<100 ,<100 , <100,"Countries with a UNAIDS-approved estimate and population less than 250000 in 2024; not included in regional or global totals"
Sao Tome and Principe,... ,... , ...,"Estimates were not available at the time of publication.",... ,... , ...,"Estimates were not available at the time of publication.",... ,... , ...,"Estimates were not available at the time of publication.",... ,... , ...,"Estimates were not available at the time of publication.",... ,... , ...,"Estimates were not available at the time of publication.",... ,... , ...,"Estimates were not available at the time of publication.",... ,... , ...,"Estimates were not available at the time of publication.",... ,... , ...,"Estimates were not available at the time of publication.",... ,... , ...,"Estimates were not available at the time of publication.",... ,... , ...,"Estimates were not available at the time of publication.",... ,... , ...,"Estimates were not available at the time of publication.",... ,... , ...,"Estimates were not available at the time of publication.",... ,... , ...,"Estimates were not available at the time of publication.",... ,... , ...,"Estimates were not available at the time of publication.",... ,... , ...,"Estimates were not available at the time of publication.",... ,... , ...,"Estimates were not available at the time of publication.",... ,... , ...,"Estimates were not available at the time of publication.",... ,... , ...,"Estimates were not available at the time of publication.",... ,... , ...,"Estimates were not available at the time of publication.",... ,... , ...,"Estimates were not available at the time of publication.",... ,... , ...,"Estimates were not available at the time of publication.",... ,... , ...,"Estimates were not available at the time of publication.",... ,... , ...,"Estimates were not available at the time of publication.",... ,... , ...,"Estimates were not available at the time of publication.",... ,... , ...,"Estimates were not available at the time of publication.",... ,... , ...,"Estimates were not available at the time of publication.",... ,... , ...,"Estimates were not available at the time of publication.",... ,... , ...,"Estimates were not available at the time of publication.",... ,... , ...,"Estimates were not available at the time of publication.",... ,... , ...,"Estimates were not available at the time of publication.",... ,... , ...,"Estimates were not available at the time of publication.",... ,... , ...,"Estimates were not available at the time of publication.",... ,... , ...,"Estimates were not available at the time of publication.",... ,... , ...,"Estimates were not available at the time of publication.",... ,... , ...,"Estimates were not available at the time of publication."
Saudi Arabia,<100 ,<100 , <200,"Children estimates were not available at the time of publication.",<100 ,<100 , <200,"Children estimates were not available at the time of publication.",<200 ,<100 , <200,"Children estimates were not available at the time of publication.",<200 ,<100 , <500,"Children estimates were not available at the time of publication.",<200 ,<200 , <500,"Children estimates were not available at the time of publication.",<200 ,<200 , <500,"Children estimates were not available at the time of publication.",<200 ,<200 , <500,"Children estimates were not available at the time of publication.",<200 ,<200 , <500,"Children estimates were not available at the time of publication.",<200 ,<200 , <500,"Children estimates were not available at the time of publication.",<500 ,<200 , <500,"Children estimates were not available at the time of publication.",<500 ,<200 , <500,"Children estimates were not available at the time of publication.",<500 ,<200 , <500,"Children estimates were not available at the time of publication.",<500 ,<200 , <500,"Children estimates were not available at the time of publication.",<500 ,<500 , <500,"Children estimates were not available at the time of publication.",<500 ,<500 , <500,"Children estimates were not available at the time of publication.",<500 ,<500 , <500,"Children estimates were not available at the time of publication.",<500 ,<500 , <500,"Children estimates were not available at the time of publication.",<500 ,<500 , <500,"Children estimates were not available at the time of publication.",<500 ,<500 , <500,"Children estimates were not available at the time of publication.",<500 ,<500 , <500,"Children estimates were not available at the time of publication.",<500 ,<500 , <500,"Children estimates were not available at the time of publication.",<500 ,<500 , <500,"Children estimates were not available at the time of publication.",<500 ,<500 , <500,"Children estimates were not available at the time of publication.",<500 ,<500 , <500,"Children estimates were not available at the time of publication.",<500 ,<500 , <500,"Children estimates were not available at the time of publication.",<500 ,<500 , <500,"Children estimates were not available at the time of publication.",<200 ,<200 , <500,"Children estimates were not available at the time of publication.",<200 ,<200 , <200,"Children estimates were not available at the time of publication.",<200 ,<100 , <200,"Children estimates were not available at the time of publication.",<200 ,<100 , <200,"Children estimates were not available at the time of publication.",<100 ,<100 , <200,"Children estimates were not available at the time of publication.",<100 ,<100 , <200,"Children estimates were not available at the time of publication.",<100 ,<100 , <200,"Children estimates were not available at the time of publication.",<100 ,<100 , <200,"Children estimates were not available at the time of publication.",<100 ,<100 , <200,"Children estimates were not available at the time of publication."
Senegal,<200 ,<200 , <200,,<500 ,<200 , <500,,<500 ,<500 , <500,,<500 ,<500 , <500,,<500 ,<500 , <500,,510 ,<500 , 530,,630 ,600 , 660,,760 ,730 , 800,,920 ,890 , 970,,1100 ,1100 , 1200,,1300 ,1300 , 1400,,1500 ,1400 , 1600,,1700 ,1600 , 1800,,1900 ,1800 , 2000,,2100 ,2000 , 2100,,2200 ,2100 , 2300,,2300 ,2200 , 2400,,1600 ,1500 , 1700,,1000 ,940 , 1200,,960 ,850 , 1100,,960 ,850 , 1100,,980 ,870 , 1100,,1100 ,930 , 1200,,1100 ,970 , 1300,,1100 ,920 , 1300,,1000 ,840 , 1200,,950 ,800 , 1100,,870 ,750 , 1000,,770 ,650 , 900,,690 ,550 , 800,,610 ,<500 , 730,,560 ,<500 , 680,,540 ,<500 , 660,,520 ,<500 , 650,,510 ,<500 , 640,
Serbia,<100 ,<100 , <100,"Children estimates were not available at the time of publication.",<100 ,<100 , <100,"Children estimates were not available at the time of publication.",<100 ,<100 , <100,"Children estimates were not available at the time of publication.",<100 ,<100 , <100,"Children estimates were not available at the time of publication.",<100 ,<100 , <100,"Children estimates were not available at the time of publication.",<100 ,<100 , <100,"Children estimates were not available at the time of publication.",<100 ,<100 , <100,"Children estimates were not available at the time of publication.",<100 ,<100 , <100,"Children estimates were not available at the time of publication.",<100 ,<100 , <100,"Children estimates were not available at the time of publication.",<100 ,<100 , <100,"Children estimates were not available at the time of publication.",<100 ,<100 , <100,"Children estimates were not available at the time of publication.",<100 ,<100 , <100,"Children estimates were not available at the time of publication.",<100 ,<100 , <100,"Children estimates were not available at the time of publication.",<100 ,<100 , <100,"Children estimates were not available at the time of publication.",<100 ,<100 , <100,"Children estimates were not available at the time of publication.",<100 ,<100 , <100,"Children estimates were not available at the time of publication.",<100 ,<100 , <100,"Children estimates were not available at the time of publication.",<100 ,<100 , <100,"Children estimates were not available at the time of publication.",<100 ,<100 , <100,"Children estimates were not available at the time of publication.",<100 ,<100 , <100,"Children estimates were not available at the time of publication.",<100 ,<100 , <100,"Children estimates were not available at the time of publication.",<100 ,<100 , <100,"Children estimates were not available at the time of publication.",<100 ,<100 , <100,"Children estimates were not available at the time of publication.",<100 ,<100 , <100,"Children estimates were not available at the time of publication.",<100 ,<100 , <100,"Children estimates were not available at the time of publication.",<100 ,<100 , <100,"Children estimates were not available at the time of publication.",<100 ,<100 , <100,"Children estimates were not available at the time of publication.",<100 ,<100 , <100,"Children estimates were not available at the time of publication.",<100 ,<100 , <100,"Children estimates were not available at the time of publication.",<100 ,<100 , <100,"Children estimates were not available at the time of publication.",<100 ,<100 , <100,"Children estimates were not available at the time of publication.",<100 ,<100 , <100,"Children estimates were not available at the time of publication.",<100 ,<100 , <100,"Children estimates were not available at the time of publication.",<100 ,<100 , <100,"Children estimates were not available at the time of publication.",<100 ,<100 , <100,"Children estimates were not available at the time of publication."
Sierra Leone,<500 ,<200 , 510,,<500 ,<200 , 660,,<500 ,<500 , 770,,570 ,<500 , 910,,690 ,<500 , 1100,,810 ,<500 , 1200,,940 ,560 , 1400,,1100 ,680 , 1600,,1200 ,810 , 1800,,1400 ,940 , 1900,,1500 ,1100 , 2000,,1700 ,1200 , 2300,,2000 ,1500 , 2600,,2200 ,1700 , 2800,,2400 ,1800 , 3000,,2500 ,2000 , 3100,,2500 ,2000 , 3100,,2600 ,2100 , 3100,,2600 ,2100 , 3100,,2400 ,2000 , 2900,,2200 ,1800 , 2700,,2100 ,1700 , 2600,,2200 ,1800 , 2600,,2300 ,1900 , 2800,,2400 ,1900 , 2800,,2200 ,1800 , 2700,,2000 ,1600 , 2500,,1900 ,1500 , 2400,,1800 ,1400 , 2200,,1700 ,1300 , 2100,,1600 ,1200 , 2000,,1500 ,1200 , 1900,,1300 ,1000 , 1600,,1100 ,850 , 1500,,1000 ,760 , 1500,
Singapore,<100 ,<100 , <100,"Children estimates were not available at the time of publication.",<100 ,<100 , <100,"Children estimates were not available at the time of publication.",<100 ,<100 , <100,"Children estimates were not available at the time of publication.",<100 ,<100 , <100,"Children estimates were not available at the time of publication.",<100 ,<100 , <100,"Children estimates were not available at the time of publication.",<100 ,<100 , <100,"Children estimates were not available at the time of publication.",<100 ,<100 , <100,"Children estimates were not available at the time of publication.",<100 ,<100 , <100,"Children estimates were not available at the time of publication.",<100 ,<100 , <100,"Children estimates were not available at the time of publication.",<100 ,<100 , <100,"Children estimates were not available at the time of publication.",<100 ,<100 , <100,"Children estimates were not available at the time of publication.",<100 ,<100 , <100,"Children estimates were not available at the time of publication.",<100 ,<100 , <100,"Children estimates were not available at the time of publication.",<100 ,<100 , <100,"Children estimates were not available at the time of publication.",<100 ,<100 , <100,"Children estimates were not available at the time of publication.",<100 ,<100 , <100,"Children estimates were not available at the time of publication.",<100 ,<100 , <100,"Children estimates were not available at the time of publication.",<100 ,<100 , <100,"Children estimates were not available at the time of publication.",<100 ,<100 , <100,"Children estimates were not available at the time of publication.",<100 ,<100 , <100,"Children estimates were not available at the time of publication.",<100 ,<100 , <100,"Children estimates were not available at the time of publication.",<100 ,<100 , <100,"Children estimates were not available at the time of publication.",<100 ,<100 , <100,"Children estimates were not available at the time of publication.",<100 ,<100 , <100,"Children estimates were not available at the time of publication.",<100 ,<100 , <100,"Children estimates were not available at the time of publication.",<100 ,<100 , <100,"Children estimates were not available at the time of publication.",<100 ,<100 , <100,"Children estimates were not available at the time of publication.",<100 ,<100 , <100,"Children estimates were not available at the time of publication.",<100 ,<100 , <100,"Children estimates were not available at the time of publication.",<100 ,<100 , <100,"Children estimates were not available at the time of publication.",<100 ,<100 , <100,"Children estimates were not available at the time of publication.",<100 ,<100 , <100,"Children estimates were not available at the time of publication.",<100 ,<100 , <100,"Children estimates were not available at the time of publication.",<100 ,<100 , <100,"Children estimates were not available at the time of publication.",... ,... , ...,"Children estimates were not available at the time of publication."
Slovakia,<100 ,<100 , <100,"Children estimates were not available at the time of publication.",<100 ,<100 , <100,"Children estimates were not available at the time of publication.",<100 ,<100 , <100,"Children estimates were not available at the time of publication.",<100 ,<100 , <100,"Children estimates were not available at the time of publication.",<100 ,<100 , <100,"Children estimates were not available at the time of publication.",<100 ,<100 , <100,"Children estimates were not available at the time of publication.",<100 ,<100 , <100,"Children estimates were not available at the time of publication.",<100 ,<100 , <100,"Children estimates were not available at the time of publication.",<100 ,<100 , <100,"Children estimates were not available at the time of publication.",<100 ,<100 , <100,"Children estimates were not available at the time of publication.",<100 ,<100 , <100,"Children estimates were not available at the time of publication.",<100 ,<100 , <100,"Children estimates were not available at the time of publication.",<100 ,<100 , <100,"Children estimates were not available at the time of publication.",<100 ,<100 , <100,"Children estimates were not available at the time of publication.",<100 ,<100 , <100,"Children estimates were not available at the time of publication.",<100 ,<100 , <100,"Children estimates were not available at the time of publication.",<100 ,<100 , <100,"Children estimates were not available at the time of publication.",<100 ,<100 , <100,"Children estimates were not available at the time of publication.",<100 ,<100 , <100,"Children estimates were not available at the time of publication.",<100 ,<100 , <100,"Children estimates were not available at the time of publication.",<100 ,<100 , <100,"Children estimates were not available at the time of publication.",<100 ,<100 , <100,"Children estimates were not available at the time of publication.",<100 ,<100 , <100,"Children estimates were not available at the time of publication.",<100 ,<100 , <100,"Children estimates were not available at the time of publication.",<100 ,<100 , <100,"Children estimates were not available at the time of publication.",<100 ,<100 , <100,"Children estimates were not available at the time of publication.",<100 ,<100 , <100,"Children estimates were not available at the time of publication.",<100 ,<100 , <100,"Children estimates were not available at the time of publication.",<100 ,<100 , <100,"Children estimates were not available at the time of publication.",<100 ,<100 , <100,"Children estimates were not available at the time of publication.",<100 ,<100 , <100,"Children estimates were not available at the time of publication.",<100 ,<100 , <100,"Children estimates were not available at the time of publication.",<100 ,<100 , <100,"Children estimates were not available at the time of publication.",<100 ,<100 , <100,"Children estimates were not available at the time of publication.",<100 ,<100 , <100,"Children estimates were not available at the time of publication."
Slovenia,<100 ,<100 , <100,"Children estimates were not available at the time of publication.",<100 ,<100 , <100,"Children estimates were not available at the time of publication.",<100 ,<100 , <100,"Children estimates were not available at the time of publication.",<100 ,<100 , <100,"Children estimates were not available at the time of publication.",<100 ,<100 , <100,"Children estimates were not available at the time of publication.",<100 ,<100 , <100,"Children estimates were not available at the time of publication.",<100 ,<100 , <100,"Children estimates were not available at the time of publication.",<100 ,<100 , <100,"Children estimates were not available at the time of publication.",<100 ,<100 , <100,"Children estimates were not available at the time of publication.",<100 ,<100 , <100,"Children estimates were not available at the time of publication.",<100 ,<100 , <100,"Children estimates were not available at the time of publication.",<100 ,<100 , <100,"Children estimates were not available at the time of publication.",<100 ,<100 , <100,"Children estimates were not available at the time of publication.",<100 ,<100 , <100,"Children estimates were not available at the time of publication.",<100 ,<100 , <100,"Children estimates were not available at the time of publication.",<100 ,<100 , <100,"Children estimates were not available at the time of publication.",<100 ,<100 , <100,"Children estimates were not available at the time of publication.",<100 ,<100 , <100,"Children estimates were not available at the time of publication.",<100 ,<100 , <100,"Children estimates were not available at the time of publication.",<100 ,<100 , <100,"Children estimates were not available at the time of publication.",<100 ,<100 , <100,"Children estimates were not available at the time of publication.",<100 ,<100 , <100,"Children estimates were not available at the time of publication.",<100 ,<100 , <100,"Children estimates were not available at the time of publication.",<100 ,<100 , <100,"Children estimates were not available at the time of publication.",<100 ,<100 , <100,"Children estimates were not available at the time of publication.",<100 ,<100 , <100,"Children estimates were not available at the time of publication.",<100 ,<100 , <100,"Children estimates were not available at the time of publication.",<100 ,<100 , <100,"Children estimates were not available at the time of publication.",<100 ,<100 , <100,"Children estimates were not available at the time of publication.",<100 ,<100 , <100,"Children estimates were not available at the time of publication.",<100 ,<100 , <100,"Children estimates were not available at the time of publication.",<100 ,<100 , <100,"Children estimates were not available at the time of publication.",<100 ,<100 , <100,"Children estimates were not available at the time of publication.",<100 ,<100 , <100,"Children estimates were not available at the time of publication.",<100 ,<100 , <100,"Children estimates were not available at the time of publication."
Solomon Islands,... ,... , ...,"Estimates were not available at the time of publication.",... ,... , ...,"Estimates were not available at the time of publication.",... ,... , ...,"Estimates were not available at the time of publication.",... ,... , ...,"Estimates were not available at the time of publication.",... ,... , ...,"Estimates were not available at the time of publication.",... ,... , ...,"Estimates were not available at the time of publication.",... ,... , ...,"Estimates were not available at the time of publication.",... ,... , ...,"Estimates were not available at the time of publication.",... ,... , ...,"Estimates were not available at the time of publication.",... ,... , ...,"Estimates were not available at the time of publication.",... ,... , ...,"Estimates were not available at the time of publication.",... ,... , ...,"Estimates were not available at the time of publication.",... ,... , ...,"Estimates were not available at the time of publication.",... ,... , ...,"Estimates were not available at the time of publication.",... ,... , ...,"Estimates were not available at the time of publication.",... ,... , ...,"Estimates were not available at the time of publication.",... ,... , ...,"Estimates were not available at the time of publication.",... ,... , ...,"Estimates were not available at the time of publication.",... ,... , ...,"Estimates were not available at the time of publication.",... ,... , ...,"Estimates were not available at the time of publication.",... ,... , ...,"Estimates were not available at the time of publication.",... ,... , ...,"Estimates were not available at the time of publication.",... ,... , ...,"Estimates were not available at the time of publication.",... ,... , ...,"Estimates were not available at the time of publication.",... ,... , ...,"Estimates were not available at the time of publication.",... ,... , ...,"Estimates were not available at the time of publication.",... ,... , ...,"Estimates were not available at the time of publication.",... ,... , ...,"Estimates were not available at the time of publication.",... ,... , ...,"Estimates were not available at the time of publication.",... ,... , ...,"Estimates were not available at the time of publication.",... ,... , ...,"Estimates were not available at the time of publication.",... ,... , ...,"Estimates were not available at the time of publication.",... ,... , ...,"Estimates were not available at the time of publication.",... ,... , ...,"Estimates were not available at the time of publication.",... ,... , ...,"Estimates were not available at the time of publication."
Somalia,<500 ,<100 , 520,,<500 ,<200 , 600,,<500 ,<200 , 640,,<500 ,<200 , 720,,<500 ,<500 , 850,,500 ,<500 , 940,,560 ,<500 , 1000,,610 ,<500 , 1100,,660 ,<500 , 1100,,700 ,<500 , 1200,,740 ,<500 , 1200,,760 ,<500 , 1200,,780 ,530 , 1200,,780 ,550 , 1200,,790 ,560 , 1200,,770 ,560 , 1100,,740 ,540 , 1100,,700 ,510 , 1000,,650 ,<500 , 910,,600 ,<500 , 830,,550 ,<500 , 760,,<500 ,<500 , 670,,<500 ,<500 , 590,,<500 ,<500 , 530,,<500 ,<500 , <500,,<500 ,<500 , <500,,<500 ,<500 , <500,,<500 ,<500 , <500,,<500 ,<200 , <500,,<500 ,<200 , <500,,<500 ,<200 , <500,,<500 ,<200 , <500,,<200 ,<200 , <500,,... ,... , ...,,... ,... , ...,
South Africa,5500 ,4900 , 6200,,8700 ,7600 , 9800,,13 000 ,12 000 , 15 000,,20 000 ,18 000 , 23 000,,30 000 ,26 000 , 34 000,,42 000 ,37 000 , 47 000,,58 000 ,50 000 , 64 000,,76 000 ,66 000 , 84 000,,96 000 ,84 000 , 110 000,,120 000 ,100 000 , 130 000,,140 000 ,120 000 , 150 000,,150 000 ,140 000 , 170 000,,170 000 ,150 000 , 190 000,,190 000 ,170 000 , 210 000,,200 000 ,180 000 , 220 000,,200 000 ,170 000 , 220 000,,200 000 ,170 000 , 220 000,,170 000 ,140 000 , 200 000,,150 000 ,120 000 , 180 000,,140 000 ,110 000 , 170 000,,130 000 ,98 000 , 150 000,,100 000 ,82 000 , 130 000,,86 000 ,69 000 , 110 000,,73 000 ,59 000 , 94 000,,65 000 ,52 000 , 84 000,,63 000 ,50 000 , 79 000,,62 000 ,50 000 , 77 000,,58 000 ,47 000 , 71 000,,53 000 ,44 000 , 64 000,,49 000 ,40 000 , 59 000,,45 000 ,37 000 , 55 000,,43 000 ,35 000 , 54 000,,42 000 ,34 000 , 52 000,,40 000 ,32 000 , 51 000,,39 000 ,31 000 , 50 000,
South Sudan,540 ,<200 , 1100,,720 ,<500 , 1500,,930 ,<500 , 1800,,1200 ,<500 , 2100,,1500 ,650 , 2500,,1900 ,840 , 2900,,2200 ,1100 , 3400,,2600 ,1400 , 3900,,3000 ,1700 , 4200,,3600 ,2000 , 4900,,4100 ,2400 , 5600,,4600 ,2700 , 6100,,5200 ,3100 , 6700,,5700 ,3400 , 7400,,6200 ,3900 , 8100,,6700 ,4200 , 8800,,7200 ,4700 , 9500,,7700 ,5200 , 10 000,,8100 ,5600 , 11 000,,8300 ,5800 , 11 000,,8400 ,6100 , 12 000,,8900 ,6600 , 12 000,,9200 ,6800 , 12 000,,9200 ,6800 , 12 000,,8900 ,6500 , 12 000,,7700 ,5700 , 11 000,,7300 ,5300 , 9900,,6600 ,4800 , 8800,,5500 ,3900 , 7300,,5300 ,3800 , 7200,,5100 ,3600 , 6900,,4900 ,3500 , 6700,,4300 ,3000 , 6100,,3600 ,2400 , 5300,,3200 ,2000 , 4900,
Spain,1700 ,1600 , 1900,,2300 ,2200 , 2600,,3000 ,2800 , 3300,,3800 ,3500 , 4100,,4500 ,4100 , 4800,,5100 ,4700 , 5600,,4400 ,4000 , 4900,,3300 ,2800 , 3700,,2700 ,2300 , 3100,,2400 ,2000 , 2800,,2200 ,1800 , 2500,,2000 ,1700 , 2300,,1800 ,1500 , 2100,,1800 ,1500 , 2000,,1700 ,1400 , 2000,,1600 ,1300 , 1900,,1500 ,1200 , 1800,,1400 ,1100 , 1600,,1200 ,1000 , 1500,,1100 ,860 , 1300,,830 ,660 , 1000,,720 ,570 , 910,,680 ,540 , 860,,580 ,<500 , 740,,540 ,<500 , 690,,<500 ,<500 , 610,,<500 ,<500 , <500,,<500 ,<200 , <500,,<200 ,<200 , <500,,<200 ,<200 , <500,,<200 ,<200 , <200,,<200 ,<100 , <200,,<200 ,<100 , <200,,<100 ,<100 , <200,,<100 ,<100 , <200,
Sri Lanka,<100 ,<100 , <100,"Children estimates were not available at the time of publication.",<100 ,<100 , <100,"Children estimates were not available at the time of publication.",<100 ,<100 , <100,"Children estimates were not available at the time of publication.",<100 ,<100 , <100,"Children estimates were not available at the time of publication.",<100 ,<100 , <100,"Children estimates were not available at the time of publication.",<100 ,<100 , <100,"Children estimates were not available at the time of publication.",<100 ,<100 , <100,"Children estimates were not available at the time of publication.",<100 ,<100 , <100,"Children estimates were not available at the time of publication.",<100 ,<100 , <100,"Children estimates were not available at the time of publication.",<100 ,<100 , <100,"Children estimates were not available at the time of publication.",<100 ,<100 , <100,"Children estimates were not available at the time of publication.",<100 ,<100 , <200,"Children estimates were not available at the time of publication.",<200 ,<100 , <200,"Children estimates were not available at the time of publication.",<200 ,<200 , <200,"Children estimates were not available at the time of publication.",<200 ,<200 , <200,"Children estimates were not available at the time of publication.",<200 ,<200 , <500,"Children estimates were not available at the time of publication.",<200 ,<200 , <500,"Children estimates were not available at the time of publication.",<200 ,<200 , <500,"Children estimates were not available at the time of publication.",<200 ,<200 , <500,"Children estimates were not available at the time of publication.",<200 ,<200 , <500,"Children estimates were not available at the time of publication.",<200 ,<200 , <500,"Children estimates were not available at the time of publication.",<200 ,<200 , <500,"Children estimates were not available at the time of publication.",<200 ,<200 , <500,"Children estimates were not available at the time of publication.",<200 ,<200 , <500,"Children estimates were not available at the time of publication.",<200 ,<200 , <500,"Children estimates were not available at the time of publication.",<200 ,<200 , <500,"Children estimates were not available at the time of publication.",<200 ,<200 , <200,"Children estimates were not available at the time of publication.",<200 ,<200 , <200,"Children estimates were not available at the time of publication.",<200 ,<100 , <200,"Children estimates were not available at the time of publication.",<200 ,<100 , <200,"Children estimates were not available at the time of publication.",<100 ,<100 , <200,"Children estimates were not available at the time of publication.",<100 ,<100 , <200,"Children estimates were not available at the time of publication.",<100 ,<100 , <200,"Children estimates were not available at the time of publication.",<100 ,<100 , <100,"Children estimates were not available at the time of publication.",<100 ,<100 , <100,"Children estimates were not available at the time of publication."
Sudan,<200 ,<100 , <500,,<200 ,<200 , <500,,<500 ,<200 , <500,,<500 ,<200 , 550,,<500 ,<500 , 640,,<500 ,<500 , 750,,<500 ,<500 , 850,,550 ,<500 , 950,,620 ,<500 , 1000,,690 ,<500 , 1100,,760 ,530 , 1200,,840 ,590 , 1300,,910 ,660 , 1300,,970 ,710 , 1400,,1000 ,760 , 1500,,1000 ,760 , 1400,,1000 ,740 , 1400,,1000 ,730 , 1400,,1000 ,740 , 1400,,990 ,710 , 1300,,980 ,700 , 1400,,1100 ,770 , 1400,,1100 ,820 , 1500,,1100 ,850 , 1500,,1100 ,850 , 1500,,1200 ,890 , 1600,,1200 ,860 , 1600,,1100 ,760 , 1500,,1100 ,720 , 1600,,1100 ,710 , 1600,,1100 ,700 , 1700,,1200 ,740 , 1800,,1300 ,830 , 2000,,1400 ,930 , 2200,,1600 ,1000 , 2400,
Suriname,<100 ,<100 , <100,,<100 ,<100 , <100,,<100 ,<100 , <100,,<100 ,<100 , <100,,<100 ,<100 , <100,,<100 ,<100 , <100,,<100 ,<100 , <100,,<100 ,<100 , <200,,<100 ,<100 , <200,,<200 ,<100 , <200,,<200 ,<200 , <200,,<200 ,<200 , <200,,<200 ,<200 , <200,,<200 ,<200 , <200,,<200 ,<200 , <200,,<200 ,<200 , <200,,<200 ,<200 , <200,,<200 ,<200 , <200,,<200 ,<200 , <200,,<200 ,<200 , <200,,<200 ,<200 , <200,,<200 ,<200 , <200,,<200 ,<200 , <200,,<200 ,<100 , <200,,<200 ,<100 , <200,,<200 ,<100 , <200,,<200 ,<100 , <200,,<200 ,<100 , <200,,<200 ,<100 , <200,,<200 ,<100 , <200,,<200 ,<100 , <200,,<200 ,<100 , <200,,<200 ,<200 , <200,,<200 ,<200 , <200,,<200 ,<100 , <200,
Sweden,... ,... , ...,"Numbers are estimated by UNAIDS using the Spectrum model, based on the official national estimates. Any differences are within uncertainty margins of both sets of estimates, reflecting methodologies and assumptions. (https://pubmed.ncbi.nlm.nih.gov/39421951/).",... ,... , ...,"Numbers are estimated by UNAIDS using the Spectrum model, based on the official national estimates. Any differences are within uncertainty margins of both sets of estimates, reflecting methodologies and assumptions. (https://pubmed.ncbi.nlm.nih.gov/39421951/).",... ,... , ...,"Numbers are estimated by UNAIDS using the Spectrum model, based on the official national estimates. Any differences are within uncertainty margins of both sets of estimates, reflecting methodologies and assumptions. (https://pubmed.ncbi.nlm.nih.gov/39421951/).",... ,... , ...,"Numbers are estimated by UNAIDS using the Spectrum model, based on the official national estimates. Any differences are within uncertainty margins of both sets of estimates, reflecting methodologies and assumptions. (https://pubmed.ncbi.nlm.nih.gov/39421951/).",... ,... , ...,"Numbers are estimated by UNAIDS using the Spectrum model, based on the official national estimates. Any differences are within uncertainty margins of both sets of estimates, reflecting methodologies and assumptions. (https://pubmed.ncbi.nlm.nih.gov/39421951/).",... ,... , ...,"Numbers are estimated by UNAIDS using the Spectrum model, based on the official national estimates. Any differences are within uncertainty margins of both sets of estimates, reflecting methodologies and assumptions. (https://pubmed.ncbi.nlm.nih.gov/39421951/).",... ,... , ...,"Numbers are estimated by UNAIDS using the Spectrum model, based on the official national estimates. Any differences are within uncertainty margins of both sets of estimates, reflecting methodologies and assumptions. (https://pubmed.ncbi.nlm.nih.gov/39421951/).",... ,... , ...,"Numbers are estimated by UNAIDS using the Spectrum model, based on the official national estimates. Any differences are within uncertainty margins of both sets of estimates, reflecting methodologies and assumptions. (https://pubmed.ncbi.nlm.nih.gov/39421951/).",... ,... , ...,"Numbers are estimated by UNAIDS using the Spectrum model, based on the official national estimates. Any differences are within uncertainty margins of both sets of estimates, reflecting methodologies and assumptions. (https://pubmed.ncbi.nlm.nih.gov/39421951/).",... ,... , ...,"Numbers are estimated by UNAIDS using the Spectrum model, based on the official national estimates. Any differences are within uncertainty margins of both sets of estimates, reflecting methodologies and assumptions. (https://pubmed.ncbi.nlm.nih.gov/39421951/).",... ,... , ...,"Numbers are estimated by UNAIDS using the Spectrum model, based on the official national estimates. Any differences are within uncertainty margins of both sets of estimates, reflecting methodologies and assumptions. (https://pubmed.ncbi.nlm.nih.gov/39421951/).",... ,... , ...,"Numbers are estimated by UNAIDS using the Spectrum model, based on the official national estimates. Any differences are within uncertainty margins of both sets of estimates, reflecting methodologies and assumptions. (https://pubmed.ncbi.nlm.nih.gov/39421951/).",... ,... , ...,"Numbers are estimated by UNAIDS using the Spectrum model, based on the official national estimates. Any differences are within uncertainty margins of both sets of estimates, reflecting methodologies and assumptions. (https://pubmed.ncbi.nlm.nih.gov/39421951/).",... ,... , ...,"Numbers are estimated by UNAIDS using the Spectrum model, based on the official national estimates. Any differences are within uncertainty margins of both sets of estimates, reflecting methodologies and assumptions. (https://pubmed.ncbi.nlm.nih.gov/39421951/).",... ,... , ...,"Numbers are estimated by UNAIDS using the Spectrum model, based on the official national estimates. Any differences are within uncertainty margins of both sets of estimates, reflecting methodologies and assumptions. (https://pubmed.ncbi.nlm.nih.gov/39421951/).",... ,... , ...,"Numbers are estimated by UNAIDS using the Spectrum model, based on the official national estimates. Any differences are within uncertainty margins of both sets of estimates, reflecting methodologies and assumptions. (https://pubmed.ncbi.nlm.nih.gov/39421951/).",... ,... , ...,"Numbers are estimated by UNAIDS using the Spectrum model, based on the official national estimates. Any differences are within uncertainty margins of both sets of estimates, reflecting methodologies and assumptions. (https://pubmed.ncbi.nlm.nih.gov/39421951/).",... ,... , ...,"Numbers are estimated by UNAIDS using the Spectrum model, based on the official national estimates. Any differences are within uncertainty margins of both sets of estimates, reflecting methodologies and assumptions. (https://pubmed.ncbi.nlm.nih.gov/39421951/).",... ,... , ...,"Numbers are estimated by UNAIDS using the Spectrum model, based on the official national estimates. Any differences are within uncertainty margins of both sets of estimates, reflecting methodologies and assumptions. (https://pubmed.ncbi.nlm.nih.gov/39421951/).",... ,... , ...,"Numbers are estimated by UNAIDS using the Spectrum model, based on the official national estimates. Any differences are within uncertainty margins of both sets of estimates, reflecting methodologies and assumptions. (https://pubmed.ncbi.nlm.nih.gov/39421951/).",... ,... , ...,"Numbers are estimated by UNAIDS using the Spectrum model, based on the official national estimates. Any differences are within uncertainty margins of both sets of estimates, reflecting methodologies and assumptions. (https://pubmed.ncbi.nlm.nih.gov/39421951/).",... ,... , ...,"Numbers are estimated by UNAIDS using the Spectrum model, based on the official national estimates. Any differences are within uncertainty margins of both sets of estimates, reflecting methodologies and assumptions. (https://pubmed.ncbi.nlm.nih.gov/39421951/).",... ,... , ...,"Numbers are estimated by UNAIDS using the Spectrum model, based on the official national estimates. Any differences are within uncertainty margins of both sets of estimates, reflecting methodologies and assumptions. (https://pubmed.ncbi.nlm.nih.gov/39421951/).",... ,... , ...,"Numbers are estimated by UNAIDS using the Spectrum model, based on the official national estimates. Any differences are within uncertainty margins of both sets of estimates, reflecting methodologies and assumptions. (https://pubmed.ncbi.nlm.nih.gov/39421951/).",... ,... , ...,"Numbers are estimated by UNAIDS using the Spectrum model, based on the official national estimates. Any differences are within uncertainty margins of both sets of estimates, reflecting methodologies and assumptions. (https://pubmed.ncbi.nlm.nih.gov/39421951/).",... ,... , ...,"Numbers are estimated by UNAIDS using the Spectrum model, based on the official national estimates. Any differences are within uncertainty margins of both sets of estimates, reflecting methodologies and assumptions. (https://pubmed.ncbi.nlm.nih.gov/39421951/).",... ,... , ...,"Numbers are estimated by UNAIDS using the Spectrum model, based on the official national estimates. Any differences are within uncertainty margins of both sets of estimates, reflecting methodologies and assumptions. (https://pubmed.ncbi.nlm.nih.gov/39421951/).",... ,... , ...,"Numbers are estimated by UNAIDS using the Spectrum model, based on the official national estimates. Any differences are within uncertainty margins of both sets of estimates, reflecting methodologies and assumptions. (https://pubmed.ncbi.nlm.nih.gov/39421951/).",... ,... , ...,"Numbers are estimated by UNAIDS using the Spectrum model, based on the official national estimates. Any differences are within uncertainty margins of both sets of estimates, reflecting methodologies and assumptions. (https://pubmed.ncbi.nlm.nih.gov/39421951/).",... ,... , ...,"Numbers are estimated by UNAIDS using the Spectrum model, based on the official national estimates. Any differences are within uncertainty margins of both sets of estimates, reflecting methodologies and assumptions. (https://pubmed.ncbi.nlm.nih.gov/39421951/).",... ,... , ...,"Numbers are estimated by UNAIDS using the Spectrum model, based on the official national estimates. Any differences are within uncertainty margins of both sets of estimates, reflecting methodologies and assumptions. (https://pubmed.ncbi.nlm.nih.gov/39421951/).",... ,... , ...,"Numbers are estimated by UNAIDS using the Spectrum model, based on the official national estimates. Any differences are within uncertainty margins of both sets of estimates, reflecting methodologies and assumptions. (https://pubmed.ncbi.nlm.nih.gov/39421951/).",... ,... , ...,"Numbers are estimated by UNAIDS using the Spectrum model, based on the official national estimates. Any differences are within uncertainty margins of both sets of estimates, reflecting methodologies and assumptions. (https://pubmed.ncbi.nlm.nih.gov/39421951/).",... ,... , ...,"Numbers are estimated by UNAIDS using the Spectrum model, based on the official national estimates. Any differences are within uncertainty margins of both sets of estimates, reflecting methodologies and assumptions. (https://pubmed.ncbi.nlm.nih.gov/39421951/).",... ,... , ...,"Numbers are estimated by UNAIDS using the Spectrum model, based on the official national estimates. Any differences are within uncertainty margins of both sets of estimates, reflecting methodologies and assumptions. (https://pubmed.ncbi.nlm.nih.gov/39421951/)."
Switzerland,<200 ,<200 , <500,"Children estimates were not available at the time of publication.",<500 ,<500 , <500,"Children estimates were not available at the time of publication.",<500 ,<500 , <500,"Children estimates were not available at the time of publication.",<500 ,<500 , <500,"Children estimates were not available at the time of publication.",<500 ,<500 , <500,"Children estimates were not available at the time of publication.",<500 ,<500 , <500,"Children estimates were not available at the time of publication.",<500 ,<500 , <500,"Children estimates were not available at the time of publication.",<500 ,<200 , <500,"Children estimates were not available at the time of publication.",<200 ,<200 , <200,"Children estimates were not available at the time of publication.",<200 ,<100 , <200,"Children estimates were not available at the time of publication.",<100 ,<100 , <200,"Children estimates were not available at the time of publication.",<100 ,<100 , <200,"Children estimates were not available at the time of publication.",<100 ,<100 , <100,"Children estimates were not available at the time of publication.",<100 ,<100 , <100,"Children estimates were not available at the time of publication.",<100 ,<100 , <100,"Children estimates were not available at the time of publication.",<100 ,<100 , <100,"Children estimates were not available at the time of publication.",<100 ,<100 , <100,"Children estimates were not available at the time of publication.",<100 ,<100 , <100,"Children estimates were not available at the time of publication.",<100 ,<100 , <100,"Children estimates were not available at the time of publication.",<100 ,<100 , <100,"Children estimates were not available at the time of publication.",<100 ,<100 , <100,"Children estimates were not available at the time of publication.",<100 ,<100 , <100,"Children estimates were not available at the time of publication.",<100 ,<100 , <100,"Children estimates were not available at the time of publication.",<100 ,<100 , <100,"Children estimates were not available at the time of publication.",<100 ,<100 , <100,"Children estimates were not available at the time of publication.",<100 ,<100 , <100,"Children estimates were not available at the time of publication.",<100 ,<100 , <100,"Children estimates were not available at the time of publication.",<100 ,<100 , <100,"Children estimates were not available at the time of publication.",<100 ,<100 , <100,"Children estimates were not available at the time of publication.",<100 ,<100 , <100,"Children estimates were not available at the time of publication.",<100 ,<100 , <100,"Children estimates were not available at the time of publication.",<100 ,<100 , <100,"Children estimates were not available at the time of publication.",<100 ,<100 , <100,"Children estimates were not available at the time of publication.",<100 ,<100 , <100,"Children estimates were not available at the time of publication.",<100 ,<100 , <100,"Children estimates were not available at the time of publication."
Syrian Arab Republic,<100 ,<100 , <100,"Children estimates were not available at the time of publication.",<100 ,<100 , <100,"Children estimates were not available at the time of publication.",<100 ,<100 , <100,"Children estimates were not available at the time of publication.",<100 ,<100 , <100,"Children estimates were not available at the time of publication.",<100 ,<100 , <100,"Children estimates were not available at the time of publication.",<100 ,<100 , <100,"Children estimates were not available at the time of publication.",<100 ,<100 , <100,"Children estimates were not available at the time of publication.",<100 ,<100 , <100,"Children estimates were not available at the time of publication.",<100 ,<100 , <100,"Children estimates were not available at the time of publication.",<100 ,<100 , <100,"Children estimates were not available at the time of publication.",<100 ,<100 , <100,"Children estimates were not available at the time of publication.",<100 ,<100 , <100,"Children estimates were not available at the time of publication.",<100 ,<100 , <100,"Children estimates were not available at the time of publication.",<100 ,<100 , <100,"Children estimates were not available at the time of publication.",<100 ,<100 , <100,"Children estimates were not available at the time of publication.",<100 ,<100 , <100,"Children estimates were not available at the time of publication.",<100 ,<100 , <100,"Children estimates were not available at the time of publication.",<100 ,<100 , <100,"Children estimates were not available at the time of publication.",<100 ,<100 , <100,"Children estimates were not available at the time of publication.",<100 ,<100 , <100,"Children estimates were not available at the time of publication.",<100 ,<100 , <100,"Children estimates were not available at the time of publication.",<100 ,<100 , <100,"Children estimates were not available at the time of publication.",<100 ,<100 , <100,"Children estimates were not available at the time of publication.",<100 ,<100 , <100,"Children estimates were not available at the time of publication.",<100 ,<100 , <100,"Children estimates were not available at the time of publication.",<100 ,<100 , <100,"Children estimates were not available at the time of publication.",<100 ,<100 , <100,"Children estimates were not available at the time of publication.",<100 ,<100 , <100,"Children estimates were not available at the time of publication.",<100 ,<100 , <100,"Children estimates were not available at the time of publication.",<100 ,<100 , <100,"Children estimates were not available at the time of publication.",<100 ,<100 , <100,"Children estimates were not available at the time of publication.",<100 ,<100 , <100,"Children estimates were not available at the time of publication.",<100 ,<100 , <100,"Children estimates were not available at the time of publication.",<100 ,<100 , <100,"Children estimates were not available at the time of publication.",<100 ,<100 , <100,"Children estimates were not available at the time of publication."
Tajikistan,<100 ,<100 , <100,,<100 ,<100 , <100,,<100 ,<100 , <100,,<100 ,<100 , <100,,<100 ,<100 , <100,,<100 ,<100 , <100,,<100 ,<100 , <100,,<100 ,<100 , <100,,<100 ,<100 , <100,,<100 ,<100 , <100,,<100 ,<100 , <100,,<100 ,<100 , <100,,<200 ,<100 , <200,,<200 ,<200 , <200,,<200 ,<200 , <200,,<500 ,<200 , <500,,<500 ,<500 , <500,,<500 ,<500 , <500,,<500 ,<500 , <500,,<500 ,<500 , <500,,<500 ,<500 , <500,,<500 ,<500 , <500,,<500 ,<500 , <500,,<500 ,<500 , <500,,<500 ,<500 , <500,,<500 ,<500 , <500,,<500 ,<200 , <500,,<200 ,<200 , <500,,<200 ,<200 , <500,,<200 ,<200 , <500,,<200 ,<200 , <500,,<200 ,<200 , <200,,<200 ,<200 , <200,,<200 ,<100 , <200,,<100 ,<100 , <200,
Thailand,2100 ,1700 , 2600,,4500 ,3700 , 5500,,8100 ,6800 , 9700,,13 000 ,11 000 , 15 000,,18 000 ,15 000 , 21 000,,24 000 ,20 000 , 28 000,,30 000 ,26 000 , 36 000,,37 000 ,31 000 , 43 000,,43 000 ,36 000 , 51 000,,49 000 ,41 000 , 57 000,,54 000 ,45 000 , 63 000,,57 000 ,49 000 , 67 000,,59 000 ,50 000 , 69 000,,59 000 ,50 000 , 69 000,,55 000 ,47 000 , 65 000,,47 000 ,40 000 , 56 000,,40 000 ,33 000 , 48 000,,36 000 ,29 000 , 43 000,,32 000 ,26 000 , 40 000,,29 000 ,24 000 , 37 000,,27 000 ,22 000 , 33 000,,23 000 ,19 000 , 29 000,,21 000 ,17 000 , 26 000,,20 000 ,16 000 , 25 000,,18 000 ,14 000 , 23 000,,16 000 ,13 000 , 20 000,,14 000 ,11 000 , 18 000,,13 000 ,9500 , 17 000,,11 000 ,8100 , 15 000,,9800 ,7000 , 14 000,,8500 ,6000 , 12 000,,7200 ,4900 , 11 000,,6100 ,4000 , 9200,,5200 ,3300 , 8100,,4300 ,2600 , 7000,
Timor-Leste,<100 ,<100 , <100,"Children estimates were not available at the time of publication.",<100 ,<100 , <100,"Children estimates were not available at the time of publication.",<100 ,<100 , <100,"Children estimates were not available at the time of publication.",<100 ,<100 , <100,"Children estimates were not available at the time of publication.",<100 ,<100 , <100,"Children estimates were not available at the time of publication.",<100 ,<100 , <100,"Children estimates were not available at the time of publication.",<100 ,<100 , <100,"Children estimates were not available at the time of publication.",<100 ,<100 , <100,"Children estimates were not available at the time of publication.",<100 ,<100 , <100,"Children estimates were not available at the time of publication.",<100 ,<100 , <100,"Children estimates were not available at the time of publication.",<100 ,<100 , <100,"Children estimates were not available at the time of publication.",<100 ,<100 , <100,"Children estimates were not available at the time of publication.",<100 ,<100 , <100,"Children estimates were not available at the time of publication.",<100 ,<100 , <100,"Children estimates were not available at the time of publication.",<100 ,<100 , <100,"Children estimates were not available at the time of publication.",<100 ,<100 , <100,"Children estimates were not available at the time of publication.",<100 ,<100 , <100,"Children estimates were not available at the time of publication.",<100 ,<100 , <100,"Children estimates were not available at the time of publication.",<100 ,<100 , <100,"Children estimates were not available at the time of publication.",<100 ,<100 , <100,"Children estimates were not available at the time of publication.",<100 ,<100 , <100,"Children estimates were not available at the time of publication.",<100 ,<100 , <100,"Children estimates were not available at the time of publication.",<100 ,<100 , <100,"Children estimates were not available at the time of publication.",<100 ,<100 , <100,"Children estimates were not available at the time of publication.",<100 ,<100 , <100,"Children estimates were not available at the time of publication.",<100 ,<100 , <100,"Children estimates were not available at the time of publication.",<100 ,<100 , <100,"Children estimates were not available at the time of publication.",<100 ,<100 , <100,"Children estimates were not available at the time of publication.",<100 ,<100 , <100,"Children estimates were not available at the time of publication.",<100 ,<100 , <100,"Children estimates were not available at the time of publication.",<100 ,<100 , <100,"Children estimates were not available at the time of publication.",<100 ,<100 , <100,"Children estimates were not available at the time of publication.",<100 ,<100 , <100,"Children estimates were not available at the time of publication.",<100 ,<100 , <100,"Children estimates were not available at the time of publication.",<100 ,<100 , <100,"Children estimates were not available at the time of publication."
Togo,<500 ,<200 , <500,,<500 ,<500 , 590,,560 ,<500 , 800,,760 ,540 , 1100,,930 ,680 , 1300,,1200 ,930 , 1600,,1600 ,1200 , 2100,,2000 ,1500 , 2600,,2500 ,1900 , 3200,,3000 ,2300 , 3800,,3500 ,2700 , 4300,,4000 ,3100 , 4900,,4400 ,3500 , 5300,,4600 ,3700 , 5700,,4800 ,3800 , 5900,,4600 ,3500 , 5700,,4300 ,3300 , 5500,,4500 ,3500 , 5800,,4500 ,3400 , 5600,,4000 ,3000 , 5200,,3400 ,2400 , 4500,,2800 ,1900 , 3900,,2600 ,1800 , 3600,,2600 ,1700 , 3500,,2600 ,1800 , 3600,,2500 ,1800 , 3400,,2200 ,1600 , 3100,,2100 ,1600 , 2800,,1800 ,1400 , 2400,,1500 ,1100 , 2100,,1300 ,1000 , 1800,,1200 ,860 , 1700,,1100 ,760 , 1500,,1000 ,740 , 1500,,990 ,700 , 1400,
Tonga,... ,... , ...,,... ,... , ...,,... ,... , ...,,... ,... , ...,,... ,... , ...,,... ,... , ...,,... ,... , ...,,... ,... , ...,,... ,... , ...,,... ,... , ...,,... ,... , ...,,... ,... , ...,,... ,... , ...,,... ,... , ...,,... ,... , ...,,... ,... , ...,,... ,... , ...,,... ,... , ...,,... ,... , ...,,... ,... , ...,,... ,... , ...,,... ,... , ...,,... ,... , ...,,... ,... , ...,,... ,... , ...,,... ,... , ...,,... ,... , ...,,... ,... , ...,,... ,... , ...,,... ,... , ...,,... ,... , ...,,... ,... , ...,,... ,... , ...,,... ,... , ...,,... ,... , ...,
Trinidad and Tobago,... ,... , ...,"Estimates were not available at the time of publication.",... ,... , ...,"Estimates were not available at the time of publication.",... ,... , ...,"Estimates were not available at the time of publication.",... ,... , ...,"Estimates were not available at the time of publication.",... ,... , ...,"Estimates were not available at the time of publication.",... ,... , ...,"Estimates were not available at the time of publication.",... ,... , ...,"Estimates were not available at the time of publication.",... ,... , ...,"Estimates were not available at the time of publication.",... ,... , ...,"Estimates were not available at the time of publication.",... ,... , ...,"Estimates were not available at the time of publication.",... ,... , ...,"Estimates were not available at the time of publication.",... ,... , ...,"Estimates were not available at the time of publication.",... ,... , ...,"Estimates were not available at the time of publication.",... ,... , ...,"Estimates were not available at the time of publication.",... ,... , ...,"Estimates were not available at the time of publication.",... ,... , ...,"Estimates were not available at the time of publication.",... ,... , ...,"Estimates were not available at the time of publication.",... ,... , ...,"Estimates were not available at the time of publication.",... ,... , ...,"Estimates were not available at the time of publication.",... ,... , ...,"Estimates were not available at the time of publication.",... ,... , ...,"Estimates were not available at the time of publication.",... ,... , ...,"Estimates were not available at the time of publication.",... ,... , ...,"Estimates were not available at the time of publication.",... ,... , ...,"Estimates were not available at the time of publication.",... ,... , ...,"Estimates were not available at the time of publication.",... ,... , ...,"Estimates were not available at the time of publication.",... ,... , ...,"Estimates were not available at the time of publication.",... ,... , ...,"Estimates were not available at the time of publication.",... ,... , ...,"Estimates were not available at the time of publication.",... ,... , ...,"Estimates were not available at the time of publication.",... ,... , ...,"Estimates were not available at the time of publication.",... ,... , ...,"Estimates were not available at the time of publication.",... ,... , ...,"Estimates were not available at the time of publication.",... ,... , ...,"Estimates were not available at the time of publication.",... ,... , ...,"Estimates were not available at the time of publication."
Tunisia,<100 ,<100 , <100,,<100 ,<100 , <100,,<100 ,<100 , <100,,<100 ,<100 , <100,,<100 ,<100 , <100,,<100 ,<100 , <100,,<100 ,<100 , <100,,<100 ,<100 , <200,,<100 ,<100 , <200,,<100 ,<100 , <200,,<100 ,<100 , <200,,<100 ,<100 , <200,,<100 ,<100 , <200,,<100 ,<100 , <500,,<100 ,<100 , <500,,<100 ,<100 , <500,,<200 ,<100 , <500,,<200 ,<100 , <500,,<200 ,<100 , <500,,<200 ,<100 , <500,,<200 ,<100 , <500,,<200 ,<100 , <500,,<200 ,<200 , <500,,<500 ,<200 , <500,,<500 ,<200 , <500,,<500 ,<200 , <500,,<500 ,<200 , <500,,<500 ,<200 , <500,,<500 ,<200 , <500,,<500 ,<200 , <500,,<500 ,<200 , <500,,<500 ,<200 , <500,,<500 ,<200 , <500,,<500 ,<200 , <500,,<500 ,<200 , <500,
Turkmenistan,... ,... , ...,"Estimates were not available at the time of publication.",... ,... , ...,"Estimates were not available at the time of publication.",... ,... , ...,"Estimates were not available at the time of publication.",... ,... , ...,"Estimates were not available at the time of publication.",... ,... , ...,"Estimates were not available at the time of publication.",... ,... , ...,"Estimates were not available at the time of publication.",... ,... , ...,"Estimates were not available at the time of publication.",... ,... , ...,"Estimates were not available at the time of publication.",... ,... , ...,"Estimates were not available at the time of publication.",... ,... , ...,"Estimates were not available at the time of publication.",... ,... , ...,"Estimates were not available at the time of publication.",... ,... , ...,"Estimates were not available at the time of publication.",... ,... , ...,"Estimates were not available at the time of publication.",... ,... , ...,"Estimates were not available at the time of publication.",... ,... , ...,"Estimates were not available at the time of publication.",... ,... , ...,"Estimates were not available at the time of publication.",... ,... , ...,"Estimates were not available at the time of publication.",... ,... , ...,"Estimates were not available at the time of publication.",... ,... , ...,"Estimates were not available at the time of publication.",... ,... , ...,"Estimates were not available at the time of publication.",... ,... , ...,"Estimates were not available at the time of publication.",... ,... , ...,"Estimates were not available at the time of publication.",... ,... , ...,"Estimates were not available at the time of publication.",... ,... , ...,"Estimates were not available at the time of publication.",... ,... , ...,"Estimates were not available at the time of publication.",... ,... , ...,"Estimates were not available at the time of publication.",... ,... , ...,"Estimates were not available at the time of publication.",... ,... , ...,"Estimates were not available at the time of publication.",... ,... , ...,"Estimates were not available at the time of publication.",... ,... , ...,"Estimates were not available at the time of publication.",... ,... , ...,"Estimates were not available at the time of publication.",... ,... , ...,"Estimates were not available at the time of publication.",... ,... , ...,"Estimates were not available at the time of publication.",... ,... , ...,"Estimates were not available at the time of publication.",... ,... , ...,"Estimates were not available at the time of publication."
Tuvalu,... ,... , ...,"Estimates were not available at the time of publication.",... ,... , ...,"Estimates were not available at the time of publication.",... ,... , ...,"Estimates were not available at the time of publication.",... ,... , ...,"Estimates were not available at the time of publication.",... ,... , ...,"Estimates were not available at the time of publication.",... ,... , ...,"Estimates were not available at the time of publication.",... ,... , ...,"Estimates were not available at the time of publication.",... ,... , ...,"Estimates were not available at the time of publication.",... ,... , ...,"Estimates were not available at the time of publication.",... ,... , ...,"Estimates were not available at the time of publication.",... ,... , ...,"Estimates were not available at the time of publication.",... ,... , ...,"Estimates were not available at the time of publication.",... ,... , ...,"Estimates were not available at the time of publication.",... ,... , ...,"Estimates were not available at the time of publication.",... ,... , ...,"Estimates were not available at the time of publication.",... ,... , ...,"Estimates were not available at the time of publication.",... ,... , ...,"Estimates were not available at the time of publication.",... ,... , ...,"Estimates were not available at the time of publication.",... ,... , ...,"Estimates were not available at the time of publication.",... ,... , ...,"Estimates were not available at the time of publication.",... ,... , ...,"Estimates were not available at the time of publication.",... ,... , ...,"Estimates were not available at the time of publication.",... ,... , ...,"Estimates were not available at the time of publication.",... ,... , ...,"Estimates were not available at the time of publication.",... ,... , ...,"Estimates were not available at the time of publication.",... ,... , ...,"Estimates were not available at the time of publication.",... ,... , ...,"Estimates were not available at the time of publication.",... ,... , ...,"Estimates were not available at the time of publication.",... ,... , ...,"Estimates were not available at the time of publication.",... ,... , ...,"Estimates were not available at the time of publication.",... ,... , ...,"Estimates were not available at the time of publication.",... ,... , ...,"Estimates were not available at the time of publication.",... ,... , ...,"Estimates were not available at the time of publication.",... ,... , ...,"Estimates were not available at the time of publication.",... ,... , ...,"Estimates were not available at the time of publication."
Türkiye,... ,... , ...,"Estimates were not available at the time of publication.",... ,... , ...,"Estimates were not available at the time of publication.",... ,... , ...,"Estimates were not available at the time of publication.",... ,... , ...,"Estimates were not available at the time of publication.",... ,... , ...,"Estimates were not available at the time of publication.",... ,... , ...,"Estimates were not available at the time of publication.",... ,... , ...,"Estimates were not available at the time of publication.",... ,... , ...,"Estimates were not available at the time of publication.",... ,... , ...,"Estimates were not available at the time of publication.",... ,... , ...,"Estimates were not available at the time of publication.",... ,... , ...,"Estimates were not available at the time of publication.",... ,... , ...,"Estimates were not available at the time of publication.",... ,... , ...,"Estimates were not available at the time of publication.",... ,... , ...,"Estimates were not available at the time of publication.",... ,... , ...,"Estimates were not available at the time of publication.",... ,... , ...,"Estimates were not available at the time of publication.",... ,... , ...,"Estimates were not available at the time of publication.",... ,... , ...,"Estimates were not available at the time of publication.",... ,... , ...,"Estimates were not available at the time of publication.",... ,... , ...,"Estimates were not available at the time of publication.",... ,... , ...,"Estimates were not available at the time of publication.",... ,... , ...,"Estimates were not available at the time of publication.",... ,... , ...,"Estimates were not available at the time of publication.",... ,... , ...,"Estimates were not available at the time of publication.",... ,... , ...,"Estimates were not available at the time of publication.",... ,... , ...,"Estimates were not available at the time of publication.",... ,... , ...,"Estimates were not available at the time of publication.",... ,... , ...,"Estimates were not available at the time of publication.",... ,... , ...,"Estimates were not available at the time of publication.",... ,... , ...,"Estimates were not available at the time of publication.",... ,... , ...,"Estimates were not available at the time of publication.",... ,... , ...,"Estimates were not available at the time of publication.",... ,... , ...,"Estimates were not available at the time of publication.",... ,... , ...,"Estimates were not available at the time of publication.",... ,... , ...,"Estimates were not available at the time of publication."
Uganda,32 000 ,27 000 , 39 000,,37 000 ,32 000 , 44 000,,42 000 ,36 000 , 49 000,,46 000 ,40 000 , 53 000,,49 000 ,44 000 , 56 000,,52 000 ,47 000 , 58 000,,54 000 ,49 000 , 60 000,,56 000 ,51 000 , 61 000,,57 000 ,52 000 , 62 000,,58 000 ,53 000 , 63 000,,59 000 ,54 000 , 63 000,,58 000 ,54 000 , 63 000,,57 000 ,53 000 , 61 000,,56 000 ,53 000 , 60 000,,52 000 ,49 000 , 55 000,,44 000 ,41 000 , 48 000,,43 000 ,39 000 , 46 000,,44 000 ,41 000 , 48 000,,40 000 ,37 000 , 44 000,,37 000 ,33 000 , 41 000,,34 000 ,30 000 , 39 000,,32 000 ,28 000 , 38 000,,30 000 ,26 000 , 36 000,,26 000 ,22 000 , 32 000,,23 000 ,19 000 , 28 000,,20 000 ,16 000 , 26 000,,19 000 ,15 000 , 25 000,,18 000 ,14 000 , 24 000,,16 000 ,13 000 , 22 000,,15 000 ,12 000 , 20 000,,14 000 ,11 000 , 20 000,,14 000 ,10 000 , 20 000,,14 000 ,10 000 , 19 000,,13 000 ,9700 , 19 000,,13 000 ,9300 , 18 000,
Ukraine,... ,... , ...,"Estimates were not available at the time of publication.",... ,... , ...,"Estimates were not available at the time of publication.",... ,... , ...,"Estimates were not available at the time of publication.",... ,... , ...,"Estimates were not available at the time of publication.",... ,... , ...,"Estimates were not available at the time of publication.",... ,... , ...,"Estimates were not available at the time of publication.",... ,... , ...,"Estimates were not available at the time of publication.",... ,... , ...,"Estimates were not available at the time of publication.",... ,... , ...,"Estimates were not available at the time of publication.",... ,... , ...,"Estimates were not available at the time of publication.",... ,... , ...,"Estimates were not available at the time of publication.",... ,... , ...,"Estimates were not available at the time of publication.",... ,... , ...,"Estimates were not available at the time of publication.",... ,... , ...,"Estimates were not available at the time of publication.",... ,... , ...,"Estimates were not available at the time of publication.",... ,... , ...,"Estimates were not available at the time of publication.",... ,... , ...,"Estimates were not available at the time of publication.",... ,... , ...,"Estimates were not available at the time of publication.",... ,... , ...,"Estimates were not available at the time of publication.",... ,... , ...,"Estimates were not available at the time of publication.",... ,... , ...,"Estimates were not available at the time of publication.",... ,... , ...,"Estimates were not available at the time of publication.",... ,... , ...,"Estimates were not available at the time of publication.",... ,... , ...,"Estimates were not available at the time of publication.",... ,... , ...,"Estimates were not available at the time of publication.",... ,... , ...,"Estimates were not available at the time of publication.",... ,... , ...,"Estimates were not available at the time of publication.",... ,... , ...,"Estimates were not available at the time of publication.",... ,... , ...,"Estimates were not available at the time of publication.",... ,... , ...,"Estimates were not available at the time of publication.",... ,... , ...,"Estimates were not available at the time of publication.",... ,... , ...,"Estimates were not available at the time of publication.",... ,... , ...,"Estimates were not available at the time of publication.",... ,... , ...,"Estimates were not available at the time of publication.",... ,... , ...,"Estimates were not available at the time of publication."
United Arab Emirates,<100 ,<100 , <100,"Children estimates were not available at the time of publication.",<100 ,<100 , <100,"Children estimates were not available at the time of publication.",<100 ,<100 , <100,"Children estimates were not available at the time of publication.",<100 ,<100 , <100,"Children estimates were not available at the time of publication.",<100 ,<100 , <100,"Children estimates were not available at the time of publication.",<100 ,<100 , <100,"Children estimates were not available at the time of publication.",<100 ,<100 , <100,"Children estimates were not available at the time of publication.",<100 ,<100 , <100,"Children estimates were not available at the time of publication.",<100 ,<100 , <100,"Children estimates were not available at the time of publication.",<100 ,<100 , <100,"Children estimates were not available at the time of publication.",<100 ,<100 , <100,"Children estimates were not available at the time of publication.",<100 ,<100 , <100,"Children estimates were not available at the time of publication.",<100 ,<100 , <100,"Children estimates were not available at the time of publication.",<100 ,<100 , <100,"Children estimates were not available at the time of publication.",<100 ,<100 , <100,"Children estimates were not available at the time of publication.",<100 ,<100 , <100,"Children estimates were not available at the time of publication.",<100 ,<100 , <100,"Children estimates were not available at the time of publication.",<100 ,<100 , <100,"Children estimates were not available at the time of publication.",<100 ,<100 , <100,"Children estimates were not available at the time of publication.",<100 ,<100 , <100,"Children estimates were not available at the time of publication.",<100 ,<100 , <100,"Children estimates were not available at the time of publication.",<100 ,<100 , <100,"Children estimates were not available at the time of publication.",<100 ,<100 , <100,"Children estimates were not available at the time of publication.",<100 ,<100 , <100,"Children estimates were not available at the time of publication.",<100 ,<100 , <100,"Children estimates were not available at the time of publication.",<100 ,<100 , <100,"Children estimates were not available at the time of publication.",<100 ,<100 , <100,"Children estimates were not available at the time of publication.",<100 ,<100 , <100,"Children estimates were not available at the time of publication.",<100 ,<100 , <100,"Children estimates were not available at the time of publication.",<100 ,<100 , <100,"Children estimates were not available at the time of publication.",<100 ,<100 , <100,"Children estimates were not available at the time of publication.",<100 ,<100 , <100,"Children estimates were not available at the time of publication.",<100 ,<100 , <100,"Children estimates were not available at the time of publication.",<100 ,<100 , <100,"Children estimates were not available at the time of publication.",<100 ,<100 , <100,"Children estimates were not available at the time of publication."
United Kingdom,... ,... , ...,"Numbers are estimated by UNAIDS using the Spectrum model, based on the official national estimates (accessed May 2025). Any differences are within uncertainty margins of both sets of estimates, reflecting methodologies and assumptions. (https://www.gov.uk/government/statistics/hiv-annual-data-tables).",... ,... , ...,"Numbers are estimated by UNAIDS using the Spectrum model, based on the official national estimates (accessed May 2025). Any differences are within uncertainty margins of both sets of estimates, reflecting methodologies and assumptions. (https://www.gov.uk/government/statistics/hiv-annual-data-tables).",... ,... , ...,"Numbers are estimated by UNAIDS using the Spectrum model, based on the official national estimates (accessed May 2025). Any differences are within uncertainty margins of both sets of estimates, reflecting methodologies and assumptions. (https://www.gov.uk/government/statistics/hiv-annual-data-tables).",... ,... , ...,"Numbers are estimated by UNAIDS using the Spectrum model, based on the official national estimates (accessed May 2025). Any differences are within uncertainty margins of both sets of estimates, reflecting methodologies and assumptions. (https://www.gov.uk/government/statistics/hiv-annual-data-tables).",... ,... , ...,"Numbers are estimated by UNAIDS using the Spectrum model, based on the official national estimates (accessed May 2025). Any differences are within uncertainty margins of both sets of estimates, reflecting methodologies and assumptions. (https://www.gov.uk/government/statistics/hiv-annual-data-tables).",... ,... , ...,"Numbers are estimated by UNAIDS using the Spectrum model, based on the official national estimates (accessed May 2025). Any differences are within uncertainty margins of both sets of estimates, reflecting methodologies and assumptions. (https://www.gov.uk/government/statistics/hiv-annual-data-tables).",... ,... , ...,"Numbers are estimated by UNAIDS using the Spectrum model, based on the official national estimates (accessed May 2025). Any differences are within uncertainty margins of both sets of estimates, reflecting methodologies and assumptions. (https://www.gov.uk/government/statistics/hiv-annual-data-tables).",... ,... , ...,"Numbers are estimated by UNAIDS using the Spectrum model, based on the official national estimates (accessed May 2025). Any differences are within uncertainty margins of both sets of estimates, reflecting methodologies and assumptions. (https://www.gov.uk/government/statistics/hiv-annual-data-tables).",... ,... , ...,"Numbers are estimated by UNAIDS using the Spectrum model, based on the official national estimates (accessed May 2025). Any differences are within uncertainty margins of both sets of estimates, reflecting methodologies and assumptions. (https://www.gov.uk/government/statistics/hiv-annual-data-tables).",... ,... , ...,"Numbers are estimated by UNAIDS using the Spectrum model, based on the official national estimates (accessed May 2025). Any differences are within uncertainty margins of both sets of estimates, reflecting methodologies and assumptions. (https://www.gov.uk/government/statistics/hiv-annual-data-tables).",... ,... , ...,"Numbers are estimated by UNAIDS using the Spectrum model, based on the official national estimates (accessed May 2025). Any differences are within uncertainty margins of both sets of estimates, reflecting methodologies and assumptions. (https://www.gov.uk/government/statistics/hiv-annual-data-tables).",... ,... , ...,"Numbers are estimated by UNAIDS using the Spectrum model, based on the official national estimates (accessed May 2025). Any differences are within uncertainty margins of both sets of estimates, reflecting methodologies and assumptions. (https://www.gov.uk/government/statistics/hiv-annual-data-tables).",... ,... , ...,"Numbers are estimated by UNAIDS using the Spectrum model, based on the official national estimates (accessed May 2025). Any differences are within uncertainty margins of both sets of estimates, reflecting methodologies and assumptions. (https://www.gov.uk/government/statistics/hiv-annual-data-tables).",... ,... , ...,"Numbers are estimated by UNAIDS using the Spectrum model, based on the official national estimates (accessed May 2025). Any differences are within uncertainty margins of both sets of estimates, reflecting methodologies and assumptions. (https://www.gov.uk/government/statistics/hiv-annual-data-tables).",... ,... , ...,"Numbers are estimated by UNAIDS using the Spectrum model, based on the official national estimates (accessed May 2025). Any differences are within uncertainty margins of both sets of estimates, reflecting methodologies and assumptions. (https://www.gov.uk/government/statistics/hiv-annual-data-tables).",... ,... , ...,"Numbers are estimated by UNAIDS using the Spectrum model, based on the official national estimates (accessed May 2025). Any differences are within uncertainty margins of both sets of estimates, reflecting methodologies and assumptions. (https://www.gov.uk/government/statistics/hiv-annual-data-tables).",... ,... , ...,"Numbers are estimated by UNAIDS using the Spectrum model, based on the official national estimates (accessed May 2025). Any differences are within uncertainty margins of both sets of estimates, reflecting methodologies and assumptions. (https://www.gov.uk/government/statistics/hiv-annual-data-tables).",... ,... , ...,"Numbers are estimated by UNAIDS using the Spectrum model, based on the official national estimates (accessed May 2025). Any differences are within uncertainty margins of both sets of estimates, reflecting methodologies and assumptions. (https://www.gov.uk/government/statistics/hiv-annual-data-tables).",... ,... , ...,"Numbers are estimated by UNAIDS using the Spectrum model, based on the official national estimates (accessed May 2025). Any differences are within uncertainty margins of both sets of estimates, reflecting methodologies and assumptions. (https://www.gov.uk/government/statistics/hiv-annual-data-tables).",... ,... , ...,"Numbers are estimated by UNAIDS using the Spectrum model, based on the official national estimates (accessed May 2025). Any differences are within uncertainty margins of both sets of estimates, reflecting methodologies and assumptions. (https://www.gov.uk/government/statistics/hiv-annual-data-tables).",... ,... , ...,"Numbers are estimated by UNAIDS using the Spectrum model, based on the official national estimates (accessed May 2025). Any differences are within uncertainty margins of both sets of estimates, reflecting methodologies and assumptions. (https://www.gov.uk/government/statistics/hiv-annual-data-tables).",... ,... , ...,"Numbers are estimated by UNAIDS using the Spectrum model, based on the official national estimates (accessed May 2025). Any differences are within uncertainty margins of both sets of estimates, reflecting methodologies and assumptions. (https://www.gov.uk/government/statistics/hiv-annual-data-tables).",... ,... , ...,"Numbers are estimated by UNAIDS using the Spectrum model, based on the official national estimates (accessed May 2025). Any differences are within uncertainty margins of both sets of estimates, reflecting methodologies and assumptions. (https://www.gov.uk/government/statistics/hiv-annual-data-tables).",... ,... , ...,"Numbers are estimated by UNAIDS using the Spectrum model, based on the official national estimates (accessed May 2025). Any differences are within uncertainty margins of both sets of estimates, reflecting methodologies and assumptions. (https://www.gov.uk/government/statistics/hiv-annual-data-tables).",... ,... , ...,"Numbers are estimated by UNAIDS using the Spectrum model, based on the official national estimates (accessed May 2025). Any differences are within uncertainty margins of both sets of estimates, reflecting methodologies and assumptions. (https://www.gov.uk/government/statistics/hiv-annual-data-tables).",... ,... , ...,"Numbers are estimated by UNAIDS using the Spectrum model, based on the official national estimates (accessed May 2025). Any differences are within uncertainty margins of both sets of estimates, reflecting methodologies and assumptions. (https://www.gov.uk/government/statistics/hiv-annual-data-tables).",<100 ,<100 , <200,"Numbers are estimated by UNAIDS using the Spectrum model, based on the official national estimates (accessed May 2025). Any differences are within uncertainty margins of both sets of estimates, reflecting methodologies and assumptions. (https://www.gov.uk/government/statistics/hiv-annual-data-tables).",<100 ,<100 , <100,"Numbers are estimated by UNAIDS using the Spectrum model, based on the official national estimates (accessed May 2025). Any differences are within uncertainty margins of both sets of estimates, reflecting methodologies and assumptions. (https://www.gov.uk/government/statistics/hiv-annual-data-tables).",<100 ,<100 , <100,"Numbers are estimated by UNAIDS using the Spectrum model, based on the official national estimates (accessed May 2025). Any differences are within uncertainty margins of both sets of estimates, reflecting methodologies and assumptions. (https://www.gov.uk/government/statistics/hiv-annual-data-tables).",<100 ,<100 , <100,"Numbers are estimated by UNAIDS using the Spectrum model, based on the official national estimates (accessed May 2025). Any differences are within uncertainty margins of both sets of estimates, reflecting methodologies and assumptions. (https://www.gov.uk/government/statistics/hiv-annual-data-tables).",<100 ,<100 , <100,"Numbers are estimated by UNAIDS using the Spectrum model, based on the official national estimates (accessed May 2025). Any differences are within uncertainty margins of both sets of estimates, reflecting methodologies and assumptions. (https://www.gov.uk/government/statistics/hiv-annual-data-tables).",<100 ,<100 , <100,"Numbers are estimated by UNAIDS using the Spectrum model, based on the official national estimates (accessed May 2025). Any differences are within uncertainty margins of both sets of estimates, reflecting methodologies and assumptions. (https://www.gov.uk/government/statistics/hiv-annual-data-tables).",<100 ,<100 , <100,"Numbers are estimated by UNAIDS using the Spectrum model, based on the official national estimates (accessed May 2025). Any differences are within uncertainty margins of both sets of estimates, reflecting methodologies and assumptions. (https://www.gov.uk/government/statistics/hiv-annual-data-tables).",<100 ,<100 , <100,"Numbers are estimated by UNAIDS using the Spectrum model, based on the official national estimates (accessed May 2025). Any differences are within uncertainty margins of both sets of estimates, reflecting methodologies and assumptions. (https://www.gov.uk/government/statistics/hiv-annual-data-tables).",... ,... , ...,"Numbers are estimated by UNAIDS using the Spectrum model, based on the official national estimates (accessed May 2025). Any differences are within uncertainty margins of both sets of estimates, reflecting methodologies and assumptions. (https://www.gov.uk/government/statistics/hiv-annual-data-tables)."
United Republic of Tanzania,15 000 ,12 000 , 19 000,,20 000 ,16 000 , 24 000,,24 000 ,20 000 , 29 000,,29 000 ,25 000 , 35 000,,35 000 ,30 000 , 42 000,,42 000 ,36 000 , 48 000,,47 000 ,41 000 , 53 000,,50 000 ,45 000 , 56 000,,55 000 ,49 000 , 61 000,,58 000 ,53 000 , 64 000,,62 000 ,56 000 , 67 000,,64 000 ,60 000 , 70 000,,66 000 ,62 000 , 71 000,,68 000 ,64 000 , 73 000,,68 000 ,64 000 , 73 000,,67 000 ,63 000 , 71 000,,60 000 ,56 000 , 64 000,,47 000 ,43 000 , 52 000,,40 000 ,35 000 , 45 000,,38 000 ,33 000 , 43 000,,34 000 ,29 000 , 40 000,,34 000 ,29 000 , 39 000,,31 000 ,26 000 , 36 000,,26 000 ,21 000 , 31 000,,24 000 ,19 000 , 29 000,,23 000 ,18 000 , 28 000,,23 000 ,19 000 , 28 000,,23 000 ,19 000 , 28 000,,22 000 ,18 000 , 27 000,,22 000 ,17 000 , 27 000,,20 000 ,16 000 , 25 000,,18 000 ,14 000 , 23 000,,17 000 ,13 000 , 22 000,,16 000 ,13 000 , 21 000,,15 000 ,13 000 , 17 000,
United States,... ,... , ...,"Estimates were not available at the time of publication.",... ,... , ...,"Estimates were not available at the time of publication.",... ,... , ...,"Estimates were not available at the time of publication.",... ,... , ...,"Estimates were not available at the time of publication.",... ,... , ...,"Estimates were not available at the time of publication.",... ,... , ...,"Estimates were not available at the time of publication.",... ,... , ...,"Estimates were not available at the time of publication.",... ,... , ...,"Estimates were not available at the time of publication.",... ,... , ...,"Estimates were not available at the time of publication.",... ,... , ...,"Estimates were not available at the time of publication.",... ,... , ...,"Estimates were not available at the time of publication.",... ,... , ...,"Estimates were not available at the time of publication.",... ,... , ...,"Estimates were not available at the time of publication.",... ,... , ...,"Estimates were not available at the time of publication.",... ,... , ...,"Estimates were not available at the time of publication.",... ,... , ...,"Estimates were not available at the time of publication.",... ,... , ...,"Estimates were not available at the time of publication.",... ,... , ...,"Estimates were not available at the time of publication.",... ,... , ...,"Estimates were not available at the time of publication.",... ,... , ...,"Estimates were not available at the time of publication.",... ,... , ...,"Estimates were not available at the time of publication.",... ,... , ...,"Estimates were not available at the time of publication.",... ,... , ...,"Estimates were not available at the time of publication.",... ,... , ...,"Estimates were not available at the time of publication.",... ,... , ...,"Estimates were not available at the time of publication.",... ,... , ...,"Estimates were not available at the time of publication.",... ,... , ...,"Estimates were not available at the time of publication.",... ,... , ...,"Estimates were not available at the time of publication.",... ,... , ...,"Estimates were not available at the time of publication.",... ,... , ...,"Estimates were not available at the time of publication.",... ,... , ...,"Estimates were not available at the time of publication.",... ,... , ...,"Estimates were not available at the time of publication.",... ,... , ...,"Estimates were not available at the time of publication.",... ,... , ...,"Estimates were not available at the time of publication.",... ,... , ...,"Estimates were not available at the time of publication."
Uruguay,... ,... , ...,"Estimates were not available at the time of publication.",... ,... , ...,"Estimates were not available at the time of publication.",... ,... , ...,"Estimates were not available at the time of publication.",... ,... , ...,"Estimates were not available at the time of publication.",... ,... , ...,"Estimates were not available at the time of publication.",... ,... , ...,"Estimates were not available at the time of publication.",... ,... , ...,"Estimates were not available at the time of publication.",... ,... , ...,"Estimates were not available at the time of publication.",... ,... , ...,"Estimates were not available at the time of publication.",... ,... , ...,"Estimates were not available at the time of publication.",... ,... , ...,"Estimates were not available at the time of publication.",... ,... , ...,"Estimates were not available at the time of publication.",... ,... , ...,"Estimates were not available at the time of publication.",... ,... , ...,"Estimates were not available at the time of publication.",... ,... , ...,"Estimates were not available at the time of publication.",... ,... , ...,"Estimates were not available at the time of publication.",... ,... , ...,"Estimates were not available at the time of publication.",... ,... , ...,"Estimates were not available at the time of publication.",... ,... , ...,"Estimates were not available at the time of publication.",... ,... , ...,"Estimates were not available at the time of publication.",... ,... , ...,"Estimates were not available at the time of publication.",... ,... , ...,"Estimates were not available at the time of publication.",... ,... , ...,"Estimates were not available at the time of publication.",... ,... , ...,"Estimates were not available at the time of publication.",... ,... , ...,"Estimates were not available at the time of publication.",... ,... , ...,"Estimates were not available at the time of publication.",... ,... , ...,"Estimates were not available at the time of publication.",... ,... , ...,"Estimates were not available at the time of publication.",... ,... , ...,"Estimates were not available at the time of publication.",... ,... , ...,"Estimates were not available at the time of publication.",... ,... , ...,"Estimates were not available at the time of publication.",... ,... , ...,"Estimates were not available at the time of publication.",... ,... , ...,"Estimates were not available at the time of publication.",... ,... , ...,"Estimates were not available at the time of publication.",... ,... , ...,"Estimates were not available at the time of publication."
Uzbekistan,... ,... , ...,"Estimates were not available at the time of publication.",... ,... , ...,"Estimates were not available at the time of publication.",... ,... , ...,"Estimates were not available at the time of publication.",... ,... , ...,"Estimates were not available at the time of publication.",... ,... , ...,"Estimates were not available at the time of publication.",... ,... , ...,"Estimates were not available at the time of publication.",... ,... , ...,"Estimates were not available at the time of publication.",... ,... , ...,"Estimates were not available at the time of publication.",... ,... , ...,"Estimates were not available at the time of publication.",... ,... , ...,"Estimates were not available at the time of publication.",... ,... , ...,"Estimates were not available at the time of publication.",... ,... , ...,"Estimates were not available at the time of publication.",... ,... , ...,"Estimates were not available at the time of publication.",... ,... , ...,"Estimates were not available at the time of publication.",... ,... , ...,"Estimates were not available at the time of publication.",... ,... , ...,"Estimates were not available at the time of publication.",... ,... , ...,"Estimates were not available at the time of publication.",... ,... , ...,"Estimates were not available at the time of publication.",... ,... , ...,"Estimates were not available at the time of publication.",... ,... , ...,"Estimates were not available at the time of publication.",... ,... , ...,"Estimates were not available at the time of publication.",... ,... , ...,"Estimates were not available at the time of publication.",... ,... , ...,"Estimates were not available at the time of publication.",... ,... , ...,"Estimates were not available at the time of publication.",... ,... , ...,"Estimates were not available at the time of publication.",... ,... , ...,"Estimates were not available at the time of publication.",... ,... , ...,"Estimates were not available at the time of publication.",... ,... , ...,"Estimates were not available at the time of publication.",... ,... , ...,"Estimates were not available at the time of publication.",... ,... , ...,"Estimates were not available at the time of publication.",... ,... , ...,"Estimates were not available at the time of publication.",... ,... , ...,"Estimates were not available at the time of publication.",... ,... , ...,"Estimates were not available at the time of publication.",... ,... , ...,"Estimates were not available at the time of publication.",... ,... , ...,"Estimates were not available at the time of publication."
Vanuatu,... ,... , ...,"Estimates were not available at the time of publication.",... ,... , ...,"Estimates were not available at the time of publication.",... ,... , ...,"Estimates were not available at the time of publication.",... ,... , ...,"Estimates were not available at the time of publication.",... ,... , ...,"Estimates were not available at the time of publication.",... ,... , ...,"Estimates were not available at the time of publication.",... ,... , ...,"Estimates were not available at the time of publication.",... ,... , ...,"Estimates were not available at the time of publication.",... ,... , ...,"Estimates were not available at the time of publication.",... ,... , ...,"Estimates were not available at the time of publication.",... ,... , ...,"Estimates were not available at the time of publication.",... ,... , ...,"Estimates were not available at the time of publication.",... ,... , ...,"Estimates were not available at the time of publication.",... ,... , ...,"Estimates were not available at the time of publication.",... ,... , ...,"Estimates were not available at the time of publication.",... ,... , ...,"Estimates were not available at the time of publication.",... ,... , ...,"Estimates were not available at the time of publication.",... ,... , ...,"Estimates were not available at the time of publication.",... ,... , ...,"Estimates were not available at the time of publication.",... ,... , ...,"Estimates were not available at the time of publication.",... ,... , ...,"Estimates were not available at the time of publication.",... ,... , ...,"Estimates were not available at the time of publication.",... ,... , ...,"Estimates were not available at the time of publication.",... ,... , ...,"Estimates were not available at the time of publication.",... ,... , ...,"Estimates were not available at the time of publication.",... ,... , ...,"Estimates were not available at the time of publication.",... ,... , ...,"Estimates were not available at the time of publication.",... ,... , ...,"Estimates were not available at the time of publication.",... ,... , ...,"Estimates were not available at the time of publication.",... ,... , ...,"Estimates were not available at the time of publication.",... ,... , ...,"Estimates were not available at the time of publication.",... ,... , ...,"Estimates were not available at the time of publication.",... ,... , ...,"Estimates were not available at the time of publication.",... ,... , ...,"Estimates were not available at the time of publication.",... ,... , ...,"Estimates were not available at the time of publication."
Venezuela (Bolivarian Republic of),<200 ,<200 , <500,,<500 ,<200 , <500,,<500 ,<500 , <500,,<500 ,<500 , <500,,<500 ,<500 , 510,,520 ,<500 , 620,,630 ,540 , 750,,770 ,660 , 900,,940 ,820 , 1100,,1100 ,1000 , 1300,,1300 ,1100 , 1400,,1300 ,1100 , 1400,,1200 ,1000 , 1400,,1300 ,1000 , 1500,,1400 ,1200 , 1600,,1700 ,1300 , 1900,,1600 ,1300 , 1800,,1300 ,1000 , 1600,,1400 ,1000 , 1700,,1500 ,1100 , 1800,,1400 ,1100 , 1700,,1400 ,1100 , 1700,,1500 ,1100 , 1800,,1600 ,1200 , 2000,,1900 ,1500 , 2400,,1600 ,1300 , 2000,,1300 ,1000 , 1600,,2000 ,1500 , 2500,,3000 ,2400 , 3500,,2900 ,2500 , 3400,,1500 ,1200 , 1800,,1100 ,800 , 1400,,1000 ,740 , 1500,,1100 ,740 , 1600,,1200 ,750 , 1700,
Viet Nam,<100 ,<100 , <100,,<100 ,<100 , <100,,<100 ,<100 , <100,,<200 ,<200 , <200,,<500 ,<500 , <500,,<500 ,<500 , 550,,720 ,590 , 890,,1100 ,900 , 1300,,1600 ,1300 , 1900,,2100 ,1800 , 2600,,2800 ,2300 , 3400,,3500 ,2900 , 4200,,4300 ,3600 , 5200,,5200 ,4300 , 6200,,6000 ,5000 , 7100,,6600 ,5500 , 7800,,6700 ,5500 , 8000,,6200 ,5100 , 7400,,5400 ,4400 , 6500,,4600 ,3700 , 5600,,4200 ,3300 , 5200,,4200 ,3300 , 5300,,4300 ,3300 , 5400,,4100 ,3200 , 5200,,3900 ,3000 , 5100,,3800 ,2900 , 4900,,3600 ,2600 , 4700,,3600 ,2600 , 4900,,3800 ,2700 , 5200,,3700 ,2600 , 5100,,3600 ,2500 , 5000,,3500 ,2400 , 5100,,3500 ,2200 , 5100,,3500 ,2000 , 5300,,3300 ,1800 , 5100,
Yemen,<100 ,<100 , <100,,<100 ,<100 , <100,,<100 ,<100 , <100,,<100 ,<100 , <100,,<100 ,<100 , <100,,<100 ,<100 , <100,,<100 ,<100 , <100,,<100 ,<100 , <100,,<100 ,<100 , <100,,<100 ,<100 , <100,,<100 ,<100 , <100,,<100 ,<100 , <100,,<100 ,<100 , <100,,<100 ,<100 , <100,,<100 ,<100 , <200,,<200 ,<200 , <200,,<200 ,<200 , <200,,<200 ,<200 , <200,,<200 ,<200 , <200,,<200 ,<200 , <200,,<200 ,<200 , <500,,<500 ,<200 , <500,,<500 ,<500 , <500,,<500 ,<500 , <500,,<500 ,<500 , <500,,<500 ,<500 , <500,,<500 ,<500 , <500,,<500 ,<500 , <500,,<500 ,<500 , <500,,<500 ,<500 , <500,,<500 ,<500 , <500,,<500 ,<500 , <500,,<500 ,<500 , <500,,<500 ,<500 , 520,,<500 ,<500 , 540,
Zambia,7900 ,6000 , 9800,,10 000 ,8200 , 12 000,,13 000 ,11 000 , 15 000,,16 000 ,13 000 , 19 000,,19 000 ,16 000 , 22 000,,22 000 ,19 000 , 25 000,,25 000 ,22 000 , 28 000,,28 000 ,25 000 , 31 000,,31 000 ,28 000 , 34 000,,33 000 ,31 000 , 36 000,,36 000 ,33 000 , 39 000,,38 000 ,35 000 , 41 000,,40 000 ,37 000 , 43 000,,40 000 ,37 000 , 43 000,,37 000 ,34 000 , 40 000,,35 000 ,32 000 , 38 000,,32 000 ,29 000 , 35 000,,26 000 ,23 000 , 29 000,,19 000 ,16 000 , 22 000,,16 000 ,13 000 , 19 000,,15 000 ,13 000 , 18 000,,14 000 ,13 000 , 17 000,,13 000 ,12 000 , 16 000,,13 000 ,11 000 , 15 000,,13 000 ,12 000 , 16 000,,14 000 ,12 000 , 16 000,,13 000 ,11 000 , 15 000,,13 000 ,11 000 , 15 000,,14 000 ,12 000 , 16 000,,15 000 ,13 000 , 17 000,,14 000 ,12 000 , 17 000,,13 000 ,11 000 , 16 000,,12 000 ,10 000 , 15 000,,11 000 ,9000 , 13 000,,10 000 ,8400 , 13 000,
Zimbabwe,20 000 ,16 000 , 24 000,,27 000 ,22 000 , 32 000,,35 000 ,30 000 , 41 000,,45 000 ,39 000 , 51 000,,54 000 ,48 000 , 61 000,,63 000 ,57 000 , 71 000,,73 000 ,66 000 , 81 000,,81 000 ,74 000 , 89 000,,89 000 ,81 000 , 97 000,,95 000 ,87 000 , 100 000,,99 000 ,91 000 , 110 000,,100 000 ,94 000 , 110 000,,100 000 ,95 000 , 110 000,,100 000 ,95 000 , 110 000,,99 000 ,93 000 , 110 000,,93 000 ,88 000 , 100 000,,87 000 ,82 000 , 93 000,,78 000 ,73 000 , 84 000,,69 000 ,64 000 , 74 000,,59 000 ,55 000 , 65 000,,48 000 ,43 000 , 54 000,,36 000 ,32 000 , 42 000,,30 000 ,26 000 , 35 000,,25 000 ,22 000 , 31 000,,23 000 ,19 000 , 28 000,,21 000 ,18 000 , 26 000,,20 000 ,17 000 , 24 000,,19 000 ,17 000 , 22 000,,17 000 ,15 000 , 20 000,,16 000 ,13 000 , 18 000,,14 000 ,12 000 , 17 000,,13 000 ,11 000 , 16 000,,13 000 ,11 000 , 16 000,,12 000 ,9600 , 14 000,,10 000 ,8500 , 13 000,
Global,230 000 ,180 000,310 000,,310 000 ,230 000,410 000,,390 000 ,300 000,520 000,,480 000 ,370 000,640 000,,580 000 ,450 000,780 000,,690 000 ,530 000,910 000,,790 000 ,600 000,1 000 000,,890 000 ,680 000,1 200 000,,990 000 ,760 000,1 300 000,,1 100 000 ,840 000,1 500 000,,1 200 000 ,910 000,1 600 000,,1 300 000 ,980 000,1 700 000,,1 400 000 ,1 000 000,1 800 000,,1 400 000 ,1 100 000,1 900 000,,1 400 000 ,1 100 000,1 900 000,,1 400 000 ,1 100 000,1 800 000,,1 300 000 ,1 000 000,1 700 000,,1 200 000 ,910 000,1 600 000,,1 100 000 ,820 000,1 400 000,,980 000 ,750 000,1 300 000,,900 000 ,690 000,1 200 000,,840 000 ,640 000,1 100 000,,780 000 ,590 000,1 000 000,,720 000 ,550 000,950 000,,670 000 ,520 000,900 000,,640 000 ,490 000,850 000,,610 000 ,460 000,810 000,,570 000 ,440 000,760 000,,540 000 ,410 000,710 000,,510 000 ,390 000,670 000,,480 000 ,370 000,640 000,,460 000 ,350 000,610 000,,430 000 ,330 000,580 000,,410 000 ,310 000,540 000,,390 000 ,300 000,510 000,