Country,2010,2010_Footnote, 2011,2011_Footnote, 2012,2012_Footnote, 2013,2013_Footnote, 2014,2014_Footnote, 2015,2015_Footnote, 2016,2016_Footnote, 2017,2017_Footnote, 2018,2018_Footnote, 2019,2019_Footnote, 2020,2020_Footnote, 2021,2021_Footnote, 2022,2022_Footnote, 2023,2023_Footnote, 2024,2024_Footnote
Afghanistan,3,,2,,1,,5,,8,,7,,8,,18,,18,,24,,26,,38,,31,,29,,21,
Albania,0,"Children estimates were not available at the time of publication.",0,"Children estimates were not available at the time of publication.",1,"Children estimates were not available at the time of publication.",2,"Children estimates were not available at the time of publication.",1,"Children estimates were not available at the time of publication.",3,"Children estimates were not available at the time of publication.",2,"Children estimates were not available at the time of publication.",2,"Children estimates were not available at the time of publication.",1,"Children estimates were not available at the time of publication.",3,"Children estimates were not available at the time of publication.",1,"Children estimates were not available at the time of publication.",4,"Children estimates were not available at the time of publication.",6,"Children estimates were not available at the time of publication.",6,"Children estimates were not available at the time of publication.",6,"Children estimates were not available at the time of publication."
Algeria,120,,128,,121,,200,,112,,112,,206,,264,,324,,360,,...,,...,,...,,...,,...,
Angola,3652,,2584,,3175,,5668,,8848,,8398,,7613,,7088,,9633,,15 030,,16 724,,18 693,,19 359,,21 117,,21 542,
Antigua and Barbuda,3,"Countries with a UNAIDS-approved estimate and population less than 250000 in 2024; not included in regional or global totals",4,"Countries with a UNAIDS-approved estimate and population less than 250000 in 2024; not included in regional or global totals",4,"Countries with a UNAIDS-approved estimate and population less than 250000 in 2024; not included in regional or global totals",12,"Countries with a UNAIDS-approved estimate and population less than 250000 in 2024; not included in regional or global totals",14,"Countries with a UNAIDS-approved estimate and population less than 250000 in 2024; not included in regional or global totals",14,"Countries with a UNAIDS-approved estimate and population less than 250000 in 2024; not included in regional or global totals",14,"Countries with a UNAIDS-approved estimate and population less than 250000 in 2024; not included in regional or global totals",14,"Countries with a UNAIDS-approved estimate and population less than 250000 in 2024; not included in regional or global totals",14,"Countries with a UNAIDS-approved estimate and population less than 250000 in 2024; not included in regional or global totals",14,"Countries with a UNAIDS-approved estimate and population less than 250000 in 2024; not included in regional or global totals",8,"Countries with a UNAIDS-approved estimate and population less than 250000 in 2024; not included in regional or global totals",10,"Countries with a UNAIDS-approved estimate and population less than 250000 in 2024; not included in regional or global totals",8,"Countries with a UNAIDS-approved estimate and population less than 250000 in 2024; not included in regional or global totals",8,"Countries with a UNAIDS-approved estimate and population less than 250000 in 2024; not included in regional or global totals",7,"Countries with a UNAIDS-approved estimate and population less than 250000 in 2024; not included in regional or global totals"
Argentina,1626,,1644,,1615,,1664,,1722,,1712,,1646,,1599,,1526,,1396,,1196,,1181,,1097,,1102,,1095,
Armenia,16,,15,,13,,19,,27,,29,,37,,33,,45,,48,,46,,47,,50,,58,,63,
Australia,...,,...,,...,,...,,...,,...,,...,,...,,...,,...,,...,,...,,...,,...,,...,
Austria,...,"Estimates were not available at the time of publication.",...,"Estimates were not available at the time of publication.",...,"Estimates were not available at the time of publication.",...,"Estimates were not available at the time of publication.",...,"Estimates were not available at the time of publication.",...,"Estimates were not available at the time of publication.",...,"Estimates were not available at the time of publication.",...,"Estimates were not available at the time of publication.",...,"Estimates were not available at the time of publication.",...,"Estimates were not available at the time of publication.",...,"Estimates were not available at the time of publication.",...,"Estimates were not available at the time of publication.",...,"Estimates were not available at the time of publication.",...,"Estimates were not available at the time of publication.",...,"Estimates were not available at the time of publication."
Azerbaijan,11,"Children estimates were not available at the time of publication.",17,"Children estimates were not available at the time of publication.",23,"Children estimates were not available at the time of publication.",35,"Children estimates were not available at the time of publication.",46,"Children estimates were not available at the time of publication.",56,"Children estimates were not available at the time of publication.",70,"Children estimates were not available at the time of publication.",67,"Children estimates were not available at the time of publication.",56,"Children estimates were not available at the time of publication.",83,"Children estimates were not available at the time of publication.",63,"Children estimates were not available at the time of publication.",53,"Children estimates were not available at the time of publication.",48,"Children estimates were not available at the time of publication.",53,"Children estimates were not available at the time of publication.",53,"Children estimates were not available at the time of publication."
Bahamas,...,"Children estimates were not available at the time of publication.",...,"Children estimates were not available at the time of publication.",...,"Children estimates were not available at the time of publication.",...,"Children estimates were not available at the time of publication.",...,"Children estimates were not available at the time of publication.",...,"Children estimates were not available at the time of publication.",...,"Children estimates were not available at the time of publication.",...,"Children estimates were not available at the time of publication.",...,"Children estimates were not available at the time of publication.",...,"Children estimates were not available at the time of publication.",...,"Children estimates were not available at the time of publication.",...,"Children estimates were not available at the time of publication.",...,"Children estimates were not available at the time of publication.",...,"Children estimates were not available at the time of publication.",...,"Children estimates were not available at the time of publication."
Bahrain,1,"Children estimates were not available at the time of publication.",1,"Children estimates were not available at the time of publication.",1,"Children estimates were not available at the time of publication.",1,"Children estimates were not available at the time of publication.",1,"Children estimates were not available at the time of publication.",1,"Children estimates were not available at the time of publication.",1,"Children estimates were not available at the time of publication.",1,"Children estimates were not available at the time of publication.",2,"Children estimates were not available at the time of publication.",2,"Children estimates were not available at the time of publication.",2,"Children estimates were not available at the time of publication.",3,"Children estimates were not available at the time of publication.",3,"Children estimates were not available at the time of publication.",2,"Children estimates were not available at the time of publication.",1,"Children estimates were not available at the time of publication."
Bangladesh,23,,14,,16,,18,,25,,21,,22,,25,,36,,29,,18,,38,,25,,18,,18,
Barbados,21,"Children estimates were not available at the time of publication.",21,"Children estimates were not available at the time of publication.",24,"Children estimates were not available at the time of publication.",19,"Children estimates were not available at the time of publication.",21,"Children estimates were not available at the time of publication.",15,"Children estimates were not available at the time of publication.",16,"Children estimates were not available at the time of publication.",18,"Children estimates were not available at the time of publication.",16,"Children estimates were not available at the time of publication.",19,"Children estimates were not available at the time of publication.",13,"Children estimates were not available at the time of publication.",16,"Children estimates were not available at the time of publication.",19,"Children estimates were not available at the time of publication.",17,"Children estimates were not available at the time of publication.",13,"Children estimates were not available at the time of publication."
Belarus,...,"Estimates were not available at the time of publication.",...,"Estimates were not available at the time of publication.",...,"Estimates were not available at the time of publication.",...,"Estimates were not available at the time of publication.",...,"Estimates were not available at the time of publication.",...,"Estimates were not available at the time of publication.",...,"Estimates were not available at the time of publication.",...,"Estimates were not available at the time of publication.",...,"Estimates were not available at the time of publication.",...,"Estimates were not available at the time of publication.",...,"Estimates were not available at the time of publication.",...,"Estimates were not available at the time of publication.",...,"Estimates were not available at the time of publication.",...,"Estimates were not available at the time of publication.",...,"Estimates were not available at the time of publication."
Belgium,...,,...,,...,,...,,...,,...,,...,,...,,...,,...,,...,,...,,...,,...,,...,
Belize,53,"Children estimates were not available at the time of publication.",67,"Children estimates were not available at the time of publication.",66,"Children estimates were not available at the time of publication.",46,"Children estimates were not available at the time of publication.",55,"Children estimates were not available at the time of publication.",53,"Children estimates were not available at the time of publication.",38,"Children estimates were not available at the time of publication.",43,"Children estimates were not available at the time of publication.",49,"Children estimates were not available at the time of publication.",40,"Children estimates were not available at the time of publication.",44,"Children estimates were not available at the time of publication.",35,"Children estimates were not available at the time of publication.",33,"Children estimates were not available at the time of publication.",34,"Children estimates were not available at the time of publication.",31,"Children estimates were not available at the time of publication."
Benin,1683,,1411,,1341,,1205,,2099,,4480,,4965,,4360,,4765,,3762,,3950,,3474,,3699,,3523,,3477,
Bhutan,10,"Children estimates were not available at the time of publication.",12,"Children estimates were not available at the time of publication.",8,"Children estimates were not available at the time of publication.",8,"Children estimates were not available at the time of publication.",7,"Children estimates were not available at the time of publication.",3,"Children estimates were not available at the time of publication.",8,"Children estimates were not available at the time of publication.",8,"Children estimates were not available at the time of publication.",7,"Children estimates were not available at the time of publication.",4,"Children estimates were not available at the time of publication.",6,"Children estimates were not available at the time of publication.",6,"Children estimates were not available at the time of publication.",7,"Children estimates were not available at the time of publication.",4,"Children estimates were not available at the time of publication.",8,"Children estimates were not available at the time of publication."
Bolivia (Plurinational State of),199,,168,,249,,212,,229,,284,,345,,379,,462,,484,,424,,484,,514,,548,,493,
Bosnia and Herzegovina,...,"Estimates were not available at the time of publication.",...,"Estimates were not available at the time of publication.",...,"Estimates were not available at the time of publication.",...,"Estimates were not available at the time of publication.",...,"Estimates were not available at the time of publication.",...,"Estimates were not available at the time of publication.",...,"Estimates were not available at the time of publication.",...,"Estimates were not available at the time of publication.",...,"Estimates were not available at the time of publication.",...,"Estimates were not available at the time of publication.",...,"Estimates were not available at the time of publication.",...,"Estimates were not available at the time of publication.",...,"Estimates were not available at the time of publication.",...,"Estimates were not available at the time of publication.",...,"Estimates were not available at the time of publication."
Botswana,10 999,,9940,,12 304,,12 290,,11 047,,11 096,,10 811,,11 934,,12 497,,12 728,,12 171,,10 237,,9419,,8392,,7305,
Brazil,...,,...,,...,,...,,...,,...,,...,,...,,...,,...,,...,,...,,...,,...,,...,
Brunei Darussalam,...,"Estimates were not available at the time of publication.",...,"Estimates were not available at the time of publication.",...,"Estimates were not available at the time of publication.",...,"Estimates were not available at the time of publication.",...,"Estimates were not available at the time of publication.",...,"Estimates were not available at the time of publication.",...,"Estimates were not available at the time of publication.",...,"Estimates were not available at the time of publication.",...,"Estimates were not available at the time of publication.",...,"Estimates were not available at the time of publication.",...,"Estimates were not available at the time of publication.",...,"Estimates were not available at the time of publication.",...,"Estimates were not available at the time of publication.",...,"Estimates were not available at the time of publication.",...,"Estimates were not available at the time of publication."
Bulgaria,10,"Children estimates were not available at the time of publication.",14,"Children estimates were not available at the time of publication.",18,"Children estimates were not available at the time of publication.",20,"Children estimates were not available at the time of publication.",23,"Children estimates were not available at the time of publication.",24,"Children estimates were not available at the time of publication.",23,"Children estimates were not available at the time of publication.",12,"Children estimates were not available at the time of publication.",14,"Children estimates were not available at the time of publication.",5,"Children estimates were not available at the time of publication.",15,"Children estimates were not available at the time of publication.",8,"Children estimates were not available at the time of publication.",17,"Children estimates were not available at the time of publication.",11,"Children estimates were not available at the time of publication.",8,"Children estimates were not available at the time of publication."
Burkina Faso,2792,,3098,,3228,,3369,,4285,,3000,,3265,,3530,,3795,,4060,,4325,,4590,,4602,,3674,,3402,
Burundi,2617,,2670,,2737,,3084,,3499,,3885,,4518,,4187,,3986,,3623,,3101,,2395,,2264,,1899,,1702,
Cabo Verde,71,,74,,85,,104,,95,,92,,94,,78,,85,,83,,40,,60,,59,,58,,48,
Cambodia,688,,778,,761,,767,,772,,797,,720,,755,,661,,586,,597,,472,,528,,568,,561,
Cameroon,16 342,,15 379,,17 755,,23 173,,22 297,,22 651,,23 005,,23 098,,21 716,,17 068,,16 758,,17 327,,15 952,,13 899,,10 927,
Canada,163,,165,,162,,165,,172,,169,,173,,175,,180,,177,,182,,187,,178,,...,,...,
Central African Republic,2013,,2552,,2742,,1541,,2562,,3896,,3901,,2897,,3186,,4029,,3628,,3959,,3097,,3321,,4064,
Chad,1601,,1930,,2643,,4338,,6086,,4671,,4377,,4776,,5605,,6247,,6131,,6133,,5376,,5446,,5642,
Chile,...,,...,,...,,...,,...,,...,,...,,...,,...,,...,,...,,...,,...,,...,,...,
China,...,"Estimates were not available at the time of publication.",...,"Estimates were not available at the time of publication.",...,"Estimates were not available at the time of publication.",...,"Estimates were not available at the time of publication.",...,"Estimates were not available at the time of publication.",...,"Estimates were not available at the time of publication.",...,"Estimates were not available at the time of publication.",...,"Estimates were not available at the time of publication.",...,"Estimates were not available at the time of publication.",...,"Estimates were not available at the time of publication.",...,"Estimates were not available at the time of publication.",...,"Estimates were not available at the time of publication.",...,"Estimates were not available at the time of publication.",...,"Estimates were not available at the time of publication.",...,"Estimates were not available at the time of publication."
Colombia,621,,727,,742,,782,,864,,737,,774,,775,,736,,818,,845,,841,,822,,822,,1128,
Comoros,5,"Children estimates were not available at the time of publication.",1,"Children estimates were not available at the time of publication.",2,"Children estimates were not available at the time of publication.",1,"Children estimates were not available at the time of publication.",3,"Children estimates were not available at the time of publication.",4,"Children estimates were not available at the time of publication.",7,"Children estimates were not available at the time of publication.",8,"Children estimates were not available at the time of publication.",7,"Children estimates were not available at the time of publication.",5,"Children estimates were not available at the time of publication.",3,"Children estimates were not available at the time of publication.",4,"Children estimates were not available at the time of publication.",7,"Children estimates were not available at the time of publication.",12,"Children estimates were not available at the time of publication.",7,"Children estimates were not available at the time of publication."
Congo,622,,1415,,1134,,1465,,1186,,1129,,672,,698,,480,,504,,865,,1568,,1526,,2185,,2986,
Costa Rica,35,,34,,44,,38,,47,,82,,84,,96,,99,,118,,73,,86,,36,,72,,36,
Croatia,6,"Children estimates were not available at the time of publication.",4,"Children estimates were not available at the time of publication.",6,"Children estimates were not available at the time of publication.",7,"Children estimates were not available at the time of publication.",7,"Children estimates were not available at the time of publication.",6,"Children estimates were not available at the time of publication.",6,"Children estimates were not available at the time of publication.",5,"Children estimates were not available at the time of publication.",5,"Children estimates were not available at the time of publication.",5,"Children estimates were not available at the time of publication.",5,"Children estimates were not available at the time of publication.",6,"Children estimates were not available at the time of publication.",5,"Children estimates were not available at the time of publication.",5,"Children estimates were not available at the time of publication.",3,"Children estimates were not available at the time of publication."
Cuba,67,,120,,115,,108,,97,,157,,143,,151,,184,,187,,196,,179,,186,,215,,160,
Cyprus,...,"Estimates were not available at the time of publication.",...,"Estimates were not available at the time of publication.",...,"Estimates were not available at the time of publication.",...,"Estimates were not available at the time of publication.",...,"Estimates were not available at the time of publication.",...,"Estimates were not available at the time of publication.",...,"Estimates were not available at the time of publication.",...,"Estimates were not available at the time of publication.",...,"Estimates were not available at the time of publication.",...,"Estimates were not available at the time of publication.",...,"Estimates were not available at the time of publication.",...,"Estimates were not available at the time of publication.",...,"Estimates were not available at the time of publication.",...,"Estimates were not available at the time of publication.",...,"Estimates were not available at the time of publication."
Czechia,...,"Estimates were not available at the time of publication.",...,"Estimates were not available at the time of publication.",...,"Estimates were not available at the time of publication.",...,"Estimates were not available at the time of publication.",...,"Estimates were not available at the time of publication.",...,"Estimates were not available at the time of publication.",...,"Estimates were not available at the time of publication.",...,"Estimates were not available at the time of publication.",...,"Estimates were not available at the time of publication.",...,"Estimates were not available at the time of publication.",...,"Estimates were not available at the time of publication.",...,"Estimates were not available at the time of publication.",...,"Estimates were not available at the time of publication.",...,"Estimates were not available at the time of publication.",...,"Estimates were not available at the time of publication."
Côte d'Ivoire,11 561,,10 626,,13 294,,16 032,,17 763,,17 711,,16 894,,17 291,,16 499,,14 876,,13 499,,12 928,,11 989,,10 643,,10 001,
Democratic People's Republic of Korea,...,"Estimates were not available at the time of publication.",...,"Estimates were not available at the time of publication.",...,"Estimates were not available at the time of publication.",...,"Estimates were not available at the time of publication.",...,"Estimates were not available at the time of publication.",...,"Estimates were not available at the time of publication.",...,"Estimates were not available at the time of publication.",...,"Estimates were not available at the time of publication.",...,"Estimates were not available at the time of publication.",...,"Estimates were not available at the time of publication.",...,"Estimates were not available at the time of publication.",...,"Estimates were not available at the time of publication.",...,"Estimates were not available at the time of publication.",...,"Estimates were not available at the time of publication.",...,"Estimates were not available at the time of publication."
Democratic Republic of the Congo,3643,,3568,,3738,,7802,,12 294,,14 466,,15 413,,13 939,,11 376,,14 546,,12 546,,11 331,,10 301,,9894,,9190,
Denmark,30,"Children estimates were not available at the time of publication.",27,"Children estimates were not available at the time of publication.",25,"Children estimates were not available at the time of publication.",23,"Children estimates were not available at the time of publication.",22,"Children estimates were not available at the time of publication.",22,"Children estimates were not available at the time of publication.",21,"Children estimates were not available at the time of publication.",20,"Children estimates were not available at the time of publication.",19,"Children estimates were not available at the time of publication.",17,"Children estimates were not available at the time of publication.",16,"Children estimates were not available at the time of publication.",16,"Children estimates were not available at the time of publication.",13,"Children estimates were not available at the time of publication.",13,"Children estimates were not available at the time of publication.",12,"Children estimates were not available at the time of publication."
Djibouti,38,,47,,42,,32,,62,,76,,83,,50,,50,,42,,50,,46,,21,,30,,36,
Dominica,0,"Countries with a UNAIDS-approved estimate and population less than 250000 in 2024; not included in regional or global totals",1,"Countries with a UNAIDS-approved estimate and population less than 250000 in 2024; not included in regional or global totals",0,"Countries with a UNAIDS-approved estimate and population less than 250000 in 2024; not included in regional or global totals",1,"Countries with a UNAIDS-approved estimate and population less than 250000 in 2024; not included in regional or global totals",1,"Countries with a UNAIDS-approved estimate and population less than 250000 in 2024; not included in regional or global totals",2,"Countries with a UNAIDS-approved estimate and population less than 250000 in 2024; not included in regional or global totals",5,"Countries with a UNAIDS-approved estimate and population less than 250000 in 2024; not included in regional or global totals",4,"Countries with a UNAIDS-approved estimate and population less than 250000 in 2024; not included in regional or global totals",4,"Countries with a UNAIDS-approved estimate and population less than 250000 in 2024; not included in regional or global totals",2,"Countries with a UNAIDS-approved estimate and population less than 250000 in 2024; not included in regional or global totals",3,"Countries with a UNAIDS-approved estimate and population less than 250000 in 2024; not included in regional or global totals",1,"Countries with a UNAIDS-approved estimate and population less than 250000 in 2024; not included in regional or global totals",4,"Countries with a UNAIDS-approved estimate and population less than 250000 in 2024; not included in regional or global totals",3,"Countries with a UNAIDS-approved estimate and population less than 250000 in 2024; not included in regional or global totals",3,"Countries with a UNAIDS-approved estimate and population less than 250000 in 2024; not included in regional or global totals"
Dominican Republic,942,,1276,,1360,,1000,,1098,,894,,913,,811,,765,,650,,523,,877,,1169,,1546,,1547,
Ecuador,265,,289,,312,,318,,334,,347,,358,,362,,368,,577,,450,,542,,633,,568,,576,
Egypt,11,,7,,9,,38,,32,,32,,52,,54,,59,,69,,80,,141,,152,,115,,172,
El Salvador,102,,115,,162,,183,,171,,158,,137,,133,,108,,119,,99,,121,,119,,115,,86,
Equatorial Guinea,...,"Estimates were not available at the time of publication.",...,"Estimates were not available at the time of publication.",...,"Estimates were not available at the time of publication.",...,"Estimates were not available at the time of publication.",...,"Estimates were not available at the time of publication.",...,"Estimates were not available at the time of publication.",...,"Estimates were not available at the time of publication.",...,"Estimates were not available at the time of publication.",...,"Estimates were not available at the time of publication.",...,"Estimates were not available at the time of publication.",...,"Estimates were not available at the time of publication.",...,"Estimates were not available at the time of publication.",...,"Estimates were not available at the time of publication.",...,"Estimates were not available at the time of publication.",...,"Estimates were not available at the time of publication."
Eritrea,...,,...,,...,,...,,...,,...,,...,,...,,...,,...,,...,,...,,...,,...,,117,
Estonia,...,"Children estimates were not available at the time of publication.",...,"Children estimates were not available at the time of publication.",...,"Children estimates were not available at the time of publication.",...,"Children estimates were not available at the time of publication.",...,"Children estimates were not available at the time of publication.",...,"Children estimates were not available at the time of publication.",...,"Children estimates were not available at the time of publication.",...,"Children estimates were not available at the time of publication.",...,"Children estimates were not available at the time of publication.",...,"Children estimates were not available at the time of publication.",...,"Children estimates were not available at the time of publication.",...,"Children estimates were not available at the time of publication.",...,"Children estimates were not available at the time of publication.",...,"Children estimates were not available at the time of publication.",...,"Children estimates were not available at the time of publication."
Eswatini,9273,,10 590,,10 280,,10 332,,9491,,9598,,9964,,9260,,11 269,,10 598,,8901,,9443,,7488,,6924,,7182,
Ethiopia,7844,,10 302,,15 773,,17 988,,17 811,,18 973,,16 619,,15 046,,16 907,,16 192,,17 050,,13 842,,13 483,,13 350,,12 728,
Fiji,9,,17,,20,,11,,17,,14,,25,,39,,39,,22,,33,,31,,30,,28,,124,
Finland,...,"Estimates were not available at the time of publication.",...,"Estimates were not available at the time of publication.",...,"Estimates were not available at the time of publication.",...,"Estimates were not available at the time of publication.",...,"Estimates were not available at the time of publication.",...,"Estimates were not available at the time of publication.",...,"Estimates were not available at the time of publication.",...,"Estimates were not available at the time of publication.",...,"Estimates were not available at the time of publication.",...,"Estimates were not available at the time of publication.",...,"Estimates were not available at the time of publication.",...,"Estimates were not available at the time of publication.",...,"Estimates were not available at the time of publication.",...,"Estimates were not available at the time of publication.",...,"Estimates were not available at the time of publication."
France,...,,...,,...,,...,,...,,...,,...,,...,,...,,...,,...,,...,,...,,...,,...,
Gabon,719,,930,,1138,,1449,,1403,,1665,,2028,,1829,,1904,,1941,,2251,,1694,,1757,,1509,,1668,
Gambia,824,,917,,700,,729,,723,,874,,751,,732,,695,,724,,577,,739,,694,,651,,638,
Georgia,33,"Children estimates were not available at the time of publication.",27,"Children estimates were not available at the time of publication.",24,"Children estimates were not available at the time of publication.",42,"Children estimates were not available at the time of publication.",57,"Children estimates were not available at the time of publication.",57,"Children estimates were not available at the time of publication.",45,"Children estimates were not available at the time of publication.",52,"Children estimates were not available at the time of publication.",31,"Children estimates were not available at the time of publication.",40,"Children estimates were not available at the time of publication.",40,"Children estimates were not available at the time of publication.",52,"Children estimates were not available at the time of publication.",36,"Children estimates were not available at the time of publication.",33,"Children estimates were not available at the time of publication.",44,"Children estimates were not available at the time of publication."
Germany,...,,...,,...,,...,,...,,...,,...,,...,,...,,...,,...,,...,,...,,...,,...,
Ghana,5845,,8057,,8957,,7266,,8299,,7813,,9680,,10 568,,11 360,,10 909,,11 302,,11 896,,12 002,,12 108,,13 105,
Greece,...,"Children estimates were not available at the time of publication.",...,"Children estimates were not available at the time of publication.",...,"Children estimates were not available at the time of publication.",...,"Children estimates were not available at the time of publication.",...,"Children estimates were not available at the time of publication.",...,"Children estimates were not available at the time of publication.",...,"Children estimates were not available at the time of publication.",...,"Children estimates were not available at the time of publication.",...,"Children estimates were not available at the time of publication.",...,"Children estimates were not available at the time of publication.",...,"Children estimates were not available at the time of publication.",...,"Children estimates were not available at the time of publication.",...,"Children estimates were not available at the time of publication.",...,"Children estimates were not available at the time of publication.",...,"Children estimates were not available at the time of publication."
Guatemala,284,,361,,256,,390,,333,,197,,237,,236,,273,,258,,247,,264,,298,,300,,...,
Guinea,1074,,1921,,1961,,3921,,0,,0,,0,,0,,0,,3041,,3366,,3536,,3211,,3802,,4443,
Guinea-Bissau,344,,490,,738,,1184,,1906,,1571,,1468,,1389,,1001,,1180,,1160,,820,,807,,767,,953,
Guyana,164,,186,,186,,235,,188,,193,,162,,137,,165,,180,,137,,197,,246,,199,,222,
Haiti,2419,,3856,,4893,,5226,,4504,,4383,,4075,,4459,,4909,,5243,,4448,,4223,,3834,,3664,,3238,
Honduras,265,,244,,244,,218,,205,,175,,174,,180,,202,,156,,134,,140,,135,,158,,124,
Hungary,...,"Estimates were not available at the time of publication.",...,"Estimates were not available at the time of publication.",...,"Estimates were not available at the time of publication.",...,"Estimates were not available at the time of publication.",...,"Estimates were not available at the time of publication.",...,"Estimates were not available at the time of publication.",...,"Estimates were not available at the time of publication.",...,"Estimates were not available at the time of publication.",...,"Estimates were not available at the time of publication.",...,"Estimates were not available at the time of publication.",...,"Estimates were not available at the time of publication.",...,"Estimates were not available at the time of publication.",...,"Estimates were not available at the time of publication.",...,"Estimates were not available at the time of publication.",...,"Estimates were not available at the time of publication."
Iceland,5,"Children estimates were not available at the time of publication.",5,"Children estimates were not available at the time of publication.",6,"Children estimates were not available at the time of publication.",6,"Children estimates were not available at the time of publication.",6,"Children estimates were not available at the time of publication.",6,"Children estimates were not available at the time of publication.",6,"Children estimates were not available at the time of publication.",6,"Children estimates were not available at the time of publication.",2,"Children estimates were not available at the time of publication.",4,"Children estimates were not available at the time of publication.",1,"Children estimates were not available at the time of publication.",2,"Children estimates were not available at the time of publication.",1,"Children estimates were not available at the time of publication.",4,"Children estimates were not available at the time of publication.",3,"Children estimates were not available at the time of publication."
Indonesia,409,,221,,348,,512,,747,,986,,1239,,1536,,1818,,1954,,1816,,1520,,1711,,1703,,1926,
Iran (Islamic Republic of),...,,...,,...,,...,,...,,...,,...,,...,,...,,...,,...,,...,,...,,...,,...,
Iraq,0,"Children estimates were not available at the time of publication.",0,"Children estimates were not available at the time of publication.",0,"Children estimates were not available at the time of publication.",0,"Children estimates were not available at the time of publication.",1,"Children estimates were not available at the time of publication.",0,"Children estimates were not available at the time of publication.",0,"Children estimates were not available at the time of publication.",0,"Children estimates were not available at the time of publication.",2,"Children estimates were not available at the time of publication.",0,"Children estimates were not available at the time of publication.",1,"Children estimates were not available at the time of publication.",0,"Children estimates were not available at the time of publication.",9,"Children estimates were not available at the time of publication.",11,"Children estimates were not available at the time of publication.",18,"Children estimates were not available at the time of publication."
Ireland,61,,62,,62,,61,,61,,74,,71,,68,,69,,67,,64,,57,,61,,67,,64,
Israel,...,"Estimates were not available at the time of publication.",...,"Estimates were not available at the time of publication.",...,"Estimates were not available at the time of publication.",...,"Estimates were not available at the time of publication.",...,"Estimates were not available at the time of publication.",...,"Estimates were not available at the time of publication.",...,"Estimates were not available at the time of publication.",...,"Estimates were not available at the time of publication.",...,"Estimates were not available at the time of publication.",...,"Estimates were not available at the time of publication.",...,"Estimates were not available at the time of publication.",...,"Estimates were not available at the time of publication.",...,"Estimates were not available at the time of publication.",...,"Estimates were not available at the time of publication.",...,"Estimates were not available at the time of publication."
Italy,...,,...,,...,,...,,...,,...,,...,,...,,...,,...,,...,,...,,...,,...,,...,
Jamaica,...,,...,,...,,...,,...,,...,,...,,...,,...,,...,,...,,...,,...,,...,,...,
Japan,...,"Estimates were not available at the time of publication.",...,"Estimates were not available at the time of publication.",...,"Estimates were not available at the time of publication.",...,"Estimates were not available at the time of publication.",...,"Estimates were not available at the time of publication.",...,"Estimates were not available at the time of publication.",...,"Estimates were not available at the time of publication.",...,"Estimates were not available at the time of publication.",...,"Estimates were not available at the time of publication.",...,"Estimates were not available at the time of publication.",...,"Estimates were not available at the time of publication.",...,"Estimates were not available at the time of publication.",...,"Estimates were not available at the time of publication.",...,"Estimates were not available at the time of publication.",...,"Estimates were not available at the time of publication."
Jordan,0,"Children estimates were not available at the time of publication.",2,"Children estimates were not available at the time of publication.",0,"Children estimates were not available at the time of publication.",2,"Children estimates were not available at the time of publication.",1,"Children estimates were not available at the time of publication.",0,"Children estimates were not available at the time of publication.",5,"Children estimates were not available at the time of publication.",4,"Children estimates were not available at the time of publication.",3,"Children estimates were not available at the time of publication.",3,"Children estimates were not available at the time of publication.",2,"Children estimates were not available at the time of publication.",0,"Children estimates were not available at the time of publication.",1,"Children estimates were not available at the time of publication.",5,"Children estimates were not available at the time of publication.",3,"Children estimates were not available at the time of publication."
Kazakhstan,...,,...,,...,,...,,...,,...,,...,,...,,...,,...,,...,,...,,...,,...,,...,
Kenya,61 563,,58 127,,51 028,,50 101,,52 049,,59 214,,59 443,,53 236,,57 522,,55 646,,52 699,,48 430,,46 361,,47 235,,42 302,
Kiribati,...,,...,,...,,...,,...,,...,,...,,...,,...,,...,,...,,...,,...,,...,,...,
Kuwait,8,"Children estimates were not available at the time of publication.",4,"Children estimates were not available at the time of publication.",6,"Children estimates were not available at the time of publication.",1,"Children estimates were not available at the time of publication.",6,"Children estimates were not available at the time of publication.",4,"Children estimates were not available at the time of publication.",2,"Children estimates were not available at the time of publication.",2,"Children estimates were not available at the time of publication.",5,"Children estimates were not available at the time of publication.",8,"Children estimates were not available at the time of publication.",7,"Children estimates were not available at the time of publication.",9,"Children estimates were not available at the time of publication.",11,"Children estimates were not available at the time of publication.",5,"Children estimates were not available at the time of publication.",6,"Children estimates were not available at the time of publication."
Kyrgyzstan,52,,44,,86,,99,,114,,87,,112,,120,,133,,130,,168,,162,,179,,180,,168,
Lao People's Democratic Republic,27,,49,,49,,55,,31,,35,,79,,79,,92,,67,,78,,100,,116,,133,,183,
Latvia,...,"Children estimates were not available at the time of publication.",...,"Children estimates were not available at the time of publication.",...,"Children estimates were not available at the time of publication.",...,"Children estimates were not available at the time of publication.",...,"Children estimates were not available at the time of publication.",...,"Children estimates were not available at the time of publication.",...,"Children estimates were not available at the time of publication.",...,"Children estimates were not available at the time of publication.",...,"Children estimates were not available at the time of publication.",...,"Children estimates were not available at the time of publication.",...,"Children estimates were not available at the time of publication.",...,"Children estimates were not available at the time of publication.",...,"Children estimates were not available at the time of publication.",...,"Children estimates were not available at the time of publication.",...,"Children estimates were not available at the time of publication."
Lebanon,1,"Children estimates were not available at the time of publication.",1,"Children estimates were not available at the time of publication.",3,"Children estimates were not available at the time of publication.",5,"Children estimates were not available at the time of publication.",2,"Children estimates were not available at the time of publication.",3,"Children estimates were not available at the time of publication.",2,"Children estimates were not available at the time of publication.",3,"Children estimates were not available at the time of publication.",2,"Children estimates were not available at the time of publication.",2,"Children estimates were not available at the time of publication.",5,"Children estimates were not available at the time of publication.",6,"Children estimates were not available at the time of publication.",6,"Children estimates were not available at the time of publication.",5,"Children estimates were not available at the time of publication.",1,"Children estimates were not available at the time of publication."
Lesotho,8047,,10 874,,10 719,,10 209,,10 783,,10 744,,9921,,8076,,8604,,8555,,8161,,7488,,6393,,5740,,5673,
Liberia,587,,809,,850,,641,,647,,1180,,1382,,1553,,1827,,1838,,1351,,1856,,1657,,1834,,1998,
Libya,4,,10,,14,,20,,27,,34,,53,,53,,64,,64,,63,,62,,62,,60,,60,
Lithuania,...,"Children estimates were not available at the time of publication.",...,"Children estimates were not available at the time of publication.",...,"Children estimates were not available at the time of publication.",...,"Children estimates were not available at the time of publication.",...,"Children estimates were not available at the time of publication.",...,"Children estimates were not available at the time of publication.",...,"Children estimates were not available at the time of publication.",...,"Children estimates were not available at the time of publication.",...,"Children estimates were not available at the time of publication.",...,"Children estimates were not available at the time of publication.",...,"Children estimates were not available at the time of publication.",...,"Children estimates were not available at the time of publication.",...,"Children estimates were not available at the time of publication.",...,"Children estimates were not available at the time of publication.",...,"Children estimates were not available at the time of publication."
Luxembourg,3,"Children estimates were not available at the time of publication.",5,"Children estimates were not available at the time of publication.",6,"Children estimates were not available at the time of publication.",6,"Children estimates were not available at the time of publication.",6,"Children estimates were not available at the time of publication.",7,"Children estimates were not available at the time of publication.",7,"Children estimates were not available at the time of publication.",7,"Children estimates were not available at the time of publication.",8,"Children estimates were not available at the time of publication.",8,"Children estimates were not available at the time of publication.",9,"Children estimates were not available at the time of publication.",9,"Children estimates were not available at the time of publication.",10,"Children estimates were not available at the time of publication.",10,"Children estimates were not available at the time of publication.",10,"Children estimates were not available at the time of publication."
Madagascar,17,,106,,77,,62,,58,,54,,30,,107,,279,,339,,259,,380,,399,,635,,853,
Malawi,25 927,,33 387,,30 866,,33 969,,35 214,,38 836,,40 365,,42 370,,44 526,,40 584,,40 275,,36 787,,32 950,,32 469,,31 027,
Malaysia,267,,288,,287,,274,,298,,319,,311,,260,,257,,251,,253,,240,,228,,217,,198,
Maldives,0,"Children estimates were not available at the time of publication.",0,"Children estimates were not available at the time of publication.",0,"Children estimates were not available at the time of publication.",0,"Children estimates were not available at the time of publication.",0,"Children estimates were not available at the time of publication.",0,"Children estimates were not available at the time of publication.",0,"Children estimates were not available at the time of publication.",0,"Children estimates were not available at the time of publication.",0,"Children estimates were not available at the time of publication.",0,"Children estimates were not available at the time of publication.",0,"Children estimates were not available at the time of publication.",0,"Children estimates were not available at the time of publication.",0,"Children estimates were not available at the time of publication.",0,"Children estimates were not available at the time of publication.",0,"Children estimates were not available at the time of publication."
Mali,2488,,3461,,3750,,2188,,2362,,2665,,2379,,2317,,2382,,1885,,1905,,2245,,1954,,1925,,2003,
Malta,2,"Children estimates were not available at the time of publication.",2,"Children estimates were not available at the time of publication.",3,"Children estimates were not available at the time of publication.",3,"Children estimates were not available at the time of publication.",2,"Children estimates were not available at the time of publication.",3,"Children estimates were not available at the time of publication.",3,"Children estimates were not available at the time of publication.",2,"Children estimates were not available at the time of publication.",3,"Children estimates were not available at the time of publication.",3,"Children estimates were not available at the time of publication.",3,"Children estimates were not available at the time of publication.",4,"Children estimates were not available at the time of publication.",4,"Children estimates were not available at the time of publication.",3,"Children estimates were not available at the time of publication.",3,"Children estimates were not available at the time of publication."
Marshall Islands,...,,...,,...,,...,,...,,...,,...,,...,,...,,...,,...,,...,,...,,...,,...,
Mauritania,33,,33,,15,,30,,182,,161,,49,,33,,51,,88,,50,,18,,55,,75,,71,
Mauritius,...,"Estimates were not available at the time of publication.",...,"Estimates were not available at the time of publication.",...,"Estimates were not available at the time of publication.",...,"Estimates were not available at the time of publication.",...,"Estimates were not available at the time of publication.",...,"Estimates were not available at the time of publication.",...,"Estimates were not available at the time of publication.",...,"Estimates were not available at the time of publication.",...,"Estimates were not available at the time of publication.",...,"Estimates were not available at the time of publication.",...,"Estimates were not available at the time of publication.",...,"Estimates were not available at the time of publication.",...,"Estimates were not available at the time of publication.",...,"Estimates were not available at the time of publication.",...,"Estimates were not available at the time of publication."
Mexico,...,,...,,...,,...,,...,,...,,...,,...,,...,,...,,...,,...,,...,,...,,...,
Micronesia (Federated States of),,,,,,,7,,,,1,,,,,,,,,,,,,,,,,,,
Mongolia,1,"Children estimates were not available at the time of publication.",1,"Children estimates were not available at the time of publication.",2,"Children estimates were not available at the time of publication.",2,"Children estimates were not available at the time of publication.",2,"Children estimates were not available at the time of publication.",2,"Children estimates were not available at the time of publication.",4,"Children estimates were not available at the time of publication.",6,"Children estimates were not available at the time of publication.",3,"Children estimates were not available at the time of publication.",4,"Children estimates were not available at the time of publication.",2,"Children estimates were not available at the time of publication.",4,"Children estimates were not available at the time of publication.",2,"Children estimates were not available at the time of publication.",2,"Children estimates were not available at the time of publication.",3,"Children estimates were not available at the time of publication."
Montenegro,0,"Children estimates were not available at the time of publication.",0,"Children estimates were not available at the time of publication.",0,"Children estimates were not available at the time of publication.",1,"Children estimates were not available at the time of publication.",0,"Children estimates were not available at the time of publication.",0,"Children estimates were not available at the time of publication.",0,"Children estimates were not available at the time of publication.",1,"Children estimates were not available at the time of publication.",1,"Children estimates were not available at the time of publication.",1,"Children estimates were not available at the time of publication.",1,"Children estimates were not available at the time of publication.",1,"Children estimates were not available at the time of publication.",1,"Children estimates were not available at the time of publication.",1,"Children estimates were not available at the time of publication.",1,"Children estimates were not available at the time of publication."
Morocco,124,,124,,195,,182,,206,,171,,215,,209,,216,,254,,228,,218,,247,,248,,302,
Mozambique,40 002,,68 479,,81 978,,89 199,,96 093,,100 428,,95 800,,107 872,,109 707,,112 462,,106 907,,112 716,,115 899,,112 000,,109 637,
Myanmar,2400,,2783,,2720,,2912,,3440,,3675,,4082,,4125,,4303,,4232,,3905,,1016,,1929,,2404,,2221,
Namibia,8799,,8872,,7755,,9412,,10 834,,11 475,,11 838,,12 627,,12 531,,12 522,,14 951,,13 433,,11 662,,9766,,10 471,
Nepal,96,,134,,126,,142,,162,,145,,181,,191,,146,,123,,121,,175,,182,,165,,151,
Netherlands,73,,79,,84,,91,,95,,93,,94,,91,,89,,87,,85,,90,,82,,76,,...,
New Zealand,...,"Children estimates were not available at the time of publication.",...,"Children estimates were not available at the time of publication.",...,"Children estimates were not available at the time of publication.",...,"Children estimates were not available at the time of publication.",...,"Children estimates were not available at the time of publication.",...,"Children estimates were not available at the time of publication.",...,"Children estimates were not available at the time of publication.",...,"Children estimates were not available at the time of publication.",...,"Children estimates were not available at the time of publication.",...,"Children estimates were not available at the time of publication.",...,"Children estimates were not available at the time of publication.",...,"Children estimates were not available at the time of publication.",...,"Children estimates were not available at the time of publication.",...,"Children estimates were not available at the time of publication.",...,"Children estimates were not available at the time of publication."
Nicaragua,...,"Estimates were not available at the time of publication.",...,"Estimates were not available at the time of publication.",...,"Estimates were not available at the time of publication.",...,"Estimates were not available at the time of publication.",...,"Estimates were not available at the time of publication.",...,"Estimates were not available at the time of publication.",...,"Estimates were not available at the time of publication.",...,"Estimates were not available at the time of publication.",...,"Estimates were not available at the time of publication.",...,"Estimates were not available at the time of publication.",...,"Estimates were not available at the time of publication.",...,"Estimates were not available at the time of publication.",...,"Estimates were not available at the time of publication.",...,"Estimates were not available at the time of publication.",...,"Estimates were not available at the time of publication."
Niger,2119,,1571,,1334,,1301,,1529,,1052,,1696,,982,,941,,794,,647,,625,,759,,960,,1208,
Nigeria,...,,...,,...,,...,,...,,...,,...,,...,,...,,...,,...,,...,,...,,...,,...,
North Macedonia,2,"Children estimates were not available at the time of publication.",2,"Children estimates were not available at the time of publication.",2,"Children estimates were not available at the time of publication.",2,"Children estimates were not available at the time of publication.",2,"Children estimates were not available at the time of publication.",2,"Children estimates were not available at the time of publication.",2,"Children estimates were not available at the time of publication.",0,"Children estimates were not available at the time of publication.",1,"Children estimates were not available at the time of publication.",1,"Children estimates were not available at the time of publication.",0,"Children estimates were not available at the time of publication.",3,"Children estimates were not available at the time of publication.",2,"Children estimates were not available at the time of publication.",2,"Children estimates were not available at the time of publication.",1,"Children estimates were not available at the time of publication."
Norway,...,"Children estimates were not available at the time of publication.",...,"Children estimates were not available at the time of publication.",...,"Children estimates were not available at the time of publication.",...,"Children estimates were not available at the time of publication.",...,"Children estimates were not available at the time of publication.",...,"Children estimates were not available at the time of publication.",...,"Children estimates were not available at the time of publication.",...,"Children estimates were not available at the time of publication.",...,"Children estimates were not available at the time of publication.",...,"Children estimates were not available at the time of publication.",...,"Children estimates were not available at the time of publication.",...,"Children estimates were not available at the time of publication.",...,"Children estimates were not available at the time of publication.",...,"Children estimates were not available at the time of publication.",...,"Children estimates were not available at the time of publication."
Oman,27,"Children estimates were not available at the time of publication.",25,"Children estimates were not available at the time of publication.",27,"Children estimates were not available at the time of publication.",32,"Children estimates were not available at the time of publication.",25,"Children estimates were not available at the time of publication.",31,"Children estimates were not available at the time of publication.",38,"Children estimates were not available at the time of publication.",33,"Children estimates were not available at the time of publication.",33,"Children estimates were not available at the time of publication.",35,"Children estimates were not available at the time of publication.",32,"Children estimates were not available at the time of publication.",51,"Children estimates were not available at the time of publication.",41,"Children estimates were not available at the time of publication.",53,"Children estimates were not available at the time of publication.",50,"Children estimates were not available at the time of publication."
Pakistan,22,,67,,43,,126,,59,,206,,125,,183,,322,,417,,126,,495,,347,,354,,555,
Panama,154,,180,,181,,191,,175,,191,,178,,201,,186,,159,,151,,197,,198,,228,,204,
Papua New Guinea,75,,221,,334,,450,,573,,497,,583,,733,,963,,1300,,1015,,1183,,1239,,1515,,2039,
Paraguay,162,,206,,189,,177,,204,,173,,205,,214,,216,,254,,204,,219,,211,,206,,155,
Peru,574,,601,,700,,712,,716,,681,,739,,774,,907,,1042,,1076,,1047,,1136,,1057,,1092,
Philippines,12,,18,,19,,14,,23,,32,,43,,53,,67,,98,,113,,81,,45,,70,,116,
Poland,...,"Estimates were not available at the time of publication.",...,"Estimates were not available at the time of publication.",...,"Estimates were not available at the time of publication.",...,"Estimates were not available at the time of publication.",...,"Estimates were not available at the time of publication.",...,"Estimates were not available at the time of publication.",...,"Estimates were not available at the time of publication.",...,"Estimates were not available at the time of publication.",...,"Estimates were not available at the time of publication.",...,"Estimates were not available at the time of publication.",...,"Estimates were not available at the time of publication.",...,"Estimates were not available at the time of publication.",...,"Estimates were not available at the time of publication.",...,"Estimates were not available at the time of publication.",...,"Estimates were not available at the time of publication."
Portugal,212,,199,,180,,164,,160,,161,,159,,152,,148,,141,,134,,121,,124,,125,,124,
Qatar,0,"Children estimates were not available at the time of publication.",0,"Children estimates were not available at the time of publication.",0,"Children estimates were not available at the time of publication.",0,"Children estimates were not available at the time of publication.",0,"Children estimates were not available at the time of publication.",1,"Children estimates were not available at the time of publication.",0,"Children estimates were not available at the time of publication.",3,"Children estimates were not available at the time of publication.",2,"Children estimates were not available at the time of publication.",0,"Children estimates were not available at the time of publication.",3,"Children estimates were not available at the time of publication.",2,"Children estimates were not available at the time of publication.",2,"Children estimates were not available at the time of publication.",5,"Children estimates were not available at the time of publication.",6,"Children estimates were not available at the time of publication."
Republic of Korea,...,"Estimates were not available at the time of publication.",...,"Estimates were not available at the time of publication.",...,"Estimates were not available at the time of publication.",...,"Estimates were not available at the time of publication.",...,"Estimates were not available at the time of publication.",...,"Estimates were not available at the time of publication.",...,"Estimates were not available at the time of publication.",...,"Estimates were not available at the time of publication.",...,"Estimates were not available at the time of publication.",...,"Estimates were not available at the time of publication.",...,"Estimates were not available at the time of publication.",...,"Estimates were not available at the time of publication.",...,"Estimates were not available at the time of publication.",...,"Estimates were not available at the time of publication.",...,"Estimates were not available at the time of publication."
Republic of Moldova,123,,123,,141,,146,,152,,175,,196,,210,,183,,199,,156,,174,,187,,166,,143,
Romania,191,,228,,234,,226,,214,,236,,264,,244,,257,,214,,226,,245,,232,,231,,210,
Russian Federation,...,"Estimates were not available at the time of publication.",...,"Estimates were not available at the time of publication.",...,"Estimates were not available at the time of publication.",...,"Estimates were not available at the time of publication.",...,"Estimates were not available at the time of publication.",...,"Estimates were not available at the time of publication.",...,"Estimates were not available at the time of publication.",...,"Estimates were not available at the time of publication.",...,"Estimates were not available at the time of publication.",...,"Estimates were not available at the time of publication.",...,"Estimates were not available at the time of publication.",...,"Estimates were not available at the time of publication.",...,"Estimates were not available at the time of publication.",...,"Estimates were not available at the time of publication.",...,"Estimates were not available at the time of publication."
Rwanda,6931,,10 507,,8966,,9150,,9432,,9701,,9240,,8258,,7892,,7955,,7849,,7350,,6427,,5685,,5850,
Saint Kitts and Nevis,1,"Countries with a UNAIDS-approved estimate and population less than 250000 in 2024; not included in regional or global totals",1,"Countries with a UNAIDS-approved estimate and population less than 250000 in 2024; not included in regional or global totals",2,"Countries with a UNAIDS-approved estimate and population less than 250000 in 2024; not included in regional or global totals",0,"Countries with a UNAIDS-approved estimate and population less than 250000 in 2024; not included in regional or global totals",1,"Countries with a UNAIDS-approved estimate and population less than 250000 in 2024; not included in regional or global totals",0,"Countries with a UNAIDS-approved estimate and population less than 250000 in 2024; not included in regional or global totals",1,"Countries with a UNAIDS-approved estimate and population less than 250000 in 2024; not included in regional or global totals",1,"Countries with a UNAIDS-approved estimate and population less than 250000 in 2024; not included in regional or global totals",0,"Countries with a UNAIDS-approved estimate and population less than 250000 in 2024; not included in regional or global totals",1,"Countries with a UNAIDS-approved estimate and population less than 250000 in 2024; not included in regional or global totals",1,"Countries with a UNAIDS-approved estimate and population less than 250000 in 2024; not included in regional or global totals",2,"Countries with a UNAIDS-approved estimate and population less than 250000 in 2024; not included in regional or global totals",1,"Countries with a UNAIDS-approved estimate and population less than 250000 in 2024; not included in regional or global totals",2,"Countries with a UNAIDS-approved estimate and population less than 250000 in 2024; not included in regional or global totals",2,"Countries with a UNAIDS-approved estimate and population less than 250000 in 2024; not included in regional or global totals"
Saint Lucia,0,"Countries with a UNAIDS-approved estimate and population less than 250000 in 2024; not included in regional or global totals",4,"Countries with a UNAIDS-approved estimate and population less than 250000 in 2024; not included in regional or global totals",13,"Countries with a UNAIDS-approved estimate and population less than 250000 in 2024; not included in regional or global totals",5,"Countries with a UNAIDS-approved estimate and population less than 250000 in 2024; not included in regional or global totals",10,"Countries with a UNAIDS-approved estimate and population less than 250000 in 2024; not included in regional or global totals",4,"Countries with a UNAIDS-approved estimate and population less than 250000 in 2024; not included in regional or global totals",10,"Countries with a UNAIDS-approved estimate and population less than 250000 in 2024; not included in regional or global totals",4,"Countries with a UNAIDS-approved estimate and population less than 250000 in 2024; not included in regional or global totals",5,"Countries with a UNAIDS-approved estimate and population less than 250000 in 2024; not included in regional or global totals",10,"Countries with a UNAIDS-approved estimate and population less than 250000 in 2024; not included in regional or global totals",13,"Countries with a UNAIDS-approved estimate and population less than 250000 in 2024; not included in regional or global totals",9,"Countries with a UNAIDS-approved estimate and population less than 250000 in 2024; not included in regional or global totals",5,"Countries with a UNAIDS-approved estimate and population less than 250000 in 2024; not included in regional or global totals",3,"Countries with a UNAIDS-approved estimate and population less than 250000 in 2024; not included in regional or global totals",6,"Countries with a UNAIDS-approved estimate and population less than 250000 in 2024; not included in regional or global totals"
Saint Vincent and the Grenadines,11,"Countries with a UNAIDS-approved estimate and population less than 250000 in 2024; not included in regional or global totals",14,"Countries with a UNAIDS-approved estimate and population less than 250000 in 2024; not included in regional or global totals",19,"Countries with a UNAIDS-approved estimate and population less than 250000 in 2024; not included in regional or global totals",18,"Countries with a UNAIDS-approved estimate and population less than 250000 in 2024; not included in regional or global totals",15,"Countries with a UNAIDS-approved estimate and population less than 250000 in 2024; not included in regional or global totals",14,"Countries with a UNAIDS-approved estimate and population less than 250000 in 2024; not included in regional or global totals",14,"Countries with a UNAIDS-approved estimate and population less than 250000 in 2024; not included in regional or global totals",11,"Countries with a UNAIDS-approved estimate and population less than 250000 in 2024; not included in regional or global totals",13,"Countries with a UNAIDS-approved estimate and population less than 250000 in 2024; not included in regional or global totals",7,"Countries with a UNAIDS-approved estimate and population less than 250000 in 2024; not included in regional or global totals",10,"Countries with a UNAIDS-approved estimate and population less than 250000 in 2024; not included in regional or global totals",8,"Countries with a UNAIDS-approved estimate and population less than 250000 in 2024; not included in regional or global totals",11,"Countries with a UNAIDS-approved estimate and population less than 250000 in 2024; not included in regional or global totals",9,"Countries with a UNAIDS-approved estimate and population less than 250000 in 2024; not included in regional or global totals",13,"Countries with a UNAIDS-approved estimate and population less than 250000 in 2024; not included in regional or global totals"
Sao Tome and Principe,...,"Estimates were not available at the time of publication.",...,"Estimates were not available at the time of publication.",...,"Estimates were not available at the time of publication.",...,"Estimates were not available at the time of publication.",...,"Estimates were not available at the time of publication.",...,"Estimates were not available at the time of publication.",...,"Estimates were not available at the time of publication.",...,"Estimates were not available at the time of publication.",...,"Estimates were not available at the time of publication.",...,"Estimates were not available at the time of publication.",...,"Estimates were not available at the time of publication.",...,"Estimates were not available at the time of publication.",...,"Estimates were not available at the time of publication.",...,"Estimates were not available at the time of publication.",...,"Estimates were not available at the time of publication."
Saudi Arabia,...,"Children estimates were not available at the time of publication.",...,"Children estimates were not available at the time of publication.",...,"Children estimates were not available at the time of publication.",...,"Children estimates were not available at the time of publication.",...,"Children estimates were not available at the time of publication.",...,"Children estimates were not available at the time of publication.",...,"Children estimates were not available at the time of publication.",...,"Children estimates were not available at the time of publication.",...,"Children estimates were not available at the time of publication.",...,"Children estimates were not available at the time of publication.",...,"Children estimates were not available at the time of publication.",...,"Children estimates were not available at the time of publication.",...,"Children estimates were not available at the time of publication.",...,"Children estimates were not available at the time of publication.",...,"Children estimates were not available at the time of publication."
Senegal,720,,850,,970,,1358,,1122,,1352,,1352,,1231,,1400,,1444,,1392,,1350,,1435,,1404,,1451,
Serbia,2,"Children estimates were not available at the time of publication.",3,"Children estimates were not available at the time of publication.",3,"Children estimates were not available at the time of publication.",4,"Children estimates were not available at the time of publication.",4,"Children estimates were not available at the time of publication.",5,"Children estimates were not available at the time of publication.",7,"Children estimates were not available at the time of publication.",7,"Children estimates were not available at the time of publication.",7,"Children estimates were not available at the time of publication.",7,"Children estimates were not available at the time of publication.",6,"Children estimates were not available at the time of publication.",6,"Children estimates were not available at the time of publication.",6,"Children estimates were not available at the time of publication.",6,"Children estimates were not available at the time of publication.",6,"Children estimates were not available at the time of publication."
Sierra Leone,1805,,2338,,3018,,2686,,2585,,3212,,3328,,3802,,4336,,4114,,3970,,5004,,4449,,5390,,5345,
Singapore,12,"Children estimates were not available at the time of publication.",13,"Children estimates were not available at the time of publication.",14,"Children estimates were not available at the time of publication.",14,"Children estimates were not available at the time of publication.",15,"Children estimates were not available at the time of publication.",14,"Children estimates were not available at the time of publication.",12,"Children estimates were not available at the time of publication.",12,"Children estimates were not available at the time of publication.",11,"Children estimates were not available at the time of publication.",11,"Children estimates were not available at the time of publication.",10,"Children estimates were not available at the time of publication.",11,"Children estimates were not available at the time of publication.",12,"Children estimates were not available at the time of publication.",11,"Children estimates were not available at the time of publication.",11,"Children estimates were not available at the time of publication."
Slovakia,0,"Children estimates were not available at the time of publication.",2,"Children estimates were not available at the time of publication.",2,"Children estimates were not available at the time of publication.",1,"Children estimates were not available at the time of publication.",1,"Children estimates were not available at the time of publication.",2,"Children estimates were not available at the time of publication.",3,"Children estimates were not available at the time of publication.",2,"Children estimates were not available at the time of publication.",1,"Children estimates were not available at the time of publication.",2,"Children estimates were not available at the time of publication.",2,"Children estimates were not available at the time of publication.",3,"Children estimates were not available at the time of publication.",3,"Children estimates were not available at the time of publication.",1,"Children estimates were not available at the time of publication.",2,"Children estimates were not available at the time of publication."
Slovenia,1,"Children estimates were not available at the time of publication.",1,"Children estimates were not available at the time of publication.",1,"Children estimates were not available at the time of publication.",1,"Children estimates were not available at the time of publication.",1,"Children estimates were not available at the time of publication.",2,"Children estimates were not available at the time of publication.",2,"Children estimates were not available at the time of publication.",2,"Children estimates were not available at the time of publication.",2,"Children estimates were not available at the time of publication.",2,"Children estimates were not available at the time of publication.",2,"Children estimates were not available at the time of publication.",2,"Children estimates were not available at the time of publication.",2,"Children estimates were not available at the time of publication.",2,"Children estimates were not available at the time of publication.",2,"Children estimates were not available at the time of publication."
Solomon Islands,...,"Estimates were not available at the time of publication.",...,"Estimates were not available at the time of publication.",...,"Estimates were not available at the time of publication.",...,"Estimates were not available at the time of publication.",...,"Estimates were not available at the time of publication.",...,"Estimates were not available at the time of publication.",...,"Estimates were not available at the time of publication.",...,"Estimates were not available at the time of publication.",...,"Estimates were not available at the time of publication.",...,"Estimates were not available at the time of publication.",...,"Estimates were not available at the time of publication.",...,"Estimates were not available at the time of publication.",...,"Estimates were not available at the time of publication.",...,"Estimates were not available at the time of publication.",...,"Estimates were not available at the time of publication."
Somalia,3,,26,,46,,24,,36,,77,,78,,82,,107,,116,,113,,96,,218,,173,,151,
South Africa,282 583,,333 020,,348 197,,346 866,,334 113,,309 053,,299 996,,294 560,,291 635,,287 705,,282 354,,274 321,,269 030,,262 960,,256 275,
South Sudan,1160,,1362,,1517,,2089,,1847,,4037,,2754,,5358,,5534,,4352,,4462,,4203,,4092,,4694,,4622,
Spain,...,,...,,...,,...,,...,,...,,...,,...,,...,,...,,...,,...,,...,,...,,...,
Sri Lanka,6,"Children estimates were not available at the time of publication.",6,"Children estimates were not available at the time of publication.",5,"Children estimates were not available at the time of publication.",6,"Children estimates were not available at the time of publication.",9,"Children estimates were not available at the time of publication.",11,"Children estimates were not available at the time of publication.",16,"Children estimates were not available at the time of publication.",16,"Children estimates were not available at the time of publication.",16,"Children estimates were not available at the time of publication.",16,"Children estimates were not available at the time of publication.",16,"Children estimates were not available at the time of publication.",16,"Children estimates were not available at the time of publication.",17,"Children estimates were not available at the time of publication.",15,"Children estimates were not available at the time of publication.",23,"Children estimates were not available at the time of publication."
Sudan,87,,76,,91,,74,,109,,114,,91,,134,,100,,68,,59,,51,,129,,69,,86,
Suriname,81,,119,,119,,120,,128,,138,,121,,105,,100,,94,,105,,100,,100,,95,,95,
Sweden,...,"Numbers are estimated by UNAIDS using the Spectrum model, based on the official national estimates. Any differences are within uncertainty margins of both sets of estimates, reflecting methodologies and assumptions. (https://pubmed.ncbi.nlm.nih.gov/39421951/).",...,"Numbers are estimated by UNAIDS using the Spectrum model, based on the official national estimates. Any differences are within uncertainty margins of both sets of estimates, reflecting methodologies and assumptions. (https://pubmed.ncbi.nlm.nih.gov/39421951/).",...,"Numbers are estimated by UNAIDS using the Spectrum model, based on the official national estimates. Any differences are within uncertainty margins of both sets of estimates, reflecting methodologies and assumptions. (https://pubmed.ncbi.nlm.nih.gov/39421951/).",...,"Numbers are estimated by UNAIDS using the Spectrum model, based on the official national estimates. Any differences are within uncertainty margins of both sets of estimates, reflecting methodologies and assumptions. (https://pubmed.ncbi.nlm.nih.gov/39421951/).",...,"Numbers are estimated by UNAIDS using the Spectrum model, based on the official national estimates. Any differences are within uncertainty margins of both sets of estimates, reflecting methodologies and assumptions. (https://pubmed.ncbi.nlm.nih.gov/39421951/).",...,"Numbers are estimated by UNAIDS using the Spectrum model, based on the official national estimates. Any differences are within uncertainty margins of both sets of estimates, reflecting methodologies and assumptions. (https://pubmed.ncbi.nlm.nih.gov/39421951/).",...,"Numbers are estimated by UNAIDS using the Spectrum model, based on the official national estimates. Any differences are within uncertainty margins of both sets of estimates, reflecting methodologies and assumptions. (https://pubmed.ncbi.nlm.nih.gov/39421951/).",...,"Numbers are estimated by UNAIDS using the Spectrum model, based on the official national estimates. Any differences are within uncertainty margins of both sets of estimates, reflecting methodologies and assumptions. (https://pubmed.ncbi.nlm.nih.gov/39421951/).",...,"Numbers are estimated by UNAIDS using the Spectrum model, based on the official national estimates. Any differences are within uncertainty margins of both sets of estimates, reflecting methodologies and assumptions. (https://pubmed.ncbi.nlm.nih.gov/39421951/).",...,"Numbers are estimated by UNAIDS using the Spectrum model, based on the official national estimates. Any differences are within uncertainty margins of both sets of estimates, reflecting methodologies and assumptions. (https://pubmed.ncbi.nlm.nih.gov/39421951/).",...,"Numbers are estimated by UNAIDS using the Spectrum model, based on the official national estimates. Any differences are within uncertainty margins of both sets of estimates, reflecting methodologies and assumptions. (https://pubmed.ncbi.nlm.nih.gov/39421951/).",...,"Numbers are estimated by UNAIDS using the Spectrum model, based on the official national estimates. Any differences are within uncertainty margins of both sets of estimates, reflecting methodologies and assumptions. (https://pubmed.ncbi.nlm.nih.gov/39421951/).",...,"Numbers are estimated by UNAIDS using the Spectrum model, based on the official national estimates. Any differences are within uncertainty margins of both sets of estimates, reflecting methodologies and assumptions. (https://pubmed.ncbi.nlm.nih.gov/39421951/).",...,"Numbers are estimated by UNAIDS using the Spectrum model, based on the official national estimates. Any differences are within uncertainty margins of both sets of estimates, reflecting methodologies and assumptions. (https://pubmed.ncbi.nlm.nih.gov/39421951/).",...,"Numbers are estimated by UNAIDS using the Spectrum model, based on the official national estimates. Any differences are within uncertainty margins of both sets of estimates, reflecting methodologies and assumptions. (https://pubmed.ncbi.nlm.nih.gov/39421951/)."
Switzerland,...,"Children estimates were not available at the time of publication.",...,"Children estimates were not available at the time of publication.",...,"Children estimates were not available at the time of publication.",...,"Children estimates were not available at the time of publication.",...,"Children estimates were not available at the time of publication.",...,"Children estimates were not available at the time of publication.",...,"Children estimates were not available at the time of publication.",...,"Children estimates were not available at the time of publication.",...,"Children estimates were not available at the time of publication.",...,"Children estimates were not available at the time of publication.",...,"Children estimates were not available at the time of publication.",...,"Children estimates were not available at the time of publication.",...,"Children estimates were not available at the time of publication.",...,"Children estimates were not available at the time of publication.",...,"Children estimates were not available at the time of publication."
Syrian Arab Republic,0,"Children estimates were not available at the time of publication.",0,"Children estimates were not available at the time of publication.",0,"Children estimates were not available at the time of publication.",0,"Children estimates were not available at the time of publication.",2,"Children estimates were not available at the time of publication.",2,"Children estimates were not available at the time of publication.",2,"Children estimates were not available at the time of publication.",0,"Children estimates were not available at the time of publication.",0,"Children estimates were not available at the time of publication.",4,"Children estimates were not available at the time of publication.",0,"Children estimates were not available at the time of publication.",1,"Children estimates were not available at the time of publication.",0,"Children estimates were not available at the time of publication.",1,"Children estimates were not available at the time of publication.",2,"Children estimates were not available at the time of publication."
Tajikistan,47,,62,,83,,106,,157,,167,,181,,162,,220,,189,,212,,216,,263,,261,,245,
Thailand,9379,,8801,,8048,,7258,,6595,,6032,,5449,,4949,,4505,,4049,,3697,,3379,,3080,,2845,,2674,
Timor-Leste,0,"Children estimates were not available at the time of publication.",0,"Children estimates were not available at the time of publication.",0,"Children estimates were not available at the time of publication.",0,"Children estimates were not available at the time of publication.",9,"Children estimates were not available at the time of publication.",8,"Children estimates were not available at the time of publication.",11,"Children estimates were not available at the time of publication.",16,"Children estimates were not available at the time of publication.",12,"Children estimates were not available at the time of publication.",19,"Children estimates were not available at the time of publication.",11,"Children estimates were not available at the time of publication.",22,"Children estimates were not available at the time of publication.",23,"Children estimates were not available at the time of publication.",26,"Children estimates were not available at the time of publication.",25,"Children estimates were not available at the time of publication."
Togo,2057,,4172,,4410,,4477,,4495,,4641,,4661,,3898,,4331,,4283,,3622,,3568,,3602,,3550,,3396,
Tonga,...,,...,,...,,...,,...,,...,,...,,...,,...,,...,,...,,...,,...,,...,,...,
Trinidad and Tobago,...,"Estimates were not available at the time of publication.",...,"Estimates were not available at the time of publication.",...,"Estimates were not available at the time of publication.",...,"Estimates were not available at the time of publication.",...,"Estimates were not available at the time of publication.",...,"Estimates were not available at the time of publication.",...,"Estimates were not available at the time of publication.",...,"Estimates were not available at the time of publication.",...,"Estimates were not available at the time of publication.",...,"Estimates were not available at the time of publication.",...,"Estimates were not available at the time of publication.",...,"Estimates were not available at the time of publication.",...,"Estimates were not available at the time of publication.",...,"Estimates were not available at the time of publication.",...,"Estimates were not available at the time of publication."
Tunisia,7,,9,,9,,12,,27,,18,,13,,12,,13,,19,,30,,33,,43,,23,,30,
Turkmenistan,...,"Estimates were not available at the time of publication.",...,"Estimates were not available at the time of publication.",...,"Estimates were not available at the time of publication.",...,"Estimates were not available at the time of publication.",...,"Estimates were not available at the time of publication.",...,"Estimates were not available at the time of publication.",...,"Estimates were not available at the time of publication.",...,"Estimates were not available at the time of publication.",...,"Estimates were not available at the time of publication.",...,"Estimates were not available at the time of publication.",...,"Estimates were not available at the time of publication.",...,"Estimates were not available at the time of publication.",...,"Estimates were not available at the time of publication.",...,"Estimates were not available at the time of publication.",...,"Estimates were not available at the time of publication."
Tuvalu,...,"Estimates were not available at the time of publication.",...,"Estimates were not available at the time of publication.",...,"Estimates were not available at the time of publication.",...,"Estimates were not available at the time of publication.",...,"Estimates were not available at the time of publication.",...,"Estimates were not available at the time of publication.",...,"Estimates were not available at the time of publication.",...,"Estimates were not available at the time of publication.",...,"Estimates were not available at the time of publication.",...,"Estimates were not available at the time of publication.",...,"Estimates were not available at the time of publication.",...,"Estimates were not available at the time of publication.",...,"Estimates were not available at the time of publication.",...,"Estimates were not available at the time of publication.",...,"Estimates were not available at the time of publication."
Türkiye,...,"Estimates were not available at the time of publication.",...,"Estimates were not available at the time of publication.",...,"Estimates were not available at the time of publication.",...,"Estimates were not available at the time of publication.",...,"Estimates were not available at the time of publication.",...,"Estimates were not available at the time of publication.",...,"Estimates were not available at the time of publication.",...,"Estimates were not available at the time of publication.",...,"Estimates were not available at the time of publication.",...,"Estimates were not available at the time of publication.",...,"Estimates were not available at the time of publication.",...,"Estimates were not available at the time of publication.",...,"Estimates were not available at the time of publication.",...,"Estimates were not available at the time of publication.",...,"Estimates were not available at the time of publication."
Uganda,57 180,,65 365,,84 299,,88 265,,112 909,,101 264,,96 045,,92 298,,94 102,,94 460,,90 909,,87 713,,77 299,,78 482,,81 445,
Ukraine,...,"Estimates were not available at the time of publication.",...,"Estimates were not available at the time of publication.",...,"Estimates were not available at the time of publication.",...,"Estimates were not available at the time of publication.",...,"Estimates were not available at the time of publication.",...,"Estimates were not available at the time of publication.",...,"Estimates were not available at the time of publication.",...,"Estimates were not available at the time of publication.",...,"Estimates were not available at the time of publication.",...,"Estimates were not available at the time of publication.",...,"Estimates were not available at the time of publication.",...,"Estimates were not available at the time of publication.",...,"Estimates were not available at the time of publication.",...,"Estimates were not available at the time of publication.",...,"Estimates were not available at the time of publication."
United Arab Emirates,4,"Children estimates were not available at the time of publication.",4,"Children estimates were not available at the time of publication.",5,"Children estimates were not available at the time of publication.",5,"Children estimates were not available at the time of publication.",5,"Children estimates were not available at the time of publication.",5,"Children estimates were not available at the time of publication.",4,"Children estimates were not available at the time of publication.",4,"Children estimates were not available at the time of publication.",3,"Children estimates were not available at the time of publication.",3,"Children estimates were not available at the time of publication.",3,"Children estimates were not available at the time of publication.",3,"Children estimates were not available at the time of publication.",3,"Children estimates were not available at the time of publication.",4,"Children estimates were not available at the time of publication.",4,"Children estimates were not available at the time of publication."
United Kingdom,...,"Numbers are estimated by UNAIDS using the Spectrum model, based on the official national estimates (accessed May 2025). Any differences are within uncertainty margins of both sets of estimates, reflecting methodologies and assumptions. (https://www.gov.uk/government/statistics/hiv-annual-data-tables).",...,"Numbers are estimated by UNAIDS using the Spectrum model, based on the official national estimates (accessed May 2025). Any differences are within uncertainty margins of both sets of estimates, reflecting methodologies and assumptions. (https://www.gov.uk/government/statistics/hiv-annual-data-tables).",...,"Numbers are estimated by UNAIDS using the Spectrum model, based on the official national estimates (accessed May 2025). Any differences are within uncertainty margins of both sets of estimates, reflecting methodologies and assumptions. (https://www.gov.uk/government/statistics/hiv-annual-data-tables).",...,"Numbers are estimated by UNAIDS using the Spectrum model, based on the official national estimates (accessed May 2025). Any differences are within uncertainty margins of both sets of estimates, reflecting methodologies and assumptions. (https://www.gov.uk/government/statistics/hiv-annual-data-tables).",...,"Numbers are estimated by UNAIDS using the Spectrum model, based on the official national estimates (accessed May 2025). Any differences are within uncertainty margins of both sets of estimates, reflecting methodologies and assumptions. (https://www.gov.uk/government/statistics/hiv-annual-data-tables).",...,"Numbers are estimated by UNAIDS using the Spectrum model, based on the official national estimates (accessed May 2025). Any differences are within uncertainty margins of both sets of estimates, reflecting methodologies and assumptions. (https://www.gov.uk/government/statistics/hiv-annual-data-tables).",...,"Numbers are estimated by UNAIDS using the Spectrum model, based on the official national estimates (accessed May 2025). Any differences are within uncertainty margins of both sets of estimates, reflecting methodologies and assumptions. (https://www.gov.uk/government/statistics/hiv-annual-data-tables).",...,"Numbers are estimated by UNAIDS using the Spectrum model, based on the official national estimates (accessed May 2025). Any differences are within uncertainty margins of both sets of estimates, reflecting methodologies and assumptions. (https://www.gov.uk/government/statistics/hiv-annual-data-tables).",...,"Numbers are estimated by UNAIDS using the Spectrum model, based on the official national estimates (accessed May 2025). Any differences are within uncertainty margins of both sets of estimates, reflecting methodologies and assumptions. (https://www.gov.uk/government/statistics/hiv-annual-data-tables).",...,"Numbers are estimated by UNAIDS using the Spectrum model, based on the official national estimates (accessed May 2025). Any differences are within uncertainty margins of both sets of estimates, reflecting methodologies and assumptions. (https://www.gov.uk/government/statistics/hiv-annual-data-tables).",...,"Numbers are estimated by UNAIDS using the Spectrum model, based on the official national estimates (accessed May 2025). Any differences are within uncertainty margins of both sets of estimates, reflecting methodologies and assumptions. (https://www.gov.uk/government/statistics/hiv-annual-data-tables).",...,"Numbers are estimated by UNAIDS using the Spectrum model, based on the official national estimates (accessed May 2025). Any differences are within uncertainty margins of both sets of estimates, reflecting methodologies and assumptions. (https://www.gov.uk/government/statistics/hiv-annual-data-tables).",...,"Numbers are estimated by UNAIDS using the Spectrum model, based on the official national estimates (accessed May 2025). Any differences are within uncertainty margins of both sets of estimates, reflecting methodologies and assumptions. (https://www.gov.uk/government/statistics/hiv-annual-data-tables).",...,"Numbers are estimated by UNAIDS using the Spectrum model, based on the official national estimates (accessed May 2025). Any differences are within uncertainty margins of both sets of estimates, reflecting methodologies and assumptions. (https://www.gov.uk/government/statistics/hiv-annual-data-tables).",...,"Numbers are estimated by UNAIDS using the Spectrum model, based on the official national estimates (accessed May 2025). Any differences are within uncertainty margins of both sets of estimates, reflecting methodologies and assumptions. (https://www.gov.uk/government/statistics/hiv-annual-data-tables)."
United Republic of Tanzania,63 762,,68 880,,73 999,,74 206,,71 088,,68 697,,66 662,,74 701,,76 465,,73 968,,76 656,,68 933,,68 243,,70 002,,66 889,
United States,...,"Estimates were not available at the time of publication.",...,"Estimates were not available at the time of publication.",...,"Estimates were not available at the time of publication.",...,"Estimates were not available at the time of publication.",...,"Estimates were not available at the time of publication.",...,"Estimates were not available at the time of publication.",...,"Estimates were not available at the time of publication.",...,"Estimates were not available at the time of publication.",...,"Estimates were not available at the time of publication.",...,"Estimates were not available at the time of publication.",...,"Estimates were not available at the time of publication.",...,"Estimates were not available at the time of publication.",...,"Estimates were not available at the time of publication.",...,"Estimates were not available at the time of publication.",...,"Estimates were not available at the time of publication."
Uruguay,...,"Estimates were not available at the time of publication.",...,"Estimates were not available at the time of publication.",...,"Estimates were not available at the time of publication.",...,"Estimates were not available at the time of publication.",...,"Estimates were not available at the time of publication.",...,"Estimates were not available at the time of publication.",...,"Estimates were not available at the time of publication.",...,"Estimates were not available at the time of publication.",...,"Estimates were not available at the time of publication.",...,"Estimates were not available at the time of publication.",...,"Estimates were not available at the time of publication.",...,"Estimates were not available at the time of publication.",...,"Estimates were not available at the time of publication.",...,"Estimates were not available at the time of publication.",...,"Estimates were not available at the time of publication."
Uzbekistan,...,"Estimates were not available at the time of publication.",...,"Estimates were not available at the time of publication.",...,"Estimates were not available at the time of publication.",...,"Estimates were not available at the time of publication.",...,"Estimates were not available at the time of publication.",...,"Estimates were not available at the time of publication.",...,"Estimates were not available at the time of publication.",...,"Estimates were not available at the time of publication.",...,"Estimates were not available at the time of publication.",...,"Estimates were not available at the time of publication.",...,"Estimates were not available at the time of publication.",...,"Estimates were not available at the time of publication.",...,"Estimates were not available at the time of publication.",...,"Estimates were not available at the time of publication.",...,"Estimates were not available at the time of publication."
Vanuatu,...,"Estimates were not available at the time of publication.",...,"Estimates were not available at the time of publication.",...,"Estimates were not available at the time of publication.",...,"Estimates were not available at the time of publication.",...,"Estimates were not available at the time of publication.",...,"Estimates were not available at the time of publication.",...,"Estimates were not available at the time of publication.",...,"Estimates were not available at the time of publication.",...,"Estimates were not available at the time of publication.",...,"Estimates were not available at the time of publication.",...,"Estimates were not available at the time of publication.",...,"Estimates were not available at the time of publication.",...,"Estimates were not available at the time of publication.",...,"Estimates were not available at the time of publication.",...,"Estimates were not available at the time of publication."
Venezuela (Bolivarian Republic of),...,,...,,...,,...,,...,,...,,...,,...,,...,,...,,...,,...,,...,,...,,...,
Viet Nam,1838,,1707,,1880,,1664,,1732,,1567,,1865,,1959,,2146,,2057,,1960,,1566,,1325,,1301,,1315,
Yemen,14,,5,,10,,13,,13,,10,,14,,11,,11,,12,,8,,17,,58,,58,,47,
Zambia,43 402,,45 041,,46 277,,51 811,,53 862,,46 792,,47 801,,50 975,,51 195,,59 127,,55 421,,50 705,,47 983,,46 789,,46 922,
Zimbabwe,39 878,,39 091,,59 955,,57 662,,59 190,,57 378,,59 599,,60 570,,59 621,,57 198,,51 175,,47 009,,43 856,,43 281,,40 603,
Global,835 006,,953 669,,1 047 915,,1 093 555,,1 134 848,,1 097 682,,1 088 063,,1 089 686,,1 097 371,,1 096 505,,1 057 726,,1 020 423,,984 087,,971 696,,945 207,