Country,1990,1990_lower, 1990_upper, 1990_Footnote, 1991,1991_lower, 1991_upper, 1991_Footnote, 1992,1992_lower, 1992_upper, 1992_Footnote, 1993,1993_lower, 1993_upper, 1993_Footnote, 1994,1994_lower, 1994_upper, 1994_Footnote, 1995,1995_lower, 1995_upper, 1995_Footnote, 1996,1996_lower, 1996_upper, 1996_Footnote, 1997,1997_lower, 1997_upper, 1997_Footnote, 1998,1998_lower, 1998_upper, 1998_Footnote, 1999,1999_lower, 1999_upper, 1999_Footnote, 2000,2000_lower, 2000_upper, 2000_Footnote, 2001,2001_lower, 2001_upper, 2001_Footnote, 2002,2002_lower, 2002_upper, 2002_Footnote, 2003,2003_lower, 2003_upper, 2003_Footnote, 2004,2004_lower, 2004_upper, 2004_Footnote, 2005,2005_lower, 2005_upper, 2005_Footnote, 2006,2006_lower, 2006_upper, 2006_Footnote, 2007,2007_lower, 2007_upper, 2007_Footnote, 2008,2008_lower, 2008_upper, 2008_Footnote, 2009,2009_lower, 2009_upper, 2009_Footnote, 2010,2010_lower, 2010_upper, 2010_Footnote, 2011,2011_lower, 2011_upper, 2011_Footnote, 2012,2012_lower, 2012_upper, 2012_Footnote, 2013,2013_lower, 2013_upper, 2013_Footnote, 2014,2014_lower, 2014_upper, 2014_Footnote, 2015,2015_lower, 2015_upper, 2015_Footnote, 2016,2016_lower, 2016_upper, 2016_Footnote, 2017,2017_lower, 2017_upper, 2017_Footnote, 2018,2018_lower, 2018_upper, 2018_Footnote, 2019,2019_lower, 2019_upper, 2019_Footnote, 2020,2020_lower, 2020_upper, 2020_Footnote, 2021,2021_lower, 2021_upper, 2021_Footnote, 2022,2022_lower, 2022_upper, 2022_Footnote, 2023,2023_lower, 2023_upper, 2023_Footnote, 2024,2024_lower, 2024_upper, 2024_Footnote
Afghanistan,<100 ,<100 , <200,,<100 ,<100 , <200,,<100 ,<100 , <200,,<100 ,<100 , <200,,<200 ,<100 , <500,,<200 ,<100 , <500,,<200 ,<100 , <500,,<200 ,<100 , <500,,<200 ,<100 , <500,,<200 ,<100 , <500,,<500 ,<200 , 560,,<500 ,<200 , 610,,<500 ,<200 , 690,,<500 ,<200 , 850,,<500 ,<200 , 970,,<500 ,<200 , 1000,,<500 ,<200 , 1200,,<500 ,<200 , 1500,,<500 ,<200 , 1600,,510 ,<200 , 1800,,560 ,<200 , 2000,,610 ,<500 , 2200,,610 ,<500 , 2400,,720 ,<500 , 2900,,800 ,<500 , 3200,,870 ,<500 , 3600,,930 ,<500 , 3800,,980 ,<500 , 4300,,1000 ,<500 , 4800,,1100 ,<500 , 5500,,1200 ,<500 , 6500,,1300 ,<500 , 6400,,1400 ,<500 , 7800,,1500 ,<500 , 8600,,1600 ,<500 , 9800,
Albania,<100 ,<100 , <100,"Children estimates were not available at the time of publication.",<100 ,<100 , <100,"Children estimates were not available at the time of publication.",<100 ,<100 , <100,"Children estimates were not available at the time of publication.",<100 ,<100 , <100,"Children estimates were not available at the time of publication.",<100 ,<100 , <100,"Children estimates were not available at the time of publication.",<100 ,<100 , <100,"Children estimates were not available at the time of publication.",<100 ,<100 , <100,"Children estimates were not available at the time of publication.",<100 ,<100 , <100,"Children estimates were not available at the time of publication.",<100 ,<100 , <100,"Children estimates were not available at the time of publication.",<100 ,<100 , <100,"Children estimates were not available at the time of publication.",<100 ,<100 , <100,"Children estimates were not available at the time of publication.",<100 ,<100 , <100,"Children estimates were not available at the time of publication.",<100 ,<100 , <100,"Children estimates were not available at the time of publication.",<100 ,<100 , <100,"Children estimates were not available at the time of publication.",<100 ,<100 , <100,"Children estimates were not available at the time of publication.",<100 ,<100 , <100,"Children estimates were not available at the time of publication.",<100 ,<100 , <100,"Children estimates were not available at the time of publication.",<100 ,<100 , <100,"Children estimates were not available at the time of publication.",<100 ,<100 , <100,"Children estimates were not available at the time of publication.",<100 ,<100 , <100,"Children estimates were not available at the time of publication.",<100 ,<100 , <100,"Children estimates were not available at the time of publication.",<100 ,<100 , <100,"Children estimates were not available at the time of publication.",<100 ,<100 , <100,"Children estimates were not available at the time of publication.",<100 ,<100 , <100,"Children estimates were not available at the time of publication.",<100 ,<100 , <100,"Children estimates were not available at the time of publication.",<100 ,<100 , <100,"Children estimates were not available at the time of publication.",<100 ,<100 , <100,"Children estimates were not available at the time of publication.",<100 ,<100 , <100,"Children estimates were not available at the time of publication.",<100 ,<100 , <100,"Children estimates were not available at the time of publication.",<100 ,<100 , <200,"Children estimates were not available at the time of publication.",<100 ,<100 , <200,"Children estimates were not available at the time of publication.",<100 ,<100 , <200,"Children estimates were not available at the time of publication.",<100 ,<100 , <200,"Children estimates were not available at the time of publication.",<100 ,<100 , <200,"Children estimates were not available at the time of publication.",<100 ,<100 , <200,"Children estimates were not available at the time of publication."
Algeria,<100 ,<100 , <100,,<200 ,<100 , <200,,<200 ,<200 , <200,,<200 ,<200 , <200,,<200 ,<200 , <200,,<200 ,<200 , <500,,<500 ,<500 , <500,,<500 ,<500 , <500,,<500 ,<500 , <500,,<500 ,<500 , <500,,<500 ,<500 , <500,,510 ,<500 , 530,,590 ,560 , 620,,670 ,640 , 710,,770 ,730 , 820,,880 ,830 , 930,,1000 ,940 , 1100,,1100 ,980 , 1200,,1200 ,970 , 1300,,1100 ,950 , 1400,,1100 ,880 , 1200,,1000 ,880 , 1200,,1000 ,880 , 1200,,1000 ,890 , 1200,,1100 ,930 , 1200,,1100 ,980 , 1300,,1200 ,1000 , 1400,,1300 ,1100 , 1500,,1400 ,1200 , 1600,,1500 ,1200 , 1800,,1600 ,1300 , 2000,,1800 ,1400 , 2200,,1900 ,1600 , 2400,,2100 ,1700 , 2600,,2300 ,1900 , 2900,
Angola,6200 ,4000 , 9100,,7000 ,4700 , 9600,,8200 ,5800 , 11 000,,8900 ,6500 , 12 000,,9600 ,7200 , 13 000,,10 000 ,8100 , 14 000,,11 000 ,8800 , 14 000,,12 000 ,9300 , 15 000,,12 000 ,9900 , 15 000,,13 000 ,11 000 , 16 000,,13 000 ,11 000 , 16 000,,14 000 ,12 000 , 16 000,,15 000 ,12 000 , 17 000,,16 000 ,13 000 , 18 000,,16 000 ,13 000 , 18 000,,17 000 ,14 000 , 19 000,,16 000 ,14 000 , 19 000,,17 000 ,14 000 , 20 000,,18 000 ,15 000 , 21 000,,18 000 ,15 000 , 21 000,,17 000 ,15 000 , 21 000,,18 000 ,15 000 , 21 000,,18 000 ,15 000 , 21 000,,17 000 ,15 000 , 21 000,,17 000 ,15 000 , 21 000,,17 000 ,14 000 , 21 000,,17 000 ,14 000 , 21 000,,17 000 ,15 000 , 21 000,,17 000 ,15 000 , 21 000,,17 000 ,15 000 , 21 000,,17 000 ,15 000 , 21 000,,17 000 ,14 000 , 21 000,,16 000 ,13 000 , 20 000,,16 000 ,13 000 , 20 000,,15 000 ,12 000 , 19 000,
Antigua and Barbuda,<100 ,<100 , <100,"Countries with a UNAIDS-approved estimate and population less than 250000 in 2024; not included in regional or global totals",<100 ,<100 , <100,"Countries with a UNAIDS-approved estimate and population less than 250000 in 2024; not included in regional or global totals",<100 ,<100 , <100,"Countries with a UNAIDS-approved estimate and population less than 250000 in 2024; not included in regional or global totals",<100 ,<100 , <100,"Countries with a UNAIDS-approved estimate and population less than 250000 in 2024; not included in regional or global totals",<100 ,<100 , <100,"Countries with a UNAIDS-approved estimate and population less than 250000 in 2024; not included in regional or global totals",<100 ,<100 , <100,"Countries with a UNAIDS-approved estimate and population less than 250000 in 2024; not included in regional or global totals",<100 ,<100 , <100,"Countries with a UNAIDS-approved estimate and population less than 250000 in 2024; not included in regional or global totals",<100 ,<100 , <100,"Countries with a UNAIDS-approved estimate and population less than 250000 in 2024; not included in regional or global totals",<100 ,<100 , <100,"Countries with a UNAIDS-approved estimate and population less than 250000 in 2024; not included in regional or global totals",<100 ,<100 , <100,"Countries with a UNAIDS-approved estimate and population less than 250000 in 2024; not included in regional or global totals",<100 ,<100 , <100,"Countries with a UNAIDS-approved estimate and population less than 250000 in 2024; not included in regional or global totals",<100 ,<100 , <100,"Countries with a UNAIDS-approved estimate and population less than 250000 in 2024; not included in regional or global totals",<100 ,<100 , <100,"Countries with a UNAIDS-approved estimate and population less than 250000 in 2024; not included in regional or global totals",<100 ,<100 , <100,"Countries with a UNAIDS-approved estimate and population less than 250000 in 2024; not included in regional or global totals",<100 ,<100 , <100,"Countries with a UNAIDS-approved estimate and population less than 250000 in 2024; not included in regional or global totals",<100 ,<100 , <100,"Countries with a UNAIDS-approved estimate and population less than 250000 in 2024; not included in regional or global totals",<100 ,<100 , <100,"Countries with a UNAIDS-approved estimate and population less than 250000 in 2024; not included in regional or global totals",<100 ,<100 , <100,"Countries with a UNAIDS-approved estimate and population less than 250000 in 2024; not included in regional or global totals",<100 ,<100 , <100,"Countries with a UNAIDS-approved estimate and population less than 250000 in 2024; not included in regional or global totals",<100 ,<100 , <100,"Countries with a UNAIDS-approved estimate and population less than 250000 in 2024; not included in regional or global totals",<100 ,<100 , <100,"Countries with a UNAIDS-approved estimate and population less than 250000 in 2024; not included in regional or global totals",<100 ,<100 , <100,"Countries with a UNAIDS-approved estimate and population less than 250000 in 2024; not included in regional or global totals",<100 ,<100 , <100,"Countries with a UNAIDS-approved estimate and population less than 250000 in 2024; not included in regional or global totals",<100 ,<100 , <100,"Countries with a UNAIDS-approved estimate and population less than 250000 in 2024; not included in regional or global totals",<100 ,<100 , <100,"Countries with a UNAIDS-approved estimate and population less than 250000 in 2024; not included in regional or global totals",<100 ,<100 , <100,"Countries with a UNAIDS-approved estimate and population less than 250000 in 2024; not included in regional or global totals",<100 ,<100 , <100,"Countries with a UNAIDS-approved estimate and population less than 250000 in 2024; not included in regional or global totals",<100 ,<100 , <100,"Countries with a UNAIDS-approved estimate and population less than 250000 in 2024; not included in regional or global totals",<100 ,<100 , <100,"Countries with a UNAIDS-approved estimate and population less than 250000 in 2024; not included in regional or global totals",<100 ,<100 , <100,"Countries with a UNAIDS-approved estimate and population less than 250000 in 2024; not included in regional or global totals",<100 ,<100 , <100,"Countries with a UNAIDS-approved estimate and population less than 250000 in 2024; not included in regional or global totals",<100 ,<100 , <100,"Countries with a UNAIDS-approved estimate and population less than 250000 in 2024; not included in regional or global totals",<100 ,<100 , <100,"Countries with a UNAIDS-approved estimate and population less than 250000 in 2024; not included in regional or global totals",<100 ,<100 , <100,"Countries with a UNAIDS-approved estimate and population less than 250000 in 2024; not included in regional or global totals",<100 ,<100 , <100,"Countries with a UNAIDS-approved estimate and population less than 250000 in 2024; not included in regional or global totals"
Argentina,4700 ,4400 , 4900,,5000 ,4700 , 5400,,5100 ,4800 , 5500,,5100 ,4800 , 5500,,5100 ,4900 , 5400,,5200 ,5000 , 5400,,5200 ,5000 , 5400,,5200 ,5000 , 5400,,5200 ,5100 , 5400,,5200 ,5100 , 5400,,5200 ,5100 , 5300,,5200 ,5100 , 5400,,5200 ,5100 , 5400,,5200 ,5100 , 5400,,5200 ,5000 , 5400,,5200 ,5000 , 5400,,5200 ,5000 , 5400,,5100 ,5000 , 5400,,5100 ,5000 , 5400,,5100 ,4900 , 5300,,5100 ,4900 , 5300,,5100 ,4900 , 5300,,5100 ,4900 , 5300,,5000 ,4800 , 5200,,5000 ,4800 , 5200,,5000 ,4700 , 5200,,5000 ,4600 , 5200,,4900 ,4600 , 5200,,4900 ,4500 , 5200,,4800 ,4500 , 5100,,4800 ,4400 , 5100,,4800 ,4300 , 5100,,4700 ,4100 , 5100,,4600 ,4000 , 5100,,4600 ,3900 , 5100,
Armenia,<100 ,<100 , <100,,<100 ,<100 , <100,,<100 ,<100 , <100,,<100 ,<100 , <100,,<100 ,<100 , <100,,<100 ,<100 , <100,,<100 ,<100 , <100,,<100 ,<100 , <100,,<100 ,<100 , <100,,<100 ,<100 , <100,,<100 ,<100 , <100,,<100 ,<100 , <100,,<100 ,<100 , <200,,<100 ,<100 , <200,,<200 ,<100 , <200,,<200 ,<200 , <200,,<200 ,<200 , <500,,<500 ,<200 , <500,,<500 ,<500 , <500,,<500 ,<500 , <500,,<500 ,<500 , <500,,<500 ,<500 , <500,,<500 ,<500 , <500,,<500 ,<500 , <500,,<500 ,<500 , 530,,<500 ,<500 , 570,,<500 ,<500 , 590,,<500 ,<500 , 660,,<500 ,<500 , 720,,<500 ,<500 , 770,,<500 ,<500 , 840,,<500 ,<500 , 940,,500 ,<500 , 1000,,520 ,<500 , 1100,,550 ,<500 , 1300,
Australia,840 ,760 , 990,,730 ,660 , 850,,650 ,580 , 750,,590 ,530 , 690,,560 ,510 , 660,,550 ,<500 , 650,,560 ,510 , 660,,580 ,530 , 690,,610 ,560 , 730,,650 ,590 , 780,,690 ,630 , 840,,730 ,670 , 900,,770 ,700 , 960,,810 ,730 , 1000,,840 ,760 , 1100,,860 ,770 , 1100,,880 ,790 , 1100,,900 ,800 , 1100,,910 ,810 , 1100,,920 ,820 , 1200,,920 ,820 , 1200,,910 ,810 , 1100,,900 ,800 , 1100,,890 ,790 , 1100,,860 ,770 , 1100,,830 ,730 , 1000,,800 ,700 , 1000,,760 ,660 , 960,,720 ,610 , 890,,660 ,540 , 850,,600 ,<500 , 830,,530 ,<200 , 880,,<500 ,<200 , 740,,... ,... , ...,,... ,... , ...,
Austria,... ,... , ...,"Estimates were not available at the time of publication.",... ,... , ...,"Estimates were not available at the time of publication.",... ,... , ...,"Estimates were not available at the time of publication.",... ,... , ...,"Estimates were not available at the time of publication.",... ,... , ...,"Estimates were not available at the time of publication.",... ,... , ...,"Estimates were not available at the time of publication.",... ,... , ...,"Estimates were not available at the time of publication.",... ,... , ...,"Estimates were not available at the time of publication.",... ,... , ...,"Estimates were not available at the time of publication.",... ,... , ...,"Estimates were not available at the time of publication.",... ,... , ...,"Estimates were not available at the time of publication.",... ,... , ...,"Estimates were not available at the time of publication.",... ,... , ...,"Estimates were not available at the time of publication.",... ,... , ...,"Estimates were not available at the time of publication.",... ,... , ...,"Estimates were not available at the time of publication.",... ,... , ...,"Estimates were not available at the time of publication.",... ,... , ...,"Estimates were not available at the time of publication.",... ,... , ...,"Estimates were not available at the time of publication.",... ,... , ...,"Estimates were not available at the time of publication.",... ,... , ...,"Estimates were not available at the time of publication.",... ,... , ...,"Estimates were not available at the time of publication.",... ,... , ...,"Estimates were not available at the time of publication.",... ,... , ...,"Estimates were not available at the time of publication.",... ,... , ...,"Estimates were not available at the time of publication.",... ,... , ...,"Estimates were not available at the time of publication.",... ,... , ...,"Estimates were not available at the time of publication.",... ,... , ...,"Estimates were not available at the time of publication.",... ,... , ...,"Estimates were not available at the time of publication.",... ,... , ...,"Estimates were not available at the time of publication.",... ,... , ...,"Estimates were not available at the time of publication.",... ,... , ...,"Estimates were not available at the time of publication.",... ,... , ...,"Estimates were not available at the time of publication.",... ,... , ...,"Estimates were not available at the time of publication.",... ,... , ...,"Estimates were not available at the time of publication.",... ,... , ...,"Estimates were not available at the time of publication."
Azerbaijan,<100 ,<100 , <100,"Children estimates were not available at the time of publication.",<100 ,<100 , <200,"Children estimates were not available at the time of publication.",<100 ,<100 , <200,"Children estimates were not available at the time of publication.",<200 ,<100 , <500,"Children estimates were not available at the time of publication.",<500 ,<200 , <500,"Children estimates were not available at the time of publication.",<500 ,<200 , <500,"Children estimates were not available at the time of publication.",<500 ,<500 , 650,"Children estimates were not available at the time of publication.",570 ,<500 , 900,"Children estimates were not available at the time of publication.",690 ,<500 , 1000,"Children estimates were not available at the time of publication.",800 ,530 , 1100,"Children estimates were not available at the time of publication.",860 ,610 , 1200,"Children estimates were not available at the time of publication.",860 ,640 , 1200,"Children estimates were not available at the time of publication.",830 ,640 , 1100,"Children estimates were not available at the time of publication.",810 ,630 , 1000,"Children estimates were not available at the time of publication.",780 ,620 , 970,"Children estimates were not available at the time of publication.",750 ,610 , 930,"Children estimates were not available at the time of publication.",740 ,600 , 920,"Children estimates were not available at the time of publication.",730 ,580 , 890,"Children estimates were not available at the time of publication.",720 ,570 , 880,"Children estimates were not available at the time of publication.",720 ,580 , 880,"Children estimates were not available at the time of publication.",690 ,570 , 830,"Children estimates were not available at the time of publication.",670 ,550 , 810,"Children estimates were not available at the time of publication.",630 ,510 , 760,"Children estimates were not available at the time of publication.",600 ,<500 , 730,"Children estimates were not available at the time of publication.",580 ,<500 , 710,"Children estimates were not available at the time of publication.",540 ,<500 , 660,"Children estimates were not available at the time of publication.",<500 ,<500 , 590,"Children estimates were not available at the time of publication.",510 ,<500 , 630,"Children estimates were not available at the time of publication.",510 ,<500 , 650,"Children estimates were not available at the time of publication.",<500 ,<500 , 610,"Children estimates were not available at the time of publication.",<500 ,<500 , 530,"Children estimates were not available at the time of publication.",<500 ,<500 , <500,"Children estimates were not available at the time of publication.",<500 ,<500 , <500,"Children estimates were not available at the time of publication.",<500 ,<500 , 540,"Children estimates were not available at the time of publication.",<500 ,<500 , <500,"Children estimates were not available at the time of publication."
Bahamas,<500 ,<500 , 510,"Children estimates were not available at the time of publication.",<500 ,<500 , <500,"Children estimates were not available at the time of publication.",<500 ,<500 , <500,"Children estimates were not available at the time of publication.",<500 ,<500 , <500,"Children estimates were not available at the time of publication.",<500 ,<500 , <500,"Children estimates were not available at the time of publication.",<500 ,<500 , <500,"Children estimates were not available at the time of publication.",<500 ,<500 , <500,"Children estimates were not available at the time of publication.",<500 ,<500 , <500,"Children estimates were not available at the time of publication.",<500 ,<500 , <500,"Children estimates were not available at the time of publication.",<500 ,<500 , <500,"Children estimates were not available at the time of publication.",<500 ,<500 , <500,"Children estimates were not available at the time of publication.",<500 ,<500 , <500,"Children estimates were not available at the time of publication.",<500 ,<500 , <500,"Children estimates were not available at the time of publication.",<500 ,<200 , <500,"Children estimates were not available at the time of publication.",<200 ,<200 , <500,"Children estimates were not available at the time of publication.",<200 ,<200 , <500,"Children estimates were not available at the time of publication.",<200 ,<200 , <200,"Children estimates were not available at the time of publication.",<200 ,<200 , <200,"Children estimates were not available at the time of publication.",<200 ,<200 , <200,"Children estimates were not available at the time of publication.",<200 ,<200 , <200,"Children estimates were not available at the time of publication.",<200 ,<200 , <200,"Children estimates were not available at the time of publication.",<200 ,<200 , <200,"Children estimates were not available at the time of publication.",<200 ,<100 , <200,"Children estimates were not available at the time of publication.",<200 ,<100 , <200,"Children estimates were not available at the time of publication.",<100 ,<100 , <200,"Children estimates were not available at the time of publication.",<100 ,<100 , <200,"Children estimates were not available at the time of publication.",<100 ,<100 , <100,"Children estimates were not available at the time of publication.",<100 ,<100 , <100,"Children estimates were not available at the time of publication.",<100 ,<100 , <100,"Children estimates were not available at the time of publication.",<100 ,<100 , <100,"Children estimates were not available at the time of publication.",<100 ,<100 , <100,"Children estimates were not available at the time of publication.",<100 ,<100 , <100,"Children estimates were not available at the time of publication.",<100 ,<100 , <100,"Children estimates were not available at the time of publication.",<100 ,<100 , <100,"Children estimates were not available at the time of publication.",<100 ,<100 , <100,"Children estimates were not available at the time of publication."
Bahrain,<100 ,<100 , <100,"Children estimates were not available at the time of publication.",<100 ,<100 , <100,"Children estimates were not available at the time of publication.",<100 ,<100 , <100,"Children estimates were not available at the time of publication.",<100 ,<100 , <100,"Children estimates were not available at the time of publication.",<100 ,<100 , <100,"Children estimates were not available at the time of publication.",<100 ,<100 , <100,"Children estimates were not available at the time of publication.",<100 ,<100 , <100,"Children estimates were not available at the time of publication.",<100 ,<100 , <100,"Children estimates were not available at the time of publication.",<100 ,<100 , <100,"Children estimates were not available at the time of publication.",<100 ,<100 , <100,"Children estimates were not available at the time of publication.",<100 ,<100 , <100,"Children estimates were not available at the time of publication.",<100 ,<100 , <100,"Children estimates were not available at the time of publication.",<100 ,<100 , <100,"Children estimates were not available at the time of publication.",<100 ,<100 , <100,"Children estimates were not available at the time of publication.",<100 ,<100 , <100,"Children estimates were not available at the time of publication.",<100 ,<100 , <100,"Children estimates were not available at the time of publication.",<100 ,<100 , <100,"Children estimates were not available at the time of publication.",<100 ,<100 , <100,"Children estimates were not available at the time of publication.",<100 ,<100 , <100,"Children estimates were not available at the time of publication.",<100 ,<100 , <100,"Children estimates were not available at the time of publication.",<100 ,<100 , <100,"Children estimates were not available at the time of publication.",<100 ,<100 , <100,"Children estimates were not available at the time of publication.",<100 ,<100 , <100,"Children estimates were not available at the time of publication.",<100 ,<100 , <100,"Children estimates were not available at the time of publication.",<100 ,<100 , <100,"Children estimates were not available at the time of publication.",<100 ,<100 , <100,"Children estimates were not available at the time of publication.",<100 ,<100 , <100,"Children estimates were not available at the time of publication.",<100 ,<100 , <100,"Children estimates were not available at the time of publication.",<100 ,<100 , <100,"Children estimates were not available at the time of publication.",<100 ,<100 , <100,"Children estimates were not available at the time of publication.",<100 ,<100 , <100,"Children estimates were not available at the time of publication.",<100 ,<100 , <100,"Children estimates were not available at the time of publication.",<100 ,<100 , <100,"Children estimates were not available at the time of publication.",<100 ,<100 , <100,"Children estimates were not available at the time of publication.",<100 ,<100 , <100,"Children estimates were not available at the time of publication."
Bangladesh,<100 ,<100 , <100,,<100 ,<100 , <100,,<100 ,<100 , <100,,<100 ,<100 , <100,,<100 ,<100 , <100,,<100 ,<100 , <100,,<100 ,<100 , <100,,<200 ,<100 , <200,,<200 ,<200 , <200,,<500 ,<200 , <500,,<500 ,<500 , <500,,<500 ,<500 , <500,,550 ,<500 , 640,,660 ,570 , 770,,750 ,650 , 870,,790 ,680 , 920,,780 ,670 , 920,,790 ,680 , 920,,810 ,700 , 940,,830 ,720 , 960,,830 ,720 , 960,,880 ,770 , 1000,,960 ,840 , 1100,,1000 ,900 , 1200,,1100 ,970 , 1300,,1200 ,1000 , 1300,,1200 ,1000 , 1300,,1100 ,970 , 1300,,1100 ,920 , 1200,,1100 ,930 , 1200,,1000 ,910 , 1200,,1000 ,910 , 1200,,1100 ,940 , 1200,,1100 ,950 , 1200,,1100 ,950 , 1200,
Barbados,<100 ,<100 , <200,"Children estimates were not available at the time of publication.",<200 ,<100 , <200,"Children estimates were not available at the time of publication.",<200 ,<200 , <200,"Children estimates were not available at the time of publication.",<200 ,<200 , <500,"Children estimates were not available at the time of publication.",<500 ,<200 , <500,"Children estimates were not available at the time of publication.",<200 ,<200 , <500,"Children estimates were not available at the time of publication.",<200 ,<200 , <500,"Children estimates were not available at the time of publication.",<200 ,<200 , <500,"Children estimates were not available at the time of publication.",<200 ,<200 , <200,"Children estimates were not available at the time of publication.",<200 ,<200 , <200,"Children estimates were not available at the time of publication.",<200 ,<200 , <200,"Children estimates were not available at the time of publication.",<200 ,<200 , <200,"Children estimates were not available at the time of publication.",<200 ,<200 , <200,"Children estimates were not available at the time of publication.",<200 ,<200 , <200,"Children estimates were not available at the time of publication.",<200 ,<200 , <200,"Children estimates were not available at the time of publication.",<200 ,<200 , <200,"Children estimates were not available at the time of publication.",<200 ,<100 , <200,"Children estimates were not available at the time of publication.",<200 ,<100 , <200,"Children estimates were not available at the time of publication.",<100 ,<100 , <200,"Children estimates were not available at the time of publication.",<100 ,<100 , <200,"Children estimates were not available at the time of publication.",<100 ,<100 , <100,"Children estimates were not available at the time of publication.",<100 ,<100 , <100,"Children estimates were not available at the time of publication.",<100 ,<100 , <100,"Children estimates were not available at the time of publication.",<100 ,<100 , <100,"Children estimates were not available at the time of publication.",<100 ,<100 , <100,"Children estimates were not available at the time of publication.",<100 ,<100 , <100,"Children estimates were not available at the time of publication.",<100 ,<100 , <100,"Children estimates were not available at the time of publication.",<100 ,<100 , <100,"Children estimates were not available at the time of publication.",<100 ,<100 , <100,"Children estimates were not available at the time of publication.",<100 ,<100 , <100,"Children estimates were not available at the time of publication.",<100 ,<100 , <100,"Children estimates were not available at the time of publication.",<100 ,<100 , <100,"Children estimates were not available at the time of publication.",<100 ,<100 , <100,"Children estimates were not available at the time of publication.",<100 ,<100 , <100,"Children estimates were not available at the time of publication.",<100 ,<100 , <100,"Children estimates were not available at the time of publication."
Belarus,... ,... , ...,"Estimates were not available at the time of publication.",... ,... , ...,"Estimates were not available at the time of publication.",... ,... , ...,"Estimates were not available at the time of publication.",... ,... , ...,"Estimates were not available at the time of publication.",... ,... , ...,"Estimates were not available at the time of publication.",... ,... , ...,"Estimates were not available at the time of publication.",... ,... , ...,"Estimates were not available at the time of publication.",... ,... , ...,"Estimates were not available at the time of publication.",... ,... , ...,"Estimates were not available at the time of publication.",... ,... , ...,"Estimates were not available at the time of publication.",... ,... , ...,"Estimates were not available at the time of publication.",... ,... , ...,"Estimates were not available at the time of publication.",... ,... , ...,"Estimates were not available at the time of publication.",... ,... , ...,"Estimates were not available at the time of publication.",... ,... , ...,"Estimates were not available at the time of publication.",... ,... , ...,"Estimates were not available at the time of publication.",... ,... , ...,"Estimates were not available at the time of publication.",... ,... , ...,"Estimates were not available at the time of publication.",... ,... , ...,"Estimates were not available at the time of publication.",... ,... , ...,"Estimates were not available at the time of publication.",... ,... , ...,"Estimates were not available at the time of publication.",... ,... , ...,"Estimates were not available at the time of publication.",... ,... , ...,"Estimates were not available at the time of publication.",... ,... , ...,"Estimates were not available at the time of publication.",... ,... , ...,"Estimates were not available at the time of publication.",... ,... , ...,"Estimates were not available at the time of publication.",... ,... , ...,"Estimates were not available at the time of publication.",... ,... , ...,"Estimates were not available at the time of publication.",... ,... , ...,"Estimates were not available at the time of publication.",... ,... , ...,"Estimates were not available at the time of publication.",... ,... , ...,"Estimates were not available at the time of publication.",... ,... , ...,"Estimates were not available at the time of publication.",... ,... , ...,"Estimates were not available at the time of publication.",... ,... , ...,"Estimates were not available at the time of publication.",... ,... , ...,"Estimates were not available at the time of publication."
Belgium,<500 ,<500 , <500,,<500 ,<500 , <500,,<500 ,<500 , <500,,<500 ,<500 , <500,,<500 ,<500 , <500,,<500 ,<500 , <500,,<500 ,<500 , <500,,<500 ,<500 , <500,,<500 ,<500 , 510,,<500 ,<500 , 530,,<500 ,<500 , 550,,<500 ,<500 , 580,,500 ,<500 , 600,,520 ,<500 , 630,,540 ,<500 , 650,,560 ,510 , 680,,580 ,520 , 710,,620 ,550 , 750,,630 ,570 , 780,,640 ,580 , 790,,640 ,580 , 790,,630 ,570 , 780,,610 ,550 , 750,,580 ,520 , 720,,540 ,<500 , 670,,<500 ,<500 , 620,,<500 ,<500 , 560,,<500 ,<500 , <500,,<500 ,<500 , <500,,<500 ,<500 , <500,,<500 ,<500 , <500,,<500 ,<500 , <500,,<500 ,<500 , 550,,<500 ,<500 , 650,,<500 ,<500 , 650,
Belize,<100 ,<100 , <100,"Children estimates were not available at the time of publication.",<100 ,<100 , <100,"Children estimates were not available at the time of publication.",<100 ,<100 , <200,"Children estimates were not available at the time of publication.",<100 ,<100 , <200,"Children estimates were not available at the time of publication.",<200 ,<100 , <200,"Children estimates were not available at the time of publication.",<200 ,<200 , <200,"Children estimates were not available at the time of publication.",<200 ,<200 , <200,"Children estimates were not available at the time of publication.",<200 ,<200 , <200,"Children estimates were not available at the time of publication.",<200 ,<200 , <500,"Children estimates were not available at the time of publication.",<500 ,<200 , <500,"Children estimates were not available at the time of publication.",<500 ,<500 , <500,"Children estimates were not available at the time of publication.",<500 ,<500 , <500,"Children estimates were not available at the time of publication.",<500 ,<200 , <500,"Children estimates were not available at the time of publication.",<500 ,<200 , <500,"Children estimates were not available at the time of publication.",<500 ,<200 , <500,"Children estimates were not available at the time of publication.",<500 ,<200 , <500,"Children estimates were not available at the time of publication.",<500 ,<200 , <500,"Children estimates were not available at the time of publication.",<200 ,<200 , <500,"Children estimates were not available at the time of publication.",<200 ,<200 , <500,"Children estimates were not available at the time of publication.",<200 ,<200 , <500,"Children estimates were not available at the time of publication.",<200 ,<200 , <200,"Children estimates were not available at the time of publication.",<200 ,<200 , <200,"Children estimates were not available at the time of publication.",<200 ,<200 , <200,"Children estimates were not available at the time of publication.",<200 ,<200 , <200,"Children estimates were not available at the time of publication.",<200 ,<200 , <200,"Children estimates were not available at the time of publication.",<200 ,<200 , <200,"Children estimates were not available at the time of publication.",<200 ,<200 , <200,"Children estimates were not available at the time of publication.",<200 ,<200 , <200,"Children estimates were not available at the time of publication.",<200 ,<200 , <200,"Children estimates were not available at the time of publication.",<200 ,<200 , <200,"Children estimates were not available at the time of publication.",<200 ,<200 , <200,"Children estimates were not available at the time of publication.",<200 ,<200 , <200,"Children estimates were not available at the time of publication.",<200 ,<200 , <200,"Children estimates were not available at the time of publication.",<200 ,<200 , <500,"Children estimates were not available at the time of publication.",<200 ,<200 , <500,"Children estimates were not available at the time of publication."
Benin,2100 ,1600 , 2900,,3000 ,2400 , 4100,,4000 ,3200 , 5200,,5300 ,4300 , 6800,,6500 ,5300 , 8300,,7100 ,5800 , 8700,,7000 ,5700 , 8300,,6500 ,5300 , 7700,,5700 ,4500 , 6800,,5000 ,4000 , 6000,,4600 ,3700 , 5500,,4200 ,3500 , 5000,,3800 ,3300 , 4700,,3600 ,3100 , 4400,,3600 ,3000 , 4400,,3600 ,3000 , 4300,,3300 ,2700 , 4000,,3400 ,2700 , 4100,,3000 ,2400 , 3700,,2800 ,2100 , 3500,,2500 ,1900 , 3200,,2100 ,1600 , 2900,,2100 ,1500 , 2900,,2000 ,1400 , 2800,,1900 ,1400 , 2700,,1800 ,1300 , 2600,,1800 ,1200 , 2600,,1800 ,1100 , 2500,,1500 ,890 , 2200,,1400 ,870 , 2100,,1300 ,800 , 1900,,1100 ,700 , 1800,,1100 ,650 , 1800,,900 ,<500 , 1500,,860 ,<500 , 1400,
Bhutan,<100 ,<100 , <100,"Children estimates were not available at the time of publication.",<100 ,<100 , <100,"Children estimates were not available at the time of publication.",<100 ,<100 , <100,"Children estimates were not available at the time of publication.",<100 ,<100 , <100,"Children estimates were not available at the time of publication.",<100 ,<100 , <100,"Children estimates were not available at the time of publication.",<100 ,<100 , <100,"Children estimates were not available at the time of publication.",<100 ,<100 , <100,"Children estimates were not available at the time of publication.",<100 ,<100 , <100,"Children estimates were not available at the time of publication.",<100 ,<100 , <100,"Children estimates were not available at the time of publication.",<100 ,<100 , <100,"Children estimates were not available at the time of publication.",<100 ,<100 , <100,"Children estimates were not available at the time of publication.",<100 ,<100 , <100,"Children estimates were not available at the time of publication.",<100 ,<100 , <100,"Children estimates were not available at the time of publication.",<100 ,<100 , <100,"Children estimates were not available at the time of publication.",<100 ,<100 , <100,"Children estimates were not available at the time of publication.",<100 ,<100 , <100,"Children estimates were not available at the time of publication.",<100 ,<100 , <100,"Children estimates were not available at the time of publication.",<100 ,<100 , <100,"Children estimates were not available at the time of publication.",<100 ,<100 , <100,"Children estimates were not available at the time of publication.",<100 ,<100 , <100,"Children estimates were not available at the time of publication.",<100 ,<100 , <100,"Children estimates were not available at the time of publication.",<100 ,<100 , <100,"Children estimates were not available at the time of publication.",<100 ,<100 , <100,"Children estimates were not available at the time of publication.",<100 ,<100 , <100,"Children estimates were not available at the time of publication.",<100 ,<100 , <100,"Children estimates were not available at the time of publication.",<100 ,<100 , <100,"Children estimates were not available at the time of publication.",<100 ,<100 , <100,"Children estimates were not available at the time of publication.",<100 ,<100 , <100,"Children estimates were not available at the time of publication.",<100 ,<100 , <100,"Children estimates were not available at the time of publication.",<100 ,<100 , <100,"Children estimates were not available at the time of publication.",<100 ,<100 , <100,"Children estimates were not available at the time of publication.",<100 ,<100 , <100,"Children estimates were not available at the time of publication.",<100 ,<100 , <100,"Children estimates were not available at the time of publication.",<100 ,<100 , <100,"Children estimates were not available at the time of publication.",<100 ,<100 , <100,"Children estimates were not available at the time of publication."
Bolivia (Plurinational State of),710 ,<500 , 3200,,1200 ,<500 , 3800,,1800 ,580 , 4600,,2400 ,1000 , 6000,,2000 ,1100 , 4700,,1600 ,1000 , 3400,,1500 ,1000 , 3300,,1500 ,1100 , 3100,,1500 ,1100 , 2700,,1600 ,1300 , 2500,,1700 ,1300 , 2200,,1600 ,1300 , 2200,,1600 ,1300 , 2100,,1700 ,1400 , 2100,,1700 ,1400 , 2100,,1800 ,1500 , 2100,,1800 ,1400 , 2100,,1800 ,1500 , 2200,,1800 ,1500 , 2200,,1800 ,1500 , 2200,,1800 ,1500 , 2200,,1900 ,1500 , 2200,,1800 ,1500 , 2200,,1800 ,1500 , 2200,,1800 ,1500 , 2200,,1800 ,1500 , 2200,,1800 ,1500 , 2300,,1800 ,1500 , 2200,,1800 ,1500 , 2300,,1800 ,1500 , 2200,,1800 ,1400 , 2200,,1800 ,1500 , 2300,,1800 ,1500 , 2300,,1800 ,1500 , 2300,,1800 ,1500 , 2300,
Bosnia and Herzegovina,... ,... , ...,"Estimates were not available at the time of publication.",... ,... , ...,"Estimates were not available at the time of publication.",... ,... , ...,"Estimates were not available at the time of publication.",... ,... , ...,"Estimates were not available at the time of publication.",... ,... , ...,"Estimates were not available at the time of publication.",... ,... , ...,"Estimates were not available at the time of publication.",... ,... , ...,"Estimates were not available at the time of publication.",... ,... , ...,"Estimates were not available at the time of publication.",... ,... , ...,"Estimates were not available at the time of publication.",... ,... , ...,"Estimates were not available at the time of publication.",... ,... , ...,"Estimates were not available at the time of publication.",... ,... , ...,"Estimates were not available at the time of publication.",... ,... , ...,"Estimates were not available at the time of publication.",... ,... , ...,"Estimates were not available at the time of publication.",... ,... , ...,"Estimates were not available at the time of publication.",... ,... , ...,"Estimates were not available at the time of publication.",... ,... , ...,"Estimates were not available at the time of publication.",... ,... , ...,"Estimates were not available at the time of publication.",... ,... , ...,"Estimates were not available at the time of publication.",... ,... , ...,"Estimates were not available at the time of publication.",... ,... , ...,"Estimates were not available at the time of publication.",... ,... , ...,"Estimates were not available at the time of publication.",... ,... , ...,"Estimates were not available at the time of publication.",... ,... , ...,"Estimates were not available at the time of publication.",... ,... , ...,"Estimates were not available at the time of publication.",... ,... , ...,"Estimates were not available at the time of publication.",... ,... , ...,"Estimates were not available at the time of publication.",... ,... , ...,"Estimates were not available at the time of publication.",... ,... , ...,"Estimates were not available at the time of publication.",... ,... , ...,"Estimates were not available at the time of publication.",... ,... , ...,"Estimates were not available at the time of publication.",... ,... , ...,"Estimates were not available at the time of publication.",... ,... , ...,"Estimates were not available at the time of publication.",... ,... , ...,"Estimates were not available at the time of publication.",... ,... , ...,"Estimates were not available at the time of publication."
Botswana,16 000 ,14 000 , 17 000,,20 000 ,19 000 , 22 000,,24 000 ,23 000 , 26 000,,27 000 ,26 000 , 29 000,,29 000 ,28 000 , 31 000,,29 000 ,28 000 , 31 000,,28 000 ,27 000 , 30 000,,26 000 ,25 000 , 28 000,,24 000 ,23 000 , 26 000,,22 000 ,21 000 , 24 000,,20 000 ,19 000 , 22 000,,19 000 ,17 000 , 21 000,,17 000 ,16 000 , 19 000,,16 000 ,15 000 , 18 000,,15 000 ,13 000 , 17 000,,14 000 ,12 000 , 16 000,,13 000 ,11 000 , 15 000,,12 000 ,11 000 , 14 000,,12 000 ,10 000 , 13 000,,12 000 ,10 000 , 13 000,,11 000 ,10 000 , 12 000,,12 000 ,10 000 , 13 000,,11 000 ,9900 , 12 000,,10 000 ,9200 , 11 000,,10 000 ,8900 , 11 000,,9900 ,8700 , 10 000,,9100 ,8200 , 9600,,8400 ,7500 , 9000,,7600 ,6700 , 8200,,6700 ,5900 , 7300,,6100 ,5200 , 6800,,5100 ,4200 , 5800,,4300 ,3500 , 5000,,4000 ,3300 , 4900,,3800 ,3100 , 4800,
Brazil,... ,... , ...,,... ,... , ...,,... ,... , ...,,... ,... , ...,,... ,... , ...,,... ,... , ...,,... ,... , ...,,... ,... , ...,,... ,... , ...,,... ,... , ...,,... ,... , ...,,... ,... , ...,,... ,... , ...,,... ,... , ...,,... ,... , ...,,... ,... , ...,,... ,... , ...,,... ,... , ...,,... ,... , ...,,... ,... , ...,,... ,... , ...,,... ,... , ...,,... ,... , ...,,... ,... , ...,,... ,... , ...,,... ,... , ...,,... ,... , ...,,... ,... , ...,,... ,... , ...,,... ,... , ...,,... ,... , ...,,... ,... , ...,,... ,... , ...,,... ,... , ...,,... ,... , ...,
Brunei Darussalam,... ,... , ...,"Estimates were not available at the time of publication.",... ,... , ...,"Estimates were not available at the time of publication.",... ,... , ...,"Estimates were not available at the time of publication.",... ,... , ...,"Estimates were not available at the time of publication.",... ,... , ...,"Estimates were not available at the time of publication.",... ,... , ...,"Estimates were not available at the time of publication.",... ,... , ...,"Estimates were not available at the time of publication.",... ,... , ...,"Estimates were not available at the time of publication.",... ,... , ...,"Estimates were not available at the time of publication.",... ,... , ...,"Estimates were not available at the time of publication.",... ,... , ...,"Estimates were not available at the time of publication.",... ,... , ...,"Estimates were not available at the time of publication.",... ,... , ...,"Estimates were not available at the time of publication.",... ,... , ...,"Estimates were not available at the time of publication.",... ,... , ...,"Estimates were not available at the time of publication.",... ,... , ...,"Estimates were not available at the time of publication.",... ,... , ...,"Estimates were not available at the time of publication.",... ,... , ...,"Estimates were not available at the time of publication.",... ,... , ...,"Estimates were not available at the time of publication.",... ,... , ...,"Estimates were not available at the time of publication.",... ,... , ...,"Estimates were not available at the time of publication.",... ,... , ...,"Estimates were not available at the time of publication.",... ,... , ...,"Estimates were not available at the time of publication.",... ,... , ...,"Estimates were not available at the time of publication.",... ,... , ...,"Estimates were not available at the time of publication.",... ,... , ...,"Estimates were not available at the time of publication.",... ,... , ...,"Estimates were not available at the time of publication.",... ,... , ...,"Estimates were not available at the time of publication.",... ,... , ...,"Estimates were not available at the time of publication.",... ,... , ...,"Estimates were not available at the time of publication.",... ,... , ...,"Estimates were not available at the time of publication.",... ,... , ...,"Estimates were not available at the time of publication.",... ,... , ...,"Estimates were not available at the time of publication.",... ,... , ...,"Estimates were not available at the time of publication.",... ,... , ...,"Estimates were not available at the time of publication."
Bulgaria,<200 ,<200 , <200,"Children estimates were not available at the time of publication.",<200 ,<200 , <500,"Children estimates were not available at the time of publication.",<200 ,<200 , <500,"Children estimates were not available at the time of publication.",<200 ,<200 , <500,"Children estimates were not available at the time of publication.",<500 ,<200 , <500,"Children estimates were not available at the time of publication.",<500 ,<200 , <500,"Children estimates were not available at the time of publication.",<500 ,<200 , <500,"Children estimates were not available at the time of publication.",<200 ,<100 , <200,"Children estimates were not available at the time of publication.",<100 ,<100 , <200,"Children estimates were not available at the time of publication.",<100 ,<100 , <200,"Children estimates were not available at the time of publication.",<100 ,<100 , <200,"Children estimates were not available at the time of publication.",<200 ,<100 , <200,"Children estimates were not available at the time of publication.",<200 ,<100 , <200,"Children estimates were not available at the time of publication.",<200 ,<100 , <200,"Children estimates were not available at the time of publication.",<200 ,<200 , <200,"Children estimates were not available at the time of publication.",<200 ,<200 , <200,"Children estimates were not available at the time of publication.",<200 ,<200 , <200,"Children estimates were not available at the time of publication.",<200 ,<200 , <200,"Children estimates were not available at the time of publication.",<200 ,<200 , <200,"Children estimates were not available at the time of publication.",<200 ,<200 , <200,"Children estimates were not available at the time of publication.",<200 ,<200 , <200,"Children estimates were not available at the time of publication.",<200 ,<200 , <200,"Children estimates were not available at the time of publication.",<200 ,<200 , <200,"Children estimates were not available at the time of publication.",<200 ,<200 , <200,"Children estimates were not available at the time of publication.",<200 ,<200 , <200,"Children estimates were not available at the time of publication.",<200 ,<200 , <500,"Children estimates were not available at the time of publication.",<200 ,<200 , <500,"Children estimates were not available at the time of publication.",<200 ,<200 , <500,"Children estimates were not available at the time of publication.",<500 ,<200 , <500,"Children estimates were not available at the time of publication.",<500 ,<200 , <500,"Children estimates were not available at the time of publication.",<500 ,<200 , <500,"Children estimates were not available at the time of publication.",<500 ,<200 , <500,"Children estimates were not available at the time of publication.",<500 ,<200 , <500,"Children estimates were not available at the time of publication.",<500 ,<200 , <500,"Children estimates were not available at the time of publication.",<500 ,<200 , <500,"Children estimates were not available at the time of publication."
Burkina Faso,16 000 ,11 000 , 22 000,,15 000 ,11 000 , 20 000,,13 000 ,9800 , 17 000,,11 000 ,8300 , 15 000,,9500 ,7000 , 14 000,,8300 ,6200 , 11 000,,7400 ,5700 , 9900,,6900 ,5500 , 9000,,6300 ,5100 , 8100,,5600 ,4500 , 7200,,5200 ,4100 , 6500,,4800 ,3600 , 6100,,4500 ,3400 , 5700,,4000 ,2900 , 5100,,3500 ,2500 , 4600,,3300 ,2300 , 4300,,2900 ,2000 , 3900,,2600 ,1700 , 3600,,2500 ,1600 , 3600,,2300 ,1600 , 3400,,2300 ,1600 , 3300,,2100 ,1400 , 3000,,2000 ,1300 , 3000,,1800 ,1100 , 2600,,1700 ,1000 , 2500,,1600 ,1000 , 2300,,1600 ,1000 , 2300,,1700 ,1000 , 2400,,2000 ,1300 , 2700,,1800 ,1200 , 2700,,1800 ,1200 , 2600,,2100 ,1500 , 3100,,2100 ,1400 , 3100,,2100 ,1400 , 3100,,2000 ,1300 , 3000,
Burundi,21 000 ,14 000 , 30 000,,19 000 ,14 000 , 25 000,,16 000 ,12 000 , 23 000,,8600 ,3900 , 16 000,,17 000 ,14 000 , 20 000,,4000 ,690 , 10 000,,8300 ,6300 , 12 000,,7900 ,6600 , 10 000,,6600 ,5500 , 8400,,5000 ,3800 , 6600,,4500 ,3400 , 6000,,4400 ,3200 , 5800,,3700 ,2600 , 5100,,3600 ,2600 , 4800,,3300 ,2300 , 4400,,3000 ,2100 , 4000,,3100 ,2300 , 4200,,3000 ,2200 , 4000,,3100 ,2300 , 4200,,2400 ,1600 , 3400,,3100 ,2200 , 4100,,2600 ,1800 , 3500,,2400 ,1600 , 3300,,2200 ,1400 , 3100,,2300 ,1400 , 3200,,2200 ,1400 , 3100,,1700 ,1100 , 2700,,1500 ,910 , 2400,,1200 ,700 , 2000,,1100 ,720 , 1800,,1000 ,710 , 1600,,1000 ,730 , 1600,,930 ,690 , 1500,,810 ,590 , 1300,,930 ,720 , 1400,
Cabo Verde,<200 ,<100 , <500,,<200 ,<100 , <500,,<200 ,<100 , <500,,<200 ,<200 , <500,,<200 ,<200 , <500,,<200 ,<200 , <500,,<200 ,<200 , <500,,<200 ,<200 , <500,,<200 ,<200 , <500,,<200 ,<200 , <500,,<200 ,<200 , <500,,<200 ,<200 , <500,,<200 ,<200 , <500,,<200 ,<200 , <500,,<200 ,<200 , <500,,<200 ,<200 , <500,,<200 ,<200 , <200,,<200 ,<200 , <200,,<200 ,<200 , <200,,<200 ,<200 , <200,,<200 ,<200 , <500,,<200 ,<200 , <500,,<200 ,<200 , <500,,<200 ,<200 , <500,,<200 ,<200 , <500,,<200 ,<200 , <500,,<500 ,<200 , <500,,<500 ,<200 , <500,,<500 ,<200 , <500,,<200 ,<200 , <500,,<200 ,<200 , <500,,<200 ,<200 , <500,,<200 ,<200 , <500,,<200 ,<200 , <500,,<200 ,<200 , <500,
Cambodia,<500 ,<200 , <500,,750 ,640 , 870,,2000 ,1700 , 2300,,4400 ,3700 , 5000,,7300 ,6200 , 8400,,10 000 ,8600 , 12 000,,12 000 ,10 000 , 14 000,,12 000 ,11 000 , 14 000,,11 000 ,9900 , 13 000,,9300 ,8100 , 10 000,,7100 ,6200 , 8000,,5600 ,4900 , 6300,,4900 ,4400 , 5600,,4500 ,4000 , 5000,,4000 ,3600 , 4500,,3500 ,3100 , 3900,,3100 ,2700 , 3400,,2700 ,2400 , 3000,,2300 ,2100 , 2600,,2100 ,1800 , 2300,,1800 ,1600 , 2000,,1700 ,1500 , 1900,,1600 ,1500 , 1800,,1600 ,1400 , 1700,,1500 ,1400 , 1700,,1500 ,1300 , 1700,,1500 ,1300 , 1700,,1500 ,1300 , 1700,,1400 ,1300 , 1600,,1400 ,1300 , 1600,,1400 ,1300 , 1600,,1500 ,1300 , 1700,,1500 ,1300 , 1700,,1400 ,1200 , 1600,,1200 ,1000 , 1300,
Cameroon,16 000 ,12 000 , 19 000,,20 000 ,16 000 , 24 000,,27 000 ,21 000 , 31 000,,33 000 ,27 000 , 38 000,,40 000 ,34 000 , 46 000,,46 000 ,39 000 , 52 000,,51 000 ,44 000 , 58 000,,53 000 ,47 000 , 60 000,,55 000 ,48 000 , 62 000,,53 000 ,46 000 , 60 000,,51 000 ,45 000 , 57 000,,47 000 ,42 000 , 53 000,,44 000 ,40 000 , 50 000,,41 000 ,37 000 , 46 000,,38 000 ,34 000 , 43 000,,36 000 ,32 000 , 41 000,,34 000 ,30 000 , 40 000,,33 000 ,29 000 , 38 000,,31 000 ,27 000 , 36 000,,29 000 ,25 000 , 35 000,,27 000 ,23 000 , 32 000,,26 000 ,22 000 , 32 000,,23 000 ,19 000 , 29 000,,21 000 ,18 000 , 27 000,,20 000 ,16 000 , 26 000,,19 000 ,15 000 , 25 000,,18 000 ,15 000 , 25 000,,17 000 ,13 000 , 23 000,,16 000 ,12 000 , 22 000,,15 000 ,11 000 , 21 000,,15 000 ,11 000 , 21 000,,13 000 ,9100 , 19 000,,11 000 ,6900 , 16 000,,10 000 ,6900 , 15 000,,9700 ,7100 , 14 000,
Canada,2400 ,2100 , 2800,,2400 ,2000 , 2700,,2300 ,2000 , 2700,,2300 ,2000 , 2700,,2300 ,2000 , 2700,,2300 ,2000 , 2700,,2300 ,2000 , 2600,,2300 ,2000 , 2600,,2300 ,1900 , 2600,,2300 ,1900 , 2600,,2300 ,1900 , 2600,,2300 ,1900 , 2600,,2300 ,1900 , 2600,,2200 ,1900 , 2600,,2200 ,1900 , 2500,,2200 ,1900 , 2500,,2200 ,1800 , 2500,,2100 ,1800 , 2400,,2100 ,1800 , 2400,,2000 ,1700 , 2300,,1900 ,1600 , 2100,,1700 ,1500 , 2000,,1600 ,1400 , 1900,,1600 ,1400 , 1800,,1600 ,1400 , 1900,,1600 ,1400 , 1900,,1700 ,1400 , 1900,,1700 ,1500 , 2000,,1800 ,1500 , 2000,,1600 ,1400 , 1900,,1400 ,1200 , 1600,,1600 ,1300 , 1800,,1700 ,1400 , 1900,,... ,... , ...,,... ,... , ...,
Central African Republic,13 000 ,9900 , 20 000,,15 000 ,11 000 , 23 000,,15 000 ,11 000 , 23 000,,16 000 ,12 000 , 22 000,,16 000 ,13 000 , 22 000,,16 000 ,13 000 , 21 000,,14 000 ,11 000 , 18 000,,13 000 ,11 000 , 16 000,,13 000 ,10 000 , 15 000,,12 000 ,9500 , 14 000,,11 000 ,8600 , 13 000,,11 000 ,8400 , 13 000,,9700 ,7700 , 12 000,,9400 ,7300 , 12 000,,9200 ,7200 , 11 000,,8700 ,7000 , 11 000,,8400 ,6700 , 10 000,,8200 ,6600 , 10 000,,7600 ,5900 , 9500,,7600 ,5700 , 9400,,7200 ,5500 , 9400,,7000 ,5300 , 9200,,6700 ,4900 , 8900,,6500 ,4700 , 8800,,5800 ,4000 , 8100,,5600 ,3800 , 8000,,5000 ,3200 , 7500,,4600 ,2800 , 7000,,4200 ,2500 , 6600,,3900 ,2200 , 6400,,3700 ,2000 , 6200,,3600 ,2000 , 6100,,3200 ,1500 , 6100,,2700 ,1200 , 5600,,2800 ,1200 , 6300,
Chad,7900 ,4400 , 12 000,,9600 ,6000 , 14 000,,10 000 ,6700 , 14 000,,11 000 ,7400 , 14 000,,10 000 ,7300 , 13 000,,10 000 ,7600 , 13 000,,9200 ,6900 , 12 000,,9800 ,7400 , 13 000,,9200 ,7000 , 12 000,,8100 ,6100 , 10 000,,7400 ,5500 , 9500,,7500 ,5700 , 9600,,7200 ,5600 , 9200,,6900 ,5500 , 8800,,6300 ,4900 , 8000,,6200 ,4900 , 7900,,6100 ,4700 , 7700,,6000 ,4600 , 7700,,5600 ,4200 , 7300,,5100 ,3900 , 6800,,5200 ,3900 , 6800,,5000 ,3700 , 6600,,4800 ,3500 , 6500,,4600 ,3300 , 6400,,4300 ,3000 , 5900,,4300 ,2900 , 5800,,4000 ,2800 , 5600,,3600 ,2300 , 5000,,3500 ,2300 , 5000,,3500 ,2200 , 5000,,3100 ,2000 , 4700,,2900 ,1700 , 4400,,2800 ,1600 , 4400,,2700 ,1500 , 4600,,2800 ,1700 , 4500,
Chile,1100 ,960 , 1200,,1300 ,1100 , 1400,,1400 ,1300 , 1600,,1500 ,1400 , 1700,,1600 ,1500 , 1800,,1700 ,1600 , 1800,,1700 ,1600 , 1800,,1700 ,1600 , 1800,,1700 ,1600 , 1800,,1700 ,1600 , 1800,,1800 ,1600 , 1900,,1800 ,1700 , 1900,,1900 ,1800 , 2000,,2000 ,1900 , 2100,,2100 ,2000 , 2200,,2200 ,2100 , 2300,,2300 ,2200 , 2400,,2500 ,2300 , 2500,,2600 ,2500 , 2700,,2700 ,2600 , 2800,,2800 ,2700 , 2900,,2900 ,2800 , 3000,,3000 ,2900 , 3100,,3100 ,2900 , 3200,,3200 ,3000 , 3300,,3200 ,3100 , 3400,,3300 ,3100 , 3400,,3400 ,3200 , 3500,,3500 ,3200 , 3600,,3600 ,3300 , 3800,,3600 ,3300 , 3800,,3700 ,3400 , 3900,,3700 ,3400 , 3900,,3700 ,3400 , 4000,,3800 ,3400 , 4000,
China,... ,... , ...,"Estimates were not available at the time of publication.",... ,... , ...,"Estimates were not available at the time of publication.",... ,... , ...,"Estimates were not available at the time of publication.",... ,... , ...,"Estimates were not available at the time of publication.",... ,... , ...,"Estimates were not available at the time of publication.",... ,... , ...,"Estimates were not available at the time of publication.",... ,... , ...,"Estimates were not available at the time of publication.",... ,... , ...,"Estimates were not available at the time of publication.",... ,... , ...,"Estimates were not available at the time of publication.",... ,... , ...,"Estimates were not available at the time of publication.",... ,... , ...,"Estimates were not available at the time of publication.",... ,... , ...,"Estimates were not available at the time of publication.",... ,... , ...,"Estimates were not available at the time of publication.",... ,... , ...,"Estimates were not available at the time of publication.",... ,... , ...,"Estimates were not available at the time of publication.",... ,... , ...,"Estimates were not available at the time of publication.",... ,... , ...,"Estimates were not available at the time of publication.",... ,... , ...,"Estimates were not available at the time of publication.",... ,... , ...,"Estimates were not available at the time of publication.",... ,... , ...,"Estimates were not available at the time of publication.",... ,... , ...,"Estimates were not available at the time of publication.",... ,... , ...,"Estimates were not available at the time of publication.",... ,... , ...,"Estimates were not available at the time of publication.",... ,... , ...,"Estimates were not available at the time of publication.",... ,... , ...,"Estimates were not available at the time of publication.",... ,... , ...,"Estimates were not available at the time of publication.",... ,... , ...,"Estimates were not available at the time of publication.",... ,... , ...,"Estimates were not available at the time of publication.",... ,... , ...,"Estimates were not available at the time of publication.",... ,... , ...,"Estimates were not available at the time of publication.",... ,... , ...,"Estimates were not available at the time of publication.",... ,... , ...,"Estimates were not available at the time of publication.",... ,... , ...,"Estimates were not available at the time of publication.",... ,... , ...,"Estimates were not available at the time of publication.",... ,... , ...,"Estimates were not available at the time of publication."
Colombia,4900 ,3500 , 7400,,6400 ,4500 , 9600,,8000 ,5700 , 12 000,,9600 ,7000 , 14 000,,11 000 ,7800 , 15 000,,12 000 ,8500 , 16 000,,12 000 ,8900 , 17 000,,12 000 ,8900 , 17 000,,12 000 ,8900 , 17 000,,12 000 ,8900 , 16 000,,12 000 ,9000 , 16 000,,11 000 ,8500 , 14 000,,11 000 ,8500 , 13 000,,11 000 ,8600 , 13 000,,10 000 ,8500 , 13 000,,10 000 ,8300 , 12 000,,10 000 ,8000 , 12 000,,10 000 ,7900 , 12 000,,11 000 ,8400 , 13 000,,11 000 ,8400 , 13 000,,10 000 ,8100 , 13 000,,9700 ,7400 , 13 000,,9700 ,7300 , 13 000,,9800 ,7200 , 13 000,,9700 ,7000 , 13 000,,9900 ,7400 , 14 000,,9600 ,6900 , 14 000,,10 000 ,7400 , 16 000,,11 000 ,7600 , 17 000,,11 000 ,7300 , 17 000,,10 000 ,6800 , 17 000,,11 000 ,7100 , 19 000,,11 000 ,7100 , 20 000,,11 000 ,6600 , 21 000,,... ,... , ...,
Comoros,<100 ,<100 , <100,"Children estimates were not available at the time of publication.",<100 ,<100 , <100,"Children estimates were not available at the time of publication.",<100 ,<100 , <100,"Children estimates were not available at the time of publication.",<100 ,<100 , <100,"Children estimates were not available at the time of publication.",<100 ,<100 , <100,"Children estimates were not available at the time of publication.",<100 ,<100 , <100,"Children estimates were not available at the time of publication.",<100 ,<100 , <100,"Children estimates were not available at the time of publication.",<100 ,<100 , <100,"Children estimates were not available at the time of publication.",<100 ,<100 , <100,"Children estimates were not available at the time of publication.",<100 ,<100 , <100,"Children estimates were not available at the time of publication.",<100 ,<100 , <100,"Children estimates were not available at the time of publication.",<100 ,<100 , <100,"Children estimates were not available at the time of publication.",<100 ,<100 , <100,"Children estimates were not available at the time of publication.",<100 ,<100 , <100,"Children estimates were not available at the time of publication.",<100 ,<100 , <100,"Children estimates were not available at the time of publication.",<100 ,<100 , <100,"Children estimates were not available at the time of publication.",<100 ,<100 , <100,"Children estimates were not available at the time of publication.",<100 ,<100 , <100,"Children estimates were not available at the time of publication.",<100 ,<100 , <100,"Children estimates were not available at the time of publication.",<100 ,<100 , <100,"Children estimates were not available at the time of publication.",<100 ,<100 , <100,"Children estimates were not available at the time of publication.",<100 ,<100 , <100,"Children estimates were not available at the time of publication.",<100 ,<100 , <100,"Children estimates were not available at the time of publication.",<100 ,<100 , <100,"Children estimates were not available at the time of publication.",<100 ,<100 , <100,"Children estimates were not available at the time of publication.",<100 ,<100 , <100,"Children estimates were not available at the time of publication.",<100 ,<100 , <100,"Children estimates were not available at the time of publication.",<100 ,<100 , <100,"Children estimates were not available at the time of publication.",<100 ,<100 , <100,"Children estimates were not available at the time of publication.",<100 ,<100 , <100,"Children estimates were not available at the time of publication.",<100 ,<100 , <100,"Children estimates were not available at the time of publication.",<100 ,<100 , <100,"Children estimates were not available at the time of publication.",<100 ,<100 , <100,"Children estimates were not available at the time of publication.",<100 ,<100 , <100,"Children estimates were not available at the time of publication.",<100 ,<100 , <100,"Children estimates were not available at the time of publication."
Congo,8300 ,6400 , 11 000,,7700 ,6100 , 11 000,,6500 ,5400 , 8800,,6100 ,5200 , 7900,,5900 ,5000 , 7200,,5700 ,4900 , 6900,,5600 ,4900 , 6700,,5300 ,4600 , 6300,,5600 ,4900 , 6700,,4900 ,4200 , 5800,,5000 ,4300 , 5900,,4900 ,4200 , 5800,,5100 ,4400 , 6000,,5300 ,4400 , 6100,,5000 ,4200 , 5900,,5100 ,4200 , 6100,,5100 ,4200 , 6200,,5000 ,4000 , 6100,,5100 ,4000 , 6300,,5000 ,3800 , 6300,,5300 ,4000 , 6700,,5600 ,4200 , 7000,,5800 ,4300 , 7600,,5900 ,4400 , 8100,,6100 ,4500 , 8500,,6300 ,4500 , 8800,,6600 ,4600 , 9200,,6900 ,4500 , 9700,,7100 ,4400 , 10 000,,8000 ,5000 , 12 000,,7900 ,4600 , 12 000,,8200 ,4500 , 12 000,,8400 ,4200 , 13 000,,8100 ,3800 , 13 000,,8000 ,3500 , 13 000,
Costa Rica,<500 ,<500 , <500,,<500 ,<500 , <500,,<500 ,<500 , <500,,<500 ,<500 , <500,,<500 ,<500 , <500,,<500 ,<500 , <500,,<500 ,<500 , <500,,<500 ,<500 , <500,,<500 ,<500 , <500,,<500 ,<500 , <500,,<500 ,<500 , <500,,510 ,<500 , 530,,560 ,520 , 590,,620 ,580 , 650,,670 ,630 , 710,,720 ,680 , 770,,760 ,730 , 820,,800 ,770 , 870,,840 ,800 , 910,,880 ,820 , 940,,910 ,840 , 970,,930 ,860 , 1000,,960 ,880 , 1000,,980 ,890 , 1000,,1000 ,900 , 1100,,1000 ,900 , 1100,,1000 ,910 , 1100,,1000 ,910 , 1100,,1100 ,910 , 1100,,1100 ,910 , 1100,,1100 ,910 , 1200,,1100 ,910 , 1200,,1100 ,910 , 1200,,1100 ,910 , 1200,,1100 ,910 , 1200,
Croatia,<100 ,<100 , <100,"Children estimates were not available at the time of publication.",<100 ,<100 , <100,"Children estimates were not available at the time of publication.",<100 ,<100 , <100,"Children estimates were not available at the time of publication.",<100 ,<100 , <100,"Children estimates were not available at the time of publication.",<100 ,<100 , <100,"Children estimates were not available at the time of publication.",<100 ,<100 , <100,"Children estimates were not available at the time of publication.",<100 ,<100 , <100,"Children estimates were not available at the time of publication.",<100 ,<100 , <100,"Children estimates were not available at the time of publication.",<100 ,<100 , <100,"Children estimates were not available at the time of publication.",<100 ,<100 , <100,"Children estimates were not available at the time of publication.",<100 ,<100 , <100,"Children estimates were not available at the time of publication.",<100 ,<100 , <100,"Children estimates were not available at the time of publication.",<100 ,<100 , <100,"Children estimates were not available at the time of publication.",<100 ,<100 , <100,"Children estimates were not available at the time of publication.",<100 ,<100 , <100,"Children estimates were not available at the time of publication.",<100 ,<100 , <100,"Children estimates were not available at the time of publication.",<100 ,<100 , <100,"Children estimates were not available at the time of publication.",<100 ,<100 , <100,"Children estimates were not available at the time of publication.",<100 ,<100 , <100,"Children estimates were not available at the time of publication.",<100 ,<100 , <100,"Children estimates were not available at the time of publication.",<100 ,<100 , <100,"Children estimates were not available at the time of publication.",<100 ,<100 , <100,"Children estimates were not available at the time of publication.",<100 ,<100 , <100,"Children estimates were not available at the time of publication.",<100 ,<100 , <100,"Children estimates were not available at the time of publication.",<100 ,<100 , <100,"Children estimates were not available at the time of publication.",<100 ,<100 , <100,"Children estimates were not available at the time of publication.",<100 ,<100 , <100,"Children estimates were not available at the time of publication.",<100 ,<100 , <100,"Children estimates were not available at the time of publication.",<100 ,<100 , <100,"Children estimates were not available at the time of publication.",<100 ,<100 , <100,"Children estimates were not available at the time of publication.",<100 ,<100 , <100,"Children estimates were not available at the time of publication.",<100 ,<100 , <100,"Children estimates were not available at the time of publication.",<100 ,<100 , <100,"Children estimates were not available at the time of publication.",<100 ,<100 , <100,"Children estimates were not available at the time of publication.",<100 ,<100 , <100,"Children estimates were not available at the time of publication."
Cuba,<200 ,<100 , <500,,<200 ,<100 , <500,,<200 ,<100 , <500,,<200 ,<100 , <500,,<200 ,<100 , <500,,<500 ,<200 , <500,,<500 ,<500 , <500,,500 ,<500 , 600,,710 ,580 , 820,,950 ,810 , 1100,,1200 ,1100 , 1400,,1400 ,1300 , 1600,,1600 ,1500 , 1800,,1800 ,1600 , 2000,,1900 ,1700 , 2100,,2000 ,1800 , 2200,,2000 ,1900 , 2200,,2100 ,1900 , 2200,,2100 ,1900 , 2200,,2100 ,1900 , 2200,,2100 ,1900 , 2200,,2100 ,1900 , 2200,,2100 ,1900 , 2200,,2000 ,1900 , 2200,,2000 ,1900 , 2100,,2000 ,1800 , 2100,,1900 ,1800 , 2100,,1900 ,1800 , 2000,,1900 ,1700 , 2000,,1800 ,1700 , 2000,,1800 ,1700 , 1900,,1800 ,1700 , 1900,,1700 ,1600 , 1900,,1700 ,1600 , 1800,,1700 ,1600 , 1800,
Cyprus,... ,... , ...,"Estimates were not available at the time of publication.",... ,... , ...,"Estimates were not available at the time of publication.",... ,... , ...,"Estimates were not available at the time of publication.",... ,... , ...,"Estimates were not available at the time of publication.",... ,... , ...,"Estimates were not available at the time of publication.",... ,... , ...,"Estimates were not available at the time of publication.",... ,... , ...,"Estimates were not available at the time of publication.",... ,... , ...,"Estimates were not available at the time of publication.",... ,... , ...,"Estimates were not available at the time of publication.",... ,... , ...,"Estimates were not available at the time of publication.",... ,... , ...,"Estimates were not available at the time of publication.",... ,... , ...,"Estimates were not available at the time of publication.",... ,... , ...,"Estimates were not available at the time of publication.",... ,... , ...,"Estimates were not available at the time of publication.",... ,... , ...,"Estimates were not available at the time of publication.",... ,... , ...,"Estimates were not available at the time of publication.",... ,... , ...,"Estimates were not available at the time of publication.",... ,... , ...,"Estimates were not available at the time of publication.",... ,... , ...,"Estimates were not available at the time of publication.",... ,... , ...,"Estimates were not available at the time of publication.",... ,... , ...,"Estimates were not available at the time of publication.",... ,... , ...,"Estimates were not available at the time of publication.",... ,... , ...,"Estimates were not available at the time of publication.",... ,... , ...,"Estimates were not available at the time of publication.",... ,... , ...,"Estimates were not available at the time of publication.",... ,... , ...,"Estimates were not available at the time of publication.",... ,... , ...,"Estimates were not available at the time of publication.",... ,... , ...,"Estimates were not available at the time of publication.",... ,... , ...,"Estimates were not available at the time of publication.",... ,... , ...,"Estimates were not available at the time of publication.",... ,... , ...,"Estimates were not available at the time of publication.",... ,... , ...,"Estimates were not available at the time of publication.",... ,... , ...,"Estimates were not available at the time of publication.",... ,... , ...,"Estimates were not available at the time of publication.",... ,... , ...,"Estimates were not available at the time of publication."
Czechia,... ,... , ...,"Estimates were not available at the time of publication.",... ,... , ...,"Estimates were not available at the time of publication.",... ,... , ...,"Estimates were not available at the time of publication.",... ,... , ...,"Estimates were not available at the time of publication.",... ,... , ...,"Estimates were not available at the time of publication.",... ,... , ...,"Estimates were not available at the time of publication.",... ,... , ...,"Estimates were not available at the time of publication.",... ,... , ...,"Estimates were not available at the time of publication.",... ,... , ...,"Estimates were not available at the time of publication.",... ,... , ...,"Estimates were not available at the time of publication.",... ,... , ...,"Estimates were not available at the time of publication.",... ,... , ...,"Estimates were not available at the time of publication.",... ,... , ...,"Estimates were not available at the time of publication.",... ,... , ...,"Estimates were not available at the time of publication.",... ,... , ...,"Estimates were not available at the time of publication.",... ,... , ...,"Estimates were not available at the time of publication.",... ,... , ...,"Estimates were not available at the time of publication.",... ,... , ...,"Estimates were not available at the time of publication.",... ,... , ...,"Estimates were not available at the time of publication.",... ,... , ...,"Estimates were not available at the time of publication.",... ,... , ...,"Estimates were not available at the time of publication.",... ,... , ...,"Estimates were not available at the time of publication.",... ,... , ...,"Estimates were not available at the time of publication.",... ,... , ...,"Estimates were not available at the time of publication.",... ,... , ...,"Estimates were not available at the time of publication.",... ,... , ...,"Estimates were not available at the time of publication.",... ,... , ...,"Estimates were not available at the time of publication.",... ,... , ...,"Estimates were not available at the time of publication.",... ,... , ...,"Estimates were not available at the time of publication.",... ,... , ...,"Estimates were not available at the time of publication.",... ,... , ...,"Estimates were not available at the time of publication.",... ,... , ...,"Estimates were not available at the time of publication.",... ,... , ...,"Estimates were not available at the time of publication.",... ,... , ...,"Estimates were not available at the time of publication.",... ,... , ...,"Estimates were not available at the time of publication."
Côte d'Ivoire,64 000 ,49 000 , 82 000,,71 000 ,58 000 , 89 000,,73 000 ,59 000 , 89 000,,71 000 ,57 000 , 86 000,,68 000 ,55 000 , 81 000,,62 000 ,51 000 , 77 000,,57 000 ,45 000 , 71 000,,51 000 ,41 000 , 62 000,,47 000 ,39 000 , 56 000,,46 000 ,39 000 , 54 000,,39 000 ,33 000 , 46 000,,36 000 ,31 000 , 42 000,,33 000 ,28 000 , 40 000,,29 000 ,25 000 , 36 000,,28 000 ,24 000 , 35 000,,25 000 ,21 000 , 32 000,,24 000 ,19 000 , 29 000,,22 000 ,17 000 , 28 000,,18 000 ,14 000 , 23 000,,18 000 ,13 000 , 24 000,,17 000 ,12 000 , 24 000,,15 000 ,11 000 , 22 000,,14 000 ,9600 , 20 000,,13 000 ,8900 , 20 000,,11 000 ,7000 , 17 000,,12 000 ,7800 , 17 000,,12 000 ,7700 , 18 000,,10 000 ,6200 , 16 000,,9500 ,5500 , 14 000,,8500 ,5000 , 13 000,,8200 ,4900 , 13 000,,8200 ,4900 , 13 000,,7300 ,4000 , 12 000,,7000 ,3800 , 12 000,,6300 ,3500 , 11 000,
Democratic People's Republic of Korea,... ,... , ...,"Estimates were not available at the time of publication.",... ,... , ...,"Estimates were not available at the time of publication.",... ,... , ...,"Estimates were not available at the time of publication.",... ,... , ...,"Estimates were not available at the time of publication.",... ,... , ...,"Estimates were not available at the time of publication.",... ,... , ...,"Estimates were not available at the time of publication.",... ,... , ...,"Estimates were not available at the time of publication.",... ,... , ...,"Estimates were not available at the time of publication.",... ,... , ...,"Estimates were not available at the time of publication.",... ,... , ...,"Estimates were not available at the time of publication.",... ,... , ...,"Estimates were not available at the time of publication.",... ,... , ...,"Estimates were not available at the time of publication.",... ,... , ...,"Estimates were not available at the time of publication.",... ,... , ...,"Estimates were not available at the time of publication.",... ,... , ...,"Estimates were not available at the time of publication.",... ,... , ...,"Estimates were not available at the time of publication.",... ,... , ...,"Estimates were not available at the time of publication.",... ,... , ...,"Estimates were not available at the time of publication.",... ,... , ...,"Estimates were not available at the time of publication.",... ,... , ...,"Estimates were not available at the time of publication.",... ,... , ...,"Estimates were not available at the time of publication.",... ,... , ...,"Estimates were not available at the time of publication.",... ,... , ...,"Estimates were not available at the time of publication.",... ,... , ...,"Estimates were not available at the time of publication.",... ,... , ...,"Estimates were not available at the time of publication.",... ,... , ...,"Estimates were not available at the time of publication.",... ,... , ...,"Estimates were not available at the time of publication.",... ,... , ...,"Estimates were not available at the time of publication.",... ,... , ...,"Estimates were not available at the time of publication.",... ,... , ...,"Estimates were not available at the time of publication.",... ,... , ...,"Estimates were not available at the time of publication.",... ,... , ...,"Estimates were not available at the time of publication.",... ,... , ...,"Estimates were not available at the time of publication.",... ,... , ...,"Estimates were not available at the time of publication.",... ,... , ...,"Estimates were not available at the time of publication."
Democratic Republic of the Congo,65 000 ,49 000 , 90 000,,64 000 ,49 000 , 89 000,,63 000 ,48 000 , 84 000,,62 000 ,46 000 , 81 000,,57 000 ,43 000 , 74 000,,56 000 ,42 000 , 73 000,,55 000 ,42 000 , 69 000,,52 000 ,41 000 , 65 000,,48 000 ,38 000 , 59 000,,45 000 ,37 000 , 56 000,,43 000 ,35 000 , 53 000,,40 000 ,33 000 , 50 000,,40 000 ,33 000 , 49 000,,38 000 ,32 000 , 47 000,,37 000 ,31 000 , 45 000,,36 000 ,30 000 , 44 000,,34 000 ,28 000 , 42 000,,33 000 ,27 000 , 41 000,,31 000 ,25 000 , 39 000,,31 000 ,25 000 , 39 000,,29 000 ,23 000 , 36 000,,28 000 ,23 000 , 36 000,,27 000 ,21 000 , 33 000,,26 000 ,19 000 , 33 000,,25 000 ,19 000 , 33 000,,25 000 ,18 000 , 33 000,,24 000 ,17 000 , 33 000,,23 000 ,16 000 , 32 000,,23 000 ,16 000 , 32 000,,24 000 ,17 000 , 34 000,,21 000 ,15 000 , 31 000,,20 000 ,12 000 , 32 000,,19 000 ,10 000 , 32 000,,17 000 ,8400 , 31 000,,16 000 ,7900 , 30 000,
Denmark,<500 ,<500 , <500,"Children estimates were not available at the time of publication.",<500 ,<500 , <500,"Children estimates were not available at the time of publication.",<500 ,<500 , <500,"Children estimates were not available at the time of publication.",<500 ,<500 , <500,"Children estimates were not available at the time of publication.",<500 ,<500 , <500,"Children estimates were not available at the time of publication.",<500 ,<500 , <500,"Children estimates were not available at the time of publication.",<500 ,<500 , <500,"Children estimates were not available at the time of publication.",<500 ,<500 , <500,"Children estimates were not available at the time of publication.",<500 ,<500 , <500,"Children estimates were not available at the time of publication.",<500 ,<500 , <500,"Children estimates were not available at the time of publication.",<500 ,<500 , <500,"Children estimates were not available at the time of publication.",<500 ,<200 , <500,"Children estimates were not available at the time of publication.",<500 ,<200 , <500,"Children estimates were not available at the time of publication.",<500 ,<200 , <500,"Children estimates were not available at the time of publication.",<200 ,<200 , <500,"Children estimates were not available at the time of publication.",<200 ,<200 , <200,"Children estimates were not available at the time of publication.",<200 ,<200 , <200,"Children estimates were not available at the time of publication.",<200 ,<200 , <200,"Children estimates were not available at the time of publication.",<200 ,<200 , <200,"Children estimates were not available at the time of publication.",<200 ,<200 , <200,"Children estimates were not available at the time of publication.",<200 ,<200 , <200,"Children estimates were not available at the time of publication.",<200 ,<200 , <200,"Children estimates were not available at the time of publication.",<200 ,<200 , <200,"Children estimates were not available at the time of publication.",<200 ,<200 , <200,"Children estimates were not available at the time of publication.",<200 ,<200 , <200,"Children estimates were not available at the time of publication.",<200 ,<100 , <200,"Children estimates were not available at the time of publication.",<200 ,<100 , <200,"Children estimates were not available at the time of publication.",<100 ,<100 , <200,"Children estimates were not available at the time of publication.",<100 ,<100 , <200,"Children estimates were not available at the time of publication.",<100 ,<100 , <200,"Children estimates were not available at the time of publication.",<100 ,<100 , <100,"Children estimates were not available at the time of publication.",<100 ,<100 , <100,"Children estimates were not available at the time of publication.",<100 ,<100 , <100,"Children estimates were not available at the time of publication.",<100 ,<100 , <100,"Children estimates were not available at the time of publication.",<100 ,<100 , <100,"Children estimates were not available at the time of publication."
Djibouti,800 ,<500 , 1200,,1100 ,680 , 1600,,1600 ,960 , 2200,,1500 ,950 , 1900,,1500 ,1100 , 2000,,1600 ,1100 , 2100,,1600 ,1100 , 2200,,1500 ,1000 , 2100,,1500 ,1000 , 2100,,1600 ,1000 , 2200,,1600 ,1100 , 2300,,1500 ,980 , 2200,,1300 ,810 , 1900,,1100 ,650 , 1600,,1100 ,610 , 1500,,1000 ,590 , 1500,,920 ,540 , 1400,,830 ,<500 , 1200,,800 ,<500 , 1200,,770 ,<500 , 1200,,720 ,<500 , 1100,,590 ,<500 , 880,,<500 ,<500 , 750,,<500 ,<500 , 650,,<500 ,<200 , 590,,<500 ,<200 , 620,,<500 ,<200 , <500,,<500 ,<200 , <500,,<500 ,<200 , 590,,<500 ,<200 , 550,,<500 ,<500 , 610,,<500 ,<500 , 570,,<500 ,<500 , 540,,<500 ,<500 , 630,,<500 ,<500 , 600,
Dominica,<100 ,<100 , <100,"Countries with a UNAIDS-approved estimate and population less than 250000 in 2024; not included in regional or global totals",<100 ,<100 , <100,"Countries with a UNAIDS-approved estimate and population less than 250000 in 2024; not included in regional or global totals",<100 ,<100 , <100,"Countries with a UNAIDS-approved estimate and population less than 250000 in 2024; not included in regional or global totals",<100 ,<100 , <100,"Countries with a UNAIDS-approved estimate and population less than 250000 in 2024; not included in regional or global totals",<100 ,<100 , <100,"Countries with a UNAIDS-approved estimate and population less than 250000 in 2024; not included in regional or global totals",<100 ,<100 , <100,"Countries with a UNAIDS-approved estimate and population less than 250000 in 2024; not included in regional or global totals",<100 ,<100 , <100,"Countries with a UNAIDS-approved estimate and population less than 250000 in 2024; not included in regional or global totals",<100 ,<100 , <100,"Countries with a UNAIDS-approved estimate and population less than 250000 in 2024; not included in regional or global totals",<100 ,<100 , <100,"Countries with a UNAIDS-approved estimate and population less than 250000 in 2024; not included in regional or global totals",<100 ,<100 , <100,"Countries with a UNAIDS-approved estimate and population less than 250000 in 2024; not included in regional or global totals",<100 ,<100 , <100,"Countries with a UNAIDS-approved estimate and population less than 250000 in 2024; not included in regional or global totals",<100 ,<100 , <100,"Countries with a UNAIDS-approved estimate and population less than 250000 in 2024; not included in regional or global totals",<100 ,<100 , <100,"Countries with a UNAIDS-approved estimate and population less than 250000 in 2024; not included in regional or global totals",<100 ,<100 , <100,"Countries with a UNAIDS-approved estimate and population less than 250000 in 2024; not included in regional or global totals",<100 ,<100 , <100,"Countries with a UNAIDS-approved estimate and population less than 250000 in 2024; not included in regional or global totals",<100 ,<100 , <100,"Countries with a UNAIDS-approved estimate and population less than 250000 in 2024; not included in regional or global totals",<100 ,<100 , <100,"Countries with a UNAIDS-approved estimate and population less than 250000 in 2024; not included in regional or global totals",<100 ,<100 , <100,"Countries with a UNAIDS-approved estimate and population less than 250000 in 2024; not included in regional or global totals",<100 ,<100 , <100,"Countries with a UNAIDS-approved estimate and population less than 250000 in 2024; not included in regional or global totals",<100 ,<100 , <100,"Countries with a UNAIDS-approved estimate and population less than 250000 in 2024; not included in regional or global totals",<100 ,<100 , <100,"Countries with a UNAIDS-approved estimate and population less than 250000 in 2024; not included in regional or global totals",<100 ,<100 , <100,"Countries with a UNAIDS-approved estimate and population less than 250000 in 2024; not included in regional or global totals",<100 ,<100 , <100,"Countries with a UNAIDS-approved estimate and population less than 250000 in 2024; not included in regional or global totals",<100 ,<100 , <100,"Countries with a UNAIDS-approved estimate and population less than 250000 in 2024; not included in regional or global totals",<100 ,<100 , <100,"Countries with a UNAIDS-approved estimate and population less than 250000 in 2024; not included in regional or global totals",<100 ,<100 , <100,"Countries with a UNAIDS-approved estimate and population less than 250000 in 2024; not included in regional or global totals",<100 ,<100 , <100,"Countries with a UNAIDS-approved estimate and population less than 250000 in 2024; not included in regional or global totals",<100 ,<100 , <100,"Countries with a UNAIDS-approved estimate and population less than 250000 in 2024; not included in regional or global totals",<100 ,<100 , <100,"Countries with a UNAIDS-approved estimate and population less than 250000 in 2024; not included in regional or global totals",<100 ,<100 , <100,"Countries with a UNAIDS-approved estimate and population less than 250000 in 2024; not included in regional or global totals",<100 ,<100 , <100,"Countries with a UNAIDS-approved estimate and population less than 250000 in 2024; not included in regional or global totals",<100 ,<100 , <100,"Countries with a UNAIDS-approved estimate and population less than 250000 in 2024; not included in regional or global totals",<100 ,<100 , <100,"Countries with a UNAIDS-approved estimate and population less than 250000 in 2024; not included in regional or global totals",<100 ,<100 , <100,"Countries with a UNAIDS-approved estimate and population less than 250000 in 2024; not included in regional or global totals",<100 ,<100 , <100,"Countries with a UNAIDS-approved estimate and population less than 250000 in 2024; not included in regional or global totals"
Dominican Republic,5800 ,4200 , 9300,,7200 ,5300 , 11 000,,8300 ,6300 , 11 000,,9100 ,7000 , 12 000,,9200 ,7200 , 12 000,,8800 ,6800 , 12 000,,7400 ,6000 , 9800,,6900 ,5600 , 8900,,6400 ,5300 , 8400,,6200 ,5100 , 7900,,6200 ,5100 , 8000,,5800 ,4600 , 7400,,5700 ,4600 , 7200,,5400 ,4400 , 6700,,5100 ,4100 , 6100,,4900 ,4000 , 5800,,4700 ,3800 , 5500,,4300 ,3500 , 5300,,4000 ,3100 , 5000,,3900 ,3000 , 4900,,3800 ,2700 , 4700,,3600 ,2500 , 4400,,3500 ,2300 , 4400,,3300 ,2000 , 4200,,3200 ,1800 , 4100,,3100 ,1700 , 4000,,3200 ,1700 , 4100,,3400 ,1900 , 4400,,3500 ,2000 , 4600,,3600 ,2100 , 4700,,3700 ,2100 , 4800,,3700 ,2100 , 4800,,3500 ,2000 , 4600,,3400 ,2000 , 4600,,3300 ,1900 , 4500,
Ecuador,1100 ,610 , 2200,,1400 ,760 , 2500,,1800 ,1000 , 3000,,2100 ,1300 , 3100,,2400 ,1700 , 3300,,2700 ,2000 , 3500,,2800 ,2100 , 3600,,2800 ,2200 , 3600,,2800 ,2300 , 3600,,2700 ,2200 , 3400,,2700 ,2300 , 3300,,2600 ,2200 , 3100,,2500 ,2200 , 2900,,2500 ,2200 , 2900,,2400 ,2200 , 2800,,2400 ,2100 , 2700,,2400 ,2200 , 2700,,2400 ,2100 , 2800,,2400 ,2100 , 2800,,2400 ,2000 , 2700,,2400 ,2100 , 2700,,2400 ,2000 , 2700,,2300 ,1900 , 2600,,2200 ,1900 , 2600,,2200 ,1800 , 2500,,2100 ,1700 , 2400,,1800 ,1500 , 2200,,1700 ,1400 , 2100,,1700 ,1400 , 2100,,1700 ,1400 , 2100,,1600 ,1300 , 2000,,1700 ,1400 , 2100,,1800 ,1400 , 2200,,1700 ,1300 , 2200,,1700 ,1300 , 2200,
Egypt,980 ,570 , 1800,,1100 ,630 , 1900,,1100 ,670 , 1900,,1100 ,720 , 1800,,1200 ,790 , 1800,,1300 ,860 , 1800,,1300 ,910 , 1800,,1300 ,950 , 1700,,1300 ,990 , 1700,,1400 ,1000 , 1800,,1400 ,1100 , 1800,,1500 ,1100 , 1900,,1500 ,1200 , 2000,,1600 ,1300 , 2100,,1700 ,1300 , 2200,,1800 ,1400 , 2300,,1800 ,1400 , 2400,,1900 ,1500 , 2500,,2000 ,1600 , 2700,,2100 ,1600 , 2800,,2200 ,1700 , 3000,,2400 ,1800 , 3300,,2500 ,1900 , 3400,,2800 ,2100 , 3700,,2900 ,2200 , 4000,,3100 ,2200 , 4300,,3400 ,2300 , 4600,,3600 ,2400 , 4900,,3800 ,2500 , 5200,,4100 ,2700 , 5600,,4400 ,3000 , 6200,,4700 ,3200 , 6900,,4900 ,3200 , 7500,,5400 ,3500 , 8600,,5800 ,3700 , 9500,
El Salvador,630 ,530 , 810,,880 ,720 , 1000,,1100 ,950 , 1300,,1400 ,1200 , 1500,,1600 ,1500 , 1800,,1900 ,1700 , 2000,,2000 ,1900 , 2200,,2200 ,2000 , 2400,,2300 ,2100 , 2500,,2400 ,2100 , 2500,,2400 ,2100 , 2500,,2300 ,2100 , 2400,,2200 ,2100 , 2300,,2000 ,1900 , 2100,,1800 ,1700 , 2000,,1600 ,1500 , 1800,,1400 ,1200 , 1600,,1100 ,960 , 1400,,870 ,750 , 1100,,710 ,610 , 860,,610 ,500 , 730,,550 ,<500 , 680,,530 ,<500 , 670,,550 ,<500 , 690,,570 ,<500 , 730,,600 ,<500 , 760,,630 ,<500 , 790,,650 ,<500 , 820,,680 ,<500 , 830,,710 ,<500 , 850,,740 ,520 , 870,,770 ,580 , 930,,800 ,610 , 1000,,840 ,580 , 1100,,880 ,550 , 1200,
Equatorial Guinea,... ,... , ...,"Estimates were not available at the time of publication.",... ,... , ...,"Estimates were not available at the time of publication.",... ,... , ...,"Estimates were not available at the time of publication.",... ,... , ...,"Estimates were not available at the time of publication.",... ,... , ...,"Estimates were not available at the time of publication.",... ,... , ...,"Estimates were not available at the time of publication.",... ,... , ...,"Estimates were not available at the time of publication.",... ,... , ...,"Estimates were not available at the time of publication.",... ,... , ...,"Estimates were not available at the time of publication.",... ,... , ...,"Estimates were not available at the time of publication.",... ,... , ...,"Estimates were not available at the time of publication.",... ,... , ...,"Estimates were not available at the time of publication.",... ,... , ...,"Estimates were not available at the time of publication.",... ,... , ...,"Estimates were not available at the time of publication.",... ,... , ...,"Estimates were not available at the time of publication.",... ,... , ...,"Estimates were not available at the time of publication.",... ,... , ...,"Estimates were not available at the time of publication.",... ,... , ...,"Estimates were not available at the time of publication.",... ,... , ...,"Estimates were not available at the time of publication.",... ,... , ...,"Estimates were not available at the time of publication.",... ,... , ...,"Estimates were not available at the time of publication.",... ,... , ...,"Estimates were not available at the time of publication.",... ,... , ...,"Estimates were not available at the time of publication.",... ,... , ...,"Estimates were not available at the time of publication.",... ,... , ...,"Estimates were not available at the time of publication.",... ,... , ...,"Estimates were not available at the time of publication.",... ,... , ...,"Estimates were not available at the time of publication.",... ,... , ...,"Estimates were not available at the time of publication.",... ,... , ...,"Estimates were not available at the time of publication.",... ,... , ...,"Estimates were not available at the time of publication.",... ,... , ...,"Estimates were not available at the time of publication.",... ,... , ...,"Estimates were not available at the time of publication.",... ,... , ...,"Estimates were not available at the time of publication.",... ,... , ...,"Estimates were not available at the time of publication.",... ,... , ...,"Estimates were not available at the time of publication."
Eritrea,3100 ,2100 , 5000,,3400 ,2300 , 5200,,3000 ,2000 , 4300,,3100 ,2200 , 4300,,2900 ,2000 , 3900,,2800 ,2000 , 3800,,2300 ,1700 , 3100,,2600 ,2000 , 3400,,2300 ,1800 , 3000,,2000 ,1500 , 2600,,1700 ,1200 , 2300,,1400 ,980 , 1900,,1100 ,650 , 1600,,1000 ,610 , 1500,,750 ,<500 , 1200,,650 ,<500 , 1100,,590 ,<500 , 1000,,530 ,<500 , 940,,<500 ,<200 , 870,,<500 ,<200 , 680,,<500 ,<200 , 600,,<500 ,<200 , 550,,<500 ,<200 , 630,,<500 ,<100 , 520,,<500 ,<200 , 580,,<500 ,<100 , 510,,<500 ,<200 , <500,,<500 ,<200 , <500,,<500 ,<200 , 510,,<500 ,<200 , 510,,<500 ,<200 , <500,,<500 ,<200 , 510,,<500 ,<500 , 530,,<500 ,<200 , <500,,<500 ,<500 , <500,
Estonia,<100 ,<100 , <100,"Children estimates were not available at the time of publication.",<100 ,<100 , <100,"Children estimates were not available at the time of publication.",<100 ,<100 , <100,"Children estimates were not available at the time of publication.",<100 ,<100 , <100,"Children estimates were not available at the time of publication.",<100 ,<100 , <100,"Children estimates were not available at the time of publication.",<100 ,<100 , <100,"Children estimates were not available at the time of publication.",<100 ,<100 , <100,"Children estimates were not available at the time of publication.",<100 ,<100 , <100,"Children estimates were not available at the time of publication.",<100 ,<100 , <100,"Children estimates were not available at the time of publication.",<100 ,<100 , <100,"Children estimates were not available at the time of publication.",<200 ,<100 , <500,"Children estimates were not available at the time of publication.",980 ,870 , 1100,"Children estimates were not available at the time of publication.",870 ,780 , 940,"Children estimates were not available at the time of publication.",760 ,690 , 800,"Children estimates were not available at the time of publication.",650 ,610 , 690,"Children estimates were not available at the time of publication.",560 ,520 , 580,"Children estimates were not available at the time of publication.",<500 ,<500 , <500,"Children estimates were not available at the time of publication.",<500 ,<500 , <500,"Children estimates were not available at the time of publication.",<500 ,<500 , <500,"Children estimates were not available at the time of publication.",<500 ,<500 , <500,"Children estimates were not available at the time of publication.",<500 ,<500 , <500,"Children estimates were not available at the time of publication.",<500 ,<200 , <500,"Children estimates were not available at the time of publication.",<200 ,<200 , <200,"Children estimates were not available at the time of publication.",<200 ,<200 , <200,"Children estimates were not available at the time of publication.",<200 ,<200 , <200,"Children estimates were not available at the time of publication.",<200 ,<100 , <200,"Children estimates were not available at the time of publication.",<100 ,<100 , <200,"Children estimates were not available at the time of publication.",<100 ,<100 , <200,"Children estimates were not available at the time of publication.",<100 ,<100 , <200,"Children estimates were not available at the time of publication.",<100 ,<100 , <200,"Children estimates were not available at the time of publication.",<100 ,<100 , <200,"Children estimates were not available at the time of publication.",<100 ,<100 , <200,"Children estimates were not available at the time of publication.",<100 ,<100 , <200,"Children estimates were not available at the time of publication.",<100 ,<100 , <200,"Children estimates were not available at the time of publication.",<100 ,<100 , <200,"Children estimates were not available at the time of publication."
Eswatini,2600 ,2100 , 3200,,4900 ,4100 , 6000,,8200 ,6900 , 9700,,12 000 ,10 000 , 14 000,,16 000 ,14 000 , 18 000,,18 000 ,16 000 , 19 000,,19 000 ,17 000 , 20 000,,19 000 ,18 000 , 20 000,,18 000 ,17 000 , 19 000,,18 000 ,17 000 , 19 000,,16 000 ,15 000 , 17 000,,16 000 ,15 000 , 16 000,,15 000 ,14 000 , 16 000,,14 000 ,14 000 , 15 000,,14 000 ,13 000 , 15 000,,13 000 ,12 000 , 14 000,,13 000 ,12 000 , 14 000,,13 000 ,12 000 , 14 000,,13 000 ,12 000 , 14 000,,13 000 ,12 000 , 14 000,,12 000 ,11 000 , 13 000,,12 000 ,11 000 , 13 000,,12 000 ,11 000 , 13 000,,12 000 ,10 000 , 13 000,,11 000 ,9700 , 12 000,,9000 ,8000 , 10 000,,7300 ,6300 , 8400,,6200 ,5300 , 7300,,6100 ,5100 , 7100,,5600 ,4700 , 6700,,4600 ,3800 , 5600,,4700 ,3800 , 5900,,3800 ,3000 , 4900,,4000 ,3100 , 5000,,3800 ,2900 , 4800,
Ethiopia,110 000 ,60 000 , 210 000,,120 000 ,65 000 , 230 000,,110 000 ,61 000 , 220 000,,99 000 ,55 000 , 190 000,,84 000 ,47 000 , 170 000,,71 000 ,39 000 , 140 000,,60 000 ,33 000 , 120 000,,52 000 ,29 000 , 100 000,,45 000 ,25 000 , 89 000,,41 000 ,22 000 , 79 000,,36 000 ,20 000 , 70 000,,32 000 ,18 000 , 64 000,,30 000 ,16 000 , 58 000,,27 000 ,15 000 , 53 000,,24 000 ,13 000 , 47 000,,22 000 ,12 000 , 44 000,,21 000 ,11 000 , 40 000,,19 000 ,11 000 , 38 000,,19 000 ,10 000 , 37 000,,17 000 ,9500 , 34 000,,16 000 ,8900 , 32 000,,15 000 ,8300 , 30 000,,14 000 ,7900 , 28 000,,13 000 ,7100 , 25 000,,12 000 ,6400 , 23 000,,9900 ,5500 , 19 000,,11 000 ,5900 , 21 000,,9900 ,5500 , 19 000,,9600 ,5300 , 19 000,,8800 ,4800 , 17 000,,7900 ,4300 , 15 000,,9700 ,5300 , 19 000,,7200 ,4000 , 14 000,,6800 ,3800 , 13 000,,6400 ,3500 , 12 000,
Fiji,<100 ,<100 , <100,,<100 ,<100 , <100,,<100 ,<100 , <100,,<100 ,<100 , <100,,<100 ,<100 , <100,,<100 ,<100 , <100,,<100 ,<100 , <100,,<100 ,<100 , <100,,<100 ,<100 , <100,,<100 ,<100 , <100,,<100 ,<100 , <100,,<100 ,<100 , <100,,<100 ,<100 , <100,,<100 ,<100 , <100,,<100 ,<100 , <100,,<100 ,<100 , <100,,<100 ,<100 , <100,,<100 ,<100 , <100,,<100 ,<100 , <100,,<100 ,<100 , <100,,<100 ,<100 , <100,,<100 ,<100 , <100,,<100 ,<100 , <200,,<100 ,<100 , <200,,<200 ,<100 , <200,,<200 ,<200 , <200,,<500 ,<200 , <500,,<500 ,<500 , <500,,<500 ,<500 , <500,,<500 ,<500 , 510,,530 ,<500 , 690,,650 ,<500 , 920,,810 ,590 , 1200,,990 ,710 , 1700,,1200 ,850 , 2400,
Finland,... ,... , ...,"Estimates were not available at the time of publication.",... ,... , ...,"Estimates were not available at the time of publication.",... ,... , ...,"Estimates were not available at the time of publication.",... ,... , ...,"Estimates were not available at the time of publication.",... ,... , ...,"Estimates were not available at the time of publication.",... ,... , ...,"Estimates were not available at the time of publication.",... ,... , ...,"Estimates were not available at the time of publication.",... ,... , ...,"Estimates were not available at the time of publication.",... ,... , ...,"Estimates were not available at the time of publication.",... ,... , ...,"Estimates were not available at the time of publication.",... ,... , ...,"Estimates were not available at the time of publication.",... ,... , ...,"Estimates were not available at the time of publication.",... ,... , ...,"Estimates were not available at the time of publication.",... ,... , ...,"Estimates were not available at the time of publication.",... ,... , ...,"Estimates were not available at the time of publication.",... ,... , ...,"Estimates were not available at the time of publication.",... ,... , ...,"Estimates were not available at the time of publication.",... ,... , ...,"Estimates were not available at the time of publication.",... ,... , ...,"Estimates were not available at the time of publication.",... ,... , ...,"Estimates were not available at the time of publication.",... ,... , ...,"Estimates were not available at the time of publication.",... ,... , ...,"Estimates were not available at the time of publication.",... ,... , ...,"Estimates were not available at the time of publication.",... ,... , ...,"Estimates were not available at the time of publication.",... ,... , ...,"Estimates were not available at the time of publication.",... ,... , ...,"Estimates were not available at the time of publication.",... ,... , ...,"Estimates were not available at the time of publication.",... ,... , ...,"Estimates were not available at the time of publication.",... ,... , ...,"Estimates were not available at the time of publication.",... ,... , ...,"Estimates were not available at the time of publication.",... ,... , ...,"Estimates were not available at the time of publication.",... ,... , ...,"Estimates were not available at the time of publication.",... ,... , ...,"Estimates were not available at the time of publication.",... ,... , ...,"Estimates were not available at the time of publication.",... ,... , ...,"Estimates were not available at the time of publication."
France,5500 ,4500 , 6800,,5600 ,4700 , 6700,,5600 ,4800 , 6600,,5600 ,4900 , 6700,,5700 ,4900 , 6900,,5700 ,5000 , 7000,,5700 ,4900 , 7100,,5300 ,4600 , 6700,,5100 ,4300 , 6100,,4800 ,4200 , 5600,,4900 ,4400 , 5500,,4900 ,4500 , 5300,,4900 ,4600 , 5200,,4700 ,4500 , 4900,,4700 ,4600 , 4900,,4700 ,4500 , 4900,,4600 ,4500 , 4800,,4400 ,4300 , 4500,,4300 ,4200 , 4500,,4300 ,4200 , 4400,,4300 ,4200 , 4400,,4200 ,4100 , 4300,,3800 ,3700 , 3900,,3600 ,3600 , 3700,,3500 ,3400 , 3600,,3600 ,3500 , 3700,,3500 ,3400 , 3600,,3400 ,3300 , 3500,,3200 ,3100 , 3300,,3100 ,3000 , 3200,,2900 ,2800 , 3000,,2800 ,2600 , 2900,,2900 ,2700 , 3000,,3100 ,2900 , 3300,,... ,... , ...,
Gabon,1600 ,850 , 2700,,2000 ,1100 , 3300,,2400 ,1400 , 3900,,2800 ,1800 , 4500,,3200 ,2100 , 5100,,3700 ,2500 , 5700,,3700 ,2500 , 5500,,3800 ,2600 , 5400,,3600 ,2600 , 5000,,3300 ,2400 , 4500,,3000 ,2300 , 4000,,3000 ,2300 , 3700,,2800 ,2300 , 3500,,2700 ,2100 , 3300,,2500 ,2000 , 3200,,2400 ,1900 , 3100,,2400 ,1900 , 3000,,2400 ,1800 , 3100,,2300 ,1700 , 2900,,2300 ,1700 , 3000,,2200 ,1600 , 3000,,2100 ,1500 , 2900,,2100 ,1400 , 2800,,2000 ,1300 , 2800,,1900 ,1200 , 2700,,1800 ,1200 , 2700,,1800 ,1100 , 2600,,1900 ,1200 , 2900,,1900 ,1100 , 3000,,1700 ,1000 , 2800,,1700 ,1000 , 2800,,1700 ,960 , 2800,,1500 ,830 , 2700,,1500 ,760 , 2800,,1200 ,590 , 2500,
Gambia,<500 ,<200 , 540,,<500 ,<500 , 700,,600 ,<500 , 940,,780 ,<500 , 1200,,980 ,650 , 1400,,1200 ,820 , 1700,,1400 ,960 , 1900,,1600 ,1100 , 2200,,1700 ,1300 , 2400,,1800 ,1300 , 2400,,1900 ,1400 , 2500,,1900 ,1400 , 2500,,1900 ,1500 , 2500,,1900 ,1500 , 2500,,1800 ,1400 , 2400,,1900 ,1500 , 2400,,1900 ,1500 , 2500,,1800 ,1400 , 2400,,1900 ,1400 , 2500,,1900 ,1400 , 2500,,1800 ,1400 , 2400,,1800 ,1400 , 2400,,1700 ,1300 , 2300,,1700 ,1200 , 2200,,1600 ,1100 , 2200,,1600 ,1100 , 2100,,1400 ,1000 , 2000,,1300 ,910 , 1900,,1200 ,820 , 1800,,1200 ,780 , 1800,,1200 ,730 , 1700,,1100 ,670 , 1700,,1000 ,590 , 1600,,960 ,530 , 1700,,870 ,<500 , 1600,
Georgia,<100 ,<100 , <100,"Children estimates were not available at the time of publication.",<100 ,<100 , <100,"Children estimates were not available at the time of publication.",<100 ,<100 , <100,"Children estimates were not available at the time of publication.",<100 ,<100 , <100,"Children estimates were not available at the time of publication.",<100 ,<100 , <100,"Children estimates were not available at the time of publication.",<100 ,<100 , <100,"Children estimates were not available at the time of publication.",<100 ,<100 , <100,"Children estimates were not available at the time of publication.",<100 ,<100 , <100,"Children estimates were not available at the time of publication.",<100 ,<100 , <100,"Children estimates were not available at the time of publication.",<100 ,<100 , <100,"Children estimates were not available at the time of publication.",<100 ,<100 , <100,"Children estimates were not available at the time of publication.",<100 ,<100 , <200,"Children estimates were not available at the time of publication.",<200 ,<100 , <200,"Children estimates were not available at the time of publication.",<200 ,<200 , <200,"Children estimates were not available at the time of publication.",<200 ,<200 , <200,"Children estimates were not available at the time of publication.",<500 ,<200 , <500,"Children estimates were not available at the time of publication.",<500 ,<500 , <500,"Children estimates were not available at the time of publication.",<500 ,<500 , <500,"Children estimates were not available at the time of publication.",<500 ,<500 , <500,"Children estimates were not available at the time of publication.",<500 ,<500 , <500,"Children estimates were not available at the time of publication.",<500 ,<500 , <500,"Children estimates were not available at the time of publication.",<500 ,<500 , <500,"Children estimates were not available at the time of publication.",<500 ,<500 , 500,"Children estimates were not available at the time of publication.",510 ,<500 , 530,"Children estimates were not available at the time of publication.",530 ,500 , 550,"Children estimates were not available at the time of publication.",540 ,520 , 570,"Children estimates were not available at the time of publication.",560 ,530 , 580,"Children estimates were not available at the time of publication.",570 ,540 , 590,"Children estimates were not available at the time of publication.",570 ,540 , 600,"Children estimates were not available at the time of publication.",570 ,540 , 600,"Children estimates were not available at the time of publication.",570 ,540 , 590,"Children estimates were not available at the time of publication.",560 ,520 , 580,"Children estimates were not available at the time of publication.",540 ,500 , 580,"Children estimates were not available at the time of publication.",530 ,<500 , 570,"Children estimates were not available at the time of publication.",510 ,<500 , 560,"Children estimates were not available at the time of publication."
Germany,... ,... , ...,,... ,... , ...,,... ,... , ...,,... ,... , ...,,... ,... , ...,,... ,... , ...,,... ,... , ...,,... ,... , ...,,... ,... , ...,,... ,... , ...,,... ,... , ...,,... ,... , ...,,... ,... , ...,,... ,... , ...,,... ,... , ...,,... ,... , ...,,... ,... , ...,,... ,... , ...,,... ,... , ...,,... ,... , ...,,2500 ,2100 , 2900,,2200 ,1900 , 2600,,2300 ,1900 , 2600,,2300 ,1900 , 2600,,2300 ,1900 , 2600,,2200 ,1900 , 2500,,2200 ,1800 , 2500,,2000 ,1700 , 2300,,1900 ,1600 , 2200,,2000 ,1700 , 2300,,1600 ,1400 , 1800,,1600 ,1400 , 1900,,1900 ,1600 , 2100,,2100 ,1800 , 2400,,2100 ,1800 , 2400,
Ghana,23 000 ,15 000 , 29 000,,26 000 ,20 000 , 33 000,,28 000 ,23 000 , 35 000,,28 000 ,24 000 , 35 000,,28 000 ,24 000 , 35 000,,26 000 ,22 000 , 31 000,,25 000 ,21 000 , 30 000,,24 000 ,20 000 , 27 000,,23 000 ,19 000 , 26 000,,22 000 ,18 000 , 26 000,,21 000 ,17 000 , 24 000,,20 000 ,17 000 , 24 000,,19 000 ,16 000 , 23 000,,19 000 ,16 000 , 22 000,,18 000 ,15 000 , 22 000,,18 000 ,15 000 , 21 000,,17 000 ,15 000 , 21 000,,17 000 ,14 000 , 21 000,,17 000 ,14 000 , 21 000,,16 000 ,14 000 , 20 000,,17 000 ,14 000 , 20 000,,16 000 ,13 000 , 20 000,,16 000 ,13 000 , 20 000,,16 000 ,13 000 , 20 000,,16 000 ,13 000 , 20 000,,16 000 ,13 000 , 20 000,,16 000 ,12 000 , 20 000,,16 000 ,12 000 , 21 000,,15 000 ,12 000 , 20 000,,16 000 ,12 000 , 21 000,,16 000 ,12 000 , 22 000,,15 000 ,11 000 , 21 000,,14 000 ,9900 , 22 000,,14 000 ,9200 , 21 000,,13 000 ,8600 , 21 000,
Greece,<500 ,<500 , <500,"Children estimates were not available at the time of publication.",<500 ,<500 , <500,"Children estimates were not available at the time of publication.",<500 ,<500 , <500,"Children estimates were not available at the time of publication.",<500 ,<500 , <500,"Children estimates were not available at the time of publication.",<500 ,<500 , <500,"Children estimates were not available at the time of publication.",<500 ,<500 , <500,"Children estimates were not available at the time of publication.",<500 ,<500 , <500,"Children estimates were not available at the time of publication.",<500 ,<500 , <500,"Children estimates were not available at the time of publication.",<500 ,<500 , <500,"Children estimates were not available at the time of publication.",<500 ,<500 , <500,"Children estimates were not available at the time of publication.",<500 ,<500 , <500,"Children estimates were not available at the time of publication.",<500 ,<500 , <500,"Children estimates were not available at the time of publication.",<500 ,<500 , <500,"Children estimates were not available at the time of publication.",<500 ,<500 , <500,"Children estimates were not available at the time of publication.",<500 ,<500 , 580,"Children estimates were not available at the time of publication.",570 ,500 , 630,"Children estimates were not available at the time of publication.",610 ,560 , 650,"Children estimates were not available at the time of publication.",630 ,590 , 670,"Children estimates were not available at the time of publication.",640 ,610 , 680,"Children estimates were not available at the time of publication.",650 ,610 , 680,"Children estimates were not available at the time of publication.",650 ,610 , 680,"Children estimates were not available at the time of publication.",640 ,600 , 670,"Children estimates were not available at the time of publication.",630 ,600 , 670,"Children estimates were not available at the time of publication.",620 ,580 , 650,"Children estimates were not available at the time of publication.",610 ,570 , 640,"Children estimates were not available at the time of publication.",600 ,560 , 630,"Children estimates were not available at the time of publication.",590 ,550 , 620,"Children estimates were not available at the time of publication.",580 ,540 , 610,"Children estimates were not available at the time of publication.",570 ,540 , 600,"Children estimates were not available at the time of publication.",560 ,530 , 600,"Children estimates were not available at the time of publication.",560 ,520 , 590,"Children estimates were not available at the time of publication.",550 ,520 , 580,"Children estimates were not available at the time of publication.",530 ,<500 , 560,"Children estimates were not available at the time of publication.",520 ,<500 , 550,"Children estimates were not available at the time of publication.",510 ,<500 , 540,"Children estimates were not available at the time of publication."
Guatemala,2000 ,1200 , 3200,,2500 ,1600 , 3500,,2700 ,1700 , 3600,,3000 ,2000 , 4000,,3000 ,2100 , 4100,,2900 ,2000 , 3900,,2800 ,1900 , 3700,,2500 ,1800 , 3500,,2400 ,1700 , 3400,,2200 ,1500 , 3100,,2100 ,1500 , 2900,,1800 ,1300 , 2500,,1800 ,1300 , 2400,,1600 ,1100 , 2100,,1300 ,920 , 1800,,1300 ,850 , 1800,,1200 ,800 , 1700,,1100 ,740 , 1600,,990 ,670 , 1400,,920 ,630 , 1300,,830 ,540 , 1200,,680 ,<500 , 1100,,650 ,<500 , 1000,,620 ,<500 , 1000,,640 ,<500 , 1100,,720 ,<500 , 1200,,860 ,580 , 1400,,860 ,590 , 1300,,990 ,710 , 1500,,990 ,740 , 1500,,1100 ,820 , 1600,,1300 ,980 , 1800,,1200 ,950 , 1800,,1200 ,940 , 1800,,1300 ,970 , 2000,
Guinea,2700 ,1200 , 4200,,3400 ,1600 , 5000,,4200 ,2200 , 6000,,5000 ,2900 , 7000,,5700 ,3600 , 7800,,6400 ,4600 , 8400,,7200 ,5700 , 9000,,7700 ,6300 , 9500,,7800 ,6500 , 9900,,8100 ,6800 , 10 000,,8100 ,6800 , 10 000,,8100 ,6800 , 9900,,7700 ,6500 , 9000,,7700 ,6600 , 9000,,7400 ,6400 , 8700,,7500 ,6400 , 8700,,7300 ,6300 , 8600,,7400 ,6200 , 8700,,7200 ,6000 , 8600,,7100 ,5900 , 8500,,6800 ,5600 , 8300,,6600 ,5400 , 8200,,6300 ,5100 , 8100,,6100 ,4800 , 7700,,6300 ,4900 , 8000,,6100 ,4700 , 7800,,5800 ,4400 , 7600,,5800 ,4300 , 7600,,5700 ,4100 , 7500,,5300 ,3700 , 7200,,5000 ,3300 , 6900,,4700 ,3000 , 6800,,4200 ,2400 , 6300,,3700 ,2100 , 5900,,3400 ,1800 , 5700,
Guinea-Bissau,<500 ,<500 , 510,,<500 ,<500 , 720,,700 ,<500 , 960,,990 ,640 , 1300,,1400 ,920 , 1800,,2000 ,1300 , 2500,,2700 ,1900 , 3400,,3400 ,2500 , 4200,,4100 ,3300 , 5000,,4400 ,3700 , 5200,,4400 ,3700 , 5300,,3900 ,3200 , 4800,,3400 ,2800 , 4200,,3000 ,2500 , 3500,,2700 ,2200 , 3200,,2400 ,2000 , 2900,,2300 ,1900 , 2800,,2300 ,1900 , 2800,,2200 ,1800 , 2700,,2100 ,1700 , 2600,,2000 ,1500 , 2400,,1800 ,1400 , 2300,,1700 ,1300 , 2100,,1600 ,1200 , 2100,,1500 ,1100 , 2000,,1400 ,1000 , 1900,,1300 ,890 , 1700,,1200 ,820 , 1600,,1100 ,750 , 1600,,1000 ,660 , 1500,,920 ,590 , 1400,,880 ,540 , 1400,,760 ,<500 , 1200,,710 ,<500 , 1200,,620 ,<500 , 1100,
Guyana,<200 ,<200 , 520,,<500 ,<200 , 920,,<500 ,<500 , 1000,,<500 ,<500 , 790,,<500 ,<500 , 780,,<500 ,<500 , 810,,<500 ,<500 , 850,,510 ,<500 , 870,,520 ,<500 , 850,,550 ,<500 , 870,,560 ,<500 , 870,,560 ,<500 , 840,,570 ,<500 , 870,,550 ,<500 , 850,,520 ,<500 , 800,,500 ,<500 , 810,,<500 ,<500 , 780,,<500 ,<500 , 780,,<500 ,<500 , 760,,<500 ,<500 , 760,,<500 ,<500 , 720,,<500 ,<500 , 700,,<500 ,<500 , 720,,<500 ,<500 , 720,,<500 ,<500 , 730,,<500 ,<500 , 710,,<500 ,<500 , 720,,<500 ,<500 , 740,,<500 ,<500 , 750,,<500 ,<500 , 880,,<500 ,<500 , 780,,<500 ,<500 , 860,,530 ,<500 , 870,,520 ,<500 , 850,,<500 ,<500 , 830,
Haiti,14 000 ,11 000 , 18 000,,13 000 ,11 000 , 18 000,,12 000 ,9400 , 16 000,,11 000 ,8900 , 15 000,,10 000 ,8200 , 13 000,,9900 ,8000 , 12 000,,9300 ,7700 , 11 000,,8800 ,7500 , 11 000,,8600 ,7400 , 10 000,,8400 ,7300 , 10 000,,8500 ,7500 , 10 000,,8400 ,7500 , 9900,,8100 ,7200 , 9500,,7700 ,6800 , 9000,,7300 ,6400 , 8700,,7100 ,6200 , 8300,,6800 ,6000 , 8100,,6700 ,5700 , 8000,,6500 ,5500 , 7800,,6300 ,5300 , 7700,,6300 ,5300 , 7700,,6300 ,5400 , 7700,,6100 ,5100 , 7400,,6000 ,4900 , 7500,,5900 ,4800 , 7300,,6000 ,4900 , 7400,,6200 ,5000 , 7700,,6500 ,5400 , 8100,,6000 ,4800 , 7600,,6200 ,5100 , 8000,,5600 ,4500 , 7400,,5200 ,4100 , 7200,,5300 ,4100 , 7400,,4800 ,3500 , 7000,,4400 ,3000 , 6700,
Honduras,2300 ,1700 , 3100,,2600 ,2100 , 3400,,3000 ,2300 , 3700,,3200 ,2700 , 3900,,3300 ,2800 , 4000,,3300 ,2900 , 3900,,3200 ,2800 , 3700,,3100 ,2700 , 3700,,2900 ,2500 , 3400,,2600 ,2200 , 3000,,2300 ,1900 , 2600,,1800 ,1500 , 2200,,1500 ,1200 , 1900,,1200 ,920 , 1600,,880 ,600 , 1200,,720 ,<500 , 990,,530 ,<500 , 830,,<500 ,<200 , 760,,<500 ,<200 , 710,,<500 ,<200 , 690,,<500 ,<100 , 670,,<500 ,<100 , 620,,<500 ,<100 , 620,,<500 ,<100 , 610,,<500 ,<200 , 600,,<500 ,<200 , 560,,<500 ,<500 , 610,,<500 ,<500 , 590,,<500 ,<500 , 620,,<500 ,<500 , 600,,<500 ,<500 , 560,,<500 ,<500 , 590,,<500 ,<500 , 540,,<500 ,<500 , 510,,<500 ,<500 , <500,
Hungary,... ,... , ...,"Estimates were not available at the time of publication.",... ,... , ...,"Estimates were not available at the time of publication.",... ,... , ...,"Estimates were not available at the time of publication.",... ,... , ...,"Estimates were not available at the time of publication.",... ,... , ...,"Estimates were not available at the time of publication.",... ,... , ...,"Estimates were not available at the time of publication.",... ,... , ...,"Estimates were not available at the time of publication.",... ,... , ...,"Estimates were not available at the time of publication.",... ,... , ...,"Estimates were not available at the time of publication.",... ,... , ...,"Estimates were not available at the time of publication.",... ,... , ...,"Estimates were not available at the time of publication.",... ,... , ...,"Estimates were not available at the time of publication.",... ,... , ...,"Estimates were not available at the time of publication.",... ,... , ...,"Estimates were not available at the time of publication.",... ,... , ...,"Estimates were not available at the time of publication.",... ,... , ...,"Estimates were not available at the time of publication.",... ,... , ...,"Estimates were not available at the time of publication.",... ,... , ...,"Estimates were not available at the time of publication.",... ,... , ...,"Estimates were not available at the time of publication.",... ,... , ...,"Estimates were not available at the time of publication.",... ,... , ...,"Estimates were not available at the time of publication.",... ,... , ...,"Estimates were not available at the time of publication.",... ,... , ...,"Estimates were not available at the time of publication.",... ,... , ...,"Estimates were not available at the time of publication.",... ,... , ...,"Estimates were not available at the time of publication.",... ,... , ...,"Estimates were not available at the time of publication.",... ,... , ...,"Estimates were not available at the time of publication.",... ,... , ...,"Estimates were not available at the time of publication.",... ,... , ...,"Estimates were not available at the time of publication.",... ,... , ...,"Estimates were not available at the time of publication.",... ,... , ...,"Estimates were not available at the time of publication.",... ,... , ...,"Estimates were not available at the time of publication.",... ,... , ...,"Estimates were not available at the time of publication.",... ,... , ...,"Estimates were not available at the time of publication.",... ,... , ...,"Estimates were not available at the time of publication."
Iceland,<100 ,<100 , <100,"Children estimates were not available at the time of publication.",<100 ,<100 , <100,"Children estimates were not available at the time of publication.",<100 ,<100 , <100,"Children estimates were not available at the time of publication.",<100 ,<100 , <100,"Children estimates were not available at the time of publication.",<100 ,<100 , <100,"Children estimates were not available at the time of publication.",<100 ,<100 , <100,"Children estimates were not available at the time of publication.",<100 ,<100 , <100,"Children estimates were not available at the time of publication.",<100 ,<100 , <100,"Children estimates were not available at the time of publication.",<100 ,<100 , <100,"Children estimates were not available at the time of publication.",<100 ,<100 , <100,"Children estimates were not available at the time of publication.",<100 ,<100 , <100,"Children estimates were not available at the time of publication.",<100 ,<100 , <100,"Children estimates were not available at the time of publication.",<100 ,<100 , <100,"Children estimates were not available at the time of publication.",<100 ,<100 , <100,"Children estimates were not available at the time of publication.",<100 ,<100 , <100,"Children estimates were not available at the time of publication.",<100 ,<100 , <100,"Children estimates were not available at the time of publication.",<100 ,<100 , <100,"Children estimates were not available at the time of publication.",<100 ,<100 , <100,"Children estimates were not available at the time of publication.",<100 ,<100 , <100,"Children estimates were not available at the time of publication.",<100 ,<100 , <100,"Children estimates were not available at the time of publication.",<100 ,<100 , <100,"Children estimates were not available at the time of publication.",<100 ,<100 , <100,"Children estimates were not available at the time of publication.",<100 ,<100 , <100,"Children estimates were not available at the time of publication.",<100 ,<100 , <100,"Children estimates were not available at the time of publication.",<100 ,<100 , <100,"Children estimates were not available at the time of publication.",<100 ,<100 , <100,"Children estimates were not available at the time of publication.",<100 ,<100 , <100,"Children estimates were not available at the time of publication.",<100 ,<100 , <100,"Children estimates were not available at the time of publication.",<100 ,<100 , <100,"Children estimates were not available at the time of publication.",<100 ,<100 , <100,"Children estimates were not available at the time of publication.",<100 ,<100 , <100,"Children estimates were not available at the time of publication.",<100 ,<100 , <100,"Children estimates were not available at the time of publication.",<100 ,<100 , <100,"Children estimates were not available at the time of publication.",<100 ,<100 , <100,"Children estimates were not available at the time of publication.",<100 ,<100 , <100,"Children estimates were not available at the time of publication."
Indonesia,<200 ,<200 , <200,,<500 ,<200 , <500,,<500 ,<500 , <500,,650 ,550 , 760,,1100 ,910 , 1300,,1700 ,1500 , 2000,,2700 ,2300 , 3200,,4100 ,3500 , 4900,,6200 ,5200 , 7200,,9300 ,7900 , 11 000,,17 000 ,14 000 , 20 000,,33 000 ,28 000 , 38 000,,41 000 ,35 000 , 48 000,,41 000 ,36 000 , 47 000,,44 000 ,39 000 , 51 000,,48 000 ,42 000 , 55 000,,48 000 ,43 000 , 55 000,,47 000 ,41 000 , 53 000,,46 000 ,40 000 , 52 000,,46 000 ,41 000 , 53 000,,46 000 ,41 000 , 52 000,,45 000 ,40 000 , 52 000,,44 000 ,39 000 , 50 000,,42 000 ,37 000 , 47 000,,40 000 ,35 000 , 45 000,,38 000 ,33 000 , 43 000,,36 000 ,31 000 , 41 000,,34 000 ,30 000 , 39 000,,32 000 ,28 000 , 37 000,,30 000 ,26 000 , 35 000,,29 000 ,25 000 , 33 000,,28 000 ,24 000 , 32 000,,26 000 ,23 000 , 31 000,,25 000 ,21 000 , 29 000,,23 000 ,20 000 , 27 000,
Iran (Islamic Republic of),... ,... , ...,,... ,... , ...,,... ,... , ...,,... ,... , ...,,... ,... , ...,,... ,... , ...,,... ,... , ...,,... ,... , ...,,... ,... , ...,,... ,... , ...,,... ,... , ...,,... ,... , ...,,... ,... , ...,,... ,... , ...,,... ,... , ...,,... ,... , ...,,... ,... , ...,,... ,... , ...,,... ,... , ...,,... ,... , ...,,... ,... , ...,,... ,... , ...,,... ,... , ...,,... ,... , ...,,... ,... , ...,,... ,... , ...,,... ,... , ...,,... ,... , ...,,... ,... , ...,,... ,... , ...,,... ,... , ...,,... ,... , ...,,... ,... , ...,,... ,... , ...,,... ,... , ...,
Iraq,<100 ,<100 , <100,"Children estimates were not available at the time of publication.",<100 ,<100 , <100,"Children estimates were not available at the time of publication.",<100 ,<100 , <100,"Children estimates were not available at the time of publication.",<100 ,<100 , <100,"Children estimates were not available at the time of publication.",<100 ,<100 , <100,"Children estimates were not available at the time of publication.",<100 ,<100 , <100,"Children estimates were not available at the time of publication.",<100 ,<100 , <100,"Children estimates were not available at the time of publication.",<100 ,<100 , <100,"Children estimates were not available at the time of publication.",<100 ,<100 , <100,"Children estimates were not available at the time of publication.",<100 ,<100 , <100,"Children estimates were not available at the time of publication.",<100 ,<100 , <100,"Children estimates were not available at the time of publication.",<100 ,<100 , <100,"Children estimates were not available at the time of publication.",<100 ,<100 , <100,"Children estimates were not available at the time of publication.",<100 ,<100 , <100,"Children estimates were not available at the time of publication.",<100 ,<100 , <100,"Children estimates were not available at the time of publication.",<100 ,<100 , <100,"Children estimates were not available at the time of publication.",<100 ,<100 , <200,"Children estimates were not available at the time of publication.",<100 ,<100 , <200,"Children estimates were not available at the time of publication.",<100 ,<100 , <100,"Children estimates were not available at the time of publication.",<100 ,<100 , <100,"Children estimates were not available at the time of publication.",<100 ,<100 , <100,"Children estimates were not available at the time of publication.",<100 ,<100 , <100,"Children estimates were not available at the time of publication.",<100 ,<100 , <100,"Children estimates were not available at the time of publication.",<100 ,<100 , <100,"Children estimates were not available at the time of publication.",<100 ,<100 , <100,"Children estimates were not available at the time of publication.",<100 ,<100 , <100,"Children estimates were not available at the time of publication.",<100 ,<100 , <200,"Children estimates were not available at the time of publication.",<100 ,<100 , <200,"Children estimates were not available at the time of publication.",<200 ,<100 , <200,"Children estimates were not available at the time of publication.",<200 ,<200 , <500,"Children estimates were not available at the time of publication.",<500 ,<200 , <500,"Children estimates were not available at the time of publication.",<500 ,<500 , <500,"Children estimates were not available at the time of publication.",<500 ,<500 , 600,"Children estimates were not available at the time of publication.",550 ,<500 , 760,"Children estimates were not available at the time of publication.",680 ,<500 , 900,"Children estimates were not available at the time of publication."
Ireland,<200 ,<200 , <200,,<200 ,<200 , <200,,<200 ,<200 , <200,,<200 ,<200 , <200,,<200 ,<200 , <200,,<200 ,<200 , <200,,<200 ,<200 , <200,,<200 ,<200 , <200,,<200 ,<200 , <500,,<200 ,<200 , <200,,<200 ,<200 , <200,,<200 ,<200 , <500,,<500 ,<200 , <500,,<500 ,<500 , <500,,<500 ,<500 , <500,,<500 ,<500 , <500,,<500 ,<500 , <500,,<500 ,<500 , <500,,<500 ,<500 , <500,,<500 ,<500 , <500,,<500 ,<500 , <500,,<500 ,<500 , <500,,<500 ,<500 , <500,,<500 ,<500 , <500,,<500 ,<500 , <500,,<500 ,<500 , <500,,<500 ,<500 , <500,,<500 ,<500 , <500,,<500 ,<200 , <500,,<500 ,<200 , <500,,<500 ,<200 , <500,,<200 ,<200 , <500,,<200 ,<200 , <500,,<200 ,<200 , <500,,<200 ,<100 , <500,
Israel,... ,... , ...,"Estimates were not available at the time of publication.",... ,... , ...,"Estimates were not available at the time of publication.",... ,... , ...,"Estimates were not available at the time of publication.",... ,... , ...,"Estimates were not available at the time of publication.",... ,... , ...,"Estimates were not available at the time of publication.",... ,... , ...,"Estimates were not available at the time of publication.",... ,... , ...,"Estimates were not available at the time of publication.",... ,... , ...,"Estimates were not available at the time of publication.",... ,... , ...,"Estimates were not available at the time of publication.",... ,... , ...,"Estimates were not available at the time of publication.",... ,... , ...,"Estimates were not available at the time of publication.",... ,... , ...,"Estimates were not available at the time of publication.",... ,... , ...,"Estimates were not available at the time of publication.",... ,... , ...,"Estimates were not available at the time of publication.",... ,... , ...,"Estimates were not available at the time of publication.",... ,... , ...,"Estimates were not available at the time of publication.",... ,... , ...,"Estimates were not available at the time of publication.",... ,... , ...,"Estimates were not available at the time of publication.",... ,... , ...,"Estimates were not available at the time of publication.",... ,... , ...,"Estimates were not available at the time of publication.",... ,... , ...,"Estimates were not available at the time of publication.",... ,... , ...,"Estimates were not available at the time of publication.",... ,... , ...,"Estimates were not available at the time of publication.",... ,... , ...,"Estimates were not available at the time of publication.",... ,... , ...,"Estimates were not available at the time of publication.",... ,... , ...,"Estimates were not available at the time of publication.",... ,... , ...,"Estimates were not available at the time of publication.",... ,... , ...,"Estimates were not available at the time of publication.",... ,... , ...,"Estimates were not available at the time of publication.",... ,... , ...,"Estimates were not available at the time of publication.",... ,... , ...,"Estimates were not available at the time of publication.",... ,... , ...,"Estimates were not available at the time of publication.",... ,... , ...,"Estimates were not available at the time of publication.",... ,... , ...,"Estimates were not available at the time of publication.",... ,... , ...,"Estimates were not available at the time of publication."
Italy,4200 ,4000 , 4900,,4200 ,4000 , 4700,,4300 ,4000 , 4700,,4300 ,4000 , 4600,,4300 ,4000 , 4600,,4300 ,4000 , 4600,,4200 ,4000 , 4600,,4200 ,4000 , 4600,,4200 ,4000 , 4500,,4200 ,3900 , 4500,,4100 ,3900 , 4500,,4100 ,3900 , 4400,,4100 ,3800 , 4400,,4100 ,3800 , 4400,,4100 ,3900 , 4400,,4100 ,3900 , 4400,,4100 ,3900 , 4400,,4100 ,3800 , 4400,,4100 ,3900 , 4400,,4100 ,3900 , 4400,,4100 ,3900 , 4400,,4100 ,3800 , 4400,,4000 ,3800 , 4400,,4000 ,3800 , 4300,,4000 ,3700 , 4300,,3900 ,3700 , 4200,,3900 ,3600 , 4200,,3800 ,3600 , 4100,,3800 ,3600 , 4100,,3700 ,3500 , 4000,,3700 ,3400 , 4000,,3600 ,3400 , 3900,,3600 ,3400 , 3900,,3500 ,3300 , 3800,,3500 ,3300 , 3800,
Jamaica,1900 ,1300 , 2800,,2400 ,1800 , 3200,,2800 ,2200 , 3400,,3000 ,2500 , 3700,,3200 ,2700 , 3800,,3200 ,2700 , 3800,,3100 ,2700 , 3700,,3100 ,2700 , 3500,,2900 ,2600 , 3200,,2800 ,2500 , 3100,,2600 ,2400 , 2900,,2300 ,2100 , 2600,,2200 ,2000 , 2400,,2100 ,1900 , 2300,,2000 ,1800 , 2200,,1900 ,1700 , 2100,,1700 ,1500 , 1900,,1700 ,1500 , 1900,,1600 ,1400 , 1800,,1500 ,1300 , 1700,,1400 ,1200 , 1600,,1400 ,1200 , 1600,,1300 ,1100 , 1500,,1200 ,1000 , 1400,,1100 ,920 , 1200,,1000 ,880 , 1200,,950 ,800 , 1100,,940 ,790 , 1100,,1000 ,880 , 1200,,990 ,840 , 1200,,970 ,800 , 1200,,1000 ,870 , 1200,,970 ,810 , 1200,,1000 ,830 , 1200,,910 ,720 , 1100,
Japan,... ,... , ...,"Estimates were not available at the time of publication.",... ,... , ...,"Estimates were not available at the time of publication.",... ,... , ...,"Estimates were not available at the time of publication.",... ,... , ...,"Estimates were not available at the time of publication.",... ,... , ...,"Estimates were not available at the time of publication.",... ,... , ...,"Estimates were not available at the time of publication.",... ,... , ...,"Estimates were not available at the time of publication.",... ,... , ...,"Estimates were not available at the time of publication.",... ,... , ...,"Estimates were not available at the time of publication.",... ,... , ...,"Estimates were not available at the time of publication.",... ,... , ...,"Estimates were not available at the time of publication.",... ,... , ...,"Estimates were not available at the time of publication.",... ,... , ...,"Estimates were not available at the time of publication.",... ,... , ...,"Estimates were not available at the time of publication.",... ,... , ...,"Estimates were not available at the time of publication.",... ,... , ...,"Estimates were not available at the time of publication.",... ,... , ...,"Estimates were not available at the time of publication.",... ,... , ...,"Estimates were not available at the time of publication.",... ,... , ...,"Estimates were not available at the time of publication.",... ,... , ...,"Estimates were not available at the time of publication.",... ,... , ...,"Estimates were not available at the time of publication.",... ,... , ...,"Estimates were not available at the time of publication.",... ,... , ...,"Estimates were not available at the time of publication.",... ,... , ...,"Estimates were not available at the time of publication.",... ,... , ...,"Estimates were not available at the time of publication.",... ,... , ...,"Estimates were not available at the time of publication.",... ,... , ...,"Estimates were not available at the time of publication.",... ,... , ...,"Estimates were not available at the time of publication.",... ,... , ...,"Estimates were not available at the time of publication.",... ,... , ...,"Estimates were not available at the time of publication.",... ,... , ...,"Estimates were not available at the time of publication.",... ,... , ...,"Estimates were not available at the time of publication.",... ,... , ...,"Estimates were not available at the time of publication.",... ,... , ...,"Estimates were not available at the time of publication.",... ,... , ...,"Estimates were not available at the time of publication."
Jordan,<100 ,<100 , <100,"Children estimates were not available at the time of publication.",<100 ,<100 , <100,"Children estimates were not available at the time of publication.",<100 ,<100 , <100,"Children estimates were not available at the time of publication.",<100 ,<100 , <100,"Children estimates were not available at the time of publication.",<100 ,<100 , <100,"Children estimates were not available at the time of publication.",<100 ,<100 , <100,"Children estimates were not available at the time of publication.",<100 ,<100 , <100,"Children estimates were not available at the time of publication.",<100 ,<100 , <100,"Children estimates were not available at the time of publication.",<100 ,<100 , <100,"Children estimates were not available at the time of publication.",<100 ,<100 , <100,"Children estimates were not available at the time of publication.",<100 ,<100 , <100,"Children estimates were not available at the time of publication.",<100 ,<100 , <100,"Children estimates were not available at the time of publication.",<100 ,<100 , <100,"Children estimates were not available at the time of publication.",<100 ,<100 , <100,"Children estimates were not available at the time of publication.",<100 ,<100 , <100,"Children estimates were not available at the time of publication.",<100 ,<100 , <100,"Children estimates were not available at the time of publication.",<100 ,<100 , <100,"Children estimates were not available at the time of publication.",<100 ,<100 , <100,"Children estimates were not available at the time of publication.",<100 ,<100 , <100,"Children estimates were not available at the time of publication.",<100 ,<100 , <100,"Children estimates were not available at the time of publication.",<100 ,<100 , <100,"Children estimates were not available at the time of publication.",<100 ,<100 , <100,"Children estimates were not available at the time of publication.",<100 ,<100 , <100,"Children estimates were not available at the time of publication.",<100 ,<100 , <100,"Children estimates were not available at the time of publication.",<100 ,<100 , <100,"Children estimates were not available at the time of publication.",<100 ,<100 , <100,"Children estimates were not available at the time of publication.",<100 ,<100 , <100,"Children estimates were not available at the time of publication.",<100 ,<100 , <100,"Children estimates were not available at the time of publication.",<100 ,<100 , <100,"Children estimates were not available at the time of publication.",<100 ,<100 , <100,"Children estimates were not available at the time of publication.",<100 ,<100 , <100,"Children estimates were not available at the time of publication.",<100 ,<100 , <100,"Children estimates were not available at the time of publication.",<100 ,<100 , <100,"Children estimates were not available at the time of publication.",<100 ,<100 , <100,"Children estimates were not available at the time of publication.",<100 ,<100 , <100,"Children estimates were not available at the time of publication."
Kazakhstan,<100 ,<100 , <100,,<100 ,<100 , <100,,<100 ,<100 , <100,,<100 ,<100 , <100,,<200 ,<100 , <200,,<200 ,<200 , <200,,<500 ,<200 , <500,,<500 ,<500 , <500,,<500 ,<500 , <500,,<500 ,<500 , 540,,670 ,620 , 740,,810 ,750 , 880,,920 ,840 , 1000,,1100 ,1000 , 1200,,1300 ,1200 , 1400,,1400 ,1300 , 1500,,1500 ,1400 , 1700,,1700 ,1500 , 1800,,1800 ,1700 , 2000,,2000 ,1800 , 2100,,2100 ,2000 , 2300,,2300 ,2200 , 2500,,2500 ,2300 , 2700,,2500 ,2400 , 2800,,2600 ,2400 , 2800,,2600 ,2400 , 2800,,2600 ,2400 , 2800,,2500 ,2200 , 2700,,2400 ,2100 , 2700,,2400 ,2100 , 2700,,2400 ,2100 , 2800,,2300 ,1900 , 2700,,2100 ,1800 , 2600,,2300 ,1900 , 2700,,2100 ,1800 , 2500,
Kenya,170 000 ,100 000 , 260 000,,190 000 ,120 000 , 290 000,,190 000 ,120 000 , 310 000,,190 000 ,110 000 , 290 000,,160 000 ,100 000 , 260 000,,140 000 ,85 000 , 220 000,,120 000 ,74 000 , 190 000,,110 000 ,65 000 , 170 000,,95 000 ,59 000 , 150 000,,87 000 ,54 000 , 140 000,,78 000 ,48 000 , 120 000,,73 000 ,45 000 , 120 000,,69 000 ,42 000 , 110 000,,66 000 ,41 000 , 100 000,,63 000 ,39 000 , 99 000,,60 000 ,37 000 , 95 000,,58 000 ,36 000 , 91 000,,55 000 ,34 000 , 87 000,,53 000 ,33 000 , 84 000,,51 000 ,31 000 , 80 000,,48 000 ,29 000 , 75 000,,44 000 ,27 000 , 69 000,,40 000 ,24 000 , 63 000,,36 000 ,22 000 , 57 000,,33 000 ,20 000 , 52 000,,29 000 ,18 000 , 46 000,,25 000 ,15 000 , 40 000,,22 000 ,13 000 , 34 000,,19 000 ,12 000 , 31 000,,19 000 ,12 000 , 30 000,,18 000 ,11 000 , 29 000,,18 000 ,11 000 , 28 000,,17 000 ,11 000 , 27 000,,15 000 ,9500 , 24 000,,15 000 ,9100 , 23 000,
Kiribati,... ,... , ...,,... ,... , ...,,... ,... , ...,,... ,... , ...,,... ,... , ...,,... ,... , ...,,... ,... , ...,,... ,... , ...,,... ,... , ...,,... ,... , ...,,... ,... , ...,,... ,... , ...,,... ,... , ...,,... ,... , ...,,... ,... , ...,,... ,... , ...,,... ,... , ...,,... ,... , ...,,... ,... , ...,,... ,... , ...,,... ,... , ...,,... ,... , ...,,... ,... , ...,,... ,... , ...,,... ,... , ...,,... ,... , ...,,... ,... , ...,,... ,... , ...,,... ,... , ...,,... ,... , ...,,... ,... , ...,,... ,... , ...,,... ,... , ...,,... ,... , ...,,... ,... , ...,
Kuwait,... ,... , ...,"Children estimates were not available at the time of publication.",... ,... , ...,"Children estimates were not available at the time of publication.",... ,... , ...,"Children estimates were not available at the time of publication.",... ,... , ...,"Children estimates were not available at the time of publication.",... ,... , ...,"Children estimates were not available at the time of publication.",... ,... , ...,"Children estimates were not available at the time of publication.",... ,... , ...,"Children estimates were not available at the time of publication.",... ,... , ...,"Children estimates were not available at the time of publication.",... ,... , ...,"Children estimates were not available at the time of publication.",... ,... , ...,"Children estimates were not available at the time of publication.",... ,... , ...,"Children estimates were not available at the time of publication.",... ,... , ...,"Children estimates were not available at the time of publication.",... ,... , ...,"Children estimates were not available at the time of publication.",... ,... , ...,"Children estimates were not available at the time of publication.",... ,... , ...,"Children estimates were not available at the time of publication.",... ,... , ...,"Children estimates were not available at the time of publication.",... ,... , ...,"Children estimates were not available at the time of publication.",... ,... , ...,"Children estimates were not available at the time of publication.",... ,... , ...,"Children estimates were not available at the time of publication.",... ,... , ...,"Children estimates were not available at the time of publication.",... ,... , ...,"Children estimates were not available at the time of publication.",... ,... , ...,"Children estimates were not available at the time of publication.",... ,... , ...,"Children estimates were not available at the time of publication.",... ,... , ...,"Children estimates were not available at the time of publication.",... ,... , ...,"Children estimates were not available at the time of publication.",... ,... , ...,"Children estimates were not available at the time of publication.",... ,... , ...,"Children estimates were not available at the time of publication.",... ,... , ...,"Children estimates were not available at the time of publication.",... ,... , ...,"Children estimates were not available at the time of publication.",... ,... , ...,"Children estimates were not available at the time of publication.",... ,... , ...,"Children estimates were not available at the time of publication.",... ,... , ...,"Children estimates were not available at the time of publication.",... ,... , ...,"Children estimates were not available at the time of publication.",... ,... , ...,"Children estimates were not available at the time of publication.",... ,... , ...,"Children estimates were not available at the time of publication."
Kyrgyzstan,<100 ,<100 , <100,,<100 ,<100 , <100,,<100 ,<100 , <100,,<100 ,<100 , <100,,<100 ,<100 , <100,,<100 ,<100 , <100,,<100 ,<100 , <100,,<100 ,<100 , <100,,<100 ,<100 , <100,,<100 ,<100 , <100,,<100 ,<100 , <200,,620 ,<500 , 3700,,<200 ,<100 , 520,,<100 ,<100 , <200,,<200 ,<100 , <500,,<500 ,<200 , <500,,<500 ,<500 , 510,,<500 ,<500 , 610,,570 ,510 , 660,,630 ,570 , 710,,670 ,610 , 740,,690 ,630 , 750,,700 ,630 , 760,,700 ,630 , 750,,700 ,630 , 750,,700 ,630 , 750,,700 ,630 , 760,,710 ,640 , 770,,730 ,650 , 780,,740 ,660 , 790,,760 ,680 , 820,,780 ,690 , 840,,800 ,710 , 860,,810 ,730 , 880,,830 ,740 , 890,
Lao People's Democratic Republic,<100 ,<100 , <100,,<100 ,<100 , <100,,<100 ,<100 , <100,,<100 ,<100 , <100,,<100 ,<100 , <100,,<200 ,<200 , <200,,<200 ,<200 , <500,,<500 ,<500 , <500,,<500 ,<500 , 510,,<500 ,<500 , 560,,590 ,520 , 660,,710 ,630 , 800,,760 ,680 , 860,,770 ,690 , 860,,780 ,700 , 870,,810 ,730 , 910,,850 ,770 , 950,,900 ,810 , 1000,,920 ,820 , 1000,,930 ,830 , 1000,,950 ,850 , 1100,,960 ,860 , 1100,,990 ,880 , 1100,,1000 ,910 , 1100,,1000 ,920 , 1200,,1100 ,950 , 1200,,1100 ,970 , 1200,,1100 ,1000 , 1300,,1200 ,1000 , 1300,,1200 ,1000 , 1300,,1100 ,1000 , 1300,,1100 ,1000 , 1300,,1200 ,1000 , 1300,,1200 ,1000 , 1300,,1100 ,1000 , 1300,
Latvia,<200 ,<100 , <200,"Children estimates were not available at the time of publication.",<200 ,<100 , <500,"Children estimates were not available at the time of publication.",<200 ,<100 , <500,"Children estimates were not available at the time of publication.",<200 ,<100 , 780,"Children estimates were not available at the time of publication.",<200 ,<100 , 2400,"Children estimates were not available at the time of publication.",<200 ,<100 , 880,"Children estimates were not available at the time of publication.",<500 ,<100 , <500,"Children estimates were not available at the time of publication.",<500 ,<200 , <500,"Children estimates were not available at the time of publication.",580 ,<500 , 700,"Children estimates were not available at the time of publication.",870 ,720 , 1000,"Children estimates were not available at the time of publication.",560 ,<500 , 640,"Children estimates were not available at the time of publication.",560 ,<500 , 630,"Children estimates were not available at the time of publication.",560 ,<500 , 650,"Children estimates were not available at the time of publication.",550 ,<500 , 650,"Children estimates were not available at the time of publication.",550 ,<500 , 610,"Children estimates were not available at the time of publication.",550 ,<500 , 610,"Children estimates were not available at the time of publication.",540 ,<500 , 600,"Children estimates were not available at the time of publication.",530 ,<500 , 600,"Children estimates were not available at the time of publication.",530 ,<500 , 590,"Children estimates were not available at the time of publication.",510 ,<500 , 580,"Children estimates were not available at the time of publication.",<500 ,<500 , 550,"Children estimates were not available at the time of publication.",<500 ,<500 , 530,"Children estimates were not available at the time of publication.",<500 ,<500 , <500,"Children estimates were not available at the time of publication.",<500 ,<500 , <500,"Children estimates were not available at the time of publication.",<500 ,<500 , <500,"Children estimates were not available at the time of publication.",<500 ,<500 , <500,"Children estimates were not available at the time of publication.",<500 ,<500 , <500,"Children estimates were not available at the time of publication.",<500 ,<500 , <500,"Children estimates were not available at the time of publication.",<500 ,<500 , <500,"Children estimates were not available at the time of publication.",<500 ,<500 , <500,"Children estimates were not available at the time of publication.",<500 ,<200 , <500,"Children estimates were not available at the time of publication.",<500 ,<200 , <500,"Children estimates were not available at the time of publication.",<200 ,<200 , <500,"Children estimates were not available at the time of publication.",<200 ,<200 , <200,"Children estimates were not available at the time of publication.",<200 ,<200 , <200,"Children estimates were not available at the time of publication."
Lebanon,... ,... , ...,"Children estimates were not available at the time of publication.",... ,... , ...,"Children estimates were not available at the time of publication.",... ,... , ...,"Children estimates were not available at the time of publication.",... ,... , ...,"Children estimates were not available at the time of publication.",... ,... , ...,"Children estimates were not available at the time of publication.",... ,... , ...,"Children estimates were not available at the time of publication.",... ,... , ...,"Children estimates were not available at the time of publication.",... ,... , ...,"Children estimates were not available at the time of publication.",... ,... , ...,"Children estimates were not available at the time of publication.",... ,... , ...,"Children estimates were not available at the time of publication.",... ,... , ...,"Children estimates were not available at the time of publication.",... ,... , ...,"Children estimates were not available at the time of publication.",... ,... , ...,"Children estimates were not available at the time of publication.",... ,... , ...,"Children estimates were not available at the time of publication.",... ,... , ...,"Children estimates were not available at the time of publication.",... ,... , ...,"Children estimates were not available at the time of publication.",... ,... , ...,"Children estimates were not available at the time of publication.",... ,... , ...,"Children estimates were not available at the time of publication.",... ,... , ...,"Children estimates were not available at the time of publication.",... ,... , ...,"Children estimates were not available at the time of publication.",... ,... , ...,"Children estimates were not available at the time of publication.",... ,... , ...,"Children estimates were not available at the time of publication.",... ,... , ...,"Children estimates were not available at the time of publication.",... ,... , ...,"Children estimates were not available at the time of publication.",... ,... , ...,"Children estimates were not available at the time of publication.",... ,... , ...,"Children estimates were not available at the time of publication.",... ,... , ...,"Children estimates were not available at the time of publication.",... ,... , ...,"Children estimates were not available at the time of publication.",... ,... , ...,"Children estimates were not available at the time of publication.",... ,... , ...,"Children estimates were not available at the time of publication.",... ,... , ...,"Children estimates were not available at the time of publication.",... ,... , ...,"Children estimates were not available at the time of publication.",... ,... , ...,"Children estimates were not available at the time of publication.",... ,... , ...,"Children estimates were not available at the time of publication.",... ,... , ...,"Children estimates were not available at the time of publication."
Lesotho,7000 ,5600 , 8700,,11 000 ,9100 , 13 000,,16 000 ,14 000 , 19 000,,21 000 ,18 000 , 26 000,,26 000 ,22 000 , 31 000,,28 000 ,25 000 , 33 000,,28 000 ,25 000 , 32 000,,26 000 ,23 000 , 29 000,,23 000 ,20 000 , 26 000,,22 000 ,19 000 , 24 000,,20 000 ,18 000 , 22 000,,19 000 ,17 000 , 21 000,,18 000 ,17 000 , 20 000,,19 000 ,17 000 , 21 000,,18 000 ,17 000 , 20 000,,18 000 ,17 000 , 21 000,,19 000 ,17 000 , 21 000,,18 000 ,17 000 , 21 000,,18 000 ,16 000 , 20 000,,17 000 ,15 000 , 19 000,,15 000 ,14 000 , 18 000,,15 000 ,13 000 , 17 000,,14 000 ,12 000 , 17 000,,14 000 ,12 000 , 16 000,,13 000 ,11 000 , 15 000,,12 000 ,10 000 , 14 000,,9400 ,8100 , 11 000,,7400 ,6200 , 9000,,6200 ,5100 , 7700,,5600 ,4500 , 7000,,5100 ,3900 , 6500,,4100 ,3200 , 5400,,3200 ,2300 , 4300,,3100 ,2200 , 4200,,2700 ,1900 , 3600,
Liberia,... ,... , ...,,... ,... , ...,,... ,... , ...,,... ,... , ...,,... ,... , ...,,... ,... , ...,,... ,... , ...,,... ,... , ...,,... ,... , ...,,... ,... , ...,,... ,... , ...,,... ,... , ...,,... ,... , ...,,... ,... , ...,,... ,... , ...,,... ,... , ...,,... ,... , ...,,... ,... , ...,,... ,... , ...,,... ,... , ...,,... ,... , ...,,... ,... , ...,,... ,... , ...,,... ,... , ...,,... ,... , ...,,... ,... , ...,,... ,... , ...,,... ,... , ...,,... ,... , ...,,... ,... , ...,,... ,... , ...,,... ,... , ...,,... ,... , ...,,... ,... , ...,,... ,... , ...,
Libya,<100 ,<100 , <100,,<100 ,<100 , <100,,<100 ,<100 , <100,,<100 ,<100 , <100,,<100 ,<100 , <100,,<100 ,<100 , <200,,<200 ,<100 , <200,,<200 ,<200 , <200,,<200 ,<200 , <500,,<500 ,<200 , <500,,<500 ,<500 , <500,,<500 ,<500 , <500,,<500 ,<500 , <500,,<500 ,<500 , <500,,<500 ,<500 , <500,,<500 ,<500 , <500,,<500 ,<500 , <500,,<500 ,<500 , <500,,<500 ,<500 , <500,,<500 ,<500 , <500,,<500 ,<500 , <500,,<500 ,<500 , <500,,<500 ,<500 , <500,,<500 ,<500 , <500,,<500 ,<500 , <500,,<500 ,<500 , <500,,<500 ,<500 , <500,,<500 ,<500 , <500,,<500 ,<500 , <500,,<500 ,<500 , <500,,<500 ,<500 , <500,,<500 ,<500 , <500,,<500 ,<500 , <500,,<500 ,<500 , 510,,<500 ,<500 , 510,
Lithuania,<100 ,<100 , <200,"Children estimates were not available at the time of publication.",<100 ,<100 , <200,"Children estimates were not available at the time of publication.",<100 ,<100 , <200,"Children estimates were not available at the time of publication.",<100 ,<100 , <200,"Children estimates were not available at the time of publication.",<200 ,<100 , <200,"Children estimates were not available at the time of publication.",<200 ,<100 , <200,"Children estimates were not available at the time of publication.",<200 ,<100 , <200,"Children estimates were not available at the time of publication.",<200 ,<200 , <200,"Children estimates were not available at the time of publication.",<200 ,<200 , <200,"Children estimates were not available at the time of publication.",<200 ,<200 , <200,"Children estimates were not available at the time of publication.",<200 ,<200 , <200,"Children estimates were not available at the time of publication.",<200 ,<200 , <200,"Children estimates were not available at the time of publication.",<200 ,<200 , <200,"Children estimates were not available at the time of publication.",<200 ,<200 , <500,"Children estimates were not available at the time of publication.",<200 ,<200 , <500,"Children estimates were not available at the time of publication.",<500 ,<200 , <500,"Children estimates were not available at the time of publication.",<500 ,<200 , <500,"Children estimates were not available at the time of publication.",<500 ,<200 , <500,"Children estimates were not available at the time of publication.",<500 ,<200 , <500,"Children estimates were not available at the time of publication.",<500 ,<200 , <500,"Children estimates were not available at the time of publication.",<500 ,<200 , <500,"Children estimates were not available at the time of publication.",<500 ,<200 , <500,"Children estimates were not available at the time of publication.",<500 ,<200 , <500,"Children estimates were not available at the time of publication.",<500 ,<200 , <500,"Children estimates were not available at the time of publication.",<500 ,<200 , <500,"Children estimates were not available at the time of publication.",<500 ,<200 , <500,"Children estimates were not available at the time of publication.",<200 ,<200 , <500,"Children estimates were not available at the time of publication.",<200 ,<200 , <500,"Children estimates were not available at the time of publication.",<200 ,<200 , <500,"Children estimates were not available at the time of publication.",<200 ,<200 , <500,"Children estimates were not available at the time of publication.",<200 ,<200 , <500,"Children estimates were not available at the time of publication.",<200 ,<100 , <500,"Children estimates were not available at the time of publication.",<200 ,<100 , <500,"Children estimates were not available at the time of publication.",<200 ,<100 , <500,"Children estimates were not available at the time of publication.",<200 ,<100 , <500,"Children estimates were not available at the time of publication."
Luxembourg,<100 ,<100 , <100,"Children estimates were not available at the time of publication.",<100 ,<100 , <100,"Children estimates were not available at the time of publication.",<100 ,<100 , <100,"Children estimates were not available at the time of publication.",<100 ,<100 , <100,"Children estimates were not available at the time of publication.",<100 ,<100 , <100,"Children estimates were not available at the time of publication.",<100 ,<100 , <100,"Children estimates were not available at the time of publication.",<100 ,<100 , <100,"Children estimates were not available at the time of publication.",<100 ,<100 , <100,"Children estimates were not available at the time of publication.",<100 ,<100 , <100,"Children estimates were not available at the time of publication.",<100 ,<100 , <100,"Children estimates were not available at the time of publication.",<100 ,<100 , <100,"Children estimates were not available at the time of publication.",<100 ,<100 , <100,"Children estimates were not available at the time of publication.",<100 ,<100 , <100,"Children estimates were not available at the time of publication.",<100 ,<100 , <100,"Children estimates were not available at the time of publication.",<100 ,<100 , <100,"Children estimates were not available at the time of publication.",<100 ,<100 , <100,"Children estimates were not available at the time of publication.",<100 ,<100 , <100,"Children estimates were not available at the time of publication.",<100 ,<100 , <100,"Children estimates were not available at the time of publication.",<100 ,<100 , <100,"Children estimates were not available at the time of publication.",<100 ,<100 , <100,"Children estimates were not available at the time of publication.",<100 ,<100 , <100,"Children estimates were not available at the time of publication.",<100 ,<100 , <100,"Children estimates were not available at the time of publication.",<100 ,<100 , <100,"Children estimates were not available at the time of publication.",<100 ,<100 , <100,"Children estimates were not available at the time of publication.",<100 ,<100 , <100,"Children estimates were not available at the time of publication.",<100 ,<100 , <100,"Children estimates were not available at the time of publication.",<100 ,<100 , <100,"Children estimates were not available at the time of publication.",<100 ,<100 , <100,"Children estimates were not available at the time of publication.",<100 ,<100 , <100,"Children estimates were not available at the time of publication.",<100 ,<100 , <100,"Children estimates were not available at the time of publication.",<100 ,<100 , <100,"Children estimates were not available at the time of publication.",<100 ,<100 , <100,"Children estimates were not available at the time of publication.",<100 ,<100 , <100,"Children estimates were not available at the time of publication.",<100 ,<100 , <100,"Children estimates were not available at the time of publication.",<100 ,<100 , <100,"Children estimates were not available at the time of publication."
Madagascar,<200 ,<100 , <500,,<200 ,<100 , <500,,<200 ,<100 , <500,,<500 ,<100 , <500,,<500 ,<100 , 550,,<500 ,<200 , 650,,<500 ,<200 , 810,,<500 ,<500 , 960,,570 ,<500 , 1200,,710 ,<500 , 1400,,900 ,530 , 1700,,1100 ,680 , 2000,,1400 ,860 , 2300,,1700 ,1100 , 2600,,2000 ,1300 , 2900,,2400 ,1600 , 3200,,2700 ,2000 , 3500,,2900 ,2200 , 3800,,3200 ,2400 , 4100,,3400 ,2500 , 4300,,3500 ,2600 , 4400,,3600 ,2800 , 4600,,3700 ,2900 , 4800,,3900 ,3000 , 5200,,4200 ,3100 , 5700,,4400 ,3300 , 6100,,4800 ,3700 , 6500,,5200 ,3900 , 7200,,5700 ,4100 , 7800,,6200 ,4500 , 8600,,6700 ,4700 , 9600,,7400 ,5300 , 11 000,,7900 ,5400 , 12 000,,12 000 ,9300 , 16 000,,14 000 ,11 000 , 19 000,
Malawi,92 000 ,91 000 , 95 000,,100 000 ,98 000 , 100 000,,100 000 ,100 000 , 110 000,,100 000 ,100 000 , 110 000,,99 000 ,96 000 , 100 000,,90 000 ,87 000 , 96 000,,85 000 ,81 000 , 91 000,,79 000 ,75 000 , 85 000,,74 000 ,71 000 , 80 000,,63 000 ,60 000 , 69 000,,64 000 ,60 000 , 73 000,,60 000 ,56 000 , 68 000,,56 000 ,52 000 , 64 000,,53 000 ,49 000 , 61 000,,50 000 ,46 000 , 57 000,,47 000 ,43 000 , 54 000,,45 000 ,41 000 , 52 000,,42 000 ,38 000 , 50 000,,43 000 ,39 000 , 50 000,,39 000 ,35 000 , 45 000,,39 000 ,35 000 , 46 000,,39 000 ,35 000 , 46 000,,38 000 ,34 000 , 44 000,,36 000 ,32 000 , 42 000,,34 000 ,30 000 , 40 000,,32 000 ,28 000 , 37 000,,29 000 ,25 000 , 34 000,,24 000 ,21 000 , 29 000,,20 000 ,17 000 , 25 000,,17 000 ,14 000 , 22 000,,16 000 ,12 000 , 20 000,,13 000 ,9900 , 17 000,,12 000 ,8600 , 15 000,,10 000 ,7200 , 14 000,,9400 ,6700 , 13 000,
Malaysia,7200 ,5800 , 8400,,6000 ,4900 , 7000,,5000 ,4200 , 5800,,4700 ,3900 , 5400,,4600 ,3900 , 5300,,4600 ,4000 , 5300,,4800 ,4100 , 5400,,4900 ,4200 , 5600,,5000 ,4400 , 5800,,5200 ,4500 , 5900,,5400 ,4600 , 6100,,5400 ,4700 , 6100,,5300 ,4600 , 6000,,5200 ,4600 , 5900,,5200 ,4500 , 5800,,5200 ,4500 , 5800,,5200 ,4600 , 5800,,5300 ,4700 , 5800,,5300 ,4700 , 5900,,5300 ,4700 , 5800,,5300 ,4700 , 5700,,5200 ,4700 , 5700,,5100 ,4600 , 5600,,5000 ,4400 , 5400,,4600 ,4100 , 5100,,4300 ,3800 , 4700,,3800 ,3400 , 4200,,3400 ,3000 , 3700,,3200 ,2800 , 3500,,3000 ,2700 , 3400,,2900 ,2500 , 3200,,2700 ,2400 , 3100,,2700 ,2300 , 3000,,2600 ,2300 , 2900,,2500 ,2200 , 2800,
Maldives,<100 ,<100 , <100,"Children estimates were not available at the time of publication.",<100 ,<100 , <100,"Children estimates were not available at the time of publication.",<100 ,<100 , <100,"Children estimates were not available at the time of publication.",<100 ,<100 , <100,"Children estimates were not available at the time of publication.",<100 ,<100 , <100,"Children estimates were not available at the time of publication.",<100 ,<100 , <100,"Children estimates were not available at the time of publication.",<100 ,<100 , <100,"Children estimates were not available at the time of publication.",<100 ,<100 , <100,"Children estimates were not available at the time of publication.",<100 ,<100 , <100,"Children estimates were not available at the time of publication.",<100 ,<100 , <100,"Children estimates were not available at the time of publication.",<100 ,<100 , <100,"Children estimates were not available at the time of publication.",<100 ,<100 , <100,"Children estimates were not available at the time of publication.",<100 ,<100 , <100,"Children estimates were not available at the time of publication.",<100 ,<100 , <100,"Children estimates were not available at the time of publication.",<100 ,<100 , <100,"Children estimates were not available at the time of publication.",<100 ,<100 , <100,"Children estimates were not available at the time of publication.",<100 ,<100 , <100,"Children estimates were not available at the time of publication.",<100 ,<100 , <100,"Children estimates were not available at the time of publication.",<100 ,<100 , <100,"Children estimates were not available at the time of publication.",<100 ,<100 , <100,"Children estimates were not available at the time of publication.",<100 ,<100 , <100,"Children estimates were not available at the time of publication.",<100 ,<100 , <100,"Children estimates were not available at the time of publication.",<100 ,<100 , <100,"Children estimates were not available at the time of publication.",<100 ,<100 , <100,"Children estimates were not available at the time of publication.",<100 ,<100 , <100,"Children estimates were not available at the time of publication.",<100 ,<100 , <100,"Children estimates were not available at the time of publication.",<100 ,<100 , <100,"Children estimates were not available at the time of publication.",<100 ,<100 , <100,"Children estimates were not available at the time of publication.",<100 ,<100 , <100,"Children estimates were not available at the time of publication.",<100 ,<100 , <100,"Children estimates were not available at the time of publication.",<100 ,<100 , <100,"Children estimates were not available at the time of publication.",<100 ,<100 , <100,"Children estimates were not available at the time of publication.",<100 ,<100 , <100,"Children estimates were not available at the time of publication.",<100 ,<100 , <100,"Children estimates were not available at the time of publication.",<100 ,<100 , <100,"Children estimates were not available at the time of publication."
Mali,9400 ,5800 , 14 000,,11 000 ,7300 , 15 000,,11 000 ,8200 , 14 000,,11 000 ,8600 , 14 000,,11 000 ,8700 , 13 000,,10 000 ,8200 , 13 000,,9200 ,7600 , 12 000,,8500 ,7000 , 11 000,,7900 ,6600 , 10 000,,7600 ,6400 , 9600,,7300 ,6200 , 9200,,6900 ,5800 , 8400,,6800 ,5700 , 8400,,6300 ,5200 , 7800,,6200 ,5200 , 7900,,6600 ,5400 , 8500,,6400 ,5400 , 8500,,6300 ,5200 , 8400,,6200 ,5100 , 8200,,6000 ,4800 , 8000,,5600 ,4400 , 7500,,5500 ,4300 , 7400,,5100 ,4000 , 6800,,5300 ,4100 , 7200,,4900 ,3700 , 6500,,4800 ,3700 , 6400,,4500 ,3500 , 6200,,4300 ,3300 , 6000,,4200 ,3100 , 6000,,3800 ,2800 , 5600,,3500 ,2500 , 5100,,3400 ,2400 , 5000,,3200 ,2200 , 4800,,2800 ,1900 , 4300,,2600 ,1800 , 4100,
Malta,<100 ,<100 , <100,"Children estimates were not available at the time of publication.",<100 ,<100 , <100,"Children estimates were not available at the time of publication.",<100 ,<100 , <100,"Children estimates were not available at the time of publication.",<100 ,<100 , <100,"Children estimates were not available at the time of publication.",<100 ,<100 , <100,"Children estimates were not available at the time of publication.",<100 ,<100 , <100,"Children estimates were not available at the time of publication.",<100 ,<100 , <100,"Children estimates were not available at the time of publication.",<100 ,<100 , <100,"Children estimates were not available at the time of publication.",<100 ,<100 , <100,"Children estimates were not available at the time of publication.",<100 ,<100 , <100,"Children estimates were not available at the time of publication.",<100 ,<100 , <100,"Children estimates were not available at the time of publication.",<100 ,<100 , <100,"Children estimates were not available at the time of publication.",<100 ,<100 , <100,"Children estimates were not available at the time of publication.",<100 ,<100 , <100,"Children estimates were not available at the time of publication.",<100 ,<100 , <100,"Children estimates were not available at the time of publication.",<100 ,<100 , <100,"Children estimates were not available at the time of publication.",<100 ,<100 , <100,"Children estimates were not available at the time of publication.",<100 ,<100 , <100,"Children estimates were not available at the time of publication.",<100 ,<100 , <100,"Children estimates were not available at the time of publication.",<100 ,<100 , <100,"Children estimates were not available at the time of publication.",<100 ,<100 , <100,"Children estimates were not available at the time of publication.",<100 ,<100 , <100,"Children estimates were not available at the time of publication.",<100 ,<100 , <100,"Children estimates were not available at the time of publication.",<100 ,<100 , <100,"Children estimates were not available at the time of publication.",<100 ,<100 , <100,"Children estimates were not available at the time of publication.",<100 ,<100 , <100,"Children estimates were not available at the time of publication.",<100 ,<100 , <100,"Children estimates were not available at the time of publication.",<100 ,<100 , <100,"Children estimates were not available at the time of publication.",<100 ,<100 , <100,"Children estimates were not available at the time of publication.",<100 ,<100 , <100,"Children estimates were not available at the time of publication.",<100 ,<100 , <100,"Children estimates were not available at the time of publication.",<100 ,<100 , <100,"Children estimates were not available at the time of publication.",<100 ,<100 , <100,"Children estimates were not available at the time of publication.",<100 ,<100 , <100,"Children estimates were not available at the time of publication.",<100 ,<100 , <100,"Children estimates were not available at the time of publication."
Marshall Islands,... ,... , ...,,... ,... , ...,,... ,... , ...,,... ,... , ...,,... ,... , ...,,... ,... , ...,,... ,... , ...,,... ,... , ...,,... ,... , ...,,... ,... , ...,,... ,... , ...,,... ,... , ...,,... ,... , ...,,... ,... , ...,,... ,... , ...,,... ,... , ...,,... ,... , ...,,... ,... , ...,,... ,... , ...,,... ,... , ...,,... ,... , ...,,... ,... , ...,,... ,... , ...,,... ,... , ...,,... ,... , ...,,... ,... , ...,,... ,... , ...,,... ,... , ...,,... ,... , ...,,... ,... , ...,,... ,... , ...,,... ,... , ...,,... ,... , ...,,... ,... , ...,,... ,... , ...,
Mauritania,<500 ,<500 , 750,,530 ,<500 , 770,,620 ,<500 , 900,,730 ,520 , 990,,860 ,640 , 1100,,960 ,750 , 1200,,1100 ,840 , 1300,,1100 ,890 , 1300,,1200 ,950 , 1400,,1200 ,970 , 1400,,1200 ,970 , 1300,,1100 ,910 , 1300,,1000 ,840 , 1200,,890 ,710 , 1100,,790 ,610 , 980,,670 ,<500 , 850,,570 ,<500 , 750,,<500 ,<500 , 610,,<500 ,<200 , 510,,<500 ,<100 , <500,,<200 ,<100 , <500,,<200 ,<100 , <500,,<200 ,<100 , <500,,<200 ,<100 , <500,,<200 ,<100 , <500,,<200 ,<100 , <500,,<200 ,<100 , <500,,<200 ,<100 , <500,,<200 ,<100 , <500,,<100 ,<100 , <200,,<100 ,<100 , <200,,<200 ,<100 , <200,,<200 ,<100 , <500,,<200 ,<100 , <500,,<200 ,<100 , <200,
Mauritius,... ,... , ...,"Estimates were not available at the time of publication.",... ,... , ...,"Estimates were not available at the time of publication.",... ,... , ...,"Estimates were not available at the time of publication.",... ,... , ...,"Estimates were not available at the time of publication.",... ,... , ...,"Estimates were not available at the time of publication.",... ,... , ...,"Estimates were not available at the time of publication.",... ,... , ...,"Estimates were not available at the time of publication.",... ,... , ...,"Estimates were not available at the time of publication.",... ,... , ...,"Estimates were not available at the time of publication.",... ,... , ...,"Estimates were not available at the time of publication.",... ,... , ...,"Estimates were not available at the time of publication.",... ,... , ...,"Estimates were not available at the time of publication.",... ,... , ...,"Estimates were not available at the time of publication.",... ,... , ...,"Estimates were not available at the time of publication.",... ,... , ...,"Estimates were not available at the time of publication.",... ,... , ...,"Estimates were not available at the time of publication.",... ,... , ...,"Estimates were not available at the time of publication.",... ,... , ...,"Estimates were not available at the time of publication.",... ,... , ...,"Estimates were not available at the time of publication.",... ,... , ...,"Estimates were not available at the time of publication.",... ,... , ...,"Estimates were not available at the time of publication.",... ,... , ...,"Estimates were not available at the time of publication.",... ,... , ...,"Estimates were not available at the time of publication.",... ,... , ...,"Estimates were not available at the time of publication.",... ,... , ...,"Estimates were not available at the time of publication.",... ,... , ...,"Estimates were not available at the time of publication.",... ,... , ...,"Estimates were not available at the time of publication.",... ,... , ...,"Estimates were not available at the time of publication.",... ,... , ...,"Estimates were not available at the time of publication.",... ,... , ...,"Estimates were not available at the time of publication.",... ,... , ...,"Estimates were not available at the time of publication.",... ,... , ...,"Estimates were not available at the time of publication.",... ,... , ...,"Estimates were not available at the time of publication.",... ,... , ...,"Estimates were not available at the time of publication.",... ,... , ...,"Estimates were not available at the time of publication."
Mexico,9300 ,8300 , 10 000,,9700 ,8800 , 11 000,,10 000 ,9300 , 11 000,,10 000 ,9800 , 11 000,,11 000 ,10 000 , 12 000,,11 000 ,11 000 , 12 000,,12 000 ,11 000 , 12 000,,12 000 ,11 000 , 12 000,,12 000 ,12 000 , 13 000,,13 000 ,12 000 , 13 000,,13 000 ,13 000 , 13 000,,13 000 ,13 000 , 14 000,,14 000 ,13 000 , 14 000,,14 000 ,14 000 , 15 000,,14 000 ,14 000 , 15 000,,15 000 ,14 000 , 15 000,,15 000 ,15 000 , 16 000,,16 000 ,15 000 , 16 000,,16 000 ,15 000 , 17 000,,16 000 ,16 000 , 17 000,,17 000 ,16 000 , 17 000,,17 000 ,17 000 , 18 000,,18 000 ,17 000 , 18 000,,18 000 ,17 000 , 19 000,,18 000 ,17 000 , 19 000,,19 000 ,17 000 , 20 000,,19 000 ,17 000 , 20 000,,19 000 ,17 000 , 21 000,,20 000 ,17 000 , 21 000,,20 000 ,17 000 , 22 000,,20 000 ,17 000 , 23 000,,20 000 ,17 000 , 23 000,,20 000 ,16 000 , 24 000,,21 000 ,16 000 , 25 000,,21 000 ,16 000 , 26 000,
Mongolia,<100 ,<100 , <100,"Children estimates were not available at the time of publication.",<100 ,<100 , <100,"Children estimates were not available at the time of publication.",<100 ,<100 , <100,"Children estimates were not available at the time of publication.",<100 ,<100 , <100,"Children estimates were not available at the time of publication.",<100 ,<100 , <100,"Children estimates were not available at the time of publication.",<100 ,<100 , <100,"Children estimates were not available at the time of publication.",<100 ,<100 , <100,"Children estimates were not available at the time of publication.",<100 ,<100 , <100,"Children estimates were not available at the time of publication.",<100 ,<100 , <100,"Children estimates were not available at the time of publication.",<100 ,<100 , <100,"Children estimates were not available at the time of publication.",<100 ,<100 , <100,"Children estimates were not available at the time of publication.",<100 ,<100 , <100,"Children estimates were not available at the time of publication.",<100 ,<100 , <100,"Children estimates were not available at the time of publication.",<100 ,<100 , <100,"Children estimates were not available at the time of publication.",<100 ,<100 , <100,"Children estimates were not available at the time of publication.",<100 ,<100 , <100,"Children estimates were not available at the time of publication.",<100 ,<100 , <100,"Children estimates were not available at the time of publication.",<100 ,<100 , <100,"Children estimates were not available at the time of publication.",<100 ,<100 , <100,"Children estimates were not available at the time of publication.",<100 ,<100 , <100,"Children estimates were not available at the time of publication.",<100 ,<100 , <100,"Children estimates were not available at the time of publication.",<100 ,<100 , <100,"Children estimates were not available at the time of publication.",<100 ,<100 , <100,"Children estimates were not available at the time of publication.",<100 ,<100 , <100,"Children estimates were not available at the time of publication.",<100 ,<100 , <100,"Children estimates were not available at the time of publication.",<100 ,<100 , <100,"Children estimates were not available at the time of publication.",<100 ,<100 , <100,"Children estimates were not available at the time of publication.",<100 ,<100 , <100,"Children estimates were not available at the time of publication.",<100 ,<100 , <100,"Children estimates were not available at the time of publication.",<100 ,<100 , <100,"Children estimates were not available at the time of publication.",<100 ,<100 , <100,"Children estimates were not available at the time of publication.",<100 ,<100 , <100,"Children estimates were not available at the time of publication.",<100 ,<100 , <100,"Children estimates were not available at the time of publication.",<100 ,<100 , <100,"Children estimates were not available at the time of publication.",<100 ,<100 , <100,"Children estimates were not available at the time of publication."
Montenegro,<100 ,<100 , <100,"Children estimates were not available at the time of publication.",<100 ,<100 , <100,"Children estimates were not available at the time of publication.",<100 ,<100 , <100,"Children estimates were not available at the time of publication.",<100 ,<100 , <100,"Children estimates were not available at the time of publication.",<100 ,<100 , <100,"Children estimates were not available at the time of publication.",<100 ,<100 , <100,"Children estimates were not available at the time of publication.",<100 ,<100 , <100,"Children estimates were not available at the time of publication.",<100 ,<100 , <100,"Children estimates were not available at the time of publication.",<100 ,<100 , <100,"Children estimates were not available at the time of publication.",<100 ,<100 , <100,"Children estimates were not available at the time of publication.",<100 ,<100 , <100,"Children estimates were not available at the time of publication.",<100 ,<100 , <100,"Children estimates were not available at the time of publication.",<100 ,<100 , <100,"Children estimates were not available at the time of publication.",<100 ,<100 , <100,"Children estimates were not available at the time of publication.",<100 ,<100 , <100,"Children estimates were not available at the time of publication.",<100 ,<100 , <100,"Children estimates were not available at the time of publication.",<100 ,<100 , <100,"Children estimates were not available at the time of publication.",<100 ,<100 , <100,"Children estimates were not available at the time of publication.",<100 ,<100 , <100,"Children estimates were not available at the time of publication.",<100 ,<100 , <100,"Children estimates were not available at the time of publication.",<100 ,<100 , <100,"Children estimates were not available at the time of publication.",<100 ,<100 , <100,"Children estimates were not available at the time of publication.",<100 ,<100 , <100,"Children estimates were not available at the time of publication.",<100 ,<100 , <100,"Children estimates were not available at the time of publication.",<100 ,<100 , <100,"Children estimates were not available at the time of publication.",<100 ,<100 , <100,"Children estimates were not available at the time of publication.",<100 ,<100 , <100,"Children estimates were not available at the time of publication.",<100 ,<100 , <100,"Children estimates were not available at the time of publication.",<100 ,<100 , <100,"Children estimates were not available at the time of publication.",<100 ,<100 , <100,"Children estimates were not available at the time of publication.",<100 ,<100 , <100,"Children estimates were not available at the time of publication.",<100 ,<100 , <100,"Children estimates were not available at the time of publication.",<100 ,<100 , <100,"Children estimates were not available at the time of publication.",<100 ,<100 , <100,"Children estimates were not available at the time of publication.",<100 ,<100 , <100,"Children estimates were not available at the time of publication."
Morocco,510 ,<500 , 740,,620 ,<500 , 890,,730 ,550 , 1000,,820 ,640 , 1100,,930 ,740 , 1200,,1000 ,820 , 1300,,1100 ,880 , 1400,,1200 ,960 , 1400,,1300 ,1100 , 1500,,1400 ,1200 , 1600,,1400 ,1200 , 1600,,1500 ,1300 , 1700,,1500 ,1300 , 1700,,1500 ,1300 , 1700,,1400 ,1300 , 1600,,1400 ,1300 , 1600,,1400 ,1200 , 1600,,1400 ,1200 , 1500,,1300 ,1200 , 1500,,1300 ,1200 , 1500,,1300 ,1100 , 1400,,1200 ,1100 , 1400,,1100 ,1000 , 1300,,1100 ,920 , 1200,,1000 ,850 , 1200,,990 ,840 , 1100,,1000 ,860 , 1200,,1000 ,880 , 1200,,1000 ,910 , 1200,,1000 ,870 , 1200,,990 ,860 , 1200,,990 ,870 , 1200,,870 ,760 , 1100,,890 ,750 , 1100,,870 ,730 , 1100,
Mozambique,31 000 ,25 000 , 39 000,,38 000 ,32 000 , 47 000,,46 000 ,39 000 , 55 000,,54 000 ,47 000 , 63 000,,65 000 ,56 000 , 74 000,,79 000 ,71 000 , 89 000,,90 000 ,82 000 , 100 000,,100 000 ,91 000 , 110 000,,110 000 ,98 000 , 120 000,,110 000 ,100 000 , 130 000,,120 000 ,110 000 , 130 000,,120 000 ,110 000 , 130 000,,120 000 ,110 000 , 130 000,,110 000 ,110 000 , 130 000,,110 000 ,110 000 , 130 000,,110 000 ,110 000 , 120 000,,110 000 ,110 000 , 130 000,,110 000 ,100 000 , 120 000,,110 000 ,110 000 , 130 000,,120 000 ,110 000 , 130 000,,120 000 ,110 000 , 130 000,,120 000 ,110 000 , 130 000,,120 000 ,110 000 , 140 000,,130 000 ,110 000 , 140 000,,120 000 ,110 000 , 130 000,,110 000 ,100 000 , 130 000,,110 000 ,96 000 , 120 000,,100 000 ,89 000 , 120 000,,99 000 ,85 000 , 110 000,,100 000 ,84 000 , 120 000,,96 000 ,81 000 , 110 000,,91 000 ,76 000 , 110 000,,84 000 ,68 000 , 100 000,,77 000 ,62 000 , 94 000,,70 000 ,55 000 , 87 000,
Myanmar,10 000 ,8600 , 13 000,,18 000 ,14 000 , 22 000,,18 000 ,14 000 , 22 000,,15 000 ,12 000 , 17 000,,14 000 ,12 000 , 16 000,,14 000 ,12 000 , 16 000,,16 000 ,14 000 , 18 000,,18 000 ,16 000 , 20 000,,20 000 ,18 000 , 23 000,,23 000 ,20 000 , 26 000,,25 000 ,22 000 , 28 000,,24 000 ,22 000 , 28 000,,24 000 ,21 000 , 27 000,,23 000 ,20 000 , 26 000,,22 000 ,19 000 , 25 000,,21 000 ,18 000 , 24 000,,20 000 ,18 000 , 22 000,,19 000 ,17 000 , 21 000,,18 000 ,16 000 , 20 000,,17 000 ,15 000 , 19 000,,16 000 ,14 000 , 18 000,,16 000 ,14 000 , 18 000,,16 000 ,14 000 , 18 000,,15 000 ,13 000 , 17 000,,15 000 ,13 000 , 17 000,,14 000 ,12 000 , 16 000,,13 000 ,12 000 , 15 000,,12 000 ,11 000 , 14 000,,12 000 ,10 000 , 13 000,,11 000 ,9400 , 12 000,,10 000 ,8900 , 12 000,,10 000 ,9000 , 12 000,,10 000 ,9100 , 12 000,,10 000 ,8700 , 12 000,,9700 ,8400 , 11 000,
Namibia,4800 ,4300 , 5500,,6900 ,6100 , 7700,,9200 ,8300 , 10 000,,12 000 ,11 000 , 13 000,,14 000 ,13 000 , 16 000,,16 000 ,15 000 , 18 000,,17 000 ,15 000 , 19 000,,17 000 ,16 000 , 19 000,,16 000 ,15 000 , 18 000,,15 000 ,14 000 , 17 000,,15 000 ,14 000 , 16 000,,14 000 ,13 000 , 15 000,,13 000 ,12 000 , 14 000,,12 000 ,11 000 , 13 000,,11 000 ,10 000 , 13 000,,11 000 ,9800 , 12 000,,10 000 ,9200 , 12 000,,9600 ,8700 , 11 000,,9100 ,8200 , 11 000,,8900 ,7900 , 10 000,,8700 ,7800 , 10 000,,8600 ,7700 , 10 000,,7500 ,6500 , 9000,,6900 ,5800 , 8600,,6600 ,5400 , 8300,,6300 ,5200 , 8200,,6100 ,5000 , 8000,,5700 ,4700 , 7700,,5100 ,4100 , 6600,,4200 ,3300 , 5600,,3700 ,2800 , 4900,,4000 ,3000 , 5300,,3600 ,2700 , 4800,,3600 ,2700 , 4800,,3700 ,2800 , 4900,
Nepal,<100 ,<100 , <100,,<100 ,<100 , <100,,<200 ,<100 , <200,,<500 ,<500 , <500,,<500 ,<500 , 550,,890 ,750 , 1000,,1700 ,1500 , 2000,,3100 ,2600 , 3700,,4600 ,3800 , 5400,,5200 ,4300 , 6200,,5100 ,4300 , 6000,,4800 ,4100 , 5600,,4600 ,4000 , 5300,,4400 ,3900 , 5000,,4100 ,3600 , 4700,,3800 ,3300 , 4300,,3300 ,2900 , 3700,,2900 ,2600 , 3300,,2700 ,2400 , 3000,,2400 ,2200 , 2700,,2200 ,1900 , 2400,,2000 ,1700 , 2200,,1800 ,1600 , 2000,,1600 ,1400 , 1800,,1500 ,1300 , 1700,,1400 ,1200 , 1500,,1200 ,1100 , 1400,,1100 ,960 , 1200,,960 ,850 , 1100,,870 ,770 , 1000,,810 ,710 , 920,,740 ,650 , 840,,670 ,590 , 770,,600 ,530 , 690,,540 ,<500 , 620,
Netherlands,<500 ,<500 , 550,,<500 ,<500 , 500,,<500 ,<500 , 530,,<500 ,<500 , 600,,550 ,<500 , 660,,590 ,520 , 710,,640 ,580 , 770,,690 ,630 , 840,,740 ,650 , 890,,780 ,660 , 940,,770 ,640 , 940,,770 ,650 , 960,,830 ,720 , 1000,,880 ,770 , 1100,,910 ,810 , 1200,,930 ,830 , 1200,,940 ,830 , 1200,,930 ,820 , 1200,,910 ,790 , 1200,,880 ,770 , 1100,,830 ,730 , 1100,,770 ,680 , 1000,,700 ,610 , 910,,620 ,540 , 810,,530 ,<500 , 700,,<500 ,<500 , 600,,<500 ,<500 , 510,,<500 ,<500 , <500,,<500 ,<500 , <500,,<500 ,<200 , <500,,<500 ,<100 , <500,,<500 ,<100 , <500,,<500 ,<100 , <500,,<500 ,<200 , <500,,... ,... , ...,
New Zealand,<100 ,<100 , <200,"Children estimates were not available at the time of publication.",<100 ,<100 , <200,"Children estimates were not available at the time of publication.",<100 ,<100 , <100,"Children estimates were not available at the time of publication.",<100 ,<100 , <100,"Children estimates were not available at the time of publication.",<100 ,<100 , <100,"Children estimates were not available at the time of publication.",<100 ,<100 , <100,"Children estimates were not available at the time of publication.",<100 ,<100 , <100,"Children estimates were not available at the time of publication.",<100 ,<100 , <100,"Children estimates were not available at the time of publication.",<100 ,<100 , <100,"Children estimates were not available at the time of publication.",<100 ,<100 , <100,"Children estimates were not available at the time of publication.",<100 ,<100 , <200,"Children estimates were not available at the time of publication.",<100 ,<100 , <200,"Children estimates were not available at the time of publication.",<200 ,<100 , <200,"Children estimates were not available at the time of publication.",<200 ,<200 , <200,"Children estimates were not available at the time of publication.",<200 ,<200 , <200,"Children estimates were not available at the time of publication.",<200 ,<200 , <200,"Children estimates were not available at the time of publication.",<200 ,<200 , <200,"Children estimates were not available at the time of publication.",<200 ,<200 , <200,"Children estimates were not available at the time of publication.",<200 ,<200 , <200,"Children estimates were not available at the time of publication.",<200 ,<200 , <200,"Children estimates were not available at the time of publication.",<200 ,<200 , <200,"Children estimates were not available at the time of publication.",<200 ,<200 , <200,"Children estimates were not available at the time of publication.",<200 ,<200 , <200,"Children estimates were not available at the time of publication.",<200 ,<200 , <200,"Children estimates were not available at the time of publication.",<200 ,<200 , <200,"Children estimates were not available at the time of publication.",<200 ,<200 , <200,"Children estimates were not available at the time of publication.",<200 ,<100 , <200,"Children estimates were not available at the time of publication.",<200 ,<100 , <200,"Children estimates were not available at the time of publication.",<200 ,<100 , <200,"Children estimates were not available at the time of publication.",<100 ,<100 , <200,"Children estimates were not available at the time of publication.",<100 ,<100 , <200,"Children estimates were not available at the time of publication.",<100 ,<100 , <200,"Children estimates were not available at the time of publication.",<100 ,<100 , <200,"Children estimates were not available at the time of publication.",<100 ,<100 , <200,"Children estimates were not available at the time of publication.",<100 ,<100 , <200,"Children estimates were not available at the time of publication."
Nicaragua,... ,... , ...,"Estimates were not available at the time of publication.",... ,... , ...,"Estimates were not available at the time of publication.",... ,... , ...,"Estimates were not available at the time of publication.",... ,... , ...,"Estimates were not available at the time of publication.",... ,... , ...,"Estimates were not available at the time of publication.",... ,... , ...,"Estimates were not available at the time of publication.",... ,... , ...,"Estimates were not available at the time of publication.",... ,... , ...,"Estimates were not available at the time of publication.",... ,... , ...,"Estimates were not available at the time of publication.",... ,... , ...,"Estimates were not available at the time of publication.",... ,... , ...,"Estimates were not available at the time of publication.",... ,... , ...,"Estimates were not available at the time of publication.",... ,... , ...,"Estimates were not available at the time of publication.",... ,... , ...,"Estimates were not available at the time of publication.",... ,... , ...,"Estimates were not available at the time of publication.",... ,... , ...,"Estimates were not available at the time of publication.",... ,... , ...,"Estimates were not available at the time of publication.",... ,... , ...,"Estimates were not available at the time of publication.",... ,... , ...,"Estimates were not available at the time of publication.",... ,... , ...,"Estimates were not available at the time of publication.",... ,... , ...,"Estimates were not available at the time of publication.",... ,... , ...,"Estimates were not available at the time of publication.",... ,... , ...,"Estimates were not available at the time of publication.",... ,... , ...,"Estimates were not available at the time of publication.",... ,... , ...,"Estimates were not available at the time of publication.",... ,... , ...,"Estimates were not available at the time of publication.",... ,... , ...,"Estimates were not available at the time of publication.",... ,... , ...,"Estimates were not available at the time of publication.",... ,... , ...,"Estimates were not available at the time of publication.",... ,... , ...,"Estimates were not available at the time of publication.",... ,... , ...,"Estimates were not available at the time of publication.",... ,... , ...,"Estimates were not available at the time of publication.",... ,... , ...,"Estimates were not available at the time of publication.",... ,... , ...,"Estimates were not available at the time of publication.",... ,... , ...,"Estimates were not available at the time of publication."
Niger,3300 ,2400 , 4200,,4000 ,3100 , 5000,,4500 ,3500 , 5400,,4900 ,3900 , 5900,,5200 ,4300 , 6300,,5100 ,4200 , 6200,,4600 ,3900 , 5700,,4300 ,3600 , 5100,,4000 ,3400 , 4700,,3400 ,2900 , 4100,,3100 ,2600 , 3600,,2800 ,2400 , 3300,,2500 ,2100 , 2900,,2300 ,2000 , 2700,,2300 ,1900 , 2600,,1900 ,1600 , 2300,,1700 ,1400 , 2100,,1500 ,1200 , 1800,,1400 ,1100 , 1700,,1100 ,850 , 1400,,900 ,610 , 1200,,880 ,600 , 1200,,770 ,<500 , 1100,,750 ,<500 , 1000,,790 ,530 , 1100,,810 ,530 , 1100,,770 ,540 , 1000,,740 ,510 , 1000,,770 ,560 , 1000,,750 ,540 , 1000,,810 ,580 , 1100,,740 ,550 , 1000,,680 ,510 , 990,,680 ,510 , 1000,,720 ,530 , 1000,
Nigeria,100 000 ,88 000 , 120 000,,120 000 ,100 000 , 140 000,,130 000 ,120 000 , 150 000,,140 000 ,130 000 , 160 000,,150 000 ,130 000 , 170 000,,150 000 ,140 000 , 170 000,,160 000 ,140 000 , 180 000,,150 000 ,140 000 , 180 000,,150 000 ,140 000 , 170 000,,150 000 ,130 000 , 170 000,,140 000 ,130 000 , 160 000,,140 000 ,120 000 , 150 000,,130 000 ,120 000 , 150 000,,130 000 ,120 000 , 140 000,,120 000 ,110 000 , 140 000,,120 000 ,110 000 , 140 000,,110 000 ,100 000 , 130 000,,110 000 ,100 000 , 130 000,,110 000 ,99 000 , 130 000,,100 000 ,94 000 , 120 000,,100 000 ,92 000 , 120 000,,100 000 ,89 000 , 120 000,,95 000 ,84 000 , 110 000,,88 000 ,77 000 , 110 000,,84 000 ,73 000 , 100 000,,80 000 ,69 000 , 99 000,,73 000 ,62 000 , 92 000,,68 000 ,56 000 , 87 000,,65 000 ,54 000 , 84 000,,62 000 ,50 000 , 79 000,,54 000 ,42 000 , 70 000,,49 000 ,38 000 , 65 000,,41 000 ,31 000 , 56 000,,39 000 ,29 000 , 52 000,,29 000 ,20 000 , 40 000,
North Macedonia,<100 ,<100 , <100,"Children estimates were not available at the time of publication.",<100 ,<100 , <100,"Children estimates were not available at the time of publication.",<100 ,<100 , <100,"Children estimates were not available at the time of publication.",<100 ,<100 , <100,"Children estimates were not available at the time of publication.",<100 ,<100 , <100,"Children estimates were not available at the time of publication.",<100 ,<100 , <100,"Children estimates were not available at the time of publication.",<100 ,<100 , <100,"Children estimates were not available at the time of publication.",<100 ,<100 , <100,"Children estimates were not available at the time of publication.",<100 ,<100 , <100,"Children estimates were not available at the time of publication.",<100 ,<100 , <100,"Children estimates were not available at the time of publication.",<100 ,<100 , <100,"Children estimates were not available at the time of publication.",<100 ,<100 , <100,"Children estimates were not available at the time of publication.",<100 ,<100 , <100,"Children estimates were not available at the time of publication.",<100 ,<100 , <100,"Children estimates were not available at the time of publication.",<100 ,<100 , <100,"Children estimates were not available at the time of publication.",<100 ,<100 , <100,"Children estimates were not available at the time of publication.",<100 ,<100 , <100,"Children estimates were not available at the time of publication.",<100 ,<100 , <100,"Children estimates were not available at the time of publication.",<100 ,<100 , <100,"Children estimates were not available at the time of publication.",<100 ,<100 , <100,"Children estimates were not available at the time of publication.",<100 ,<100 , <100,"Children estimates were not available at the time of publication.",<100 ,<100 , <100,"Children estimates were not available at the time of publication.",<100 ,<100 , <100,"Children estimates were not available at the time of publication.",<100 ,<100 , <100,"Children estimates were not available at the time of publication.",<100 ,<100 , <100,"Children estimates were not available at the time of publication.",<100 ,<100 , <100,"Children estimates were not available at the time of publication.",<100 ,<100 , <100,"Children estimates were not available at the time of publication.",<100 ,<100 , <100,"Children estimates were not available at the time of publication.",<100 ,<100 , <100,"Children estimates were not available at the time of publication.",<100 ,<100 , <100,"Children estimates were not available at the time of publication.",<100 ,<100 , <100,"Children estimates were not available at the time of publication.",<100 ,<100 , <100,"Children estimates were not available at the time of publication.",<100 ,<100 , <100,"Children estimates were not available at the time of publication.",<100 ,<100 , <100,"Children estimates were not available at the time of publication.",<100 ,<100 , <100,"Children estimates were not available at the time of publication."
Norway,... ,... , ...,"Children estimates were not available at the time of publication.",... ,... , ...,"Children estimates were not available at the time of publication.",... ,... , ...,"Children estimates were not available at the time of publication.",... ,... , ...,"Children estimates were not available at the time of publication.",... ,... , ...,"Children estimates were not available at the time of publication.",... ,... , ...,"Children estimates were not available at the time of publication.",... ,... , ...,"Children estimates were not available at the time of publication.",... ,... , ...,"Children estimates were not available at the time of publication.",... ,... , ...,"Children estimates were not available at the time of publication.",... ,... , ...,"Children estimates were not available at the time of publication.",... ,... , ...,"Children estimates were not available at the time of publication.",... ,... , ...,"Children estimates were not available at the time of publication.",... ,... , ...,"Children estimates were not available at the time of publication.",... ,... , ...,"Children estimates were not available at the time of publication.",... ,... , ...,"Children estimates were not available at the time of publication.",... ,... , ...,"Children estimates were not available at the time of publication.",... ,... , ...,"Children estimates were not available at the time of publication.",... ,... , ...,"Children estimates were not available at the time of publication.",... ,... , ...,"Children estimates were not available at the time of publication.",... ,... , ...,"Children estimates were not available at the time of publication.",... ,... , ...,"Children estimates were not available at the time of publication.",... ,... , ...,"Children estimates were not available at the time of publication.",... ,... , ...,"Children estimates were not available at the time of publication.",... ,... , ...,"Children estimates were not available at the time of publication.",... ,... , ...,"Children estimates were not available at the time of publication.",... ,... , ...,"Children estimates were not available at the time of publication.",... ,... , ...,"Children estimates were not available at the time of publication.",... ,... , ...,"Children estimates were not available at the time of publication.",... ,... , ...,"Children estimates were not available at the time of publication.",... ,... , ...,"Children estimates were not available at the time of publication.",... ,... , ...,"Children estimates were not available at the time of publication.",... ,... , ...,"Children estimates were not available at the time of publication.",... ,... , ...,"Children estimates were not available at the time of publication.",... ,... , ...,"Children estimates were not available at the time of publication.",... ,... , ...,"Children estimates were not available at the time of publication."
Oman,<100 ,<100 , <200,"Children estimates were not available at the time of publication.",<200 ,<200 , <200,"Children estimates were not available at the time of publication.",<200 ,<200 , <200,"Children estimates were not available at the time of publication.",<200 ,<200 , <200,"Children estimates were not available at the time of publication.",<200 ,<100 , <200,"Children estimates were not available at the time of publication.",<200 ,<100 , <200,"Children estimates were not available at the time of publication.",<100 ,<100 , <200,"Children estimates were not available at the time of publication.",<100 ,<100 , <200,"Children estimates were not available at the time of publication.",<100 ,<100 , <100,"Children estimates were not available at the time of publication.",<100 ,<100 , <100,"Children estimates were not available at the time of publication.",<100 ,<100 , <100,"Children estimates were not available at the time of publication.",<100 ,<100 , <100,"Children estimates were not available at the time of publication.",<100 ,<100 , <100,"Children estimates were not available at the time of publication.",<100 ,<100 , <100,"Children estimates were not available at the time of publication.",<100 ,<100 , <100,"Children estimates were not available at the time of publication.",<100 ,<100 , <100,"Children estimates were not available at the time of publication.",<100 ,<100 , <200,"Children estimates were not available at the time of publication.",<100 ,<100 , <200,"Children estimates were not available at the time of publication.",<100 ,<100 , <200,"Children estimates were not available at the time of publication.",<100 ,<100 , <200,"Children estimates were not available at the time of publication.",<100 ,<100 , <100,"Children estimates were not available at the time of publication.",<100 ,<100 , <100,"Children estimates were not available at the time of publication.",<200 ,<200 , <200,"Children estimates were not available at the time of publication.",<200 ,<200 , <200,"Children estimates were not available at the time of publication.",<200 ,<200 , <200,"Children estimates were not available at the time of publication.",<200 ,<200 , <200,"Children estimates were not available at the time of publication.",<200 ,<200 , <200,"Children estimates were not available at the time of publication.",<200 ,<200 , <200,"Children estimates were not available at the time of publication.",<200 ,<200 , <200,"Children estimates were not available at the time of publication.",<200 ,<200 , <200,"Children estimates were not available at the time of publication.",<200 ,<200 , <200,"Children estimates were not available at the time of publication.",<200 ,<200 , <200,"Children estimates were not available at the time of publication.",<200 ,<100 , <200,"Children estimates were not available at the time of publication.",<200 ,<200 , <200,"Children estimates were not available at the time of publication.",<200 ,<200 , <200,"Children estimates were not available at the time of publication."
Pakistan,... ,... , ...,,... ,... , ...,,... ,... , ...,,... ,... , ...,,... ,... , ...,,... ,... , ...,,... ,... , ...,,... ,... , ...,,... ,... , ...,,... ,... , ...,,... ,... , ...,,... ,... , ...,,... ,... , ...,,... ,... , ...,,... ,... , ...,,... ,... , ...,,... ,... , ...,,... ,... , ...,,... ,... , ...,,... ,... , ...,,... ,... , ...,,... ,... , ...,,... ,... , ...,,... ,... , ...,,... ,... , ...,,... ,... , ...,,... ,... , ...,,... ,... , ...,,... ,... , ...,,... ,... , ...,,... ,... , ...,,... ,... , ...,,... ,... , ...,,... ,... , ...,,... ,... , ...,
Panama,1200 ,1000 , 1500,,1200 ,1000 , 1500,,1100 ,1000 , 1400,,1100 ,1000 , 1300,,1100 ,1000 , 1300,,1100 ,1000 , 1200,,1100 ,1000 , 1200,,1100 ,1000 , 1200,,1100 ,1000 , 1200,,1100 ,1000 , 1200,,1100 ,1100 , 1200,,1100 ,1100 , 1200,,1100 ,1100 , 1200,,1100 ,1100 , 1200,,1100 ,1100 , 1200,,1100 ,1100 , 1200,,1200 ,1100 , 1200,,1200 ,1100 , 1200,,1200 ,1100 , 1200,,1200 ,1100 , 1300,,1200 ,1100 , 1300,,1200 ,1100 , 1300,,1200 ,1100 , 1300,,1300 ,1100 , 1300,,1300 ,1200 , 1400,,1300 ,1200 , 1400,,1300 ,1200 , 1400,,1300 ,1200 , 1400,,1300 ,1200 , 1400,,1400 ,1200 , 1400,,1400 ,1200 , 1500,,1400 ,1200 , 1500,,1400 ,1200 , 1500,,1400 ,1200 , 1500,,1400 ,1200 , 1500,
Papua New Guinea,1200 ,760 , 1900,,1300 ,890 , 2100,,1300 ,980 , 2000,,1500 ,1100 , 2100,,1600 ,1300 , 2200,,1800 ,1500 , 2400,,2000 ,1700 , 2600,,2200 ,1900 , 2800,,2500 ,2100 , 3000,,2600 ,2300 , 3200,,2900 ,2500 , 3600,,3100 ,2600 , 3800,,3200 ,2800 , 4000,,3400 ,2900 , 4200,,3500 ,2900 , 4300,,3600 ,3000 , 4400,,3600 ,3000 , 4300,,3700 ,3000 , 4300,,3600 ,3000 , 4300,,3800 ,3200 , 4400,,3900 ,3300 , 4600,,4000 ,3500 , 4800,,4100 ,3500 , 4900,,4100 ,3500 , 5000,,4000 ,3500 , 4900,,4200 ,3600 , 5100,,4400 ,3700 , 5300,,4800 ,4000 , 5800,,5500 ,4600 , 6600,,5800 ,4900 , 7000,,6200 ,5300 , 7500,,6600 ,5600 , 8100,,6900 ,5800 , 8600,,7300 ,6100 , 9000,,7600 ,6300 , 9700,
Paraguay,<100 ,<100 , <100,,<100 ,<100 , <100,,<200 ,<100 , <200,,<200 ,<200 , <500,,<500 ,<500 , <500,,<500 ,<500 , <500,,550 ,<500 , 630,,610 ,540 , 690,,650 ,590 , 760,,700 ,640 , 810,,750 ,700 , 840,,800 ,750 , 870,,840 ,800 , 900,,880 ,840 , 930,,920 ,890 , 970,,960 ,920 , 1000,,1000 ,960 , 1000,,1000 ,990 , 1100,,1100 ,1000 , 1100,,1100 ,1000 , 1100,,1100 ,1100 , 1200,,1100 ,1100 , 1200,,1200 ,1100 , 1200,,1200 ,1100 , 1200,,1200 ,1100 , 1300,,1200 ,1100 , 1300,,1200 ,1200 , 1300,,1200 ,1200 , 1300,,1200 ,1100 , 1300,,1200 ,1100 , 1300,,1200 ,1100 , 1300,,1200 ,1000 , 1300,,1200 ,1000 , 1300,,1100 ,960 , 1300,,1100 ,910 , 1300,
Peru,6000 ,4800 , 7400,,5900 ,4800 , 7400,,5900 ,4500 , 7500,,5900 ,4400 , 7600,,5700 ,4200 , 7400,,5600 ,4200 , 7200,,5600 ,4400 , 7000,,5400 ,4300 , 6500,,5400 ,4500 , 6400,,5400 ,4600 , 6400,,5500 ,4800 , 6500,,5400 ,4700 , 6300,,5200 ,4600 , 6200,,5100 ,4500 , 5900,,5100 ,4500 , 6000,,5100 ,4500 , 6000,,5000 ,4400 , 5800,,4700 ,4200 , 5600,,4400 ,3800 , 5200,,4200 ,3700 , 5000,,3900 ,3300 , 4600,,3800 ,3300 , 4600,,4100 ,3500 , 4800,,4500 ,3800 , 5300,,4700 ,4000 , 5600,,5000 ,4300 , 6000,,5600 ,4800 , 6700,,5800 ,5000 , 6800,,6000 ,5100 , 7100,,6100 ,5200 , 7300,,5900 ,5000 , 7200,,6300 ,5200 , 7700,,6200 ,5000 , 7700,,6100 ,4900 , 7800,,6000 ,4600 , 7800,
Philippines,<100 ,<100 , <100,,<100 ,<100 , <100,,<100 ,<100 , <100,,<100 ,<100 , <100,,<100 ,<100 , <100,,<100 ,<100 , <100,,<200 ,<100 , <200,,<200 ,<200 , <200,,<200 ,<200 , <200,,<500 ,<200 , <500,,<500 ,<500 , <500,,<500 ,<500 , <500,,<500 ,<500 , 590,,670 ,530 , 800,,870 ,700 , 1100,,1100 ,900 , 1400,,1500 ,1200 , 1800,,2200 ,1700 , 2600,,3300 ,2700 , 3900,,4000 ,3300 , 4800,,4600 ,3700 , 5500,,5500 ,4400 , 6600,,6600 ,5200 , 8000,,7700 ,6100 , 9500,,8900 ,7000 , 11 000,,10 000 ,8000 , 12 000,,12 000 ,9100 , 14 000,,13 000 ,10 000 , 16 000,,15 000 ,11 000 , 18 000,,16 000 ,12 000 , 20 000,,18 000 ,14 000 , 22 000,,20 000 ,16 000 , 25 000,,23 000 ,18 000 , 29 000,,27 000 ,21 000 , 33 000,,30 000 ,23 000 , 37 000,
Poland,... ,... , ...,"Estimates were not available at the time of publication.",... ,... , ...,"Estimates were not available at the time of publication.",... ,... , ...,"Estimates were not available at the time of publication.",... ,... , ...,"Estimates were not available at the time of publication.",... ,... , ...,"Estimates were not available at the time of publication.",... ,... , ...,"Estimates were not available at the time of publication.",... ,... , ...,"Estimates were not available at the time of publication.",... ,... , ...,"Estimates were not available at the time of publication.",... ,... , ...,"Estimates were not available at the time of publication.",... ,... , ...,"Estimates were not available at the time of publication.",... ,... , ...,"Estimates were not available at the time of publication.",... ,... , ...,"Estimates were not available at the time of publication.",... ,... , ...,"Estimates were not available at the time of publication.",... ,... , ...,"Estimates were not available at the time of publication.",... ,... , ...,"Estimates were not available at the time of publication.",... ,... , ...,"Estimates were not available at the time of publication.",... ,... , ...,"Estimates were not available at the time of publication.",... ,... , ...,"Estimates were not available at the time of publication.",... ,... , ...,"Estimates were not available at the time of publication.",... ,... , ...,"Estimates were not available at the time of publication.",... ,... , ...,"Estimates were not available at the time of publication.",... ,... , ...,"Estimates were not available at the time of publication.",... ,... , ...,"Estimates were not available at the time of publication.",... ,... , ...,"Estimates were not available at the time of publication.",... ,... , ...,"Estimates were not available at the time of publication.",... ,... , ...,"Estimates were not available at the time of publication.",... ,... , ...,"Estimates were not available at the time of publication.",... ,... , ...,"Estimates were not available at the time of publication.",... ,... , ...,"Estimates were not available at the time of publication.",... ,... , ...,"Estimates were not available at the time of publication.",... ,... , ...,"Estimates were not available at the time of publication.",... ,... , ...,"Estimates were not available at the time of publication.",... ,... , ...,"Estimates were not available at the time of publication.",... ,... , ...,"Estimates were not available at the time of publication.",... ,... , ...,"Estimates were not available at the time of publication."
Portugal,3200 ,3000 , 3200,,3200 ,3000 , 3300,,3100 ,2900 , 3200,,2900 ,2800 , 3100,,2800 ,2700 , 2900,,2700 ,2600 , 2800,,2600 ,2500 , 2600,,2500 ,2400 , 2500,,2400 ,2300 , 2400,,2300 ,2200 , 2300,,2200 ,2100 , 2200,,2100 ,2000 , 2100,,2000 ,1900 , 2100,,1900 ,1800 , 2000,,1800 ,1700 , 1900,,1700 ,1700 , 1800,,1600 ,1600 , 1700,,1600 ,1500 , 1600,,1500 ,1400 , 1600,,1400 ,1300 , 1500,,1300 ,1300 , 1400,,1300 ,1200 , 1300,,1200 ,1100 , 1300,,1100 ,1100 , 1200,,1100 ,1000 , 1100,,1000 ,960 , 1100,,970 ,910 , 1000,,920 ,860 , 980,,880 ,820 , 940,,850 ,780 , 910,,810 ,740 , 870,,780 ,710 , 850,,760 ,680 , 830,,730 ,650 , 810,,700 ,610 , 790,
Qatar,<100 ,<100 , <100,"Children estimates were not available at the time of publication.",<100 ,<100 , <100,"Children estimates were not available at the time of publication.",<100 ,<100 , <100,"Children estimates were not available at the time of publication.",<100 ,<100 , <100,"Children estimates were not available at the time of publication.",<100 ,<100 , <100,"Children estimates were not available at the time of publication.",<100 ,<100 , <100,"Children estimates were not available at the time of publication.",<100 ,<100 , <100,"Children estimates were not available at the time of publication.",<100 ,<100 , <100,"Children estimates were not available at the time of publication.",<100 ,<100 , <100,"Children estimates were not available at the time of publication.",<100 ,<100 , <100,"Children estimates were not available at the time of publication.",<100 ,<100 , <100,"Children estimates were not available at the time of publication.",<100 ,<100 , <100,"Children estimates were not available at the time of publication.",<100 ,<100 , <100,"Children estimates were not available at the time of publication.",<100 ,<100 , <100,"Children estimates were not available at the time of publication.",<100 ,<100 , <100,"Children estimates were not available at the time of publication.",<100 ,<100 , <100,"Children estimates were not available at the time of publication.",<100 ,<100 , <100,"Children estimates were not available at the time of publication.",<100 ,<100 , <100,"Children estimates were not available at the time of publication.",<100 ,<100 , <100,"Children estimates were not available at the time of publication.",<100 ,<100 , <100,"Children estimates were not available at the time of publication.",<100 ,<100 , <100,"Children estimates were not available at the time of publication.",<100 ,<100 , <100,"Children estimates were not available at the time of publication.",<100 ,<100 , <100,"Children estimates were not available at the time of publication.",<100 ,<100 , <100,"Children estimates were not available at the time of publication.",<100 ,<100 , <100,"Children estimates were not available at the time of publication.",<100 ,<100 , <100,"Children estimates were not available at the time of publication.",<100 ,<100 , <100,"Children estimates were not available at the time of publication.",<100 ,<100 , <100,"Children estimates were not available at the time of publication.",<100 ,<100 , <100,"Children estimates were not available at the time of publication.",<100 ,<100 , <100,"Children estimates were not available at the time of publication.",<100 ,<100 , <200,"Children estimates were not available at the time of publication.",<100 ,<100 , <200,"Children estimates were not available at the time of publication.",<200 ,<100 , <200,"Children estimates were not available at the time of publication.",<200 ,<100 , <200,"Children estimates were not available at the time of publication.",<200 ,<200 , <200,"Children estimates were not available at the time of publication."
Republic of Korea,... ,... , ...,"Estimates were not available at the time of publication.",... ,... , ...,"Estimates were not available at the time of publication.",... ,... , ...,"Estimates were not available at the time of publication.",... ,... , ...,"Estimates were not available at the time of publication.",... ,... , ...,"Estimates were not available at the time of publication.",... ,... , ...,"Estimates were not available at the time of publication.",... ,... , ...,"Estimates were not available at the time of publication.",... ,... , ...,"Estimates were not available at the time of publication.",... ,... , ...,"Estimates were not available at the time of publication.",... ,... , ...,"Estimates were not available at the time of publication.",... ,... , ...,"Estimates were not available at the time of publication.",... ,... , ...,"Estimates were not available at the time of publication.",... ,... , ...,"Estimates were not available at the time of publication.",... ,... , ...,"Estimates were not available at the time of publication.",... ,... , ...,"Estimates were not available at the time of publication.",... ,... , ...,"Estimates were not available at the time of publication.",... ,... , ...,"Estimates were not available at the time of publication.",... ,... , ...,"Estimates were not available at the time of publication.",... ,... , ...,"Estimates were not available at the time of publication.",... ,... , ...,"Estimates were not available at the time of publication.",... ,... , ...,"Estimates were not available at the time of publication.",... ,... , ...,"Estimates were not available at the time of publication.",... ,... , ...,"Estimates were not available at the time of publication.",... ,... , ...,"Estimates were not available at the time of publication.",... ,... , ...,"Estimates were not available at the time of publication.",... ,... , ...,"Estimates were not available at the time of publication.",... ,... , ...,"Estimates were not available at the time of publication.",... ,... , ...,"Estimates were not available at the time of publication.",... ,... , ...,"Estimates were not available at the time of publication.",... ,... , ...,"Estimates were not available at the time of publication.",... ,... , ...,"Estimates were not available at the time of publication.",... ,... , ...,"Estimates were not available at the time of publication.",... ,... , ...,"Estimates were not available at the time of publication.",... ,... , ...,"Estimates were not available at the time of publication.",... ,... , ...,"Estimates were not available at the time of publication."
Republic of Moldova,<200 ,<100 , <200,,<200 ,<200 , <500,,<500 ,<500 , <500,,<500 ,<500 , 620,,690 ,<500 , 930,,960 ,690 , 1300,,1300 ,920 , 1700,,1600 ,1200 , 2200,,1900 ,1300 , 2500,,2100 ,1500 , 2800,,2200 ,1600 , 3000,,2200 ,1600 , 3000,,2200 ,1600 , 2900,,2100 ,1500 , 2900,,2100 ,1500 , 2800,,2000 ,1400 , 2700,,1900 ,1400 , 2600,,1900 ,1300 , 2500,,1800 ,1300 , 2400,,1700 ,1200 , 2200,,1600 ,1100 , 2100,,1500 ,1100 , 2000,,1400 ,1000 , 1900,,1300 ,950 , 1800,,1200 ,850 , 1600,,1100 ,800 , 1500,,1100 ,770 , 1500,,990 ,710 , 1300,,930 ,660 , 1200,,840 ,600 , 1100,,800 ,570 , 1100,,750 ,540 , 1000,,680 ,<500 , 920,,640 ,<500 , 860,,570 ,<500 , 770,
Romania,500 ,<200 , 910,,700 ,<500 , 1000,,850 ,620 , 1100,,920 ,750 , 1200,,920 ,690 , 1200,,860 ,630 , 1100,,790 ,580 , 970,,730 ,560 , 890,,670 ,550 , 800,,600 ,520 , 690,,550 ,<500 , 630,,530 ,<500 , 590,,530 ,<500 , 580,,540 ,500 , 570,,550 ,520 , 590,,560 ,540 , 590,,560 ,530 , 590,,560 ,520 , 590,,560 ,520 , 600,,560 ,520 , 600,,570 ,520 , 610,,570 ,520 , 610,,570 ,510 , 620,,590 ,530 , 650,,610 ,530 , 670,,600 ,520 , 670,,570 ,<500 , 650,,540 ,<500 , 630,,510 ,<500 , 610,,<500 ,<500 , 580,,<500 ,<500 , 550,,<500 ,<500 , 540,,<500 ,<500 , 520,,<500 ,<500 , 510,,<500 ,<500 , <500,
Russian Federation,... ,... , ...,"Estimates were not available at the time of publication.",... ,... , ...,"Estimates were not available at the time of publication.",... ,... , ...,"Estimates were not available at the time of publication.",... ,... , ...,"Estimates were not available at the time of publication.",... ,... , ...,"Estimates were not available at the time of publication.",... ,... , ...,"Estimates were not available at the time of publication.",... ,... , ...,"Estimates were not available at the time of publication.",... ,... , ...,"Estimates were not available at the time of publication.",... ,... , ...,"Estimates were not available at the time of publication.",... ,... , ...,"Estimates were not available at the time of publication.",... ,... , ...,"Estimates were not available at the time of publication.",... ,... , ...,"Estimates were not available at the time of publication.",... ,... , ...,"Estimates were not available at the time of publication.",... ,... , ...,"Estimates were not available at the time of publication.",... ,... , ...,"Estimates were not available at the time of publication.",... ,... , ...,"Estimates were not available at the time of publication.",... ,... , ...,"Estimates were not available at the time of publication.",... ,... , ...,"Estimates were not available at the time of publication.",... ,... , ...,"Estimates were not available at the time of publication.",... ,... , ...,"Estimates were not available at the time of publication.",... ,... , ...,"Estimates were not available at the time of publication.",... ,... , ...,"Estimates were not available at the time of publication.",... ,... , ...,"Estimates were not available at the time of publication.",... ,... , ...,"Estimates were not available at the time of publication.",... ,... , ...,"Estimates were not available at the time of publication.",... ,... , ...,"Estimates were not available at the time of publication.",... ,... , ...,"Estimates were not available at the time of publication.",... ,... , ...,"Estimates were not available at the time of publication.",... ,... , ...,"Estimates were not available at the time of publication.",... ,... , ...,"Estimates were not available at the time of publication.",... ,... , ...,"Estimates were not available at the time of publication.",... ,... , ...,"Estimates were not available at the time of publication.",... ,... , ...,"Estimates were not available at the time of publication.",... ,... , ...,"Estimates were not available at the time of publication.",... ,... , ...,"Estimates were not available at the time of publication."
Rwanda,23 000 ,16 000 , 32 000,,26 000 ,20 000 , 32 000,,27 000 ,23 000 , 33 000,,27 000 ,22 000 , 32 000,,23 000 ,19 000 , 27 000,,17 000 ,15 000 , 20 000,,17 000 ,15 000 , 19 000,,19 000 ,17 000 , 22 000,,20 000 ,19 000 , 23 000,,18 000 ,17 000 , 21 000,,17 000 ,16 000 , 19 000,,17 000 ,15 000 , 18 000,,15 000 ,13 000 , 16 000,,12 000 ,11 000 , 13 000,,12 000 ,11 000 , 14 000,,12 000 ,10 000 , 14 000,,11 000 ,9100 , 13 000,,10 000 ,8200 , 12 000,,9700 ,7900 , 12 000,,8700 ,6900 , 11 000,,8600 ,6800 , 11 000,,8100 ,6300 , 11 000,,7700 ,5900 , 10 000,,7500 ,5900 , 10 000,,6200 ,4800 , 8800,,5800 ,4400 , 8400,,4900 ,3500 , 7300,,3900 ,2800 , 6300,,3500 ,2300 , 5700,,3000 ,1900 , 4900,,2600 ,1600 , 4400,,2800 ,1700 , 4700,,2500 ,1400 , 4300,,2200 ,1200 , 3600,,2100 ,1300 , 3200,
Saint Kitts and Nevis,<100 ,<100 , <100,"Countries with a UNAIDS-approved estimate and population less than 250000 in 2024; not included in regional or global totals",<100 ,<100 , <100,"Countries with a UNAIDS-approved estimate and population less than 250000 in 2024; not included in regional or global totals",<100 ,<100 , <100,"Countries with a UNAIDS-approved estimate and population less than 250000 in 2024; not included in regional or global totals",<100 ,<100 , <100,"Countries with a UNAIDS-approved estimate and population less than 250000 in 2024; not included in regional or global totals",<100 ,<100 , <100,"Countries with a UNAIDS-approved estimate and population less than 250000 in 2024; not included in regional or global totals",<100 ,<100 , <100,"Countries with a UNAIDS-approved estimate and population less than 250000 in 2024; not included in regional or global totals",<100 ,<100 , <100,"Countries with a UNAIDS-approved estimate and population less than 250000 in 2024; not included in regional or global totals",<100 ,<100 , <100,"Countries with a UNAIDS-approved estimate and population less than 250000 in 2024; not included in regional or global totals",<100 ,<100 , <100,"Countries with a UNAIDS-approved estimate and population less than 250000 in 2024; not included in regional or global totals",<100 ,<100 , <100,"Countries with a UNAIDS-approved estimate and population less than 250000 in 2024; not included in regional or global totals",<100 ,<100 , <100,"Countries with a UNAIDS-approved estimate and population less than 250000 in 2024; not included in regional or global totals",<100 ,<100 , <100,"Countries with a UNAIDS-approved estimate and population less than 250000 in 2024; not included in regional or global totals",<100 ,<100 , <100,"Countries with a UNAIDS-approved estimate and population less than 250000 in 2024; not included in regional or global totals",<100 ,<100 , <100,"Countries with a UNAIDS-approved estimate and population less than 250000 in 2024; not included in regional or global totals",<100 ,<100 , <100,"Countries with a UNAIDS-approved estimate and population less than 250000 in 2024; not included in regional or global totals",<100 ,<100 , <100,"Countries with a UNAIDS-approved estimate and population less than 250000 in 2024; not included in regional or global totals",<100 ,<100 , <100,"Countries with a UNAIDS-approved estimate and population less than 250000 in 2024; not included in regional or global totals",<100 ,<100 , <100,"Countries with a UNAIDS-approved estimate and population less than 250000 in 2024; not included in regional or global totals",<100 ,<100 , <100,"Countries with a UNAIDS-approved estimate and population less than 250000 in 2024; not included in regional or global totals",<100 ,<100 , <100,"Countries with a UNAIDS-approved estimate and population less than 250000 in 2024; not included in regional or global totals",<100 ,<100 , <100,"Countries with a UNAIDS-approved estimate and population less than 250000 in 2024; not included in regional or global totals",<100 ,<100 , <100,"Countries with a UNAIDS-approved estimate and population less than 250000 in 2024; not included in regional or global totals",<100 ,<100 , <100,"Countries with a UNAIDS-approved estimate and population less than 250000 in 2024; not included in regional or global totals",<100 ,<100 , <100,"Countries with a UNAIDS-approved estimate and population less than 250000 in 2024; not included in regional or global totals",<100 ,<100 , <100,"Countries with a UNAIDS-approved estimate and population less than 250000 in 2024; not included in regional or global totals",<100 ,<100 , <100,"Countries with a UNAIDS-approved estimate and population less than 250000 in 2024; not included in regional or global totals",<100 ,<100 , <100,"Countries with a UNAIDS-approved estimate and population less than 250000 in 2024; not included in regional or global totals",<100 ,<100 , <100,"Countries with a UNAIDS-approved estimate and population less than 250000 in 2024; not included in regional or global totals",<100 ,<100 , <100,"Countries with a UNAIDS-approved estimate and population less than 250000 in 2024; not included in regional or global totals",<100 ,<100 , <100,"Countries with a UNAIDS-approved estimate and population less than 250000 in 2024; not included in regional or global totals",<100 ,<100 , <100,"Countries with a UNAIDS-approved estimate and population less than 250000 in 2024; not included in regional or global totals",<100 ,<100 , <100,"Countries with a UNAIDS-approved estimate and population less than 250000 in 2024; not included in regional or global totals",<100 ,<100 , <100,"Countries with a UNAIDS-approved estimate and population less than 250000 in 2024; not included in regional or global totals",<100 ,<100 , <100,"Countries with a UNAIDS-approved estimate and population less than 250000 in 2024; not included in regional or global totals",<100 ,<100 , <100,"Countries with a UNAIDS-approved estimate and population less than 250000 in 2024; not included in regional or global totals"
Saint Lucia,<100 ,<100 , <100,"Countries with a UNAIDS-approved estimate and population less than 250000 in 2024; not included in regional or global totals",<100 ,<100 , <100,"Countries with a UNAIDS-approved estimate and population less than 250000 in 2024; not included in regional or global totals",<100 ,<100 , <100,"Countries with a UNAIDS-approved estimate and population less than 250000 in 2024; not included in regional or global totals",<100 ,<100 , <100,"Countries with a UNAIDS-approved estimate and population less than 250000 in 2024; not included in regional or global totals",<100 ,<100 , <100,"Countries with a UNAIDS-approved estimate and population less than 250000 in 2024; not included in regional or global totals",<100 ,<100 , <100,"Countries with a UNAIDS-approved estimate and population less than 250000 in 2024; not included in regional or global totals",<100 ,<100 , <100,"Countries with a UNAIDS-approved estimate and population less than 250000 in 2024; not included in regional or global totals",<100 ,<100 , <100,"Countries with a UNAIDS-approved estimate and population less than 250000 in 2024; not included in regional or global totals",<100 ,<100 , <100,"Countries with a UNAIDS-approved estimate and population less than 250000 in 2024; not included in regional or global totals",<100 ,<100 , <100,"Countries with a UNAIDS-approved estimate and population less than 250000 in 2024; not included in regional or global totals",<100 ,<100 , <100,"Countries with a UNAIDS-approved estimate and population less than 250000 in 2024; not included in regional or global totals",<100 ,<100 , <100,"Countries with a UNAIDS-approved estimate and population less than 250000 in 2024; not included in regional or global totals",<100 ,<100 , <100,"Countries with a UNAIDS-approved estimate and population less than 250000 in 2024; not included in regional or global totals",<100 ,<100 , <100,"Countries with a UNAIDS-approved estimate and population less than 250000 in 2024; not included in regional or global totals",<100 ,<100 , <100,"Countries with a UNAIDS-approved estimate and population less than 250000 in 2024; not included in regional or global totals",<100 ,<100 , <100,"Countries with a UNAIDS-approved estimate and population less than 250000 in 2024; not included in regional or global totals",<100 ,<100 , <100,"Countries with a UNAIDS-approved estimate and population less than 250000 in 2024; not included in regional or global totals",<100 ,<100 , <100,"Countries with a UNAIDS-approved estimate and population less than 250000 in 2024; not included in regional or global totals",<100 ,<100 , <100,"Countries with a UNAIDS-approved estimate and population less than 250000 in 2024; not included in regional or global totals",<100 ,<100 , <100,"Countries with a UNAIDS-approved estimate and population less than 250000 in 2024; not included in regional or global totals",<100 ,<100 , <100,"Countries with a UNAIDS-approved estimate and population less than 250000 in 2024; not included in regional or global totals",<100 ,<100 , <100,"Countries with a UNAIDS-approved estimate and population less than 250000 in 2024; not included in regional or global totals",<100 ,<100 , <100,"Countries with a UNAIDS-approved estimate and population less than 250000 in 2024; not included in regional or global totals",<100 ,<100 , <100,"Countries with a UNAIDS-approved estimate and population less than 250000 in 2024; not included in regional or global totals",<100 ,<100 , <100,"Countries with a UNAIDS-approved estimate and population less than 250000 in 2024; not included in regional or global totals",<100 ,<100 , <100,"Countries with a UNAIDS-approved estimate and population less than 250000 in 2024; not included in regional or global totals",<100 ,<100 , <100,"Countries with a UNAIDS-approved estimate and population less than 250000 in 2024; not included in regional or global totals",<100 ,<100 , <100,"Countries with a UNAIDS-approved estimate and population less than 250000 in 2024; not included in regional or global totals",<100 ,<100 , <100,"Countries with a UNAIDS-approved estimate and population less than 250000 in 2024; not included in regional or global totals",<100 ,<100 , <100,"Countries with a UNAIDS-approved estimate and population less than 250000 in 2024; not included in regional or global totals",<100 ,<100 , <100,"Countries with a UNAIDS-approved estimate and population less than 250000 in 2024; not included in regional or global totals",<100 ,<100 , <100,"Countries with a UNAIDS-approved estimate and population less than 250000 in 2024; not included in regional or global totals",<100 ,<100 , <100,"Countries with a UNAIDS-approved estimate and population less than 250000 in 2024; not included in regional or global totals",<100 ,<100 , <100,"Countries with a UNAIDS-approved estimate and population less than 250000 in 2024; not included in regional or global totals",<100 ,<100 , <100,"Countries with a UNAIDS-approved estimate and population less than 250000 in 2024; not included in regional or global totals"
Saint Vincent and the Grenadines,<100 ,<100 , <100,"Countries with a UNAIDS-approved estimate and population less than 250000 in 2024; not included in regional or global totals",<100 ,<100 , <100,"Countries with a UNAIDS-approved estimate and population less than 250000 in 2024; not included in regional or global totals",<100 ,<100 , <100,"Countries with a UNAIDS-approved estimate and population less than 250000 in 2024; not included in regional or global totals",<100 ,<100 , <100,"Countries with a UNAIDS-approved estimate and population less than 250000 in 2024; not included in regional or global totals",<100 ,<100 , <100,"Countries with a UNAIDS-approved estimate and population less than 250000 in 2024; not included in regional or global totals",<100 ,<100 , <100,"Countries with a UNAIDS-approved estimate and population less than 250000 in 2024; not included in regional or global totals",<100 ,<100 , <100,"Countries with a UNAIDS-approved estimate and population less than 250000 in 2024; not included in regional or global totals",<100 ,<100 , <100,"Countries with a UNAIDS-approved estimate and population less than 250000 in 2024; not included in regional or global totals",<100 ,<100 , <100,"Countries with a UNAIDS-approved estimate and population less than 250000 in 2024; not included in regional or global totals",<100 ,<100 , <100,"Countries with a UNAIDS-approved estimate and population less than 250000 in 2024; not included in regional or global totals",<100 ,<100 , <100,"Countries with a UNAIDS-approved estimate and population less than 250000 in 2024; not included in regional or global totals",<100 ,<100 , <100,"Countries with a UNAIDS-approved estimate and population less than 250000 in 2024; not included in regional or global totals",<100 ,<100 , <100,"Countries with a UNAIDS-approved estimate and population less than 250000 in 2024; not included in regional or global totals",<100 ,<100 , <100,"Countries with a UNAIDS-approved estimate and population less than 250000 in 2024; not included in regional or global totals",<100 ,<100 , <100,"Countries with a UNAIDS-approved estimate and population less than 250000 in 2024; not included in regional or global totals",<100 ,<100 , <100,"Countries with a UNAIDS-approved estimate and population less than 250000 in 2024; not included in regional or global totals",<100 ,<100 , <100,"Countries with a UNAIDS-approved estimate and population less than 250000 in 2024; not included in regional or global totals",<100 ,<100 , <100,"Countries with a UNAIDS-approved estimate and population less than 250000 in 2024; not included in regional or global totals",<100 ,<100 , <100,"Countries with a UNAIDS-approved estimate and population less than 250000 in 2024; not included in regional or global totals",<100 ,<100 , <100,"Countries with a UNAIDS-approved estimate and population less than 250000 in 2024; not included in regional or global totals",<100 ,<100 , <100,"Countries with a UNAIDS-approved estimate and population less than 250000 in 2024; not included in regional or global totals",<100 ,<100 , <100,"Countries with a UNAIDS-approved estimate and population less than 250000 in 2024; not included in regional or global totals",<100 ,<100 , <100,"Countries with a UNAIDS-approved estimate and population less than 250000 in 2024; not included in regional or global totals",<100 ,<100 , <100,"Countries with a UNAIDS-approved estimate and population less than 250000 in 2024; not included in regional or global totals",<100 ,<100 , <100,"Countries with a UNAIDS-approved estimate and population less than 250000 in 2024; not included in regional or global totals",<100 ,<100 , <100,"Countries with a UNAIDS-approved estimate and population less than 250000 in 2024; not included in regional or global totals",<100 ,<100 , <100,"Countries with a UNAIDS-approved estimate and population less than 250000 in 2024; not included in regional or global totals",<100 ,<100 , <100,"Countries with a UNAIDS-approved estimate and population less than 250000 in 2024; not included in regional or global totals",<100 ,<100 , <100,"Countries with a UNAIDS-approved estimate and population less than 250000 in 2024; not included in regional or global totals",<100 ,<100 , <100,"Countries with a UNAIDS-approved estimate and population less than 250000 in 2024; not included in regional or global totals",<100 ,<100 , <100,"Countries with a UNAIDS-approved estimate and population less than 250000 in 2024; not included in regional or global totals",<100 ,<100 , <100,"Countries with a UNAIDS-approved estimate and population less than 250000 in 2024; not included in regional or global totals",<100 ,<100 , <100,"Countries with a UNAIDS-approved estimate and population less than 250000 in 2024; not included in regional or global totals",<100 ,<100 , <100,"Countries with a UNAIDS-approved estimate and population less than 250000 in 2024; not included in regional or global totals",<100 ,<100 , <100,"Countries with a UNAIDS-approved estimate and population less than 250000 in 2024; not included in regional or global totals"
Sao Tome and Principe,... ,... , ...,"Estimates were not available at the time of publication.",... ,... , ...,"Estimates were not available at the time of publication.",... ,... , ...,"Estimates were not available at the time of publication.",... ,... , ...,"Estimates were not available at the time of publication.",... ,... , ...,"Estimates were not available at the time of publication.",... ,... , ...,"Estimates were not available at the time of publication.",... ,... , ...,"Estimates were not available at the time of publication.",... ,... , ...,"Estimates were not available at the time of publication.",... ,... , ...,"Estimates were not available at the time of publication.",... ,... , ...,"Estimates were not available at the time of publication.",... ,... , ...,"Estimates were not available at the time of publication.",... ,... , ...,"Estimates were not available at the time of publication.",... ,... , ...,"Estimates were not available at the time of publication.",... ,... , ...,"Estimates were not available at the time of publication.",... ,... , ...,"Estimates were not available at the time of publication.",... ,... , ...,"Estimates were not available at the time of publication.",... ,... , ...,"Estimates were not available at the time of publication.",... ,... , ...,"Estimates were not available at the time of publication.",... ,... , ...,"Estimates were not available at the time of publication.",... ,... , ...,"Estimates were not available at the time of publication.",... ,... , ...,"Estimates were not available at the time of publication.",... ,... , ...,"Estimates were not available at the time of publication.",... ,... , ...,"Estimates were not available at the time of publication.",... ,... , ...,"Estimates were not available at the time of publication.",... ,... , ...,"Estimates were not available at the time of publication.",... ,... , ...,"Estimates were not available at the time of publication.",... ,... , ...,"Estimates were not available at the time of publication.",... ,... , ...,"Estimates were not available at the time of publication.",... ,... , ...,"Estimates were not available at the time of publication.",... ,... , ...,"Estimates were not available at the time of publication.",... ,... , ...,"Estimates were not available at the time of publication.",... ,... , ...,"Estimates were not available at the time of publication.",... ,... , ...,"Estimates were not available at the time of publication.",... ,... , ...,"Estimates were not available at the time of publication.",... ,... , ...,"Estimates were not available at the time of publication."
Saudi Arabia,<500 ,<500 , 550,"Children estimates were not available at the time of publication.",<500 ,<500 , 620,"Children estimates were not available at the time of publication.",570 ,<500 , 690,"Children estimates were not available at the time of publication.",640 ,530 , 750,"Children estimates were not available at the time of publication.",700 ,590 , 800,"Children estimates were not available at the time of publication.",740 ,650 , 830,"Children estimates were not available at the time of publication.",750 ,660 , 840,"Children estimates were not available at the time of publication.",730 ,650 , 820,"Children estimates were not available at the time of publication.",680 ,550 , 780,"Children estimates were not available at the time of publication.",600 ,<500 , 720,"Children estimates were not available at the time of publication.",<500 ,<500 , 630,"Children estimates were not available at the time of publication.",<500 ,<500 , 540,"Children estimates were not available at the time of publication.",<500 ,<200 , <500,"Children estimates were not available at the time of publication.",<200 ,<100 , <500,"Children estimates were not available at the time of publication.",<200 ,<100 , <500,"Children estimates were not available at the time of publication.",<100 ,<100 , <200,"Children estimates were not available at the time of publication.",<100 ,<100 , <100,"Children estimates were not available at the time of publication.",<100 ,<100 , <100,"Children estimates were not available at the time of publication.",<100 ,<100 , <100,"Children estimates were not available at the time of publication.",<100 ,<100 , <100,"Children estimates were not available at the time of publication.",<100 ,<100 , <200,"Children estimates were not available at the time of publication.",<200 ,<100 , <200,"Children estimates were not available at the time of publication.",<200 ,<200 , <200,"Children estimates were not available at the time of publication.",<200 ,<200 , <200,"Children estimates were not available at the time of publication.",<500 ,<200 , <500,"Children estimates were not available at the time of publication.",<500 ,<500 , <500,"Children estimates were not available at the time of publication.",<500 ,<500 , <500,"Children estimates were not available at the time of publication.",<500 ,<500 , <500,"Children estimates were not available at the time of publication.",<500 ,<500 , 540,"Children estimates were not available at the time of publication.",560 ,520 , 640,"Children estimates were not available at the time of publication.",700 ,650 , 820,"Children estimates were not available at the time of publication.",860 ,810 , 1000,"Children estimates were not available at the time of publication.",1100 ,990 , 1300,"Children estimates were not available at the time of publication.",1300 ,1200 , 1700,"Children estimates were not available at the time of publication.",1400 ,1200 , 1900,"Children estimates were not available at the time of publication."
Senegal,1300 ,1300 , 1300,,1700 ,1600 , 1700,,2200 ,2100 , 2200,,2500 ,2500 , 2600,,3000 ,2900 , 3000,,3500 ,3400 , 3600,,4100 ,4000 , 4200,,4700 ,4600 , 4800,,5200 ,5100 , 5300,,5400 ,5300 , 5600,,5300 ,5100 , 5500,,4600 ,4500 , 4800,,3900 ,3800 , 4100,,3200 ,3100 , 3400,,2800 ,2700 , 3000,,2400 ,2300 , 2600,,2300 ,2100 , 2400,,1900 ,1800 , 2100,,1600 ,1500 , 1800,,1600 ,1500 , 1800,,1500 ,1400 , 1700,,1400 ,1300 , 1600,,1300 ,1100 , 1500,,1200 ,940 , 1400,,1100 ,900 , 1400,,1100 ,920 , 1400,,1200 ,1100 , 1400,,1300 ,1200 , 1400,,1500 ,1400 , 1600,,1500 ,1400 , 1600,,1600 ,1500 , 1700,,2000 ,1900 , 2100,,2800 ,2700 , 2900,,2700 ,2600 , 2800,,2600 ,2500 , 2800,
Serbia,<200 ,<100 , <200,"Children estimates were not available at the time of publication.",<200 ,<100 , <200,"Children estimates were not available at the time of publication.",<200 ,<100 , <200,"Children estimates were not available at the time of publication.",<200 ,<100 , <200,"Children estimates were not available at the time of publication.",<200 ,<100 , <200,"Children estimates were not available at the time of publication.",<100 ,<100 , <200,"Children estimates were not available at the time of publication.",<100 ,<100 , <200,"Children estimates were not available at the time of publication.",<100 ,<100 , <200,"Children estimates were not available at the time of publication.",<100 ,<100 , <200,"Children estimates were not available at the time of publication.",<100 ,<100 , <200,"Children estimates were not available at the time of publication.",<200 ,<100 , <200,"Children estimates were not available at the time of publication.",<200 ,<100 , <200,"Children estimates were not available at the time of publication.",<200 ,<100 , <200,"Children estimates were not available at the time of publication.",<200 ,<200 , <200,"Children estimates were not available at the time of publication.",<200 ,<200 , <200,"Children estimates were not available at the time of publication.",<200 ,<200 , <200,"Children estimates were not available at the time of publication.",<200 ,<200 , <200,"Children estimates were not available at the time of publication.",<200 ,<200 , <200,"Children estimates were not available at the time of publication.",<200 ,<200 , <200,"Children estimates were not available at the time of publication.",<200 ,<200 , <200,"Children estimates were not available at the time of publication.",<200 ,<200 , <200,"Children estimates were not available at the time of publication.",<200 ,<200 , <200,"Children estimates were not available at the time of publication.",<200 ,<200 , <200,"Children estimates were not available at the time of publication.",<200 ,<200 , <200,"Children estimates were not available at the time of publication.",<200 ,<200 , <200,"Children estimates were not available at the time of publication.",<200 ,<200 , <200,"Children estimates were not available at the time of publication.",<200 ,<200 , <500,"Children estimates were not available at the time of publication.",<200 ,<200 , <500,"Children estimates were not available at the time of publication.",<200 ,<200 , <500,"Children estimates were not available at the time of publication.",<200 ,<200 , <500,"Children estimates were not available at the time of publication.",<200 ,<200 , <500,"Children estimates were not available at the time of publication.",<200 ,<200 , <500,"Children estimates were not available at the time of publication.",<200 ,<200 , <500,"Children estimates were not available at the time of publication.",<200 ,<200 , <500,"Children estimates were not available at the time of publication.",<200 ,<200 , <500,"Children estimates were not available at the time of publication."
Sierra Leone,2900 ,1600 , 4200,,3400 ,2100 , 4800,,3500 ,2300 , 4800,,3900 ,2700 , 5100,,4100 ,3000 , 5300,,4100 ,3300 , 5200,,4100 ,3400 , 5200,,4200 ,3500 , 5200,,4100 ,3400 , 5000,,4000 ,3400 , 4900,,3800 ,3200 , 4600,,3800 ,3300 , 4600,,4000 ,3400 , 4800,,4000 ,3400 , 4700,,4000 ,3400 , 4800,,4000 ,3300 , 4700,,4000 ,3400 , 4800,,4000 ,3400 , 4800,,4100 ,3400 , 4900,,4000 ,3300 , 4800,,4000 ,3300 , 4800,,3900 ,3200 , 4800,,4000 ,3200 , 4800,,3900 ,3100 , 4700,,4000 ,3200 , 4900,,4100 ,3300 , 5100,,4000 ,3200 , 5100,,3900 ,3000 , 5000,,3600 ,2700 , 4800,,3300 ,2400 , 4600,,3300 ,2300 , 4700,,2900 ,1900 , 4200,,2300 ,1400 , 3600,,1900 ,1100 , 3300,,1700 ,970 , 3200,
Singapore,<100 ,<100 , <100,"Children estimates were not available at the time of publication.",<100 ,<100 , <100,"Children estimates were not available at the time of publication.",<100 ,<100 , <100,"Children estimates were not available at the time of publication.",<100 ,<100 , <100,"Children estimates were not available at the time of publication.",<100 ,<100 , <100,"Children estimates were not available at the time of publication.",<100 ,<100 , <200,"Children estimates were not available at the time of publication.",<200 ,<200 , <200,"Children estimates were not available at the time of publication.",<200 ,<200 , <200,"Children estimates were not available at the time of publication.",<200 ,<200 , <200,"Children estimates were not available at the time of publication.",<200 ,<200 , <200,"Children estimates were not available at the time of publication.",<500 ,<200 , <500,"Children estimates were not available at the time of publication.",<500 ,<500 , <500,"Children estimates were not available at the time of publication.",<500 ,<500 , <500,"Children estimates were not available at the time of publication.",<500 ,<500 , <500,"Children estimates were not available at the time of publication.",<500 ,<500 , <500,"Children estimates were not available at the time of publication.",<500 ,<500 , <500,"Children estimates were not available at the time of publication.",<500 ,<500 , <500,"Children estimates were not available at the time of publication.",<500 ,<500 , <500,"Children estimates were not available at the time of publication.",<500 ,<500 , <500,"Children estimates were not available at the time of publication.",<500 ,<500 , <500,"Children estimates were not available at the time of publication.",<500 ,<500 , <500,"Children estimates were not available at the time of publication.",<500 ,<500 , <500,"Children estimates were not available at the time of publication.",<500 ,<500 , <500,"Children estimates were not available at the time of publication.",<500 ,<500 , <500,"Children estimates were not available at the time of publication.",<500 ,<500 , <500,"Children estimates were not available at the time of publication.",<500 ,<500 , <500,"Children estimates were not available at the time of publication.",<500 ,<500 , <500,"Children estimates were not available at the time of publication.",<500 ,<500 , <500,"Children estimates were not available at the time of publication.",<500 ,<500 , <500,"Children estimates were not available at the time of publication.",<500 ,<500 , <500,"Children estimates were not available at the time of publication.",<500 ,<500 , <500,"Children estimates were not available at the time of publication.",<500 ,<200 , <500,"Children estimates were not available at the time of publication.",<200 ,<200 , <200,"Children estimates were not available at the time of publication.",<200 ,<200 , <200,"Children estimates were not available at the time of publication.",... ,... , ...,"Children estimates were not available at the time of publication."
Slovakia,<100 ,<100 , <100,"Children estimates were not available at the time of publication.",<100 ,<100 , <100,"Children estimates were not available at the time of publication.",<100 ,<100 , <100,"Children estimates were not available at the time of publication.",<100 ,<100 , <100,"Children estimates were not available at the time of publication.",<100 ,<100 , <100,"Children estimates were not available at the time of publication.",<100 ,<100 , <100,"Children estimates were not available at the time of publication.",<100 ,<100 , <100,"Children estimates were not available at the time of publication.",<100 ,<100 , <100,"Children estimates were not available at the time of publication.",<100 ,<100 , <100,"Children estimates were not available at the time of publication.",<100 ,<100 , <100,"Children estimates were not available at the time of publication.",<100 ,<100 , <100,"Children estimates were not available at the time of publication.",<100 ,<100 , <100,"Children estimates were not available at the time of publication.",<100 ,<100 , <100,"Children estimates were not available at the time of publication.",<100 ,<100 , <100,"Children estimates were not available at the time of publication.",<100 ,<100 , <100,"Children estimates were not available at the time of publication.",<100 ,<100 , <100,"Children estimates were not available at the time of publication.",<100 ,<100 , <100,"Children estimates were not available at the time of publication.",<100 ,<100 , <100,"Children estimates were not available at the time of publication.",<100 ,<100 , <100,"Children estimates were not available at the time of publication.",<100 ,<100 , <100,"Children estimates were not available at the time of publication.",<100 ,<100 , <100,"Children estimates were not available at the time of publication.",<100 ,<100 , <100,"Children estimates were not available at the time of publication.",<100 ,<100 , <100,"Children estimates were not available at the time of publication.",<100 ,<100 , <100,"Children estimates were not available at the time of publication.",<100 ,<100 , <100,"Children estimates were not available at the time of publication.",<100 ,<100 , <100,"Children estimates were not available at the time of publication.",<100 ,<100 , <100,"Children estimates were not available at the time of publication.",<100 ,<100 , <200,"Children estimates were not available at the time of publication.",<100 ,<100 , <200,"Children estimates were not available at the time of publication.",<100 ,<100 , <200,"Children estimates were not available at the time of publication.",<200 ,<100 , <200,"Children estimates were not available at the time of publication.",<200 ,<100 , <200,"Children estimates were not available at the time of publication.",<100 ,<100 , <200,"Children estimates were not available at the time of publication.",<100 ,<100 , <200,"Children estimates were not available at the time of publication.",<100 ,<100 , <200,"Children estimates were not available at the time of publication."
Slovenia,<100 ,<100 , <100,"Children estimates were not available at the time of publication.",<100 ,<100 , <100,"Children estimates were not available at the time of publication.",<100 ,<100 , <100,"Children estimates were not available at the time of publication.",<100 ,<100 , <100,"Children estimates were not available at the time of publication.",<100 ,<100 , <100,"Children estimates were not available at the time of publication.",<100 ,<100 , <100,"Children estimates were not available at the time of publication.",<100 ,<100 , <100,"Children estimates were not available at the time of publication.",<100 ,<100 , <100,"Children estimates were not available at the time of publication.",<100 ,<100 , <100,"Children estimates were not available at the time of publication.",<100 ,<100 , <100,"Children estimates were not available at the time of publication.",<100 ,<100 , <100,"Children estimates were not available at the time of publication.",<100 ,<100 , <100,"Children estimates were not available at the time of publication.",<100 ,<100 , <100,"Children estimates were not available at the time of publication.",<100 ,<100 , <100,"Children estimates were not available at the time of publication.",<100 ,<100 , <100,"Children estimates were not available at the time of publication.",<100 ,<100 , <100,"Children estimates were not available at the time of publication.",<100 ,<100 , <100,"Children estimates were not available at the time of publication.",<100 ,<100 , <100,"Children estimates were not available at the time of publication.",<100 ,<100 , <100,"Children estimates were not available at the time of publication.",<100 ,<100 , <100,"Children estimates were not available at the time of publication.",<100 ,<100 , <100,"Children estimates were not available at the time of publication.",<100 ,<100 , <100,"Children estimates were not available at the time of publication.",<100 ,<100 , <100,"Children estimates were not available at the time of publication.",<100 ,<100 , <100,"Children estimates were not available at the time of publication.",<100 ,<100 , <100,"Children estimates were not available at the time of publication.",<100 ,<100 , <100,"Children estimates were not available at the time of publication.",<100 ,<100 , <100,"Children estimates were not available at the time of publication.",<100 ,<100 , <100,"Children estimates were not available at the time of publication.",<100 ,<100 , <100,"Children estimates were not available at the time of publication.",<100 ,<100 , <100,"Children estimates were not available at the time of publication.",<100 ,<100 , <100,"Children estimates were not available at the time of publication.",<100 ,<100 , <100,"Children estimates were not available at the time of publication.",<100 ,<100 , <100,"Children estimates were not available at the time of publication.",<100 ,<100 , <100,"Children estimates were not available at the time of publication.",<100 ,<100 , <100,"Children estimates were not available at the time of publication."
Solomon Islands,... ,... , ...,"Estimates were not available at the time of publication.",... ,... , ...,"Estimates were not available at the time of publication.",... ,... , ...,"Estimates were not available at the time of publication.",... ,... , ...,"Estimates were not available at the time of publication.",... ,... , ...,"Estimates were not available at the time of publication.",... ,... , ...,"Estimates were not available at the time of publication.",... ,... , ...,"Estimates were not available at the time of publication.",... ,... , ...,"Estimates were not available at the time of publication.",... ,... , ...,"Estimates were not available at the time of publication.",... ,... , ...,"Estimates were not available at the time of publication.",... ,... , ...,"Estimates were not available at the time of publication.",... ,... , ...,"Estimates were not available at the time of publication.",... ,... , ...,"Estimates were not available at the time of publication.",... ,... , ...,"Estimates were not available at the time of publication.",... ,... , ...,"Estimates were not available at the time of publication.",... ,... , ...,"Estimates were not available at the time of publication.",... ,... , ...,"Estimates were not available at the time of publication.",... ,... , ...,"Estimates were not available at the time of publication.",... ,... , ...,"Estimates were not available at the time of publication.",... ,... , ...,"Estimates were not available at the time of publication.",... ,... , ...,"Estimates were not available at the time of publication.",... ,... , ...,"Estimates were not available at the time of publication.",... ,... , ...,"Estimates were not available at the time of publication.",... ,... , ...,"Estimates were not available at the time of publication.",... ,... , ...,"Estimates were not available at the time of publication.",... ,... , ...,"Estimates were not available at the time of publication.",... ,... , ...,"Estimates were not available at the time of publication.",... ,... , ...,"Estimates were not available at the time of publication.",... ,... , ...,"Estimates were not available at the time of publication.",... ,... , ...,"Estimates were not available at the time of publication.",... ,... , ...,"Estimates were not available at the time of publication.",... ,... , ...,"Estimates were not available at the time of publication.",... ,... , ...,"Estimates were not available at the time of publication.",... ,... , ...,"Estimates were not available at the time of publication.",... ,... , ...,"Estimates were not available at the time of publication."
Somalia,1500 ,860 , 2500,,1500 ,930 , 2400,,1300 ,860 , 2000,,1200 ,850 , 1800,,1200 ,870 , 1700,,1200 ,870 , 1600,,1100 ,860 , 1500,,1000 ,790 , 1300,,940 ,750 , 1200,,960 ,780 , 1200,,870 ,720 , 1000,,830 ,690 , 980,,790 ,660 , 920,,750 ,620 , 880,,710 ,590 , 830,,640 ,540 , 760,,600 ,<500 , 700,,550 ,<500 , 650,,530 ,<500 , 640,,<500 ,<500 , 570,,<500 ,<500 , 530,,<500 ,<500 , <500,,<500 ,<500 , <500,,<500 ,<500 , <500,,<500 ,<500 , <500,,<500 ,<200 , <500,,<500 ,<200 , <500,,<500 ,<200 , <500,,<500 ,<200 , <500,,<500 ,<200 , <500,,<500 ,<200 , <500,,<500 ,<200 , <500,,<500 ,<200 , <500,,... ,... , ...,,... ,... , ...,
South Africa,110 000 ,100 000 , 120 000,,160 000 ,150 000 , 180 000,,220 000 ,200 000 , 240 000,,280 000 ,260 000 , 310 000,,340 000 ,310 000 , 370 000,,390 000 ,360 000 , 430 000,,430 000 ,390 000 , 470 000,,460 000 ,410 000 , 490 000,,460 000 ,420 000 , 500 000,,460 000 ,420 000 , 500 000,,450 000 ,410 000 , 480 000,,430 000 ,390 000 , 460 000,,410 000 ,370 000 , 440 000,,390 000 ,360 000 , 420 000,,380 000 ,340 000 , 400 000,,360 000 ,330 000 , 390 000,,350 000 ,320 000 , 380 000,,340 000 ,310 000 , 370 000,,330 000 ,310 000 , 360 000,,320 000 ,300 000 , 350 000,,310 000 ,290 000 , 340 000,,300 000 ,270 000 , 320 000,,280 000 ,260 000 , 310 000,,270 000 ,250 000 , 290 000,,260 000 ,240 000 , 280 000,,250 000 ,230 000 , 270 000,,230 000 ,210 000 , 250 000,,210 000 ,200 000 , 230 000,,200 000 ,180 000 , 220 000,,190 000 ,170 000 , 200 000,,180 000 ,160 000 , 190 000,,170 000 ,160 000 , 190 000,,160 000 ,150 000 , 180 000,,160 000 ,140 000 , 170 000,,150 000 ,140 000 , 160 000,
South Sudan,6300 ,2900 , 9400,,7500 ,3800 , 11 000,,8300 ,4500 , 12 000,,9200 ,5300 , 13 000,,10 000 ,5800 , 15 000,,10 000 ,6100 , 15 000,,9800 ,6600 , 14 000,,10 000 ,7100 , 15 000,,10 000 ,7200 , 15 000,,9600 ,6900 , 14 000,,9700 ,7300 , 14 000,,9100 ,6800 , 13 000,,9000 ,6800 , 12 000,,9300 ,7000 , 12 000,,10 000 ,8000 , 14 000,,9300 ,7200 , 12 000,,9600 ,7600 , 13 000,,10 000 ,8000 , 13 000,,10 000 ,8000 , 13 000,,10 000 ,8200 , 13 000,,10 000 ,8100 , 13 000,,11 000 ,8500 , 14 000,,11 000 ,8800 , 14 000,,11 000 ,8800 , 15 000,,12 000 ,9500 , 15 000,,10 000 ,8300 , 13 000,,11 000 ,8300 , 13 000,,9200 ,7100 , 11 000,,7400 ,5400 , 9500,,7400 ,5300 , 9800,,7000 ,5000 , 9400,,6900 ,4900 , 9400,,6500 ,4400 , 8900,,6000 ,3800 , 8500,,5900 ,3600 , 8700,
Spain,14 000 ,13 000 , 15 000,,13 000 ,12 000 , 13 000,,11 000 ,11 000 , 12 000,,9400 ,8900 , 9800,,7800 ,7200 , 8200,,6400 ,5900 , 6900,,5400 ,5000 , 5800,,4600 ,4200 , 4900,,4000 ,3800 , 4300,,3700 ,3500 , 3900,,3400 ,3300 , 3600,,3300 ,3100 , 3400,,3200 ,3100 , 3300,,3200 ,3100 , 3300,,3200 ,3100 , 3300,,3200 ,3100 , 3300,,3300 ,3200 , 3400,,3300 ,3200 , 3400,,3400 ,3300 , 3500,,3400 ,3300 , 3500,,3400 ,3300 , 3500,,3300 ,3200 , 3400,,3300 ,3200 , 3400,,3200 ,3100 , 3300,,3200 ,3100 , 3300,,3100 ,3000 , 3200,,3100 ,3000 , 3200,,3100 ,3000 , 3100,,3000 ,2900 , 3100,,3000 ,2900 , 3100,,3000 ,2900 , 3100,,3000 ,2900 , 3100,,3000 ,2900 , 3100,,3000 ,2900 , 3100,,3000 ,2900 , 3000,
Sri Lanka,<100 ,<100 , <100,"Children estimates were not available at the time of publication.",<100 ,<100 , <100,"Children estimates were not available at the time of publication.",<100 ,<100 , <100,"Children estimates were not available at the time of publication.",<200 ,<100 , <200,"Children estimates were not available at the time of publication.",<200 ,<200 , <500,"Children estimates were not available at the time of publication.",<500 ,<200 , <500,"Children estimates were not available at the time of publication.",<500 ,<500 , <500,"Children estimates were not available at the time of publication.",<500 ,<500 , <500,"Children estimates were not available at the time of publication.",<500 ,<500 , <500,"Children estimates were not available at the time of publication.",<500 ,<500 , 530,"Children estimates were not available at the time of publication.",<500 ,<500 , 540,"Children estimates were not available at the time of publication.",<500 ,<500 , 540,"Children estimates were not available at the time of publication.",<500 ,<500 , 550,"Children estimates were not available at the time of publication.",<500 ,<500 , 530,"Children estimates were not available at the time of publication.",<500 ,<500 , 510,"Children estimates were not available at the time of publication.",<500 ,<500 , <500,"Children estimates were not available at the time of publication.",<500 ,<500 , <500,"Children estimates were not available at the time of publication.",<500 ,<500 , <500,"Children estimates were not available at the time of publication.",<500 ,<500 , <500,"Children estimates were not available at the time of publication.",<500 ,<500 , <500,"Children estimates were not available at the time of publication.",<500 ,<500 , <500,"Children estimates were not available at the time of publication.",<500 ,<200 , <500,"Children estimates were not available at the time of publication.",<500 ,<200 , <500,"Children estimates were not available at the time of publication.",<500 ,<500 , <500,"Children estimates were not available at the time of publication.",<500 ,<500 , <500,"Children estimates were not available at the time of publication.",<500 ,<500 , <500,"Children estimates were not available at the time of publication.",<500 ,<500 , <500,"Children estimates were not available at the time of publication.",<500 ,<500 , <500,"Children estimates were not available at the time of publication.",<500 ,<500 , <500,"Children estimates were not available at the time of publication.",<500 ,<500 , <500,"Children estimates were not available at the time of publication.",<500 ,<500 , <500,"Children estimates were not available at the time of publication.",<500 ,<500 , <500,"Children estimates were not available at the time of publication.",<500 ,<500 , <500,"Children estimates were not available at the time of publication.",<500 ,<500 , <500,"Children estimates were not available at the time of publication.",<500 ,<500 , <500,"Children estimates were not available at the time of publication."
Sudan,1100 ,740 , 1900,,1300 ,860 , 2000,,1500 ,1000 , 2300,,1500 ,1100 , 2300,,1600 ,1100 , 2200,,1600 ,1200 , 2300,,1600 ,1200 , 2200,,1700 ,1300 , 2300,,1800 ,1400 , 2400,,1900 ,1500 , 2500,,2000 ,1600 , 2600,,2000 ,1500 , 2500,,2000 ,1600 , 2500,,2000 ,1600 , 2600,,2000 ,1600 , 2600,,2000 ,1600 , 2600,,2000 ,1500 , 2600,,2000 ,1600 , 2700,,1900 ,1500 , 2500,,2200 ,1700 , 2900,,2300 ,1800 , 2900,,2400 ,1800 , 3200,,2300 ,1800 , 3100,,2400 ,1800 , 3400,,2600 ,1900 , 3700,,2700 ,2000 , 3900,,2800 ,2000 , 4200,,2800 ,2000 , 4300,,2900 ,2000 , 4500,,3000 ,2100 , 4800,,3600 ,2400 , 5700,,4000 ,2700 , 6700,,4900 ,3300 , 8200,,5500 ,3700 , 9600,,5700 ,3600 , 10 000,
Suriname,<200 ,<200 , <500,,<200 ,<200 , <500,,<500 ,<200 , <500,,<500 ,<200 , <500,,<500 ,<500 , <500,,<500 ,<500 , <500,,<500 ,<500 , <500,,<500 ,<500 , <500,,<500 ,<500 , <500,,<500 ,<500 , <500,,<500 ,<500 , <500,,<500 ,<500 , <500,,<500 ,<500 , <500,,<500 ,<500 , <500,,<500 ,<500 , <500,,<500 ,<500 , <500,,<500 ,<500 , <500,,<500 ,<500 , <500,,<500 ,<500 , <500,,<500 ,<500 , <500,,<500 ,<500 , <500,,<500 ,<500 , <500,,<500 ,<500 , <500,,<500 ,<500 , <500,,<500 ,<500 , <500,,<500 ,<500 , <500,,<500 ,<500 , <500,,<500 ,<500 , <500,,<500 ,<500 , <500,,<500 ,<500 , <500,,<500 ,<500 , <500,,<500 ,<500 , <500,,<500 ,<500 , <500,,<500 ,<500 , <500,,<500 ,<500 , <500,
Sweden,... ,... , ...,"Numbers are estimated by UNAIDS using the Spectrum model, based on the official national estimates. Any differences are within uncertainty margins of both sets of estimates, reflecting methodologies and assumptions. (https://pubmed.ncbi.nlm.nih.gov/39421951/).",... ,... , ...,"Numbers are estimated by UNAIDS using the Spectrum model, based on the official national estimates. Any differences are within uncertainty margins of both sets of estimates, reflecting methodologies and assumptions. (https://pubmed.ncbi.nlm.nih.gov/39421951/).",... ,... , ...,"Numbers are estimated by UNAIDS using the Spectrum model, based on the official national estimates. Any differences are within uncertainty margins of both sets of estimates, reflecting methodologies and assumptions. (https://pubmed.ncbi.nlm.nih.gov/39421951/).",... ,... , ...,"Numbers are estimated by UNAIDS using the Spectrum model, based on the official national estimates. Any differences are within uncertainty margins of both sets of estimates, reflecting methodologies and assumptions. (https://pubmed.ncbi.nlm.nih.gov/39421951/).",... ,... , ...,"Numbers are estimated by UNAIDS using the Spectrum model, based on the official national estimates. Any differences are within uncertainty margins of both sets of estimates, reflecting methodologies and assumptions. (https://pubmed.ncbi.nlm.nih.gov/39421951/).",... ,... , ...,"Numbers are estimated by UNAIDS using the Spectrum model, based on the official national estimates. Any differences are within uncertainty margins of both sets of estimates, reflecting methodologies and assumptions. (https://pubmed.ncbi.nlm.nih.gov/39421951/).",... ,... , ...,"Numbers are estimated by UNAIDS using the Spectrum model, based on the official national estimates. Any differences are within uncertainty margins of both sets of estimates, reflecting methodologies and assumptions. (https://pubmed.ncbi.nlm.nih.gov/39421951/).",... ,... , ...,"Numbers are estimated by UNAIDS using the Spectrum model, based on the official national estimates. Any differences are within uncertainty margins of both sets of estimates, reflecting methodologies and assumptions. (https://pubmed.ncbi.nlm.nih.gov/39421951/).",... ,... , ...,"Numbers are estimated by UNAIDS using the Spectrum model, based on the official national estimates. Any differences are within uncertainty margins of both sets of estimates, reflecting methodologies and assumptions. (https://pubmed.ncbi.nlm.nih.gov/39421951/).",... ,... , ...,"Numbers are estimated by UNAIDS using the Spectrum model, based on the official national estimates. Any differences are within uncertainty margins of both sets of estimates, reflecting methodologies and assumptions. (https://pubmed.ncbi.nlm.nih.gov/39421951/).",... ,... , ...,"Numbers are estimated by UNAIDS using the Spectrum model, based on the official national estimates. Any differences are within uncertainty margins of both sets of estimates, reflecting methodologies and assumptions. (https://pubmed.ncbi.nlm.nih.gov/39421951/).",... ,... , ...,"Numbers are estimated by UNAIDS using the Spectrum model, based on the official national estimates. Any differences are within uncertainty margins of both sets of estimates, reflecting methodologies and assumptions. (https://pubmed.ncbi.nlm.nih.gov/39421951/).",... ,... , ...,"Numbers are estimated by UNAIDS using the Spectrum model, based on the official national estimates. Any differences are within uncertainty margins of both sets of estimates, reflecting methodologies and assumptions. (https://pubmed.ncbi.nlm.nih.gov/39421951/).",... ,... , ...,"Numbers are estimated by UNAIDS using the Spectrum model, based on the official national estimates. Any differences are within uncertainty margins of both sets of estimates, reflecting methodologies and assumptions. (https://pubmed.ncbi.nlm.nih.gov/39421951/).",... ,... , ...,"Numbers are estimated by UNAIDS using the Spectrum model, based on the official national estimates. Any differences are within uncertainty margins of both sets of estimates, reflecting methodologies and assumptions. (https://pubmed.ncbi.nlm.nih.gov/39421951/).",... ,... , ...,"Numbers are estimated by UNAIDS using the Spectrum model, based on the official national estimates. Any differences are within uncertainty margins of both sets of estimates, reflecting methodologies and assumptions. (https://pubmed.ncbi.nlm.nih.gov/39421951/).",... ,... , ...,"Numbers are estimated by UNAIDS using the Spectrum model, based on the official national estimates. Any differences are within uncertainty margins of both sets of estimates, reflecting methodologies and assumptions. (https://pubmed.ncbi.nlm.nih.gov/39421951/).",... ,... , ...,"Numbers are estimated by UNAIDS using the Spectrum model, based on the official national estimates. Any differences are within uncertainty margins of both sets of estimates, reflecting methodologies and assumptions. (https://pubmed.ncbi.nlm.nih.gov/39421951/).",... ,... , ...,"Numbers are estimated by UNAIDS using the Spectrum model, based on the official national estimates. Any differences are within uncertainty margins of both sets of estimates, reflecting methodologies and assumptions. (https://pubmed.ncbi.nlm.nih.gov/39421951/).",... ,... , ...,"Numbers are estimated by UNAIDS using the Spectrum model, based on the official national estimates. Any differences are within uncertainty margins of both sets of estimates, reflecting methodologies and assumptions. (https://pubmed.ncbi.nlm.nih.gov/39421951/).",... ,... , ...,"Numbers are estimated by UNAIDS using the Spectrum model, based on the official national estimates. Any differences are within uncertainty margins of both sets of estimates, reflecting methodologies and assumptions. (https://pubmed.ncbi.nlm.nih.gov/39421951/).",... ,... , ...,"Numbers are estimated by UNAIDS using the Spectrum model, based on the official national estimates. Any differences are within uncertainty margins of both sets of estimates, reflecting methodologies and assumptions. (https://pubmed.ncbi.nlm.nih.gov/39421951/).",... ,... , ...,"Numbers are estimated by UNAIDS using the Spectrum model, based on the official national estimates. Any differences are within uncertainty margins of both sets of estimates, reflecting methodologies and assumptions. (https://pubmed.ncbi.nlm.nih.gov/39421951/).",... ,... , ...,"Numbers are estimated by UNAIDS using the Spectrum model, based on the official national estimates. Any differences are within uncertainty margins of both sets of estimates, reflecting methodologies and assumptions. (https://pubmed.ncbi.nlm.nih.gov/39421951/).",... ,... , ...,"Numbers are estimated by UNAIDS using the Spectrum model, based on the official national estimates. Any differences are within uncertainty margins of both sets of estimates, reflecting methodologies and assumptions. (https://pubmed.ncbi.nlm.nih.gov/39421951/).",... ,... , ...,"Numbers are estimated by UNAIDS using the Spectrum model, based on the official national estimates. Any differences are within uncertainty margins of both sets of estimates, reflecting methodologies and assumptions. (https://pubmed.ncbi.nlm.nih.gov/39421951/).",... ,... , ...,"Numbers are estimated by UNAIDS using the Spectrum model, based on the official national estimates. Any differences are within uncertainty margins of both sets of estimates, reflecting methodologies and assumptions. (https://pubmed.ncbi.nlm.nih.gov/39421951/).",... ,... , ...,"Numbers are estimated by UNAIDS using the Spectrum model, based on the official national estimates. Any differences are within uncertainty margins of both sets of estimates, reflecting methodologies and assumptions. (https://pubmed.ncbi.nlm.nih.gov/39421951/).",... ,... , ...,"Numbers are estimated by UNAIDS using the Spectrum model, based on the official national estimates. Any differences are within uncertainty margins of both sets of estimates, reflecting methodologies and assumptions. (https://pubmed.ncbi.nlm.nih.gov/39421951/).",... ,... , ...,"Numbers are estimated by UNAIDS using the Spectrum model, based on the official national estimates. Any differences are within uncertainty margins of both sets of estimates, reflecting methodologies and assumptions. (https://pubmed.ncbi.nlm.nih.gov/39421951/).",... ,... , ...,"Numbers are estimated by UNAIDS using the Spectrum model, based on the official national estimates. Any differences are within uncertainty margins of both sets of estimates, reflecting methodologies and assumptions. (https://pubmed.ncbi.nlm.nih.gov/39421951/).",... ,... , ...,"Numbers are estimated by UNAIDS using the Spectrum model, based on the official national estimates. Any differences are within uncertainty margins of both sets of estimates, reflecting methodologies and assumptions. (https://pubmed.ncbi.nlm.nih.gov/39421951/).",... ,... , ...,"Numbers are estimated by UNAIDS using the Spectrum model, based on the official national estimates. Any differences are within uncertainty margins of both sets of estimates, reflecting methodologies and assumptions. (https://pubmed.ncbi.nlm.nih.gov/39421951/).",... ,... , ...,"Numbers are estimated by UNAIDS using the Spectrum model, based on the official national estimates. Any differences are within uncertainty margins of both sets of estimates, reflecting methodologies and assumptions. (https://pubmed.ncbi.nlm.nih.gov/39421951/).",... ,... , ...,"Numbers are estimated by UNAIDS using the Spectrum model, based on the official national estimates. Any differences are within uncertainty margins of both sets of estimates, reflecting methodologies and assumptions. (https://pubmed.ncbi.nlm.nih.gov/39421951/)."
Switzerland,810 ,770 , 830,"Children estimates were not available at the time of publication.",830 ,790 , 860,"Children estimates were not available at the time of publication.",850 ,810 , 880,"Children estimates were not available at the time of publication.",840 ,800 , 870,"Children estimates were not available at the time of publication.",820 ,780 , 850,"Children estimates were not available at the time of publication.",780 ,740 , 810,"Children estimates were not available at the time of publication.",730 ,680 , 750,"Children estimates were not available at the time of publication.",660 ,620 , 690,"Children estimates were not available at the time of publication.",590 ,540 , 630,"Children estimates were not available at the time of publication.",520 ,<500 , 570,"Children estimates were not available at the time of publication.",<500 ,<500 , 510,"Children estimates were not available at the time of publication.",<500 ,<500 , <500,"Children estimates were not available at the time of publication.",<500 ,<500 , <500,"Children estimates were not available at the time of publication.",<500 ,<500 , <500,"Children estimates were not available at the time of publication.",<500 ,<500 , <500,"Children estimates were not available at the time of publication.",<500 ,<500 , <500,"Children estimates were not available at the time of publication.",<500 ,<500 , <500,"Children estimates were not available at the time of publication.",<500 ,<500 , <500,"Children estimates were not available at the time of publication.",<500 ,<500 , <500,"Children estimates were not available at the time of publication.",<500 ,<500 , <500,"Children estimates were not available at the time of publication.",<500 ,<500 , <500,"Children estimates were not available at the time of publication.",<500 ,<500 , <500,"Children estimates were not available at the time of publication.",<500 ,<500 , <500,"Children estimates were not available at the time of publication.",<500 ,<500 , <500,"Children estimates were not available at the time of publication.",<500 ,<500 , <500,"Children estimates were not available at the time of publication.",<500 ,<500 , <500,"Children estimates were not available at the time of publication.",<500 ,<500 , <500,"Children estimates were not available at the time of publication.",<500 ,<500 , <500,"Children estimates were not available at the time of publication.",<500 ,<500 , <500,"Children estimates were not available at the time of publication.",<500 ,<500 , <500,"Children estimates were not available at the time of publication.",<500 ,<500 , <500,"Children estimates were not available at the time of publication.",<500 ,<500 , <500,"Children estimates were not available at the time of publication.",<500 ,<500 , <500,"Children estimates were not available at the time of publication.",<500 ,<500 , <500,"Children estimates were not available at the time of publication.",<500 ,<500 , <500,"Children estimates were not available at the time of publication."
Syrian Arab Republic,<100 ,<100 , <100,"Children estimates were not available at the time of publication.",<100 ,<100 , <100,"Children estimates were not available at the time of publication.",<100 ,<100 , <100,"Children estimates were not available at the time of publication.",<100 ,<100 , <100,"Children estimates were not available at the time of publication.",<100 ,<100 , <100,"Children estimates were not available at the time of publication.",<100 ,<100 , <100,"Children estimates were not available at the time of publication.",<100 ,<100 , <100,"Children estimates were not available at the time of publication.",<100 ,<100 , <100,"Children estimates were not available at the time of publication.",<100 ,<100 , <100,"Children estimates were not available at the time of publication.",<100 ,<100 , <100,"Children estimates were not available at the time of publication.",<100 ,<100 , <100,"Children estimates were not available at the time of publication.",<100 ,<100 , <100,"Children estimates were not available at the time of publication.",<100 ,<100 , <100,"Children estimates were not available at the time of publication.",<100 ,<100 , <100,"Children estimates were not available at the time of publication.",<100 ,<100 , <100,"Children estimates were not available at the time of publication.",<100 ,<100 , <100,"Children estimates were not available at the time of publication.",<100 ,<100 , <100,"Children estimates were not available at the time of publication.",<100 ,<100 , <100,"Children estimates were not available at the time of publication.",<100 ,<100 , <100,"Children estimates were not available at the time of publication.",<100 ,<100 , <100,"Children estimates were not available at the time of publication.",<100 ,<100 , <100,"Children estimates were not available at the time of publication.",<100 ,<100 , <100,"Children estimates were not available at the time of publication.",<100 ,<100 , <100,"Children estimates were not available at the time of publication.",<100 ,<100 , <100,"Children estimates were not available at the time of publication.",<100 ,<100 , <100,"Children estimates were not available at the time of publication.",<100 ,<100 , <100,"Children estimates were not available at the time of publication.",<100 ,<100 , <100,"Children estimates were not available at the time of publication.",<100 ,<100 , <100,"Children estimates were not available at the time of publication.",<100 ,<100 , <100,"Children estimates were not available at the time of publication.",<100 ,<100 , <100,"Children estimates were not available at the time of publication.",<100 ,<100 , <100,"Children estimates were not available at the time of publication.",<100 ,<100 , <100,"Children estimates were not available at the time of publication.",<100 ,<100 , <100,"Children estimates were not available at the time of publication.",<100 ,<100 , <100,"Children estimates were not available at the time of publication.",<100 ,<100 , <100,"Children estimates were not available at the time of publication."
Tajikistan,<100 ,<100 , <100,,<100 ,<100 , <100,,<100 ,<100 , <100,,<100 ,<100 , <100,,<500 ,<100 , 780,,<200 ,<100 , <500,,<500 ,<100 , <500,,<500 ,<500 , <500,,<500 ,<500 , 530,,500 ,<500 , 510,,610 ,610 , 680,,710 ,710 , 710,,800 ,800 , 800,,840 ,840 , 840,,870 ,870 , 870,,850 ,850 , 850,,900 ,900 , 900,,870 ,860 , 870,,900 ,900 , 910,,920 ,910 , 930,,920 ,910 , 930,,870 ,860 , 880,,860 ,840 , 870,,940 ,920 , 960,,880 ,860 , 900,,780 ,760 , 800,,750 ,740 , 770,,670 ,660 , 690,,660 ,640 , 670,,680 ,670 , 700,,<500 ,<500 , <500,,<500 ,<500 , <500,,<500 ,<500 , <500,,<500 ,<500 , <500,,<500 ,<500 , <500,
Thailand,150 000 ,130 000 , 180 000,,170 000 ,140 000 , 200 000,,150 000 ,130 000 , 180 000,,120 000 ,110 000 , 150 000,,100 000 ,89 000 , 120 000,,86 000 ,75 000 , 98 000,,72 000 ,63 000 , 83 000,,62 000 ,54 000 , 71 000,,55 000 ,48 000 , 63 000,,50 000 ,43 000 , 56 000,,44 000 ,38 000 , 50 000,,40 000 ,34 000 , 45 000,,35 000 ,31 000 , 40 000,,32 000 ,27 000 , 36 000,,28 000 ,25 000 , 32 000,,25 000 ,22 000 , 28 000,,22 000 ,19 000 , 25 000,,20 000 ,18 000 , 23 000,,19 000 ,16 000 , 21 000,,18 000 ,15 000 , 20 000,,17 000 ,15 000 , 20 000,,16 000 ,14 000 , 19 000,,15 000 ,13 000 , 18 000,,15 000 ,13 000 , 17 000,,14 000 ,12 000 , 17 000,,13 000 ,11 000 , 16 000,,12 000 ,10 000 , 15 000,,11 000 ,9500 , 14 000,,11 000 ,8900 , 13 000,,10 000 ,8400 , 12 000,,9600 ,8000 , 12 000,,9200 ,7700 , 12 000,,8800 ,7400 , 11 000,,8400 ,6900 , 11 000,,7900 ,6600 , 10 000,
Timor-Leste,<100 ,<100 , <100,"Children estimates were not available at the time of publication.",<100 ,<100 , <100,"Children estimates were not available at the time of publication.",<100 ,<100 , <100,"Children estimates were not available at the time of publication.",<100 ,<100 , <100,"Children estimates were not available at the time of publication.",<100 ,<100 , <100,"Children estimates were not available at the time of publication.",<100 ,<100 , <100,"Children estimates were not available at the time of publication.",<100 ,<100 , <100,"Children estimates were not available at the time of publication.",<100 ,<100 , <100,"Children estimates were not available at the time of publication.",<100 ,<100 , <100,"Children estimates were not available at the time of publication.",<100 ,<100 , <100,"Children estimates were not available at the time of publication.",<100 ,<100 , <100,"Children estimates were not available at the time of publication.",<100 ,<100 , <100,"Children estimates were not available at the time of publication.",<100 ,<100 , <100,"Children estimates were not available at the time of publication.",<100 ,<100 , <100,"Children estimates were not available at the time of publication.",<100 ,<100 , <100,"Children estimates were not available at the time of publication.",<100 ,<100 , <100,"Children estimates were not available at the time of publication.",<100 ,<100 , <100,"Children estimates were not available at the time of publication.",<100 ,<100 , <200,"Children estimates were not available at the time of publication.",<100 ,<100 , <200,"Children estimates were not available at the time of publication.",<100 ,<100 , <200,"Children estimates were not available at the time of publication.",<100 ,<100 , <200,"Children estimates were not available at the time of publication.",<100 ,<100 , <200,"Children estimates were not available at the time of publication.",<100 ,<100 , <200,"Children estimates were not available at the time of publication.",<200 ,<100 , <200,"Children estimates were not available at the time of publication.",<200 ,<200 , <200,"Children estimates were not available at the time of publication.",<200 ,<200 , <200,"Children estimates were not available at the time of publication.",<200 ,<200 , <200,"Children estimates were not available at the time of publication.",<200 ,<200 , <200,"Children estimates were not available at the time of publication.",<200 ,<200 , <200,"Children estimates were not available at the time of publication.",<200 ,<200 , <200,"Children estimates were not available at the time of publication.",<200 ,<200 , <200,"Children estimates were not available at the time of publication.",<200 ,<200 , <200,"Children estimates were not available at the time of publication.",<200 ,<200 , <200,"Children estimates were not available at the time of publication.",<200 ,<100 , <200,"Children estimates were not available at the time of publication.",<200 ,<200 , <200,"Children estimates were not available at the time of publication."
Togo,4100 ,3000 , 5500,,5300 ,3900 , 6900,,6600 ,4900 , 8600,,8200 ,6200 , 10 000,,8600 ,6600 , 11 000,,10 000 ,7800 , 13 000,,11 000 ,8400 , 14 000,,11 000 ,8500 , 14 000,,10 000 ,7800 , 13 000,,9100 ,7300 , 12 000,,8300 ,6600 , 11 000,,7200 ,5800 , 8900,,6400 ,5200 , 7800,,5900 ,4700 , 7200,,5500 ,4400 , 6900,,5100 ,4100 , 6500,,4700 ,3700 , 5900,,4700 ,3700 , 5900,,4500 ,3600 , 5800,,4300 ,3400 , 5600,,4200 ,3200 , 5500,,3600 ,2700 , 4900,,3200 ,2200 , 4500,,3000 ,2000 , 4200,,3000 ,2100 , 4200,,2800 ,1900 , 3900,,2700 ,1900 , 3800,,2900 ,2100 , 4000,,2600 ,1800 , 3700,,2500 ,1700 , 3600,,2300 ,1400 , 3400,,2400 ,1400 , 3600,,2400 ,1400 , 3600,,2400 ,1400 , 3600,,2400 ,1400 , 3500,
Tonga,... ,... , ...,,... ,... , ...,,... ,... , ...,,... ,... , ...,,... ,... , ...,,... ,... , ...,,... ,... , ...,,... ,... , ...,,... ,... , ...,,... ,... , ...,,... ,... , ...,,... ,... , ...,,... ,... , ...,,... ,... , ...,,... ,... , ...,,... ,... , ...,,... ,... , ...,,... ,... , ...,,... ,... , ...,,... ,... , ...,,... ,... , ...,,... ,... , ...,,... ,... , ...,,... ,... , ...,,... ,... , ...,,... ,... , ...,,... ,... , ...,,... ,... , ...,,... ,... , ...,,... ,... , ...,,... ,... , ...,,... ,... , ...,,... ,... , ...,,... ,... , ...,,... ,... , ...,
Trinidad and Tobago,... ,... , ...,"Estimates were not available at the time of publication.",... ,... , ...,"Estimates were not available at the time of publication.",... ,... , ...,"Estimates were not available at the time of publication.",... ,... , ...,"Estimates were not available at the time of publication.",... ,... , ...,"Estimates were not available at the time of publication.",... ,... , ...,"Estimates were not available at the time of publication.",... ,... , ...,"Estimates were not available at the time of publication.",... ,... , ...,"Estimates were not available at the time of publication.",... ,... , ...,"Estimates were not available at the time of publication.",... ,... , ...,"Estimates were not available at the time of publication.",... ,... , ...,"Estimates were not available at the time of publication.",... ,... , ...,"Estimates were not available at the time of publication.",... ,... , ...,"Estimates were not available at the time of publication.",... ,... , ...,"Estimates were not available at the time of publication.",... ,... , ...,"Estimates were not available at the time of publication.",... ,... , ...,"Estimates were not available at the time of publication.",... ,... , ...,"Estimates were not available at the time of publication.",... ,... , ...,"Estimates were not available at the time of publication.",... ,... , ...,"Estimates were not available at the time of publication.",... ,... , ...,"Estimates were not available at the time of publication.",... ,... , ...,"Estimates were not available at the time of publication.",... ,... , ...,"Estimates were not available at the time of publication.",... ,... , ...,"Estimates were not available at the time of publication.",... ,... , ...,"Estimates were not available at the time of publication.",... ,... , ...,"Estimates were not available at the time of publication.",... ,... , ...,"Estimates were not available at the time of publication.",... ,... , ...,"Estimates were not available at the time of publication.",... ,... , ...,"Estimates were not available at the time of publication.",... ,... , ...,"Estimates were not available at the time of publication.",... ,... , ...,"Estimates were not available at the time of publication.",... ,... , ...,"Estimates were not available at the time of publication.",... ,... , ...,"Estimates were not available at the time of publication.",... ,... , ...,"Estimates were not available at the time of publication.",... ,... , ...,"Estimates were not available at the time of publication.",... ,... , ...,"Estimates were not available at the time of publication."
Tunisia,<100 ,<100 , <500,,<100 ,<100 , <500,,<100 ,<100 , <500,,<200 ,<100 , <500,,<200 ,<100 , <500,,<200 ,<100 , <500,,<200 ,<100 , <500,,<200 ,<200 , <500,,<500 ,<200 , <500,,<500 ,<200 , <500,,<500 ,<200 , <500,,<500 ,<200 , <500,,<500 ,<200 , 520,,<500 ,<500 , 550,,<500 ,<500 , 590,,<500 ,<500 , 640,,<500 ,<500 , 640,,<500 ,<500 , 670,,<500 ,<500 , 670,,<500 ,<500 , 680,,<500 ,<500 , 700,,<500 ,<500 , 740,,<500 ,<500 , 720,,<500 ,<500 , 770,,<500 ,<500 , 790,,<500 ,<500 , 780,,<500 ,<500 , 830,,<500 ,<500 , 830,,500 ,<500 , 890,,510 ,<500 , 930,,540 ,<500 , 1000,,540 ,<500 , 1100,,570 ,<500 , 1200,,580 ,<500 , 1200,,620 ,<500 , 1300,
Turkmenistan,... ,... , ...,"Estimates were not available at the time of publication.",... ,... , ...,"Estimates were not available at the time of publication.",... ,... , ...,"Estimates were not available at the time of publication.",... ,... , ...,"Estimates were not available at the time of publication.",... ,... , ...,"Estimates were not available at the time of publication.",... ,... , ...,"Estimates were not available at the time of publication.",... ,... , ...,"Estimates were not available at the time of publication.",... ,... , ...,"Estimates were not available at the time of publication.",... ,... , ...,"Estimates were not available at the time of publication.",... ,... , ...,"Estimates were not available at the time of publication.",... ,... , ...,"Estimates were not available at the time of publication.",... ,... , ...,"Estimates were not available at the time of publication.",... ,... , ...,"Estimates were not available at the time of publication.",... ,... , ...,"Estimates were not available at the time of publication.",... ,... , ...,"Estimates were not available at the time of publication.",... ,... , ...,"Estimates were not available at the time of publication.",... ,... , ...,"Estimates were not available at the time of publication.",... ,... , ...,"Estimates were not available at the time of publication.",... ,... , ...,"Estimates were not available at the time of publication.",... ,... , ...,"Estimates were not available at the time of publication.",... ,... , ...,"Estimates were not available at the time of publication.",... ,... , ...,"Estimates were not available at the time of publication.",... ,... , ...,"Estimates were not available at the time of publication.",... ,... , ...,"Estimates were not available at the time of publication.",... ,... , ...,"Estimates were not available at the time of publication.",... ,... , ...,"Estimates were not available at the time of publication.",... ,... , ...,"Estimates were not available at the time of publication.",... ,... , ...,"Estimates were not available at the time of publication.",... ,... , ...,"Estimates were not available at the time of publication.",... ,... , ...,"Estimates were not available at the time of publication.",... ,... , ...,"Estimates were not available at the time of publication.",... ,... , ...,"Estimates were not available at the time of publication.",... ,... , ...,"Estimates were not available at the time of publication.",... ,... , ...,"Estimates were not available at the time of publication.",... ,... , ...,"Estimates were not available at the time of publication."
Tuvalu,... ,... , ...,"Estimates were not available at the time of publication.",... ,... , ...,"Estimates were not available at the time of publication.",... ,... , ...,"Estimates were not available at the time of publication.",... ,... , ...,"Estimates were not available at the time of publication.",... ,... , ...,"Estimates were not available at the time of publication.",... ,... , ...,"Estimates were not available at the time of publication.",... ,... , ...,"Estimates were not available at the time of publication.",... ,... , ...,"Estimates were not available at the time of publication.",... ,... , ...,"Estimates were not available at the time of publication.",... ,... , ...,"Estimates were not available at the time of publication.",... ,... , ...,"Estimates were not available at the time of publication.",... ,... , ...,"Estimates were not available at the time of publication.",... ,... , ...,"Estimates were not available at the time of publication.",... ,... , ...,"Estimates were not available at the time of publication.",... ,... , ...,"Estimates were not available at the time of publication.",... ,... , ...,"Estimates were not available at the time of publication.",... ,... , ...,"Estimates were not available at the time of publication.",... ,... , ...,"Estimates were not available at the time of publication.",... ,... , ...,"Estimates were not available at the time of publication.",... ,... , ...,"Estimates were not available at the time of publication.",... ,... , ...,"Estimates were not available at the time of publication.",... ,... , ...,"Estimates were not available at the time of publication.",... ,... , ...,"Estimates were not available at the time of publication.",... ,... , ...,"Estimates were not available at the time of publication.",... ,... , ...,"Estimates were not available at the time of publication.",... ,... , ...,"Estimates were not available at the time of publication.",... ,... , ...,"Estimates were not available at the time of publication.",... ,... , ...,"Estimates were not available at the time of publication.",... ,... , ...,"Estimates were not available at the time of publication.",... ,... , ...,"Estimates were not available at the time of publication.",... ,... , ...,"Estimates were not available at the time of publication.",... ,... , ...,"Estimates were not available at the time of publication.",... ,... , ...,"Estimates were not available at the time of publication.",... ,... , ...,"Estimates were not available at the time of publication.",... ,... , ...,"Estimates were not available at the time of publication."
Türkiye,... ,... , ...,"Estimates were not available at the time of publication.",... ,... , ...,"Estimates were not available at the time of publication.",... ,... , ...,"Estimates were not available at the time of publication.",... ,... , ...,"Estimates were not available at the time of publication.",... ,... , ...,"Estimates were not available at the time of publication.",... ,... , ...,"Estimates were not available at the time of publication.",... ,... , ...,"Estimates were not available at the time of publication.",... ,... , ...,"Estimates were not available at the time of publication.",... ,... , ...,"Estimates were not available at the time of publication.",... ,... , ...,"Estimates were not available at the time of publication.",... ,... , ...,"Estimates were not available at the time of publication.",... ,... , ...,"Estimates were not available at the time of publication.",... ,... , ...,"Estimates were not available at the time of publication.",... ,... , ...,"Estimates were not available at the time of publication.",... ,... , ...,"Estimates were not available at the time of publication.",... ,... , ...,"Estimates were not available at the time of publication.",... ,... , ...,"Estimates were not available at the time of publication.",... ,... , ...,"Estimates were not available at the time of publication.",... ,... , ...,"Estimates were not available at the time of publication.",... ,... , ...,"Estimates were not available at the time of publication.",... ,... , ...,"Estimates were not available at the time of publication.",... ,... , ...,"Estimates were not available at the time of publication.",... ,... , ...,"Estimates were not available at the time of publication.",... ,... , ...,"Estimates were not available at the time of publication.",... ,... , ...,"Estimates were not available at the time of publication.",... ,... , ...,"Estimates were not available at the time of publication.",... ,... , ...,"Estimates were not available at the time of publication.",... ,... , ...,"Estimates were not available at the time of publication.",... ,... , ...,"Estimates were not available at the time of publication.",... ,... , ...,"Estimates were not available at the time of publication.",... ,... , ...,"Estimates were not available at the time of publication.",... ,... , ...,"Estimates were not available at the time of publication.",... ,... , ...,"Estimates were not available at the time of publication.",... ,... , ...,"Estimates were not available at the time of publication.",... ,... , ...,"Estimates were not available at the time of publication."
Uganda,74 000 ,67 000 , 86 000,,70 000 ,63 000 , 79 000,,69 000 ,63 000 , 79 000,,69 000 ,63 000 , 78 000,,67 000 ,62 000 , 76 000,,68 000 ,62 000 , 77 000,,67 000 ,62 000 , 76 000,,67 000 ,62 000 , 75 000,,67 000 ,62 000 , 74 000,,66 000 ,62 000 , 73 000,,66 000 ,62 000 , 73 000,,67 000 ,63 000 , 74 000,,68 000 ,64 000 , 75 000,,69 000 ,64 000 , 76 000,,71 000 ,65 000 , 77 000,,68 000 ,63 000 , 76 000,,69 000 ,63 000 , 77 000,,72 000 ,66 000 , 81 000,,74 000 ,66 000 , 83 000,,74 000 ,67 000 , 84 000,,73 000 ,67 000 , 84 000,,73 000 ,66 000 , 84 000,,70 000 ,62 000 , 80 000,,64 000 ,57 000 , 75 000,,59 000 ,52 000 , 70 000,,56 000 ,49 000 , 67 000,,55 000 ,48 000 , 68 000,,49 000 ,43 000 , 61 000,,44 000 ,37 000 , 55 000,,41 000 ,35 000 , 53 000,,39 000 ,32 000 , 51 000,,40 000 ,32 000 , 52 000,,37 000 ,28 000 , 49 000,,33 000 ,24 000 , 46 000,,30 000 ,21 000 , 43 000,
Ukraine,... ,... , ...,"Estimates were not available at the time of publication.",... ,... , ...,"Estimates were not available at the time of publication.",... ,... , ...,"Estimates were not available at the time of publication.",... ,... , ...,"Estimates were not available at the time of publication.",... ,... , ...,"Estimates were not available at the time of publication.",... ,... , ...,"Estimates were not available at the time of publication.",... ,... , ...,"Estimates were not available at the time of publication.",... ,... , ...,"Estimates were not available at the time of publication.",... ,... , ...,"Estimates were not available at the time of publication.",... ,... , ...,"Estimates were not available at the time of publication.",... ,... , ...,"Estimates were not available at the time of publication.",... ,... , ...,"Estimates were not available at the time of publication.",... ,... , ...,"Estimates were not available at the time of publication.",... ,... , ...,"Estimates were not available at the time of publication.",... ,... , ...,"Estimates were not available at the time of publication.",... ,... , ...,"Estimates were not available at the time of publication.",... ,... , ...,"Estimates were not available at the time of publication.",... ,... , ...,"Estimates were not available at the time of publication.",... ,... , ...,"Estimates were not available at the time of publication.",... ,... , ...,"Estimates were not available at the time of publication.",... ,... , ...,"Estimates were not available at the time of publication.",... ,... , ...,"Estimates were not available at the time of publication.",... ,... , ...,"Estimates were not available at the time of publication.",... ,... , ...,"Estimates were not available at the time of publication.",... ,... , ...,"Estimates were not available at the time of publication.",... ,... , ...,"Estimates were not available at the time of publication.",... ,... , ...,"Estimates were not available at the time of publication.",... ,... , ...,"Estimates were not available at the time of publication.",... ,... , ...,"Estimates were not available at the time of publication.",... ,... , ...,"Estimates were not available at the time of publication.",... ,... , ...,"Estimates were not available at the time of publication.",... ,... , ...,"Estimates were not available at the time of publication.",... ,... , ...,"Estimates were not available at the time of publication.",... ,... , ...,"Estimates were not available at the time of publication.",... ,... , ...,"Estimates were not available at the time of publication."
United Arab Emirates,<100 ,<100 , <100,"Children estimates were not available at the time of publication.",<100 ,<100 , <100,"Children estimates were not available at the time of publication.",<100 ,<100 , <100,"Children estimates were not available at the time of publication.",<100 ,<100 , <100,"Children estimates were not available at the time of publication.",<100 ,<100 , <100,"Children estimates were not available at the time of publication.",<100 ,<100 , <100,"Children estimates were not available at the time of publication.",<100 ,<100 , <100,"Children estimates were not available at the time of publication.",<100 ,<100 , <100,"Children estimates were not available at the time of publication.",<100 ,<100 , <100,"Children estimates were not available at the time of publication.",<100 ,<100 , <100,"Children estimates were not available at the time of publication.",<100 ,<100 , <100,"Children estimates were not available at the time of publication.",<100 ,<100 , <100,"Children estimates were not available at the time of publication.",<100 ,<100 , <100,"Children estimates were not available at the time of publication.",<100 ,<100 , <200,"Children estimates were not available at the time of publication.",<100 ,<100 , <200,"Children estimates were not available at the time of publication.",<100 ,<100 , <100,"Children estimates were not available at the time of publication.",<100 ,<100 , <100,"Children estimates were not available at the time of publication.",<100 ,<100 , <100,"Children estimates were not available at the time of publication.",<100 ,<100 , <100,"Children estimates were not available at the time of publication.",<100 ,<100 , <100,"Children estimates were not available at the time of publication.",<100 ,<100 , <100,"Children estimates were not available at the time of publication.",<100 ,<100 , <100,"Children estimates were not available at the time of publication.",<100 ,<100 , <100,"Children estimates were not available at the time of publication.",<100 ,<100 , <100,"Children estimates were not available at the time of publication.",<100 ,<100 , <100,"Children estimates were not available at the time of publication.",<100 ,<100 , <100,"Children estimates were not available at the time of publication.",<100 ,<100 , <100,"Children estimates were not available at the time of publication.",<100 ,<100 , <100,"Children estimates were not available at the time of publication.",<100 ,<100 , <100,"Children estimates were not available at the time of publication.",<100 ,<100 , <100,"Children estimates were not available at the time of publication.",<100 ,<100 , <100,"Children estimates were not available at the time of publication.",<100 ,<100 , <200,"Children estimates were not available at the time of publication.",<200 ,<100 , <200,"Children estimates were not available at the time of publication.",<200 ,<100 , <200,"Children estimates were not available at the time of publication.",<200 ,<200 , <200,"Children estimates were not available at the time of publication."
United Kingdom,... ,... , ...,"Numbers are estimated by UNAIDS using the Spectrum model, based on the official national estimates (accessed May 2025). Any differences are within uncertainty margins of both sets of estimates, reflecting methodologies and assumptions. (https://www.gov.uk/government/statistics/hiv-annual-data-tables).",... ,... , ...,"Numbers are estimated by UNAIDS using the Spectrum model, based on the official national estimates (accessed May 2025). Any differences are within uncertainty margins of both sets of estimates, reflecting methodologies and assumptions. (https://www.gov.uk/government/statistics/hiv-annual-data-tables).",... ,... , ...,"Numbers are estimated by UNAIDS using the Spectrum model, based on the official national estimates (accessed May 2025). Any differences are within uncertainty margins of both sets of estimates, reflecting methodologies and assumptions. (https://www.gov.uk/government/statistics/hiv-annual-data-tables).",... ,... , ...,"Numbers are estimated by UNAIDS using the Spectrum model, based on the official national estimates (accessed May 2025). Any differences are within uncertainty margins of both sets of estimates, reflecting methodologies and assumptions. (https://www.gov.uk/government/statistics/hiv-annual-data-tables).",... ,... , ...,"Numbers are estimated by UNAIDS using the Spectrum model, based on the official national estimates (accessed May 2025). Any differences are within uncertainty margins of both sets of estimates, reflecting methodologies and assumptions. (https://www.gov.uk/government/statistics/hiv-annual-data-tables).",... ,... , ...,"Numbers are estimated by UNAIDS using the Spectrum model, based on the official national estimates (accessed May 2025). Any differences are within uncertainty margins of both sets of estimates, reflecting methodologies and assumptions. (https://www.gov.uk/government/statistics/hiv-annual-data-tables).",... ,... , ...,"Numbers are estimated by UNAIDS using the Spectrum model, based on the official national estimates (accessed May 2025). Any differences are within uncertainty margins of both sets of estimates, reflecting methodologies and assumptions. (https://www.gov.uk/government/statistics/hiv-annual-data-tables).",... ,... , ...,"Numbers are estimated by UNAIDS using the Spectrum model, based on the official national estimates (accessed May 2025). Any differences are within uncertainty margins of both sets of estimates, reflecting methodologies and assumptions. (https://www.gov.uk/government/statistics/hiv-annual-data-tables).",... ,... , ...,"Numbers are estimated by UNAIDS using the Spectrum model, based on the official national estimates (accessed May 2025). Any differences are within uncertainty margins of both sets of estimates, reflecting methodologies and assumptions. (https://www.gov.uk/government/statistics/hiv-annual-data-tables).",... ,... , ...,"Numbers are estimated by UNAIDS using the Spectrum model, based on the official national estimates (accessed May 2025). Any differences are within uncertainty margins of both sets of estimates, reflecting methodologies and assumptions. (https://www.gov.uk/government/statistics/hiv-annual-data-tables).",... ,... , ...,"Numbers are estimated by UNAIDS using the Spectrum model, based on the official national estimates (accessed May 2025). Any differences are within uncertainty margins of both sets of estimates, reflecting methodologies and assumptions. (https://www.gov.uk/government/statistics/hiv-annual-data-tables).",... ,... , ...,"Numbers are estimated by UNAIDS using the Spectrum model, based on the official national estimates (accessed May 2025). Any differences are within uncertainty margins of both sets of estimates, reflecting methodologies and assumptions. (https://www.gov.uk/government/statistics/hiv-annual-data-tables).",... ,... , ...,"Numbers are estimated by UNAIDS using the Spectrum model, based on the official national estimates (accessed May 2025). Any differences are within uncertainty margins of both sets of estimates, reflecting methodologies and assumptions. (https://www.gov.uk/government/statistics/hiv-annual-data-tables).",... ,... , ...,"Numbers are estimated by UNAIDS using the Spectrum model, based on the official national estimates (accessed May 2025). Any differences are within uncertainty margins of both sets of estimates, reflecting methodologies and assumptions. (https://www.gov.uk/government/statistics/hiv-annual-data-tables).",... ,... , ...,"Numbers are estimated by UNAIDS using the Spectrum model, based on the official national estimates (accessed May 2025). Any differences are within uncertainty margins of both sets of estimates, reflecting methodologies and assumptions. (https://www.gov.uk/government/statistics/hiv-annual-data-tables).",... ,... , ...,"Numbers are estimated by UNAIDS using the Spectrum model, based on the official national estimates (accessed May 2025). Any differences are within uncertainty margins of both sets of estimates, reflecting methodologies and assumptions. (https://www.gov.uk/government/statistics/hiv-annual-data-tables).",... ,... , ...,"Numbers are estimated by UNAIDS using the Spectrum model, based on the official national estimates (accessed May 2025). Any differences are within uncertainty margins of both sets of estimates, reflecting methodologies and assumptions. (https://www.gov.uk/government/statistics/hiv-annual-data-tables).",... ,... , ...,"Numbers are estimated by UNAIDS using the Spectrum model, based on the official national estimates (accessed May 2025). Any differences are within uncertainty margins of both sets of estimates, reflecting methodologies and assumptions. (https://www.gov.uk/government/statistics/hiv-annual-data-tables).",... ,... , ...,"Numbers are estimated by UNAIDS using the Spectrum model, based on the official national estimates (accessed May 2025). Any differences are within uncertainty margins of both sets of estimates, reflecting methodologies and assumptions. (https://www.gov.uk/government/statistics/hiv-annual-data-tables).",... ,... , ...,"Numbers are estimated by UNAIDS using the Spectrum model, based on the official national estimates (accessed May 2025). Any differences are within uncertainty margins of both sets of estimates, reflecting methodologies and assumptions. (https://www.gov.uk/government/statistics/hiv-annual-data-tables).",... ,... , ...,"Numbers are estimated by UNAIDS using the Spectrum model, based on the official national estimates (accessed May 2025). Any differences are within uncertainty margins of both sets of estimates, reflecting methodologies and assumptions. (https://www.gov.uk/government/statistics/hiv-annual-data-tables).",... ,... , ...,"Numbers are estimated by UNAIDS using the Spectrum model, based on the official national estimates (accessed May 2025). Any differences are within uncertainty margins of both sets of estimates, reflecting methodologies and assumptions. (https://www.gov.uk/government/statistics/hiv-annual-data-tables).",... ,... , ...,"Numbers are estimated by UNAIDS using the Spectrum model, based on the official national estimates (accessed May 2025). Any differences are within uncertainty margins of both sets of estimates, reflecting methodologies and assumptions. (https://www.gov.uk/government/statistics/hiv-annual-data-tables).",... ,... , ...,"Numbers are estimated by UNAIDS using the Spectrum model, based on the official national estimates (accessed May 2025). Any differences are within uncertainty margins of both sets of estimates, reflecting methodologies and assumptions. (https://www.gov.uk/government/statistics/hiv-annual-data-tables).",... ,... , ...,"Numbers are estimated by UNAIDS using the Spectrum model, based on the official national estimates (accessed May 2025). Any differences are within uncertainty margins of both sets of estimates, reflecting methodologies and assumptions. (https://www.gov.uk/government/statistics/hiv-annual-data-tables).",... ,... , ...,"Numbers are estimated by UNAIDS using the Spectrum model, based on the official national estimates (accessed May 2025). Any differences are within uncertainty margins of both sets of estimates, reflecting methodologies and assumptions. (https://www.gov.uk/government/statistics/hiv-annual-data-tables).",2600 ,2200 , 3000,"Numbers are estimated by UNAIDS using the Spectrum model, based on the official national estimates (accessed May 2025). Any differences are within uncertainty margins of both sets of estimates, reflecting methodologies and assumptions. (https://www.gov.uk/government/statistics/hiv-annual-data-tables).",2500 ,2100 , 2900,"Numbers are estimated by UNAIDS using the Spectrum model, based on the official national estimates (accessed May 2025). Any differences are within uncertainty margins of both sets of estimates, reflecting methodologies and assumptions. (https://www.gov.uk/government/statistics/hiv-annual-data-tables).",2300 ,2000 , 2700,"Numbers are estimated by UNAIDS using the Spectrum model, based on the official national estimates (accessed May 2025). Any differences are within uncertainty margins of both sets of estimates, reflecting methodologies and assumptions. (https://www.gov.uk/government/statistics/hiv-annual-data-tables).",2200 ,1800 , 2500,"Numbers are estimated by UNAIDS using the Spectrum model, based on the official national estimates (accessed May 2025). Any differences are within uncertainty margins of both sets of estimates, reflecting methodologies and assumptions. (https://www.gov.uk/government/statistics/hiv-annual-data-tables).",2000 ,1700 , 2300,"Numbers are estimated by UNAIDS using the Spectrum model, based on the official national estimates (accessed May 2025). Any differences are within uncertainty margins of both sets of estimates, reflecting methodologies and assumptions. (https://www.gov.uk/government/statistics/hiv-annual-data-tables).",1800 ,1500 , 2100,"Numbers are estimated by UNAIDS using the Spectrum model, based on the official national estimates (accessed May 2025). Any differences are within uncertainty margins of both sets of estimates, reflecting methodologies and assumptions. (https://www.gov.uk/government/statistics/hiv-annual-data-tables).",1700 ,1400 , 2000,"Numbers are estimated by UNAIDS using the Spectrum model, based on the official national estimates (accessed May 2025). Any differences are within uncertainty margins of both sets of estimates, reflecting methodologies and assumptions. (https://www.gov.uk/government/statistics/hiv-annual-data-tables).",1600 ,1300 , 1800,"Numbers are estimated by UNAIDS using the Spectrum model, based on the official national estimates (accessed May 2025). Any differences are within uncertainty margins of both sets of estimates, reflecting methodologies and assumptions. (https://www.gov.uk/government/statistics/hiv-annual-data-tables).",... ,... , ...,"Numbers are estimated by UNAIDS using the Spectrum model, based on the official national estimates (accessed May 2025). Any differences are within uncertainty margins of both sets of estimates, reflecting methodologies and assumptions. (https://www.gov.uk/government/statistics/hiv-annual-data-tables)."
United Republic of Tanzania,120 000 ,110 000 , 130 000,,120 000 ,100 000 , 130 000,,120 000 ,100 000 , 130 000,,110 000 ,99 000 , 120 000,,110 000 ,93 000 , 120 000,,100 000 ,89 000 , 110 000,,93 000 ,84 000 , 100 000,,89 000 ,81 000 , 100 000,,83 000 ,76 000 , 94 000,,80 000 ,73 000 , 92 000,,77 000 ,70 000 , 88 000,,74 000 ,67 000 , 85 000,,73 000 ,66 000 , 83 000,,71 000 ,65 000 , 81 000,,68 000 ,62 000 , 77 000,,68 000 ,62 000 , 76 000,,66 000 ,60 000 , 75 000,,63 000 ,56 000 , 73 000,,62 000 ,54 000 , 72 000,,65 000 ,58 000 , 76 000,,66 000 ,59 000 , 77 000,,70 000 ,63 000 , 80 000,,70 000 ,63 000 , 81 000,,70 000 ,62 000 , 81 000,,70 000 ,63 000 , 82 000,,70 000 ,63 000 , 82 000,,75 000 ,67 000 , 88 000,,74 000 ,66 000 , 88 000,,74 000 ,66 000 , 89 000,,70 000 ,62 000 , 85 000,,61 000 ,53 000 , 76 000,,58 000 ,49 000 , 75 000,,52 000 ,42 000 , 69 000,,46 000 ,35 000 , 64 000,,36 000 ,26 000 , 54 000,
United States,... ,... , ...,"Estimates were not available at the time of publication.",... ,... , ...,"Estimates were not available at the time of publication.",... ,... , ...,"Estimates were not available at the time of publication.",... ,... , ...,"Estimates were not available at the time of publication.",... ,... , ...,"Estimates were not available at the time of publication.",... ,... , ...,"Estimates were not available at the time of publication.",... ,... , ...,"Estimates were not available at the time of publication.",... ,... , ...,"Estimates were not available at the time of publication.",... ,... , ...,"Estimates were not available at the time of publication.",... ,... , ...,"Estimates were not available at the time of publication.",... ,... , ...,"Estimates were not available at the time of publication.",... ,... , ...,"Estimates were not available at the time of publication.",... ,... , ...,"Estimates were not available at the time of publication.",... ,... , ...,"Estimates were not available at the time of publication.",... ,... , ...,"Estimates were not available at the time of publication.",... ,... , ...,"Estimates were not available at the time of publication.",... ,... , ...,"Estimates were not available at the time of publication.",... ,... , ...,"Estimates were not available at the time of publication.",... ,... , ...,"Estimates were not available at the time of publication.",... ,... , ...,"Estimates were not available at the time of publication.",... ,... , ...,"Estimates were not available at the time of publication.",... ,... , ...,"Estimates were not available at the time of publication.",... ,... , ...,"Estimates were not available at the time of publication.",... ,... , ...,"Estimates were not available at the time of publication.",... ,... , ...,"Estimates were not available at the time of publication.",... ,... , ...,"Estimates were not available at the time of publication.",... ,... , ...,"Estimates were not available at the time of publication.",... ,... , ...,"Estimates were not available at the time of publication.",... ,... , ...,"Estimates were not available at the time of publication.",... ,... , ...,"Estimates were not available at the time of publication.",... ,... , ...,"Estimates were not available at the time of publication.",... ,... , ...,"Estimates were not available at the time of publication.",... ,... , ...,"Estimates were not available at the time of publication.",... ,... , ...,"Estimates were not available at the time of publication.",... ,... , ...,"Estimates were not available at the time of publication."
Uruguay,... ,... , ...,"Estimates were not available at the time of publication.",... ,... , ...,"Estimates were not available at the time of publication.",... ,... , ...,"Estimates were not available at the time of publication.",... ,... , ...,"Estimates were not available at the time of publication.",... ,... , ...,"Estimates were not available at the time of publication.",... ,... , ...,"Estimates were not available at the time of publication.",... ,... , ...,"Estimates were not available at the time of publication.",... ,... , ...,"Estimates were not available at the time of publication.",... ,... , ...,"Estimates were not available at the time of publication.",... ,... , ...,"Estimates were not available at the time of publication.",... ,... , ...,"Estimates were not available at the time of publication.",... ,... , ...,"Estimates were not available at the time of publication.",... ,... , ...,"Estimates were not available at the time of publication.",... ,... , ...,"Estimates were not available at the time of publication.",... ,... , ...,"Estimates were not available at the time of publication.",... ,... , ...,"Estimates were not available at the time of publication.",... ,... , ...,"Estimates were not available at the time of publication.",... ,... , ...,"Estimates were not available at the time of publication.",... ,... , ...,"Estimates were not available at the time of publication.",... ,... , ...,"Estimates were not available at the time of publication.",... ,... , ...,"Estimates were not available at the time of publication.",... ,... , ...,"Estimates were not available at the time of publication.",... ,... , ...,"Estimates were not available at the time of publication.",... ,... , ...,"Estimates were not available at the time of publication.",... ,... , ...,"Estimates were not available at the time of publication.",... ,... , ...,"Estimates were not available at the time of publication.",... ,... , ...,"Estimates were not available at the time of publication.",... ,... , ...,"Estimates were not available at the time of publication.",... ,... , ...,"Estimates were not available at the time of publication.",... ,... , ...,"Estimates were not available at the time of publication.",... ,... , ...,"Estimates were not available at the time of publication.",... ,... , ...,"Estimates were not available at the time of publication.",... ,... , ...,"Estimates were not available at the time of publication.",... ,... , ...,"Estimates were not available at the time of publication.",... ,... , ...,"Estimates were not available at the time of publication."
Uzbekistan,... ,... , ...,"Estimates were not available at the time of publication.",... ,... , ...,"Estimates were not available at the time of publication.",... ,... , ...,"Estimates were not available at the time of publication.",... ,... , ...,"Estimates were not available at the time of publication.",... ,... , ...,"Estimates were not available at the time of publication.",... ,... , ...,"Estimates were not available at the time of publication.",... ,... , ...,"Estimates were not available at the time of publication.",... ,... , ...,"Estimates were not available at the time of publication.",... ,... , ...,"Estimates were not available at the time of publication.",... ,... , ...,"Estimates were not available at the time of publication.",... ,... , ...,"Estimates were not available at the time of publication.",... ,... , ...,"Estimates were not available at the time of publication.",... ,... , ...,"Estimates were not available at the time of publication.",... ,... , ...,"Estimates were not available at the time of publication.",... ,... , ...,"Estimates were not available at the time of publication.",... ,... , ...,"Estimates were not available at the time of publication.",... ,... , ...,"Estimates were not available at the time of publication.",... ,... , ...,"Estimates were not available at the time of publication.",... ,... , ...,"Estimates were not available at the time of publication.",... ,... , ...,"Estimates were not available at the time of publication.",... ,... , ...,"Estimates were not available at the time of publication.",... ,... , ...,"Estimates were not available at the time of publication.",... ,... , ...,"Estimates were not available at the time of publication.",... ,... , ...,"Estimates were not available at the time of publication.",... ,... , ...,"Estimates were not available at the time of publication.",... ,... , ...,"Estimates were not available at the time of publication.",... ,... , ...,"Estimates were not available at the time of publication.",... ,... , ...,"Estimates were not available at the time of publication.",... ,... , ...,"Estimates were not available at the time of publication.",... ,... , ...,"Estimates were not available at the time of publication.",... ,... , ...,"Estimates were not available at the time of publication.",... ,... , ...,"Estimates were not available at the time of publication.",... ,... , ...,"Estimates were not available at the time of publication.",... ,... , ...,"Estimates were not available at the time of publication.",... ,... , ...,"Estimates were not available at the time of publication."
Vanuatu,... ,... , ...,"Estimates were not available at the time of publication.",... ,... , ...,"Estimates were not available at the time of publication.",... ,... , ...,"Estimates were not available at the time of publication.",... ,... , ...,"Estimates were not available at the time of publication.",... ,... , ...,"Estimates were not available at the time of publication.",... ,... , ...,"Estimates were not available at the time of publication.",... ,... , ...,"Estimates were not available at the time of publication.",... ,... , ...,"Estimates were not available at the time of publication.",... ,... , ...,"Estimates were not available at the time of publication.",... ,... , ...,"Estimates were not available at the time of publication.",... ,... , ...,"Estimates were not available at the time of publication.",... ,... , ...,"Estimates were not available at the time of publication.",... ,... , ...,"Estimates were not available at the time of publication.",... ,... , ...,"Estimates were not available at the time of publication.",... ,... , ...,"Estimates were not available at the time of publication.",... ,... , ...,"Estimates were not available at the time of publication.",... ,... , ...,"Estimates were not available at the time of publication.",... ,... , ...,"Estimates were not available at the time of publication.",... ,... , ...,"Estimates were not available at the time of publication.",... ,... , ...,"Estimates were not available at the time of publication.",... ,... , ...,"Estimates were not available at the time of publication.",... ,... , ...,"Estimates were not available at the time of publication.",... ,... , ...,"Estimates were not available at the time of publication.",... ,... , ...,"Estimates were not available at the time of publication.",... ,... , ...,"Estimates were not available at the time of publication.",... ,... , ...,"Estimates were not available at the time of publication.",... ,... , ...,"Estimates were not available at the time of publication.",... ,... , ...,"Estimates were not available at the time of publication.",... ,... , ...,"Estimates were not available at the time of publication.",... ,... , ...,"Estimates were not available at the time of publication.",... ,... , ...,"Estimates were not available at the time of publication.",... ,... , ...,"Estimates were not available at the time of publication.",... ,... , ...,"Estimates were not available at the time of publication.",... ,... , ...,"Estimates were not available at the time of publication.",... ,... , ...,"Estimates were not available at the time of publication."
Venezuela (Bolivarian Republic of),1400 ,1200 , 1600,,1700 ,1400 , 1900,,2000 ,1800 , 2300,,2500 ,2200 , 2800,,3000 ,2600 , 3300,,3600 ,3200 , 4000,,4300 ,3800 , 4800,,5200 ,4600 , 5700,,6200 ,5500 , 6800,,7300 ,6500 , 8000,,8700 ,7700 , 9600,,10 000 ,9200 , 11 000,,12 000 ,11 000 , 13 000,,13 000 ,12 000 , 15 000,,13 000 ,10 000 , 16 000,,9700 ,6500 , 14 000,,4000 ,1300 , 8100,,1800 ,730 , 3600,,1700 ,1000 , 3600,,1900 ,1400 , 3800,,2100 ,1500 , 3800,,2400 ,1700 , 3800,,2700 ,1900 , 4000,,3100 ,2200 , 4200,,3500 ,2500 , 4500,,3900 ,2800 , 5000,,4300 ,3100 , 5600,,4700 ,3400 , 6100,,5000 ,3600 , 6500,,5200 ,3700 , 6600,,5400 ,3900 , 6900,,5800 ,4200 , 7400,,6300 ,4500 , 8000,,6900 ,5000 , 8700,,7500 ,5400 , 9500,
Viet Nam,940 ,750 , 1100,,1900 ,1500 , 2300,,3700 ,2900 , 4400,,6300 ,5000 , 7500,,9500 ,7700 , 11 000,,12 000 ,10 000 , 15 000,,14 000 ,12 000 , 17 000,,16 000 ,13 000 , 18 000,,16 000 ,14 000 , 19 000,,17 000 ,14 000 , 20 000,,17 000 ,15 000 , 20 000,,18 000 ,15 000 , 20 000,,18 000 ,16 000 , 21 000,,18 000 ,16 000 , 20 000,,17 000 ,15 000 , 20 000,,17 000 ,15 000 , 19 000,,16 000 ,14 000 , 18 000,,15 000 ,13 000 , 17 000,,15 000 ,13 000 , 16 000,,14 000 ,12 000 , 16 000,,14 000 ,12 000 , 15 000,,13 000 ,11 000 , 15 000,,12 000 ,11 000 , 14 000,,12 000 ,10 000 , 14 000,,12 000 ,10 000 , 14 000,,11 000 ,10 000 , 13 000,,11 000 ,9400 , 13 000,,10 000 ,9000 , 12 000,,10 000 ,8700 , 12 000,,9500 ,8100 , 11 000,,8700 ,7500 , 11 000,,7900 ,6700 , 9700,,7200 ,6100 , 8900,,6500 ,5500 , 8000,,5900 ,5000 , 7200,
Yemen,<100 ,<100 , <100,,<100 ,<100 , <100,,<100 ,<100 , <100,,<100 ,<100 , <100,,<200 ,<200 , <200,,<200 ,<200 , <200,,<200 ,<200 , <200,,<200 ,<200 , <200,,<500 ,<500 , <500,,<500 ,<500 , <500,,<500 ,<500 , <500,,<500 ,<500 , <500,,<500 ,<500 , <500,,<500 ,<500 , 540,,580 ,510 , 630,,670 ,580 , 730,,770 ,670 , 810,,850 ,700 , 910,,890 ,650 , 1000,,850 ,620 , 1100,,720 ,580 , 1100,,600 ,<500 , 730,,600 ,<500 , 700,,680 ,530 , 760,,770 ,620 , 850,,870 ,710 , 970,,950 ,790 , 1100,,1000 ,870 , 1200,,1100 ,930 , 1300,,1200 ,990 , 1400,,1200 ,1000 , 1500,,1200 ,1100 , 1500,,1300 ,1100 , 1600,,1300 ,1200 , 1700,,1400 ,1200 , 1800,
Zambia,71 000 ,63 000 , 77 000,,73 000 ,66 000 , 80 000,,72 000 ,65 000 , 80 000,,68 000 ,60 000 , 77 000,,65 000 ,57 000 , 73 000,,63 000 ,55 000 , 70 000,,60 000 ,53 000 , 66 000,,57 000 ,51 000 , 63 000,,55 000 ,50 000 , 60 000,,53 000 ,48 000 , 58 000,,52 000 ,47 000 , 57 000,,51 000 ,47 000 , 56 000,,50 000 ,46 000 , 56 000,,50 000 ,46 000 , 55 000,,49 000 ,44 000 , 55 000,,48 000 ,44 000 , 54 000,,48 000 ,43 000 , 54 000,,46 000 ,41 000 , 53 000,,45 000 ,38 000 , 51 000,,46 000 ,40 000 , 53 000,,49 000 ,44 000 , 56 000,,52 000 ,46 000 , 59 000,,54 000 ,49 000 , 62 000,,58 000 ,52 000 , 66 000,,58 000 ,52 000 , 65 000,,57 000 ,52 000 , 65 000,,57 000 ,52 000 , 65 000,,60 000 ,55 000 , 69 000,,60 000 ,54 000 , 69 000,,52 000 ,45 000 , 60 000,,42 000 ,35 000 , 50 000,,36 000 ,29 000 , 44 000,,31 000 ,25 000 , 40 000,,28 000 ,21 000 , 36 000,,26 000 ,19 000 , 34 000,
Zimbabwe,230 000 ,210 000 , 260 000,,230 000 ,200 000 , 260 000,,210 000 ,190 000 , 240 000,,190 000 ,170 000 , 220 000,,170 000 ,150 000 , 190 000,,140 000 ,130 000 , 160 000,,120 000 ,110 000 , 140 000,,110 000 ,100 000 , 120 000,,99 000 ,89 000 , 110 000,,91 000 ,81 000 , 100 000,,82 000 ,73 000 , 92 000,,78 000 ,69 000 , 87 000,,73 000 ,65 000 , 82 000,,69 000 ,61 000 , 78 000,,67 000 ,60 000 , 76 000,,64 000 ,58 000 , 73 000,,62 000 ,56 000 , 71 000,,59 000 ,54 000 , 67 000,,57 000 ,51 000 , 65 000,,55 000 ,49 000 , 64 000,,54 000 ,48 000 , 64 000,,44 000 ,38 000 , 54 000,,43 000 ,37 000 , 53 000,,39 000 ,33 000 , 50 000,,34 000 ,29 000 , 44 000,,32 000 ,27 000 , 42 000,,30 000 ,25 000 , 41 000,,24 000 ,19 000 , 32 000,,19 000 ,14 000 , 25 000,,16 000 ,12 000 , 21 000,,13 000 ,10 000 , 17 000,,16 000 ,13 000 , 21 000,,12 000 ,9600 , 16 000,,12 000 ,9000 , 15 000,,12 000 ,9000 , 15 000,
Global,2 100 000 ,1 700 000,2 600 000,,2 300 000 ,1 800 000,2 900 000,,2 400 000 ,1 900 000,3 000 000,,2 400 000 ,2 000 000,3 100 000,,2 600 000 ,2 100 000,3 300 000,,2 600 000 ,2 100 000,3 300 000,,2 600 000 ,2 100 000,3 300 000,,2 500 000 ,2 000 000,3 200 000,,2 400 000 ,1 900 000,3 100 000,,2 300 000 ,1 800 000,2 900 000,,2 200 000 ,1 800 000,2 800 000,,2 100 000 ,1 700 000,2 700 000,,2 000 000 ,1 600 000,2 600 000,,2 000 000 ,1 600 000,2 500 000,,1 900 000 ,1 500 000,2 400 000,,1 900 000 ,1 500 000,2 400 000,,1 800 000 ,1 500 000,2 300 000,,1 800 000 ,1 400 000,2 300 000,,1 800 000 ,1 400 000,2 300 000,,1 700 000 ,1 400 000,2 200 000,,1 700 000 ,1 400 000,2 200 000,,1 700 000 ,1 400 000,2 200 000,,1 700 000 ,1 300 000,2 100 000,,1 600 000 ,1 300 000,2 100 000,,1 600 000 ,1 300 000,2 000 000,,1 500 000 ,1 200 000,2 000 000,,1 500 000 ,1 200 000,1 900 000,,1 400 000 ,1 100 000,1 800 000,,1 400 000 ,1 100 000,1 800 000,,1 300 000 ,1 100 000,1 700 000,,1 300 000 ,1 000 000,1 600 000,,1 200 000 ,990 000,1 600 000,,1 200 000 ,950 000,1 500 000,,1 100 000 ,920 000,1 500 000,,1 100 000 ,880 000,1 400 000,