Country,1990,1990_lower, 1990_upper, 1990_Footnote, 1991,1991_lower, 1991_upper, 1991_Footnote, 1992,1992_lower, 1992_upper, 1992_Footnote, 1993,1993_lower, 1993_upper, 1993_Footnote, 1994,1994_lower, 1994_upper, 1994_Footnote, 1995,1995_lower, 1995_upper, 1995_Footnote, 1996,1996_lower, 1996_upper, 1996_Footnote, 1997,1997_lower, 1997_upper, 1997_Footnote, 1998,1998_lower, 1998_upper, 1998_Footnote, 1999,1999_lower, 1999_upper, 1999_Footnote, 2000,2000_lower, 2000_upper, 2000_Footnote, 2001,2001_lower, 2001_upper, 2001_Footnote, 2002,2002_lower, 2002_upper, 2002_Footnote, 2003,2003_lower, 2003_upper, 2003_Footnote, 2004,2004_lower, 2004_upper, 2004_Footnote, 2005,2005_lower, 2005_upper, 2005_Footnote, 2006,2006_lower, 2006_upper, 2006_Footnote, 2007,2007_lower, 2007_upper, 2007_Footnote, 2008,2008_lower, 2008_upper, 2008_Footnote, 2009,2009_lower, 2009_upper, 2009_Footnote, 2010,2010_lower, 2010_upper, 2010_Footnote, 2011,2011_lower, 2011_upper, 2011_Footnote, 2012,2012_lower, 2012_upper, 2012_Footnote, 2013,2013_lower, 2013_upper, 2013_Footnote, 2014,2014_lower, 2014_upper, 2014_Footnote, 2015,2015_lower, 2015_upper, 2015_Footnote, 2016,2016_lower, 2016_upper, 2016_Footnote, 2017,2017_lower, 2017_upper, 2017_Footnote, 2018,2018_lower, 2018_upper, 2018_Footnote, 2019,2019_lower, 2019_upper, 2019_Footnote, 2020,2020_lower, 2020_upper, 2020_Footnote, 2021,2021_lower, 2021_upper, 2021_Footnote, 2022,2022_lower, 2022_upper, 2022_Footnote, 2023,2023_lower, 2023_upper, 2023_Footnote, 2024,2024_lower, 2024_upper, 2024_Footnote
Afghanistan,<100 ,<100 , <100,,<100 ,<100 , <100,,<100 ,<100 , <100,,<100 ,<100 , <100,,<100 ,<100 , <100,,<100 ,<100 , <100,,<100 ,<100 , <100,,<100 ,<100 , <100,,<100 ,<100 , <100,,<100 ,<100 , <100,,<100 ,<100 , <100,,<100 ,<100 , <100,,<100 ,<100 , <100,,<100 ,<100 , <100,,<100 ,<100 , <100,,<100 ,<100 , <100,,<100 ,<100 , <100,,<100 ,<100 , <100,,<100 ,<100 , <100,,<100 ,<100 , <100,,<100 ,<100 , <200,,<100 ,<100 , <200,,<100 ,<100 , <200,,<100 ,<100 , <200,,<100 ,<100 , <200,,<100 ,<100 , <200,,<100 ,<100 , <200,,<100 ,<100 , <200,,<100 ,<100 , <200,,<100 ,<100 , <200,,<100 ,<100 , <200,,<100 ,<100 , <500,,<100 ,<100 , <500,,<100 ,<100 , <500,,<100 ,<100 , <500,
Albania,... ,... , ...,"Children estimates were not available at the time of publication.",... ,... , ...,"Children estimates were not available at the time of publication.",... ,... , ...,"Children estimates were not available at the time of publication.",... ,... , ...,"Children estimates were not available at the time of publication.",... ,... , ...,"Children estimates were not available at the time of publication.",... ,... , ...,"Children estimates were not available at the time of publication.",... ,... , ...,"Children estimates were not available at the time of publication.",... ,... , ...,"Children estimates were not available at the time of publication.",... ,... , ...,"Children estimates were not available at the time of publication.",... ,... , ...,"Children estimates were not available at the time of publication.",... ,... , ...,"Children estimates were not available at the time of publication.",... ,... , ...,"Children estimates were not available at the time of publication.",... ,... , ...,"Children estimates were not available at the time of publication.",... ,... , ...,"Children estimates were not available at the time of publication.",... ,... , ...,"Children estimates were not available at the time of publication.",... ,... , ...,"Children estimates were not available at the time of publication.",... ,... , ...,"Children estimates were not available at the time of publication.",... ,... , ...,"Children estimates were not available at the time of publication.",... ,... , ...,"Children estimates were not available at the time of publication.",... ,... , ...,"Children estimates were not available at the time of publication.",... ,... , ...,"Children estimates were not available at the time of publication.",... ,... , ...,"Children estimates were not available at the time of publication.",... ,... , ...,"Children estimates were not available at the time of publication.",... ,... , ...,"Children estimates were not available at the time of publication.",... ,... , ...,"Children estimates were not available at the time of publication.",... ,... , ...,"Children estimates were not available at the time of publication.",... ,... , ...,"Children estimates were not available at the time of publication.",... ,... , ...,"Children estimates were not available at the time of publication.",... ,... , ...,"Children estimates were not available at the time of publication.",... ,... , ...,"Children estimates were not available at the time of publication.",... ,... , ...,"Children estimates were not available at the time of publication.",... ,... , ...,"Children estimates were not available at the time of publication.",... ,... , ...,"Children estimates were not available at the time of publication.",... ,... , ...,"Children estimates were not available at the time of publication.",... ,... , ...,"Children estimates were not available at the time of publication."
Algeria,<100 ,<100 , <100,,<100 ,<100 , <100,,<100 ,<100 , <100,,<100 ,<100 , <100,,<100 ,<100 , <100,,<100 ,<100 , <100,,<100 ,<100 , <100,,<100 ,<100 , <100,,<100 ,<100 , <100,,<100 ,<100 , <100,,<100 ,<100 , <100,,<100 ,<100 , <100,,<100 ,<100 , <100,,<100 ,<100 , <100,,<100 ,<100 , <100,,<100 ,<100 , <100,,<100 ,<100 , <100,,<100 ,<100 , <100,,<100 ,<100 , <100,,<100 ,<100 , <100,,<100 ,<100 , <100,,<100 ,<100 , <100,,<100 ,<100 , <100,,<100 ,<100 , <100,,<200 ,<100 , <200,,<200 ,<200 , <200,,<200 ,<100 , <200,,<200 ,<100 , <200,,<100 ,<100 , <200,,<100 ,<100 , <200,,<200 ,<200 , <200,,<200 ,<200 , <200,,<200 ,<200 , <200,,<200 ,<200 , <200,,<200 ,<200 , <200,
Angola,1800 ,1100 , 3000,,2200 ,1400 , 3500,,2600 ,1700 , 3900,,3000 ,2000 , 4400,,3500 ,2400 , 4800,,3900 ,2800 , 5300,,4400 ,3100 , 5900,,4800 ,3500 , 6500,,5200 ,3900 , 6700,,5600 ,4200 , 7500,,6000 ,4600 , 7800,,6500 ,5100 , 8000,,6900 ,5400 , 8300,,7300 ,5900 , 8700,,7600 ,6300 , 9100,,8000 ,6500 , 9400,,7700 ,6500 , 9300,,8100 ,6800 , 9500,,8200 ,6900 , 9700,,8300 ,6900 , 9900,,8400 ,7000 , 9900,,8900 ,7600 , 10 000,,9000 ,7700 , 11 000,,8700 ,7300 , 10 000,,8200 ,6800 , 9800,,8400 ,7100 , 9900,,8700 ,7200 , 10 000,,8800 ,7300 , 10 000,,8200 ,6600 , 9500,,6900 ,5500 , 8500,,6500 ,5200 , 8200,,6000 ,4700 , 7500,,5300 ,4000 , 6700,,4800 ,3600 , 6500,,4500 ,3200 , 6000,
Antigua and Barbuda,... ,... , ...,"Countries with a UNAIDS-approved estimate and population less than 250000 in 2024; not included in regional or global totals",... ,... , ...,"Countries with a UNAIDS-approved estimate and population less than 250000 in 2024; not included in regional or global totals",... ,... , ...,"Countries with a UNAIDS-approved estimate and population less than 250000 in 2024; not included in regional or global totals",... ,... , ...,"Countries with a UNAIDS-approved estimate and population less than 250000 in 2024; not included in regional or global totals",... ,... , ...,"Countries with a UNAIDS-approved estimate and population less than 250000 in 2024; not included in regional or global totals",... ,... , ...,"Countries with a UNAIDS-approved estimate and population less than 250000 in 2024; not included in regional or global totals",... ,... , ...,"Countries with a UNAIDS-approved estimate and population less than 250000 in 2024; not included in regional or global totals",... ,... , ...,"Countries with a UNAIDS-approved estimate and population less than 250000 in 2024; not included in regional or global totals",... ,... , ...,"Countries with a UNAIDS-approved estimate and population less than 250000 in 2024; not included in regional or global totals",... ,... , ...,"Countries with a UNAIDS-approved estimate and population less than 250000 in 2024; not included in regional or global totals",... ,... , ...,"Countries with a UNAIDS-approved estimate and population less than 250000 in 2024; not included in regional or global totals",... ,... , ...,"Countries with a UNAIDS-approved estimate and population less than 250000 in 2024; not included in regional or global totals",... ,... , ...,"Countries with a UNAIDS-approved estimate and population less than 250000 in 2024; not included in regional or global totals",... ,... , ...,"Countries with a UNAIDS-approved estimate and population less than 250000 in 2024; not included in regional or global totals",... ,... , ...,"Countries with a UNAIDS-approved estimate and population less than 250000 in 2024; not included in regional or global totals",... ,... , ...,"Countries with a UNAIDS-approved estimate and population less than 250000 in 2024; not included in regional or global totals",... ,... , ...,"Countries with a UNAIDS-approved estimate and population less than 250000 in 2024; not included in regional or global totals",... ,... , ...,"Countries with a UNAIDS-approved estimate and population less than 250000 in 2024; not included in regional or global totals",... ,... , ...,"Countries with a UNAIDS-approved estimate and population less than 250000 in 2024; not included in regional or global totals",... ,... , ...,"Countries with a UNAIDS-approved estimate and population less than 250000 in 2024; not included in regional or global totals",... ,... , ...,"Countries with a UNAIDS-approved estimate and population less than 250000 in 2024; not included in regional or global totals",... ,... , ...,"Countries with a UNAIDS-approved estimate and population less than 250000 in 2024; not included in regional or global totals",... ,... , ...,"Countries with a UNAIDS-approved estimate and population less than 250000 in 2024; not included in regional or global totals",... ,... , ...,"Countries with a UNAIDS-approved estimate and population less than 250000 in 2024; not included in regional or global totals",... ,... , ...,"Countries with a UNAIDS-approved estimate and population less than 250000 in 2024; not included in regional or global totals",... ,... , ...,"Countries with a UNAIDS-approved estimate and population less than 250000 in 2024; not included in regional or global totals",... ,... , ...,"Countries with a UNAIDS-approved estimate and population less than 250000 in 2024; not included in regional or global totals",... ,... , ...,"Countries with a UNAIDS-approved estimate and population less than 250000 in 2024; not included in regional or global totals",... ,... , ...,"Countries with a UNAIDS-approved estimate and population less than 250000 in 2024; not included in regional or global totals",... ,... , ...,"Countries with a UNAIDS-approved estimate and population less than 250000 in 2024; not included in regional or global totals",... ,... , ...,"Countries with a UNAIDS-approved estimate and population less than 250000 in 2024; not included in regional or global totals",... ,... , ...,"Countries with a UNAIDS-approved estimate and population less than 250000 in 2024; not included in regional or global totals",... ,... , ...,"Countries with a UNAIDS-approved estimate and population less than 250000 in 2024; not included in regional or global totals",... ,... , ...,"Countries with a UNAIDS-approved estimate and population less than 250000 in 2024; not included in regional or global totals",... ,... , ...,"Countries with a UNAIDS-approved estimate and population less than 250000 in 2024; not included in regional or global totals"
Argentina,... ,... , ...,,... ,... , ...,,... ,... , ...,,... ,... , ...,,... ,... , ...,,... ,... , ...,,... ,... , ...,,... ,... , ...,,... ,... , ...,,... ,... , ...,,... ,... , ...,,... ,... , ...,,... ,... , ...,,... ,... , ...,,... ,... , ...,,... ,... , ...,,... ,... , ...,,... ,... , ...,,... ,... , ...,,... ,... , ...,,... ,... , ...,,... ,... , ...,,... ,... , ...,,... ,... , ...,,... ,... , ...,,... ,... , ...,,... ,... , ...,,... ,... , ...,,... ,... , ...,,... ,... , ...,,... ,... , ...,,... ,... , ...,,... ,... , ...,,... ,... , ...,,... ,... , ...,
Armenia,<100 ,<100 , <100,,<100 ,<100 , <100,,<100 ,<100 , <100,,<100 ,<100 , <100,,<100 ,<100 , <100,,<100 ,<100 , <100,,<100 ,<100 , <100,,<100 ,<100 , <100,,<100 ,<100 , <100,,<100 ,<100 , <100,,<100 ,<100 , <100,,<100 ,<100 , <100,,<100 ,<100 , <100,,<100 ,<100 , <100,,<100 ,<100 , <100,,<100 ,<100 , <100,,<100 ,<100 , <100,,<100 ,<100 , <100,,<100 ,<100 , <100,,<100 ,<100 , <100,,<100 ,<100 , <100,,<100 ,<100 , <100,,<100 ,<100 , <100,,<100 ,<100 , <100,,<100 ,<100 , <100,,<100 ,<100 , <100,,<100 ,<100 , <100,,<100 ,<100 , <100,,<100 ,<100 , <100,,<100 ,<100 , <100,,<100 ,<100 , <100,,<100 ,<100 , <100,,<100 ,<100 , <100,,<100 ,<100 , <100,,<100 ,<100 , <100,
Australia,... ,... , ...,,... ,... , ...,,... ,... , ...,,... ,... , ...,,... ,... , ...,,... ,... , ...,,... ,... , ...,,... ,... , ...,,... ,... , ...,,... ,... , ...,,... ,... , ...,,... ,... , ...,,... ,... , ...,,... ,... , ...,,... ,... , ...,,... ,... , ...,,... ,... , ...,,... ,... , ...,,... ,... , ...,,... ,... , ...,,... ,... , ...,,... ,... , ...,,... ,... , ...,,... ,... , ...,,... ,... , ...,,... ,... , ...,,... ,... , ...,,... ,... , ...,,... ,... , ...,,... ,... , ...,,... ,... , ...,,... ,... , ...,,... ,... , ...,,... ,... , ...,,... ,... , ...,
Austria,... ,... , ...,"Estimates were not available at the time of publication.",... ,... , ...,"Estimates were not available at the time of publication.",... ,... , ...,"Estimates were not available at the time of publication.",... ,... , ...,"Estimates were not available at the time of publication.",... ,... , ...,"Estimates were not available at the time of publication.",... ,... , ...,"Estimates were not available at the time of publication.",... ,... , ...,"Estimates were not available at the time of publication.",... ,... , ...,"Estimates were not available at the time of publication.",... ,... , ...,"Estimates were not available at the time of publication.",... ,... , ...,"Estimates were not available at the time of publication.",... ,... , ...,"Estimates were not available at the time of publication.",... ,... , ...,"Estimates were not available at the time of publication.",... ,... , ...,"Estimates were not available at the time of publication.",... ,... , ...,"Estimates were not available at the time of publication.",... ,... , ...,"Estimates were not available at the time of publication.",... ,... , ...,"Estimates were not available at the time of publication.",... ,... , ...,"Estimates were not available at the time of publication.",... ,... , ...,"Estimates were not available at the time of publication.",... ,... , ...,"Estimates were not available at the time of publication.",... ,... , ...,"Estimates were not available at the time of publication.",... ,... , ...,"Estimates were not available at the time of publication.",... ,... , ...,"Estimates were not available at the time of publication.",... ,... , ...,"Estimates were not available at the time of publication.",... ,... , ...,"Estimates were not available at the time of publication.",... ,... , ...,"Estimates were not available at the time of publication.",... ,... , ...,"Estimates were not available at the time of publication.",... ,... , ...,"Estimates were not available at the time of publication.",... ,... , ...,"Estimates were not available at the time of publication.",... ,... , ...,"Estimates were not available at the time of publication.",... ,... , ...,"Estimates were not available at the time of publication.",... ,... , ...,"Estimates were not available at the time of publication.",... ,... , ...,"Estimates were not available at the time of publication.",... ,... , ...,"Estimates were not available at the time of publication.",... ,... , ...,"Estimates were not available at the time of publication.",... ,... , ...,"Estimates were not available at the time of publication."
Azerbaijan,... ,... , ...,"Children estimates were not available at the time of publication.",... ,... , ...,"Children estimates were not available at the time of publication.",... ,... , ...,"Children estimates were not available at the time of publication.",... ,... , ...,"Children estimates were not available at the time of publication.",... ,... , ...,"Children estimates were not available at the time of publication.",... ,... , ...,"Children estimates were not available at the time of publication.",... ,... , ...,"Children estimates were not available at the time of publication.",... ,... , ...,"Children estimates were not available at the time of publication.",... ,... , ...,"Children estimates were not available at the time of publication.",... ,... , ...,"Children estimates were not available at the time of publication.",... ,... , ...,"Children estimates were not available at the time of publication.",... ,... , ...,"Children estimates were not available at the time of publication.",... ,... , ...,"Children estimates were not available at the time of publication.",... ,... , ...,"Children estimates were not available at the time of publication.",... ,... , ...,"Children estimates were not available at the time of publication.",... ,... , ...,"Children estimates were not available at the time of publication.",... ,... , ...,"Children estimates were not available at the time of publication.",... ,... , ...,"Children estimates were not available at the time of publication.",... ,... , ...,"Children estimates were not available at the time of publication.",... ,... , ...,"Children estimates were not available at the time of publication.",... ,... , ...,"Children estimates were not available at the time of publication.",... ,... , ...,"Children estimates were not available at the time of publication.",... ,... , ...,"Children estimates were not available at the time of publication.",... ,... , ...,"Children estimates were not available at the time of publication.",... ,... , ...,"Children estimates were not available at the time of publication.",... ,... , ...,"Children estimates were not available at the time of publication.",... ,... , ...,"Children estimates were not available at the time of publication.",... ,... , ...,"Children estimates were not available at the time of publication.",... ,... , ...,"Children estimates were not available at the time of publication.",... ,... , ...,"Children estimates were not available at the time of publication.",... ,... , ...,"Children estimates were not available at the time of publication.",... ,... , ...,"Children estimates were not available at the time of publication.",... ,... , ...,"Children estimates were not available at the time of publication.",... ,... , ...,"Children estimates were not available at the time of publication.",... ,... , ...,"Children estimates were not available at the time of publication."
Bahamas,... ,... , ...,"Children estimates were not available at the time of publication.",... ,... , ...,"Children estimates were not available at the time of publication.",... ,... , ...,"Children estimates were not available at the time of publication.",... ,... , ...,"Children estimates were not available at the time of publication.",... ,... , ...,"Children estimates were not available at the time of publication.",... ,... , ...,"Children estimates were not available at the time of publication.",... ,... , ...,"Children estimates were not available at the time of publication.",... ,... , ...,"Children estimates were not available at the time of publication.",... ,... , ...,"Children estimates were not available at the time of publication.",... ,... , ...,"Children estimates were not available at the time of publication.",... ,... , ...,"Children estimates were not available at the time of publication.",... ,... , ...,"Children estimates were not available at the time of publication.",... ,... , ...,"Children estimates were not available at the time of publication.",... ,... , ...,"Children estimates were not available at the time of publication.",... ,... , ...,"Children estimates were not available at the time of publication.",... ,... , ...,"Children estimates were not available at the time of publication.",... ,... , ...,"Children estimates were not available at the time of publication.",... ,... , ...,"Children estimates were not available at the time of publication.",... ,... , ...,"Children estimates were not available at the time of publication.",... ,... , ...,"Children estimates were not available at the time of publication.",... ,... , ...,"Children estimates were not available at the time of publication.",... ,... , ...,"Children estimates were not available at the time of publication.",... ,... , ...,"Children estimates were not available at the time of publication.",... ,... , ...,"Children estimates were not available at the time of publication.",... ,... , ...,"Children estimates were not available at the time of publication.",... ,... , ...,"Children estimates were not available at the time of publication.",... ,... , ...,"Children estimates were not available at the time of publication.",... ,... , ...,"Children estimates were not available at the time of publication.",... ,... , ...,"Children estimates were not available at the time of publication.",... ,... , ...,"Children estimates were not available at the time of publication.",... ,... , ...,"Children estimates were not available at the time of publication.",... ,... , ...,"Children estimates were not available at the time of publication.",... ,... , ...,"Children estimates were not available at the time of publication.",... ,... , ...,"Children estimates were not available at the time of publication.",... ,... , ...,"Children estimates were not available at the time of publication."
Bahrain,... ,... , ...,"Children estimates were not available at the time of publication.",... ,... , ...,"Children estimates were not available at the time of publication.",... ,... , ...,"Children estimates were not available at the time of publication.",... ,... , ...,"Children estimates were not available at the time of publication.",... ,... , ...,"Children estimates were not available at the time of publication.",... ,... , ...,"Children estimates were not available at the time of publication.",... ,... , ...,"Children estimates were not available at the time of publication.",... ,... , ...,"Children estimates were not available at the time of publication.",... ,... , ...,"Children estimates were not available at the time of publication.",... ,... , ...,"Children estimates were not available at the time of publication.",... ,... , ...,"Children estimates were not available at the time of publication.",... ,... , ...,"Children estimates were not available at the time of publication.",... ,... , ...,"Children estimates were not available at the time of publication.",... ,... , ...,"Children estimates were not available at the time of publication.",... ,... , ...,"Children estimates were not available at the time of publication.",... ,... , ...,"Children estimates were not available at the time of publication.",... ,... , ...,"Children estimates were not available at the time of publication.",... ,... , ...,"Children estimates were not available at the time of publication.",... ,... , ...,"Children estimates were not available at the time of publication.",... ,... , ...,"Children estimates were not available at the time of publication.",... ,... , ...,"Children estimates were not available at the time of publication.",... ,... , ...,"Children estimates were not available at the time of publication.",... ,... , ...,"Children estimates were not available at the time of publication.",... ,... , ...,"Children estimates were not available at the time of publication.",... ,... , ...,"Children estimates were not available at the time of publication.",... ,... , ...,"Children estimates were not available at the time of publication.",... ,... , ...,"Children estimates were not available at the time of publication.",... ,... , ...,"Children estimates were not available at the time of publication.",... ,... , ...,"Children estimates were not available at the time of publication.",... ,... , ...,"Children estimates were not available at the time of publication.",... ,... , ...,"Children estimates were not available at the time of publication.",... ,... , ...,"Children estimates were not available at the time of publication.",... ,... , ...,"Children estimates were not available at the time of publication.",... ,... , ...,"Children estimates were not available at the time of publication.",... ,... , ...,"Children estimates were not available at the time of publication."
Bangladesh,... ,... , ...,,... ,... , ...,,... ,... , ...,,... ,... , ...,,... ,... , ...,,... ,... , ...,,... ,... , ...,,... ,... , ...,,... ,... , ...,,... ,... , ...,,... ,... , ...,,... ,... , ...,,... ,... , ...,,... ,... , ...,,... ,... , ...,,... ,... , ...,,... ,... , ...,,... ,... , ...,,... ,... , ...,,... ,... , ...,,... ,... , ...,,... ,... , ...,,... ,... , ...,,... ,... , ...,,... ,... , ...,,... ,... , ...,,... ,... , ...,,... ,... , ...,,... ,... , ...,,... ,... , ...,,... ,... , ...,,... ,... , ...,,... ,... , ...,,... ,... , ...,,... ,... , ...,
Barbados,... ,... , ...,"Children estimates were not available at the time of publication.",... ,... , ...,"Children estimates were not available at the time of publication.",... ,... , ...,"Children estimates were not available at the time of publication.",... ,... , ...,"Children estimates were not available at the time of publication.",... ,... , ...,"Children estimates were not available at the time of publication.",... ,... , ...,"Children estimates were not available at the time of publication.",... ,... , ...,"Children estimates were not available at the time of publication.",... ,... , ...,"Children estimates were not available at the time of publication.",... ,... , ...,"Children estimates were not available at the time of publication.",... ,... , ...,"Children estimates were not available at the time of publication.",... ,... , ...,"Children estimates were not available at the time of publication.",... ,... , ...,"Children estimates were not available at the time of publication.",... ,... , ...,"Children estimates were not available at the time of publication.",... ,... , ...,"Children estimates were not available at the time of publication.",... ,... , ...,"Children estimates were not available at the time of publication.",... ,... , ...,"Children estimates were not available at the time of publication.",... ,... , ...,"Children estimates were not available at the time of publication.",... ,... , ...,"Children estimates were not available at the time of publication.",... ,... , ...,"Children estimates were not available at the time of publication.",... ,... , ...,"Children estimates were not available at the time of publication.",... ,... , ...,"Children estimates were not available at the time of publication.",... ,... , ...,"Children estimates were not available at the time of publication.",... ,... , ...,"Children estimates were not available at the time of publication.",... ,... , ...,"Children estimates were not available at the time of publication.",... ,... , ...,"Children estimates were not available at the time of publication.",... ,... , ...,"Children estimates were not available at the time of publication.",... ,... , ...,"Children estimates were not available at the time of publication.",... ,... , ...,"Children estimates were not available at the time of publication.",... ,... , ...,"Children estimates were not available at the time of publication.",... ,... , ...,"Children estimates were not available at the time of publication.",... ,... , ...,"Children estimates were not available at the time of publication.",... ,... , ...,"Children estimates were not available at the time of publication.",... ,... , ...,"Children estimates were not available at the time of publication.",... ,... , ...,"Children estimates were not available at the time of publication.",... ,... , ...,"Children estimates were not available at the time of publication."
Belarus,... ,... , ...,"Estimates were not available at the time of publication.",... ,... , ...,"Estimates were not available at the time of publication.",... ,... , ...,"Estimates were not available at the time of publication.",... ,... , ...,"Estimates were not available at the time of publication.",... ,... , ...,"Estimates were not available at the time of publication.",... ,... , ...,"Estimates were not available at the time of publication.",... ,... , ...,"Estimates were not available at the time of publication.",... ,... , ...,"Estimates were not available at the time of publication.",... ,... , ...,"Estimates were not available at the time of publication.",... ,... , ...,"Estimates were not available at the time of publication.",... ,... , ...,"Estimates were not available at the time of publication.",... ,... , ...,"Estimates were not available at the time of publication.",... ,... , ...,"Estimates were not available at the time of publication.",... ,... , ...,"Estimates were not available at the time of publication.",... ,... , ...,"Estimates were not available at the time of publication.",... ,... , ...,"Estimates were not available at the time of publication.",... ,... , ...,"Estimates were not available at the time of publication.",... ,... , ...,"Estimates were not available at the time of publication.",... ,... , ...,"Estimates were not available at the time of publication.",... ,... , ...,"Estimates were not available at the time of publication.",... ,... , ...,"Estimates were not available at the time of publication.",... ,... , ...,"Estimates were not available at the time of publication.",... ,... , ...,"Estimates were not available at the time of publication.",... ,... , ...,"Estimates were not available at the time of publication.",... ,... , ...,"Estimates were not available at the time of publication.",... ,... , ...,"Estimates were not available at the time of publication.",... ,... , ...,"Estimates were not available at the time of publication.",... ,... , ...,"Estimates were not available at the time of publication.",... ,... , ...,"Estimates were not available at the time of publication.",... ,... , ...,"Estimates were not available at the time of publication.",... ,... , ...,"Estimates were not available at the time of publication.",... ,... , ...,"Estimates were not available at the time of publication.",... ,... , ...,"Estimates were not available at the time of publication.",... ,... , ...,"Estimates were not available at the time of publication.",... ,... , ...,"Estimates were not available at the time of publication."
Belgium,... ,... , ...,,... ,... , ...,,... ,... , ...,,... ,... , ...,,... ,... , ...,,... ,... , ...,,... ,... , ...,,... ,... , ...,,... ,... , ...,,... ,... , ...,,... ,... , ...,,... ,... , ...,,... ,... , ...,,... ,... , ...,,... ,... , ...,,... ,... , ...,,... ,... , ...,,... ,... , ...,,... ,... , ...,,... ,... , ...,,... ,... , ...,,... ,... , ...,,... ,... , ...,,... ,... , ...,,... ,... , ...,,... ,... , ...,,... ,... , ...,,... ,... , ...,,... ,... , ...,,... ,... , ...,,... ,... , ...,,... ,... , ...,,... ,... , ...,,... ,... , ...,,... ,... , ...,
Belize,... ,... , ...,"Children estimates were not available at the time of publication.",... ,... , ...,"Children estimates were not available at the time of publication.",... ,... , ...,"Children estimates were not available at the time of publication.",... ,... , ...,"Children estimates were not available at the time of publication.",... ,... , ...,"Children estimates were not available at the time of publication.",... ,... , ...,"Children estimates were not available at the time of publication.",... ,... , ...,"Children estimates were not available at the time of publication.",... ,... , ...,"Children estimates were not available at the time of publication.",... ,... , ...,"Children estimates were not available at the time of publication.",... ,... , ...,"Children estimates were not available at the time of publication.",... ,... , ...,"Children estimates were not available at the time of publication.",... ,... , ...,"Children estimates were not available at the time of publication.",... ,... , ...,"Children estimates were not available at the time of publication.",... ,... , ...,"Children estimates were not available at the time of publication.",... ,... , ...,"Children estimates were not available at the time of publication.",... ,... , ...,"Children estimates were not available at the time of publication.",... ,... , ...,"Children estimates were not available at the time of publication.",... ,... , ...,"Children estimates were not available at the time of publication.",... ,... , ...,"Children estimates were not available at the time of publication.",... ,... , ...,"Children estimates were not available at the time of publication.",... ,... , ...,"Children estimates were not available at the time of publication.",... ,... , ...,"Children estimates were not available at the time of publication.",... ,... , ...,"Children estimates were not available at the time of publication.",... ,... , ...,"Children estimates were not available at the time of publication.",... ,... , ...,"Children estimates were not available at the time of publication.",... ,... , ...,"Children estimates were not available at the time of publication.",... ,... , ...,"Children estimates were not available at the time of publication.",... ,... , ...,"Children estimates were not available at the time of publication.",... ,... , ...,"Children estimates were not available at the time of publication.",... ,... , ...,"Children estimates were not available at the time of publication.",... ,... , ...,"Children estimates were not available at the time of publication.",... ,... , ...,"Children estimates were not available at the time of publication.",... ,... , ...,"Children estimates were not available at the time of publication.",... ,... , ...,"Children estimates were not available at the time of publication.",... ,... , ...,"Children estimates were not available at the time of publication."
Benin,<500 ,<500 , <500,,510 ,<500 , 700,,700 ,540 , 920,,960 ,760 , 1200,,1300 ,1000 , 1600,,1500 ,1200 , 1900,,1700 ,1400 , 2000,,1800 ,1500 , 2200,,1900 ,1600 , 2200,,2000 ,1600 , 2300,,2000 ,1700 , 2300,,2000 ,1700 , 2300,,2000 ,1600 , 2300,,2000 ,1700 , 2300,,2000 ,1600 , 2300,,1900 ,1700 , 2300,,1900 ,1600 , 2200,,1900 ,1600 , 2200,,1500 ,1200 , 1800,,1500 ,1200 , 1900,,1500 ,1200 , 1900,,1500 ,1200 , 1800,,1500 ,1200 , 1800,,1500 ,1200 , 1900,,1300 ,960 , 1600,,680 ,510 , 950,,610 ,510 , 800,,550 ,<500 , 830,,520 ,<500 , 700,,650 ,<500 , 930,,550 ,<500 , 840,,610 ,<500 , 860,,590 ,<500 , 840,,570 ,<500 , 840,,<500 ,<500 , 710,
Bhutan,... ,... , ...,"Children estimates were not available at the time of publication.",... ,... , ...,"Children estimates were not available at the time of publication.",... ,... , ...,"Children estimates were not available at the time of publication.",... ,... , ...,"Children estimates were not available at the time of publication.",... ,... , ...,"Children estimates were not available at the time of publication.",... ,... , ...,"Children estimates were not available at the time of publication.",... ,... , ...,"Children estimates were not available at the time of publication.",... ,... , ...,"Children estimates were not available at the time of publication.",... ,... , ...,"Children estimates were not available at the time of publication.",... ,... , ...,"Children estimates were not available at the time of publication.",... ,... , ...,"Children estimates were not available at the time of publication.",... ,... , ...,"Children estimates were not available at the time of publication.",... ,... , ...,"Children estimates were not available at the time of publication.",... ,... , ...,"Children estimates were not available at the time of publication.",... ,... , ...,"Children estimates were not available at the time of publication.",... ,... , ...,"Children estimates were not available at the time of publication.",... ,... , ...,"Children estimates were not available at the time of publication.",... ,... , ...,"Children estimates were not available at the time of publication.",... ,... , ...,"Children estimates were not available at the time of publication.",... ,... , ...,"Children estimates were not available at the time of publication.",... ,... , ...,"Children estimates were not available at the time of publication.",... ,... , ...,"Children estimates were not available at the time of publication.",... ,... , ...,"Children estimates were not available at the time of publication.",... ,... , ...,"Children estimates were not available at the time of publication.",... ,... , ...,"Children estimates were not available at the time of publication.",... ,... , ...,"Children estimates were not available at the time of publication.",... ,... , ...,"Children estimates were not available at the time of publication.",... ,... , ...,"Children estimates were not available at the time of publication.",... ,... , ...,"Children estimates were not available at the time of publication.",... ,... , ...,"Children estimates were not available at the time of publication.",... ,... , ...,"Children estimates were not available at the time of publication.",... ,... , ...,"Children estimates were not available at the time of publication.",... ,... , ...,"Children estimates were not available at the time of publication.",... ,... , ...,"Children estimates were not available at the time of publication.",... ,... , ...,"Children estimates were not available at the time of publication."
Bolivia (Plurinational State of),<100 ,<100 , <200,,<100 ,<100 , <200,,<100 ,<100 , <200,,<200 ,<100 , <200,,<200 ,<100 , <200,,<200 ,<100 , <500,,<200 ,<100 , <500,,<200 ,<200 , <500,,<200 ,<200 , <500,,<200 ,<200 , <500,,<500 ,<200 , <500,,<500 ,<200 , <500,,<500 ,<200 , <500,,<500 ,<200 , <500,,<500 ,<200 , <500,,<500 ,<200 , <500,,<500 ,<200 , <500,,<200 ,<200 , <500,,<200 ,<200 , <500,,<200 ,<200 , <500,,<200 ,<200 , <200,,<200 ,<200 , <200,,<200 ,<100 , <200,,<200 ,<200 , <200,,<200 ,<200 , <200,,<200 ,<100 , <200,,<200 ,<100 , <200,,<200 ,<100 , <200,,<100 ,<100 , <200,,<100 ,<100 , <200,,<100 ,<100 , <200,,<100 ,<100 , <200,,<100 ,<100 , <200,,<100 ,<100 , <100,,<100 ,<100 , <100,
Bosnia and Herzegovina,... ,... , ...,"Estimates were not available at the time of publication.",... ,... , ...,"Estimates were not available at the time of publication.",... ,... , ...,"Estimates were not available at the time of publication.",... ,... , ...,"Estimates were not available at the time of publication.",... ,... , ...,"Estimates were not available at the time of publication.",... ,... , ...,"Estimates were not available at the time of publication.",... ,... , ...,"Estimates were not available at the time of publication.",... ,... , ...,"Estimates were not available at the time of publication.",... ,... , ...,"Estimates were not available at the time of publication.",... ,... , ...,"Estimates were not available at the time of publication.",... ,... , ...,"Estimates were not available at the time of publication.",... ,... , ...,"Estimates were not available at the time of publication.",... ,... , ...,"Estimates were not available at the time of publication.",... ,... , ...,"Estimates were not available at the time of publication.",... ,... , ...,"Estimates were not available at the time of publication.",... ,... , ...,"Estimates were not available at the time of publication.",... ,... , ...,"Estimates were not available at the time of publication.",... ,... , ...,"Estimates were not available at the time of publication.",... ,... , ...,"Estimates were not available at the time of publication.",... ,... , ...,"Estimates were not available at the time of publication.",... ,... , ...,"Estimates were not available at the time of publication.",... ,... , ...,"Estimates were not available at the time of publication.",... ,... , ...,"Estimates were not available at the time of publication.",... ,... , ...,"Estimates were not available at the time of publication.",... ,... , ...,"Estimates were not available at the time of publication.",... ,... , ...,"Estimates were not available at the time of publication.",... ,... , ...,"Estimates were not available at the time of publication.",... ,... , ...,"Estimates were not available at the time of publication.",... ,... , ...,"Estimates were not available at the time of publication.",... ,... , ...,"Estimates were not available at the time of publication.",... ,... , ...,"Estimates were not available at the time of publication.",... ,... , ...,"Estimates were not available at the time of publication.",... ,... , ...,"Estimates were not available at the time of publication.",... ,... , ...,"Estimates were not available at the time of publication.",... ,... , ...,"Estimates were not available at the time of publication."
Botswana,1500 ,1300 , 1700,,1900 ,1700 , 2200,,2500 ,2200 , 2800,,3100 ,2800 , 3400,,3700 ,3300 , 4000,,4200 ,3800 , 4600,,4600 ,4300 , 5000,,4900 ,4500 , 5400,,5100 ,4700 , 5600,,5300 ,4700 , 5800,,5100 ,4500 , 5600,,4700 ,4100 , 5200,,4200 ,3700 , 4700,,3800 ,3200 , 4200,,3300 ,2700 , 3800,,2100 ,1600 , 2500,,1500 ,930 , 1900,,1600 ,1000 , 2000,,1400 ,820 , 1700,,970 ,590 , 1300,,1200 ,610 , 1500,,1500 ,990 , 1800,,770 ,<500 , 1100,,600 ,<500 , 910,,780 ,<500 , 1100,,590 ,<500 , 820,,600 ,<500 , 830,,<500 ,<200 , 530,,<200 ,<200 , <500,,<200 ,<200 , <200,,<200 ,<200 , <200,,<200 ,<200 , <200,,<200 ,<100 , <200,,<100 ,<100 , <500,,<100 ,<100 , <500,
Brazil,... ,... , ...,,... ,... , ...,,... ,... , ...,,... ,... , ...,,... ,... , ...,,... ,... , ...,,... ,... , ...,,... ,... , ...,,... ,... , ...,,... ,... , ...,,... ,... , ...,,... ,... , ...,,... ,... , ...,,... ,... , ...,,... ,... , ...,,... ,... , ...,,... ,... , ...,,... ,... , ...,,... ,... , ...,,... ,... , ...,,... ,... , ...,,... ,... , ...,,... ,... , ...,,... ,... , ...,,... ,... , ...,,... ,... , ...,,... ,... , ...,,... ,... , ...,,... ,... , ...,,... ,... , ...,,... ,... , ...,,... ,... , ...,,... ,... , ...,,... ,... , ...,,... ,... , ...,
Brunei Darussalam,... ,... , ...,"Estimates were not available at the time of publication.",... ,... , ...,"Estimates were not available at the time of publication.",... ,... , ...,"Estimates were not available at the time of publication.",... ,... , ...,"Estimates were not available at the time of publication.",... ,... , ...,"Estimates were not available at the time of publication.",... ,... , ...,"Estimates were not available at the time of publication.",... ,... , ...,"Estimates were not available at the time of publication.",... ,... , ...,"Estimates were not available at the time of publication.",... ,... , ...,"Estimates were not available at the time of publication.",... ,... , ...,"Estimates were not available at the time of publication.",... ,... , ...,"Estimates were not available at the time of publication.",... ,... , ...,"Estimates were not available at the time of publication.",... ,... , ...,"Estimates were not available at the time of publication.",... ,... , ...,"Estimates were not available at the time of publication.",... ,... , ...,"Estimates were not available at the time of publication.",... ,... , ...,"Estimates were not available at the time of publication.",... ,... , ...,"Estimates were not available at the time of publication.",... ,... , ...,"Estimates were not available at the time of publication.",... ,... , ...,"Estimates were not available at the time of publication.",... ,... , ...,"Estimates were not available at the time of publication.",... ,... , ...,"Estimates were not available at the time of publication.",... ,... , ...,"Estimates were not available at the time of publication.",... ,... , ...,"Estimates were not available at the time of publication.",... ,... , ...,"Estimates were not available at the time of publication.",... ,... , ...,"Estimates were not available at the time of publication.",... ,... , ...,"Estimates were not available at the time of publication.",... ,... , ...,"Estimates were not available at the time of publication.",... ,... , ...,"Estimates were not available at the time of publication.",... ,... , ...,"Estimates were not available at the time of publication.",... ,... , ...,"Estimates were not available at the time of publication.",... ,... , ...,"Estimates were not available at the time of publication.",... ,... , ...,"Estimates were not available at the time of publication.",... ,... , ...,"Estimates were not available at the time of publication.",... ,... , ...,"Estimates were not available at the time of publication.",... ,... , ...,"Estimates were not available at the time of publication."
Bulgaria,... ,... , ...,"Children estimates were not available at the time of publication.",... ,... , ...,"Children estimates were not available at the time of publication.",... ,... , ...,"Children estimates were not available at the time of publication.",... ,... , ...,"Children estimates were not available at the time of publication.",... ,... , ...,"Children estimates were not available at the time of publication.",... ,... , ...,"Children estimates were not available at the time of publication.",... ,... , ...,"Children estimates were not available at the time of publication.",... ,... , ...,"Children estimates were not available at the time of publication.",... ,... , ...,"Children estimates were not available at the time of publication.",... ,... , ...,"Children estimates were not available at the time of publication.",... ,... , ...,"Children estimates were not available at the time of publication.",... ,... , ...,"Children estimates were not available at the time of publication.",... ,... , ...,"Children estimates were not available at the time of publication.",... ,... , ...,"Children estimates were not available at the time of publication.",... ,... , ...,"Children estimates were not available at the time of publication.",... ,... , ...,"Children estimates were not available at the time of publication.",... ,... , ...,"Children estimates were not available at the time of publication.",... ,... , ...,"Children estimates were not available at the time of publication.",... ,... , ...,"Children estimates were not available at the time of publication.",... ,... , ...,"Children estimates were not available at the time of publication.",... ,... , ...,"Children estimates were not available at the time of publication.",... ,... , ...,"Children estimates were not available at the time of publication.",... ,... , ...,"Children estimates were not available at the time of publication.",... ,... , ...,"Children estimates were not available at the time of publication.",... ,... , ...,"Children estimates were not available at the time of publication.",... ,... , ...,"Children estimates were not available at the time of publication.",... ,... , ...,"Children estimates were not available at the time of publication.",... ,... , ...,"Children estimates were not available at the time of publication.",... ,... , ...,"Children estimates were not available at the time of publication.",... ,... , ...,"Children estimates were not available at the time of publication.",... ,... , ...,"Children estimates were not available at the time of publication.",... ,... , ...,"Children estimates were not available at the time of publication.",... ,... , ...,"Children estimates were not available at the time of publication.",... ,... , ...,"Children estimates were not available at the time of publication.",... ,... , ...,"Children estimates were not available at the time of publication."
Burkina Faso,5700 ,3600 , 8300,,6100 ,4000 , 8500,,6300 ,4500 , 8500,,6300 ,4700 , 8400,,6300 ,4900 , 8000,,6200 ,4900 , 7800,,6000 ,4900 , 7600,,5800 ,4700 , 7300,,5500 ,4600 , 6800,,5300 ,4200 , 6400,,5000 ,4100 , 6100,,4700 ,3900 , 5700,,4400 ,3700 , 5400,,4100 ,3400 , 4900,,3800 ,3200 , 4700,,3600 ,3000 , 4500,,3300 ,2700 , 4100,,2900 ,2300 , 3600,,2800 ,2300 , 3500,,2400 ,1800 , 3000,,2200 ,1700 , 2900,,1900 ,1500 , 2500,,1900 ,1400 , 2400,,1700 ,1300 , 2200,,1400 ,970 , 1800,,1800 ,1400 , 2300,,1600 ,1300 , 2100,,1500 ,1100 , 1900,,1300 ,980 , 1700,,1100 ,800 , 1500,,930 ,660 , 1300,,820 ,560 , 1200,,750 ,520 , 1100,,930 ,660 , 1300,,800 ,530 , 1200,
Burundi,5100 ,2800 , 7700,,5300 ,3500 , 7500,,5300 ,3800 , 7000,,4800 ,3600 , 6100,,4700 ,3600 , 5800,,4300 ,3500 , 5400,,4500 ,3600 , 5500,,4100 ,3300 , 5000,,3700 ,3100 , 4400,,3500 ,2800 , 4100,,3300 ,2700 , 3800,,3100 ,2600 , 3600,,2800 ,2400 , 3300,,2600 ,2200 , 3100,,2400 ,2000 , 2900,,2100 ,1700 , 2600,,2000 ,1600 , 2400,,1900 ,1500 , 2300,,1700 ,1300 , 2100,,1500 ,1200 , 1900,,1200 ,890 , 1600,,1100 ,790 , 1500,,970 ,670 , 1300,,790 ,530 , 1100,,600 ,<500 , 910,,<500 ,<500 , 730,,<500 ,<500 , <500,,<500 ,<500 , <500,,<500 ,<500 , <500,,<500 ,<500 , <500,,<500 ,<500 , 540,,<500 ,<500 , 660,,<500 ,<500 , 630,,<500 ,<500 , 640,,<500 ,<500 , 640,
Cabo Verde,<100 ,<100 , <100,,<100 ,<100 , <100,,<100 ,<100 , <100,,<100 ,<100 , <100,,<100 ,<100 , <100,,<100 ,<100 , <100,,<100 ,<100 , <100,,<100 ,<100 , <100,,<100 ,<100 , <100,,<100 ,<100 , <100,,<100 ,<100 , <100,,<100 ,<100 , <100,,<100 ,<100 , <100,,<100 ,<100 , <100,,<100 ,<100 , <100,,<100 ,<100 , <100,,<100 ,<100 , <100,,<100 ,<100 , <100,,<100 ,<100 , <100,,<100 ,<100 , <100,,<100 ,<100 , <100,,<100 ,<100 , <100,,<100 ,<100 , <100,,<100 ,<100 , <100,,<100 ,<100 , <100,,<100 ,<100 , <100,,<100 ,<100 , <100,,<100 ,<100 , <100,,<100 ,<100 , <100,,<100 ,<100 , <100,,<100 ,<100 , <100,,<100 ,<100 , <100,,<100 ,<100 , <100,,<100 ,<100 , <100,,<100 ,<100 , <100,
Cambodia,<100 ,<100 , <100,,<100 ,<100 , <100,,<200 ,<200 , <200,,<500 ,<500 , <500,,600 ,<500 , 710,,880 ,730 , 1000,,1100 ,950 , 1300,,1200 ,1000 , 1400,,1300 ,1100 , 1500,,1300 ,1100 , 1500,,1200 ,1100 , 1500,,1200 ,1000 , 1400,,1100 ,940 , 1300,,1100 ,890 , 1200,,980 ,820 , 1100,,900 ,760 , 1100,,800 ,660 , 930,,640 ,510 , 760,,560 ,<500 , 680,,<500 ,<500 , 570,,<500 ,<500 , 500,,<500 ,<500 , <500,,<500 ,<200 , <500,,<500 ,<200 , <500,,<500 ,<200 , <500,,<200 ,<100 , <500,,<200 ,<100 , <500,,<200 ,<100 , <200,,<200 ,<100 , <200,,<200 ,<100 , <200,,<100 ,<100 , <200,,<200 ,<100 , <200,,<100 ,<100 , <200,,<100 ,<100 , <100,,<100 ,<100 , <100,
Cameroon,2000 ,1400 , 2500,,2700 ,2000 , 3300,,3600 ,2700 , 4200,,4600 ,3600 , 5300,,5800 ,4600 , 6700,,6900 ,5700 , 7900,,8000 ,6700 , 9200,,9000 ,7500 , 10 000,,10 000 ,8600 , 11 000,,11 000 ,9300 , 12 000,,11 000 ,9700 , 13 000,,11 000 ,9900 , 13 000,,12 000 ,10 000 , 13 000,,11 000 ,9800 , 13 000,,11 000 ,9700 , 13 000,,11 000 ,9700 , 13 000,,10 000 ,8900 , 12 000,,10 000 ,8400 , 12 000,,9000 ,7400 , 10 000,,8800 ,7300 , 9900,,6700 ,5200 , 8000,,5800 ,4600 , 7100,,4800 ,3800 , 5900,,3400 ,2500 , 4500,,3300 ,2400 , 4400,,3200 ,2100 , 4100,,3100 ,2200 , 4000,,2800 ,2000 , 3800,,2900 ,2000 , 3700,,3700 ,2700 , 4500,,3500 ,2500 , 4200,,3000 ,2100 , 3800,,2900 ,2100 , 3600,,2300 ,1600 , 3000,,2700 ,2000 , 3400,
Canada,... ,... , ...,,... ,... , ...,,... ,... , ...,,... ,... , ...,,... ,... , ...,,... ,... , ...,,... ,... , ...,,... ,... , ...,,... ,... , ...,,... ,... , ...,,... ,... , ...,,... ,... , ...,,... ,... , ...,,... ,... , ...,,... ,... , ...,,... ,... , ...,,... ,... , ...,,... ,... , ...,,... ,... , ...,,... ,... , ...,,... ,... , ...,,... ,... , ...,,... ,... , ...,,... ,... , ...,,... ,... , ...,,... ,... , ...,,... ,... , ...,,... ,... , ...,,... ,... , ...,,... ,... , ...,,... ,... , ...,,... ,... , ...,,... ,... , ...,,... ,... , ...,,... ,... , ...,
Central African Republic,2500 ,1800 , 3700,,3000 ,2200 , 4500,,3400 ,2500 , 4800,,3800 ,2900 , 5300,,4100 ,3200 , 5600,,4400 ,3500 , 5600,,4500 ,3600 , 5800,,4600 ,3600 , 5800,,4600 ,3800 , 5800,,4600 ,3800 , 5800,,4500 ,3700 , 5600,,4400 ,3600 , 5400,,4300 ,3400 , 5100,,4200 ,3400 , 4900,,4000 ,3200 , 4700,,3800 ,3100 , 4500,,3400 ,2800 , 4100,,3200 ,2600 , 3900,,3000 ,2400 , 3600,,2800 ,2200 , 3400,,2700 ,2100 , 3300,,2400 ,1900 , 3000,,2200 ,1700 , 2800,,2400 ,1900 , 3000,,1900 ,1500 , 2500,,1600 ,1100 , 2100,,1500 ,990 , 2000,,1700 ,1200 , 2300,,1500 ,1000 , 2100,,1300 ,840 , 1900,,1400 ,840 , 2000,,1300 ,790 , 2000,,1400 ,850 , 2100,,1300 ,740 , 2000,,1000 ,540 , 1900,
Chad,1700 ,930 , 2900,,2100 ,1200 , 3400,,2600 ,1600 , 3900,,3000 ,1900 , 4300,,3100 ,2100 , 4400,,3400 ,2400 , 4700,,3700 ,2600 , 5100,,3900 ,2700 , 5200,,4000 ,3000 , 5300,,4000 ,3000 , 5300,,4000 ,3000 , 5400,,4000 ,3100 , 5200,,4000 ,3000 , 5200,,3900 ,3000 , 4900,,3900 ,3000 , 5000,,3900 ,3100 , 5000,,3700 ,2900 , 4700,,3700 ,2900 , 4600,,3500 ,2600 , 4400,,3400 ,2600 , 4100,,3100 ,2400 , 3800,,2900 ,2200 , 3700,,2700 ,2000 , 3400,,2200 ,1600 , 2900,,1600 ,1000 , 2300,,2100 ,1500 , 2800,,2100 ,1500 , 2800,,1900 ,1300 , 2500,,1600 ,1000 , 2200,,1400 ,850 , 2000,,1300 ,770 , 1900,,1200 ,740 , 1800,,1400 ,860 , 1900,,1100 ,600 , 1700,,1300 ,750 , 1900,
Chile,<100 ,<100 , <100,,<100 ,<100 , <100,,<100 ,<100 , <100,,<100 ,<100 , <100,,<100 ,<100 , <100,,<100 ,<100 , <100,,<100 ,<100 , <100,,<100 ,<100 , <100,,<100 ,<100 , <100,,<100 ,<100 , <100,,<100 ,<100 , <100,,<100 ,<100 , <100,,<100 ,<100 , <100,,<100 ,<100 , <100,,<100 ,<100 , <100,,<100 ,<100 , <100,,<100 ,<100 , <100,,<100 ,<100 , <100,,<100 ,<100 , <100,,<100 ,<100 , <100,,<100 ,<100 , <100,,<100 ,<100 , <100,,<100 ,<100 , <100,,<100 ,<100 , <100,,<100 ,<100 , <100,,<100 ,<100 , <100,,<100 ,<100 , <100,,<100 ,<100 , <100,,<100 ,<100 , <100,,<100 ,<100 , <100,,<100 ,<100 , <100,,<100 ,<100 , <100,,<100 ,<100 , <100,,<100 ,<100 , <100,,<100 ,<100 , <100,
China,... ,... , ...,"Estimates were not available at the time of publication.",... ,... , ...,"Estimates were not available at the time of publication.",... ,... , ...,"Estimates were not available at the time of publication.",... ,... , ...,"Estimates were not available at the time of publication.",... ,... , ...,"Estimates were not available at the time of publication.",... ,... , ...,"Estimates were not available at the time of publication.",... ,... , ...,"Estimates were not available at the time of publication.",... ,... , ...,"Estimates were not available at the time of publication.",... ,... , ...,"Estimates were not available at the time of publication.",... ,... , ...,"Estimates were not available at the time of publication.",... ,... , ...,"Estimates were not available at the time of publication.",... ,... , ...,"Estimates were not available at the time of publication.",... ,... , ...,"Estimates were not available at the time of publication.",... ,... , ...,"Estimates were not available at the time of publication.",... ,... , ...,"Estimates were not available at the time of publication.",... ,... , ...,"Estimates were not available at the time of publication.",... ,... , ...,"Estimates were not available at the time of publication.",... ,... , ...,"Estimates were not available at the time of publication.",... ,... , ...,"Estimates were not available at the time of publication.",... ,... , ...,"Estimates were not available at the time of publication.",... ,... , ...,"Estimates were not available at the time of publication.",... ,... , ...,"Estimates were not available at the time of publication.",... ,... , ...,"Estimates were not available at the time of publication.",... ,... , ...,"Estimates were not available at the time of publication.",... ,... , ...,"Estimates were not available at the time of publication.",... ,... , ...,"Estimates were not available at the time of publication.",... ,... , ...,"Estimates were not available at the time of publication.",... ,... , ...,"Estimates were not available at the time of publication.",... ,... , ...,"Estimates were not available at the time of publication.",... ,... , ...,"Estimates were not available at the time of publication.",... ,... , ...,"Estimates were not available at the time of publication.",... ,... , ...,"Estimates were not available at the time of publication.",... ,... , ...,"Estimates were not available at the time of publication.",... ,... , ...,"Estimates were not available at the time of publication.",... ,... , ...,"Estimates were not available at the time of publication."
Colombia,<500 ,<500 , 530,,<500 ,<500 , 650,,550 ,<500 , 760,,630 ,<500 , 900,,690 ,510 , 970,,710 ,530 , 960,,730 ,550 , 980,,740 ,530 , 990,,750 ,570 , 990,,730 ,560 , 940,,710 ,550 , 950,,690 ,520 , 910,,670 ,510 , 870,,640 ,<500 , 840,,580 ,<500 , 740,,500 ,<500 , 660,,540 ,<500 , 670,,510 ,<500 , 640,,<500 ,<500 , 570,,<500 ,<500 , 530,,<500 ,<500 , <500,,<500 ,<500 , <500,,<500 ,<500 , <500,,<500 ,<200 , <500,,<500 ,<200 , <500,,<500 ,<500 , <500,,<500 ,<200 , <500,,<500 ,<200 , <500,,<500 ,<200 , <500,,<500 ,<200 , <500,,<500 ,<200 , <500,,<500 ,<200 , 540,,<500 ,<500 , 580,,<500 ,<200 , 590,,... ,... , ...,
Comoros,... ,... , ...,"Children estimates were not available at the time of publication.",... ,... , ...,"Children estimates were not available at the time of publication.",... ,... , ...,"Children estimates were not available at the time of publication.",... ,... , ...,"Children estimates were not available at the time of publication.",... ,... , ...,"Children estimates were not available at the time of publication.",... ,... , ...,"Children estimates were not available at the time of publication.",... ,... , ...,"Children estimates were not available at the time of publication.",... ,... , ...,"Children estimates were not available at the time of publication.",... ,... , ...,"Children estimates were not available at the time of publication.",... ,... , ...,"Children estimates were not available at the time of publication.",... ,... , ...,"Children estimates were not available at the time of publication.",... ,... , ...,"Children estimates were not available at the time of publication.",... ,... , ...,"Children estimates were not available at the time of publication.",... ,... , ...,"Children estimates were not available at the time of publication.",... ,... , ...,"Children estimates were not available at the time of publication.",... ,... , ...,"Children estimates were not available at the time of publication.",... ,... , ...,"Children estimates were not available at the time of publication.",... ,... , ...,"Children estimates were not available at the time of publication.",... ,... , ...,"Children estimates were not available at the time of publication.",... ,... , ...,"Children estimates were not available at the time of publication.",... ,... , ...,"Children estimates were not available at the time of publication.",... ,... , ...,"Children estimates were not available at the time of publication.",... ,... , ...,"Children estimates were not available at the time of publication.",... ,... , ...,"Children estimates were not available at the time of publication.",... ,... , ...,"Children estimates were not available at the time of publication.",... ,... , ...,"Children estimates were not available at the time of publication.",... ,... , ...,"Children estimates were not available at the time of publication.",... ,... , ...,"Children estimates were not available at the time of publication.",... ,... , ...,"Children estimates were not available at the time of publication.",... ,... , ...,"Children estimates were not available at the time of publication.",... ,... , ...,"Children estimates were not available at the time of publication.",... ,... , ...,"Children estimates were not available at the time of publication.",... ,... , ...,"Children estimates were not available at the time of publication.",... ,... , ...,"Children estimates were not available at the time of publication.",... ,... , ...,"Children estimates were not available at the time of publication."
Congo,2100 ,1600 , 2600,,2200 ,1700 , 2700,,2200 ,1700 , 2700,,2300 ,1800 , 2800,,2300 ,1800 , 2800,,2300 ,1900 , 2900,,2400 ,1900 , 2900,,2300 ,1900 , 2800,,2300 ,1900 , 2800,,2200 ,1800 , 2700,,2100 ,1700 , 2700,,2200 ,1800 , 2600,,2100 ,1800 , 2600,,2100 ,1700 , 2500,,2000 ,1700 , 2400,,2000 ,1700 , 2400,,2000 ,1600 , 2400,,1900 ,1500 , 2400,,1900 ,1500 , 2300,,2000 ,1500 , 2400,,2000 ,1600 , 2500,,1900 ,1400 , 2300,,2000 ,1600 , 2500,,1900 ,1400 , 2400,,1900 ,1500 , 2400,,1900 ,1500 , 2400,,2100 ,1600 , 2600,,2100 ,1500 , 2700,,2200 ,1600 , 2800,,2200 ,1600 , 2900,,2200 ,1500 , 3000,,2100 ,1300 , 2900,,2100 ,1300 , 3000,,2000 ,1100 , 3000,,1900 ,890 , 3100,
Costa Rica,<100 ,<100 , <100,,<100 ,<100 , <100,,<100 ,<100 , <100,,<100 ,<100 , <100,,<100 ,<100 , <100,,<100 ,<100 , <100,,<100 ,<100 , <100,,<100 ,<100 , <100,,<100 ,<100 , <100,,<100 ,<100 , <100,,<100 ,<100 , <100,,<100 ,<100 , <100,,<100 ,<100 , <100,,<100 ,<100 , <100,,<100 ,<100 , <100,,<100 ,<100 , <100,,<100 ,<100 , <100,,<100 ,<100 , <100,,<100 ,<100 , <100,,<100 ,<100 , <100,,<100 ,<100 , <100,,<100 ,<100 , <100,,<100 ,<100 , <100,,<100 ,<100 , <100,,<100 ,<100 , <100,,<100 ,<100 , <100,,<100 ,<100 , <100,,<100 ,<100 , <100,,<100 ,<100 , <100,,<100 ,<100 , <100,,<100 ,<100 , <100,,<100 ,<100 , <100,,<100 ,<100 , <100,,<100 ,<100 , <100,,<100 ,<100 , <100,
Croatia,... ,... , ...,"Children estimates were not available at the time of publication.",... ,... , ...,"Children estimates were not available at the time of publication.",... ,... , ...,"Children estimates were not available at the time of publication.",... ,... , ...,"Children estimates were not available at the time of publication.",... ,... , ...,"Children estimates were not available at the time of publication.",... ,... , ...,"Children estimates were not available at the time of publication.",... ,... , ...,"Children estimates were not available at the time of publication.",... ,... , ...,"Children estimates were not available at the time of publication.",... ,... , ...,"Children estimates were not available at the time of publication.",... ,... , ...,"Children estimates were not available at the time of publication.",... ,... , ...,"Children estimates were not available at the time of publication.",... ,... , ...,"Children estimates were not available at the time of publication.",... ,... , ...,"Children estimates were not available at the time of publication.",... ,... , ...,"Children estimates were not available at the time of publication.",... ,... , ...,"Children estimates were not available at the time of publication.",... ,... , ...,"Children estimates were not available at the time of publication.",... ,... , ...,"Children estimates were not available at the time of publication.",... ,... , ...,"Children estimates were not available at the time of publication.",... ,... , ...,"Children estimates were not available at the time of publication.",... ,... , ...,"Children estimates were not available at the time of publication.",... ,... , ...,"Children estimates were not available at the time of publication.",... ,... , ...,"Children estimates were not available at the time of publication.",... ,... , ...,"Children estimates were not available at the time of publication.",... ,... , ...,"Children estimates were not available at the time of publication.",... ,... , ...,"Children estimates were not available at the time of publication.",... ,... , ...,"Children estimates were not available at the time of publication.",... ,... , ...,"Children estimates were not available at the time of publication.",... ,... , ...,"Children estimates were not available at the time of publication.",... ,... , ...,"Children estimates were not available at the time of publication.",... ,... , ...,"Children estimates were not available at the time of publication.",... ,... , ...,"Children estimates were not available at the time of publication.",... ,... , ...,"Children estimates were not available at the time of publication.",... ,... , ...,"Children estimates were not available at the time of publication.",... ,... , ...,"Children estimates were not available at the time of publication.",... ,... , ...,"Children estimates were not available at the time of publication."
Cuba,<100 ,<100 , <100,,<100 ,<100 , <100,,<100 ,<100 , <100,,<100 ,<100 , <100,,<100 ,<100 , <100,,<100 ,<100 , <100,,<100 ,<100 , <100,,<100 ,<100 , <100,,<100 ,<100 , <100,,<100 ,<100 , <100,,<100 ,<100 , <100,,<100 ,<100 , <100,,<100 ,<100 , <100,,<100 ,<100 , <100,,<100 ,<100 , <100,,<100 ,<100 , <100,,<100 ,<100 , <100,,<100 ,<100 , <100,,<100 ,<100 , <100,,<100 ,<100 , <100,,<100 ,<100 , <100,,<100 ,<100 , <100,,<100 ,<100 , <100,,<100 ,<100 , <100,,<100 ,<100 , <100,,<100 ,<100 , <100,,<100 ,<100 , <100,,<100 ,<100 , <100,,<100 ,<100 , <100,,<100 ,<100 , <100,,<100 ,<100 , <100,,<100 ,<100 , <100,,<100 ,<100 , <100,,<100 ,<100 , <100,,<100 ,<100 , <100,
Cyprus,... ,... , ...,"Estimates were not available at the time of publication.",... ,... , ...,"Estimates were not available at the time of publication.",... ,... , ...,"Estimates were not available at the time of publication.",... ,... , ...,"Estimates were not available at the time of publication.",... ,... , ...,"Estimates were not available at the time of publication.",... ,... , ...,"Estimates were not available at the time of publication.",... ,... , ...,"Estimates were not available at the time of publication.",... ,... , ...,"Estimates were not available at the time of publication.",... ,... , ...,"Estimates were not available at the time of publication.",... ,... , ...,"Estimates were not available at the time of publication.",... ,... , ...,"Estimates were not available at the time of publication.",... ,... , ...,"Estimates were not available at the time of publication.",... ,... , ...,"Estimates were not available at the time of publication.",... ,... , ...,"Estimates were not available at the time of publication.",... ,... , ...,"Estimates were not available at the time of publication.",... ,... , ...,"Estimates were not available at the time of publication.",... ,... , ...,"Estimates were not available at the time of publication.",... ,... , ...,"Estimates were not available at the time of publication.",... ,... , ...,"Estimates were not available at the time of publication.",... ,... , ...,"Estimates were not available at the time of publication.",... ,... , ...,"Estimates were not available at the time of publication.",... ,... , ...,"Estimates were not available at the time of publication.",... ,... , ...,"Estimates were not available at the time of publication.",... ,... , ...,"Estimates were not available at the time of publication.",... ,... , ...,"Estimates were not available at the time of publication.",... ,... , ...,"Estimates were not available at the time of publication.",... ,... , ...,"Estimates were not available at the time of publication.",... ,... , ...,"Estimates were not available at the time of publication.",... ,... , ...,"Estimates were not available at the time of publication.",... ,... , ...,"Estimates were not available at the time of publication.",... ,... , ...,"Estimates were not available at the time of publication.",... ,... , ...,"Estimates were not available at the time of publication.",... ,... , ...,"Estimates were not available at the time of publication.",... ,... , ...,"Estimates were not available at the time of publication.",... ,... , ...,"Estimates were not available at the time of publication."
Czechia,... ,... , ...,"Estimates were not available at the time of publication.",... ,... , ...,"Estimates were not available at the time of publication.",... ,... , ...,"Estimates were not available at the time of publication.",... ,... , ...,"Estimates were not available at the time of publication.",... ,... , ...,"Estimates were not available at the time of publication.",... ,... , ...,"Estimates were not available at the time of publication.",... ,... , ...,"Estimates were not available at the time of publication.",... ,... , ...,"Estimates were not available at the time of publication.",... ,... , ...,"Estimates were not available at the time of publication.",... ,... , ...,"Estimates were not available at the time of publication.",... ,... , ...,"Estimates were not available at the time of publication.",... ,... , ...,"Estimates were not available at the time of publication.",... ,... , ...,"Estimates were not available at the time of publication.",... ,... , ...,"Estimates were not available at the time of publication.",... ,... , ...,"Estimates were not available at the time of publication.",... ,... , ...,"Estimates were not available at the time of publication.",... ,... , ...,"Estimates were not available at the time of publication.",... ,... , ...,"Estimates were not available at the time of publication.",... ,... , ...,"Estimates were not available at the time of publication.",... ,... , ...,"Estimates were not available at the time of publication.",... ,... , ...,"Estimates were not available at the time of publication.",... ,... , ...,"Estimates were not available at the time of publication.",... ,... , ...,"Estimates were not available at the time of publication.",... ,... , ...,"Estimates were not available at the time of publication.",... ,... , ...,"Estimates were not available at the time of publication.",... ,... , ...,"Estimates were not available at the time of publication.",... ,... , ...,"Estimates were not available at the time of publication.",... ,... , ...,"Estimates were not available at the time of publication.",... ,... , ...,"Estimates were not available at the time of publication.",... ,... , ...,"Estimates were not available at the time of publication.",... ,... , ...,"Estimates were not available at the time of publication.",... ,... , ...,"Estimates were not available at the time of publication.",... ,... , ...,"Estimates were not available at the time of publication.",... ,... , ...,"Estimates were not available at the time of publication.",... ,... , ...,"Estimates were not available at the time of publication."
Côte d'Ivoire,11 000 ,7900 , 17 000,,13 000 ,9800 , 18 000,,15 000 ,12 000 , 20 000,,16 000 ,13 000 , 20 000,,17 000 ,14 000 , 21 000,,18 000 ,15 000 , 21 000,,18 000 ,15 000 , 22 000,,19 000 ,15 000 , 21 000,,19 000 ,16 000 , 21 000,,18 000 ,16 000 , 22 000,,18 000 ,15 000 , 21 000,,17 000 ,14 000 , 20 000,,16 000 ,13 000 , 19 000,,15 000 ,12 000 , 17 000,,14 000 ,12 000 , 16 000,,12 000 ,10 000 , 14 000,,12 000 ,10 000 , 14 000,,9900 ,8300 , 12 000,,7800 ,6000 , 9400,,6800 ,5300 , 8600,,6300 ,4700 , 8000,,6100 ,4700 , 7700,,4900 ,3600 , 6500,,3800 ,2600 , 5600,,2900 ,1800 , 4200,,2600 ,1600 , 3900,,3200 ,2200 , 4400,,2700 ,1900 , 4100,,2500 ,1800 , 3600,,1600 ,820 , 2700,,1800 ,930 , 2900,,900 ,550 , 1800,,930 ,<500 , 1900,,1100 ,<500 , 2000,,1000 ,<500 , 2000,
Democratic People's Republic of Korea,... ,... , ...,"Estimates were not available at the time of publication.",... ,... , ...,"Estimates were not available at the time of publication.",... ,... , ...,"Estimates were not available at the time of publication.",... ,... , ...,"Estimates were not available at the time of publication.",... ,... , ...,"Estimates were not available at the time of publication.",... ,... , ...,"Estimates were not available at the time of publication.",... ,... , ...,"Estimates were not available at the time of publication.",... ,... , ...,"Estimates were not available at the time of publication.",... ,... , ...,"Estimates were not available at the time of publication.",... ,... , ...,"Estimates were not available at the time of publication.",... ,... , ...,"Estimates were not available at the time of publication.",... ,... , ...,"Estimates were not available at the time of publication.",... ,... , ...,"Estimates were not available at the time of publication.",... ,... , ...,"Estimates were not available at the time of publication.",... ,... , ...,"Estimates were not available at the time of publication.",... ,... , ...,"Estimates were not available at the time of publication.",... ,... , ...,"Estimates were not available at the time of publication.",... ,... , ...,"Estimates were not available at the time of publication.",... ,... , ...,"Estimates were not available at the time of publication.",... ,... , ...,"Estimates were not available at the time of publication.",... ,... , ...,"Estimates were not available at the time of publication.",... ,... , ...,"Estimates were not available at the time of publication.",... ,... , ...,"Estimates were not available at the time of publication.",... ,... , ...,"Estimates were not available at the time of publication.",... ,... , ...,"Estimates were not available at the time of publication.",... ,... , ...,"Estimates were not available at the time of publication.",... ,... , ...,"Estimates were not available at the time of publication.",... ,... , ...,"Estimates were not available at the time of publication.",... ,... , ...,"Estimates were not available at the time of publication.",... ,... , ...,"Estimates were not available at the time of publication.",... ,... , ...,"Estimates were not available at the time of publication.",... ,... , ...,"Estimates were not available at the time of publication.",... ,... , ...,"Estimates were not available at the time of publication.",... ,... , ...,"Estimates were not available at the time of publication.",... ,... , ...,"Estimates were not available at the time of publication."
Democratic Republic of the Congo,15 000 ,11 000 , 20 000,,16 000 ,12 000 , 21 000,,17 000 ,13 000 , 22 000,,18 000 ,14 000 , 23 000,,18 000 ,14 000 , 24 000,,20 000 ,15 000 , 25 000,,20 000 ,15 000 , 25 000,,19 000 ,15 000 , 25 000,,19 000 ,15 000 , 24 000,,18 000 ,14 000 , 23 000,,18 000 ,14 000 , 22 000,,18 000 ,14 000 , 22 000,,17 000 ,14 000 , 21 000,,16 000 ,13 000 , 20 000,,16 000 ,13 000 , 20 000,,15 000 ,12 000 , 18 000,,15 000 ,12 000 , 18 000,,15 000 ,12 000 , 18 000,,14 000 ,11 000 , 17 000,,14 000 ,11 000 , 17 000,,13 000 ,11 000 , 16 000,,12 000 ,10 000 , 15 000,,12 000 ,9700 , 15 000,,10 000 ,8400 , 13 000,,8900 ,6700 , 11 000,,8600 ,6400 , 11 000,,8400 ,6100 , 11 000,,8700 ,6400 , 11 000,,9300 ,7000 , 12 000,,8500 ,6200 , 11 000,,8800 ,6300 , 11 000,,9000 ,6600 , 12 000,,9200 ,6600 , 12 000,,9000 ,6100 , 12 000,,9100 ,6000 , 12 000,
Denmark,... ,... , ...,"Children estimates were not available at the time of publication.",... ,... , ...,"Children estimates were not available at the time of publication.",... ,... , ...,"Children estimates were not available at the time of publication.",... ,... , ...,"Children estimates were not available at the time of publication.",... ,... , ...,"Children estimates were not available at the time of publication.",... ,... , ...,"Children estimates were not available at the time of publication.",... ,... , ...,"Children estimates were not available at the time of publication.",... ,... , ...,"Children estimates were not available at the time of publication.",... ,... , ...,"Children estimates were not available at the time of publication.",... ,... , ...,"Children estimates were not available at the time of publication.",... ,... , ...,"Children estimates were not available at the time of publication.",... ,... , ...,"Children estimates were not available at the time of publication.",... ,... , ...,"Children estimates were not available at the time of publication.",... ,... , ...,"Children estimates were not available at the time of publication.",... ,... , ...,"Children estimates were not available at the time of publication.",... ,... , ...,"Children estimates were not available at the time of publication.",... ,... , ...,"Children estimates were not available at the time of publication.",... ,... , ...,"Children estimates were not available at the time of publication.",... ,... , ...,"Children estimates were not available at the time of publication.",... ,... , ...,"Children estimates were not available at the time of publication.",... ,... , ...,"Children estimates were not available at the time of publication.",... ,... , ...,"Children estimates were not available at the time of publication.",... ,... , ...,"Children estimates were not available at the time of publication.",... ,... , ...,"Children estimates were not available at the time of publication.",... ,... , ...,"Children estimates were not available at the time of publication.",... ,... , ...,"Children estimates were not available at the time of publication.",... ,... , ...,"Children estimates were not available at the time of publication.",... ,... , ...,"Children estimates were not available at the time of publication.",... ,... , ...,"Children estimates were not available at the time of publication.",... ,... , ...,"Children estimates were not available at the time of publication.",... ,... , ...,"Children estimates were not available at the time of publication.",... ,... , ...,"Children estimates were not available at the time of publication.",... ,... , ...,"Children estimates were not available at the time of publication.",... ,... , ...,"Children estimates were not available at the time of publication.",... ,... , ...,"Children estimates were not available at the time of publication."
Djibouti,<200 ,<100 , <200,,<200 ,<100 , <500,,<500 ,<200 , <500,,<500 ,<200 , <500,,<500 ,<200 , <500,,<500 ,<200 , <500,,<500 ,<200 , <500,,<500 ,<200 , <500,,<500 ,<500 , <500,,<500 ,<500 , <500,,<500 ,<500 , <500,,<500 ,<500 , <500,,<500 ,<500 , <500,,<500 ,<500 , <500,,<500 ,<200 , <500,,<500 ,<200 , <500,,<500 ,<200 , <500,,<200 ,<200 , <500,,<200 ,<200 , <500,,<200 ,<200 , <500,,<200 ,<200 , <500,,<200 ,<100 , <200,,<200 ,<100 , <200,,<200 ,<100 , <200,,<100 ,<100 , <200,,<100 ,<100 , <200,,<100 ,<100 , <100,,<100 ,<100 , <200,,<100 ,<100 , <100,,<100 ,<100 , <100,,<100 ,<100 , <100,,<100 ,<100 , <100,,<100 ,<100 , <100,,<100 ,<100 , <100,,<100 ,<100 , <100,
Dominica,... ,... , ...,"Countries with a UNAIDS-approved estimate and population less than 250000 in 2024; not included in regional or global totals",... ,... , ...,"Countries with a UNAIDS-approved estimate and population less than 250000 in 2024; not included in regional or global totals",... ,... , ...,"Countries with a UNAIDS-approved estimate and population less than 250000 in 2024; not included in regional or global totals",... ,... , ...,"Countries with a UNAIDS-approved estimate and population less than 250000 in 2024; not included in regional or global totals",... ,... , ...,"Countries with a UNAIDS-approved estimate and population less than 250000 in 2024; not included in regional or global totals",... ,... , ...,"Countries with a UNAIDS-approved estimate and population less than 250000 in 2024; not included in regional or global totals",... ,... , ...,"Countries with a UNAIDS-approved estimate and population less than 250000 in 2024; not included in regional or global totals",... ,... , ...,"Countries with a UNAIDS-approved estimate and population less than 250000 in 2024; not included in regional or global totals",... ,... , ...,"Countries with a UNAIDS-approved estimate and population less than 250000 in 2024; not included in regional or global totals",... ,... , ...,"Countries with a UNAIDS-approved estimate and population less than 250000 in 2024; not included in regional or global totals",... ,... , ...,"Countries with a UNAIDS-approved estimate and population less than 250000 in 2024; not included in regional or global totals",... ,... , ...,"Countries with a UNAIDS-approved estimate and population less than 250000 in 2024; not included in regional or global totals",... ,... , ...,"Countries with a UNAIDS-approved estimate and population less than 250000 in 2024; not included in regional or global totals",... ,... , ...,"Countries with a UNAIDS-approved estimate and population less than 250000 in 2024; not included in regional or global totals",... ,... , ...,"Countries with a UNAIDS-approved estimate and population less than 250000 in 2024; not included in regional or global totals",... ,... , ...,"Countries with a UNAIDS-approved estimate and population less than 250000 in 2024; not included in regional or global totals",... ,... , ...,"Countries with a UNAIDS-approved estimate and population less than 250000 in 2024; not included in regional or global totals",... ,... , ...,"Countries with a UNAIDS-approved estimate and population less than 250000 in 2024; not included in regional or global totals",... ,... , ...,"Countries with a UNAIDS-approved estimate and population less than 250000 in 2024; not included in regional or global totals",... ,... , ...,"Countries with a UNAIDS-approved estimate and population less than 250000 in 2024; not included in regional or global totals",... ,... , ...,"Countries with a UNAIDS-approved estimate and population less than 250000 in 2024; not included in regional or global totals",... ,... , ...,"Countries with a UNAIDS-approved estimate and population less than 250000 in 2024; not included in regional or global totals",... ,... , ...,"Countries with a UNAIDS-approved estimate and population less than 250000 in 2024; not included in regional or global totals",... ,... , ...,"Countries with a UNAIDS-approved estimate and population less than 250000 in 2024; not included in regional or global totals",... ,... , ...,"Countries with a UNAIDS-approved estimate and population less than 250000 in 2024; not included in regional or global totals",... ,... , ...,"Countries with a UNAIDS-approved estimate and population less than 250000 in 2024; not included in regional or global totals",... ,... , ...,"Countries with a UNAIDS-approved estimate and population less than 250000 in 2024; not included in regional or global totals",... ,... , ...,"Countries with a UNAIDS-approved estimate and population less than 250000 in 2024; not included in regional or global totals",... ,... , ...,"Countries with a UNAIDS-approved estimate and population less than 250000 in 2024; not included in regional or global totals",... ,... , ...,"Countries with a UNAIDS-approved estimate and population less than 250000 in 2024; not included in regional or global totals",... ,... , ...,"Countries with a UNAIDS-approved estimate and population less than 250000 in 2024; not included in regional or global totals",... ,... , ...,"Countries with a UNAIDS-approved estimate and population less than 250000 in 2024; not included in regional or global totals",... ,... , ...,"Countries with a UNAIDS-approved estimate and population less than 250000 in 2024; not included in regional or global totals",... ,... , ...,"Countries with a UNAIDS-approved estimate and population less than 250000 in 2024; not included in regional or global totals",... ,... , ...,"Countries with a UNAIDS-approved estimate and population less than 250000 in 2024; not included in regional or global totals"
Dominican Republic,590 ,<500 , 1000,,770 ,530 , 1200,,950 ,660 , 1400,,1100 ,820 , 1500,,1300 ,950 , 1700,,1300 ,1000 , 1700,,1300 ,1000 , 1700,,1300 ,1000 , 1600,,1300 ,1100 , 1600,,1300 ,1000 , 1500,,1200 ,1000 , 1500,,1200 ,1000 , 1400,,1100 ,920 , 1300,,1100 ,900 , 1200,,950 ,770 , 1100,,840 ,680 , 1000,,790 ,650 , 940,,720 ,570 , 880,,650 ,<500 , 800,,650 ,<500 , 830,,620 ,<500 , 780,,510 ,<500 , 670,,<500 ,<500 , 630,,580 ,<500 , 750,,530 ,<500 , 710,,560 ,<500 , 730,,550 ,<500 , 690,,570 ,<500 , 730,,570 ,<500 , 730,,580 ,<500 , 770,,610 ,<500 , 770,,510 ,<500 , 670,,<500 ,<200 , 570,,<500 ,<100 , <500,,<500 ,<100 , <500,
Ecuador,<100 ,<100 , <200,,<100 ,<100 , <200,,<200 ,<100 , <200,,<200 ,<100 , <500,,<200 ,<100 , <500,,<200 ,<200 , <500,,<200 ,<200 , <500,,<500 ,<200 , <500,,<500 ,<200 , <500,,<500 ,<200 , <500,,<500 ,<200 , <500,,<500 ,<500 , <500,,<500 ,<500 , <500,,<500 ,<500 , <500,,<500 ,<200 , <500,,<500 ,<200 , <500,,<500 ,<200 , <500,,<500 ,<200 , <500,,<500 ,<200 , <500,,<500 ,<200 , <500,,<500 ,<200 , <500,,<500 ,<200 , <500,,<500 ,<200 , <500,,<200 ,<200 , <500,,<200 ,<200 , <500,,<200 ,<200 , <500,,<200 ,<200 , <500,,<200 ,<200 , <500,,<200 ,<200 , <500,,<200 ,<100 , <200,,<200 ,<200 , <200,,<200 ,<100 , <200,,<100 ,<100 , <200,,<100 ,<100 , <200,,<100 ,<100 , <200,
Egypt,<200 ,<100 , <500,,<200 ,<100 , <500,,<200 ,<100 , <500,,<200 ,<100 , <500,,<200 ,<100 , <500,,<200 ,<100 , <500,,<200 ,<200 , <500,,<200 ,<200 , <500,,<200 ,<200 , <500,,<200 ,<200 , <500,,<200 ,<200 , <500,,<200 ,<200 , <200,,<200 ,<200 , <200,,<200 ,<200 , <200,,<200 ,<200 , <200,,<200 ,<200 , <200,,<200 ,<100 , <200,,<200 ,<100 , <200,,<200 ,<100 , <200,,<200 ,<100 , <200,,<200 ,<100 , <200,,<200 ,<100 , <200,,<200 ,<100 , <200,,<200 ,<100 , <200,,<200 ,<200 , <200,,<200 ,<200 , <200,,<200 ,<200 , <200,,<200 ,<200 , <200,,<200 ,<200 , <200,,<200 ,<200 , <500,,<200 ,<200 , <500,,<200 ,<100 , <500,,<200 ,<200 , <500,,<500 ,<200 , <500,,<500 ,<200 , <500,
El Salvador,<100 ,<100 , <100,,<100 ,<100 , <100,,<100 ,<100 , <100,,<100 ,<100 , <100,,<100 ,<100 , <100,,<100 ,<100 , <200,,<200 ,<100 , <200,,<200 ,<200 , <200,,<200 ,<200 , <200,,<200 ,<200 , <200,,<200 ,<200 , <200,,<200 ,<200 , <200,,<200 ,<100 , <200,,<100 ,<100 , <200,,<100 ,<100 , <100,,<100 ,<100 , <100,,<100 ,<100 , <100,,<100 ,<100 , <100,,<100 ,<100 , <100,,<100 ,<100 , <100,,<100 ,<100 , <100,,<100 ,<100 , <100,,<100 ,<100 , <100,,<100 ,<100 , <100,,<100 ,<100 , <100,,<100 ,<100 , <100,,<100 ,<100 , <100,,<100 ,<100 , <100,,<100 ,<100 , <100,,<100 ,<100 , <100,,<100 ,<100 , <100,,<100 ,<100 , <100,,<100 ,<100 , <100,,<100 ,<100 , <100,,<100 ,<100 , <100,
Equatorial Guinea,... ,... , ...,"Estimates were not available at the time of publication.",... ,... , ...,"Estimates were not available at the time of publication.",... ,... , ...,"Estimates were not available at the time of publication.",... ,... , ...,"Estimates were not available at the time of publication.",... ,... , ...,"Estimates were not available at the time of publication.",... ,... , ...,"Estimates were not available at the time of publication.",... ,... , ...,"Estimates were not available at the time of publication.",... ,... , ...,"Estimates were not available at the time of publication.",... ,... , ...,"Estimates were not available at the time of publication.",... ,... , ...,"Estimates were not available at the time of publication.",... ,... , ...,"Estimates were not available at the time of publication.",... ,... , ...,"Estimates were not available at the time of publication.",... ,... , ...,"Estimates were not available at the time of publication.",... ,... , ...,"Estimates were not available at the time of publication.",... ,... , ...,"Estimates were not available at the time of publication.",... ,... , ...,"Estimates were not available at the time of publication.",... ,... , ...,"Estimates were not available at the time of publication.",... ,... , ...,"Estimates were not available at the time of publication.",... ,... , ...,"Estimates were not available at the time of publication.",... ,... , ...,"Estimates were not available at the time of publication.",... ,... , ...,"Estimates were not available at the time of publication.",... ,... , ...,"Estimates were not available at the time of publication.",... ,... , ...,"Estimates were not available at the time of publication.",... ,... , ...,"Estimates were not available at the time of publication.",... ,... , ...,"Estimates were not available at the time of publication.",... ,... , ...,"Estimates were not available at the time of publication.",... ,... , ...,"Estimates were not available at the time of publication.",... ,... , ...,"Estimates were not available at the time of publication.",... ,... , ...,"Estimates were not available at the time of publication.",... ,... , ...,"Estimates were not available at the time of publication.",... ,... , ...,"Estimates were not available at the time of publication.",... ,... , ...,"Estimates were not available at the time of publication.",... ,... , ...,"Estimates were not available at the time of publication.",... ,... , ...,"Estimates were not available at the time of publication.",... ,... , ...,"Estimates were not available at the time of publication."
Eritrea,<500 ,<500 , 670,,<500 ,<500 , 720,,<500 ,<500 , 650,,<500 ,<500 , 690,,<500 ,<500 , 680,,<500 ,<500 , 650,,<500 ,<500 , 640,,<500 ,<500 , 650,,<500 ,<500 , 580,,<500 ,<500 , 550,,<500 ,<500 , <500,,<500 ,<500 , <500,,<500 ,<500 , <500,,<500 ,<500 , <500,,<500 ,<200 , <500,,<200 ,<200 , <500,,<200 ,<200 , <500,,<200 ,<100 , <200,,<100 ,<100 , <200,,<100 ,<100 , <200,,<100 ,<100 , <200,,<100 ,<100 , <100,,<100 ,<100 , <100,,<100 ,<100 , <100,,<100 ,<100 , <100,,<100 ,<100 , <100,,<100 ,<100 , <100,,<100 ,<100 , <100,,<100 ,<100 , <100,,<100 ,<100 , <100,,<100 ,<100 , <100,,<100 ,<100 , <100,,<100 ,<100 , <100,,<100 ,<100 , <100,,<100 ,<100 , <100,
Estonia,... ,... , ...,"Children estimates were not available at the time of publication.",... ,... , ...,"Children estimates were not available at the time of publication.",... ,... , ...,"Children estimates were not available at the time of publication.",... ,... , ...,"Children estimates were not available at the time of publication.",... ,... , ...,"Children estimates were not available at the time of publication.",... ,... , ...,"Children estimates were not available at the time of publication.",... ,... , ...,"Children estimates were not available at the time of publication.",... ,... , ...,"Children estimates were not available at the time of publication.",... ,... , ...,"Children estimates were not available at the time of publication.",... ,... , ...,"Children estimates were not available at the time of publication.",... ,... , ...,"Children estimates were not available at the time of publication.",... ,... , ...,"Children estimates were not available at the time of publication.",... ,... , ...,"Children estimates were not available at the time of publication.",... ,... , ...,"Children estimates were not available at the time of publication.",... ,... , ...,"Children estimates were not available at the time of publication.",... ,... , ...,"Children estimates were not available at the time of publication.",... ,... , ...,"Children estimates were not available at the time of publication.",... ,... , ...,"Children estimates were not available at the time of publication.",... ,... , ...,"Children estimates were not available at the time of publication.",... ,... , ...,"Children estimates were not available at the time of publication.",... ,... , ...,"Children estimates were not available at the time of publication.",... ,... , ...,"Children estimates were not available at the time of publication.",... ,... , ...,"Children estimates were not available at the time of publication.",... ,... , ...,"Children estimates were not available at the time of publication.",... ,... , ...,"Children estimates were not available at the time of publication.",... ,... , ...,"Children estimates were not available at the time of publication.",... ,... , ...,"Children estimates were not available at the time of publication.",... ,... , ...,"Children estimates were not available at the time of publication.",... ,... , ...,"Children estimates were not available at the time of publication.",... ,... , ...,"Children estimates were not available at the time of publication.",... ,... , ...,"Children estimates were not available at the time of publication.",... ,... , ...,"Children estimates were not available at the time of publication.",... ,... , ...,"Children estimates were not available at the time of publication.",... ,... , ...,"Children estimates were not available at the time of publication.",... ,... , ...,"Children estimates were not available at the time of publication."
Eswatini,<200 ,<200 , <500,,<500 ,<500 , 510,,740 ,610 , 910,,1200 ,1000 , 1400,,1700 ,1500 , 2000,,2100 ,1800 , 2400,,2500 ,2200 , 2800,,2900 ,2600 , 3200,,3200 ,2900 , 3500,,3500 ,3100 , 3900,,3700 ,3300 , 4100,,3800 ,3400 , 4100,,3900 ,3400 , 4200,,3900 ,3400 , 4300,,3900 ,3500 , 4200,,3800 ,3300 , 4100,,2800 ,2400 , 3100,,2800 ,2300 , 3100,,2800 ,2400 , 3100,,2100 ,1700 , 2300,,1600 ,1200 , 1800,,990 ,720 , 1200,,1000 ,740 , 1200,,980 ,690 , 1200,,1100 ,830 , 1300,,890 ,650 , 1000,,640 ,<500 , 760,,650 ,<500 , 770,,<500 ,<500 , 550,,<500 ,<500 , <500,,<500 ,<500 , <500,,<500 ,<500 , <500,,<500 ,<500 , <500,,<500 ,<500 , <500,,<500 ,<200 , <500,
Ethiopia,20 000 ,11 000 , 48 000,,24 000 ,13 000 , 57 000,,26 000 ,14 000 , 62 000,,28 000 ,15 000 , 66 000,,29 000 ,15 000 , 68 000,,29 000 ,15 000 , 69 000,,29 000 ,15 000 , 68 000,,28 000 ,15 000 , 66 000,,27 000 ,14 000 , 64 000,,26 000 ,13 000 , 61 000,,21 000 ,11 000 , 49 000,,19 000 ,10 000 , 45 000,,18 000 ,9300 , 42 000,,16 000 ,8600 , 39 000,,15 000 ,7900 , 36 000,,14 000 ,7200 , 33 000,,12 000 ,6500 , 29 000,,11 000 ,6000 , 27 000,,9800 ,5200 , 23 000,,9300 ,4900 , 22 000,,8500 ,4500 , 20 000,,7300 ,3900 , 17 000,,5600 ,3000 , 13 000,,4800 ,2500 , 11 000,,4600 ,2400 , 11 000,,4000 ,2100 , 9600,,4200 ,2200 , 9900,,4200 ,2200 , 10 000,,3700 ,1900 , 8800,,3300 ,1700 , 7800,,2200 ,1200 , 5400,,2500 ,1300 , 5900,,2100 ,1100 , 5100,,1500 ,810 , 3600,,1300 ,690 , 3100,
Fiji,<100 ,<100 , <100,,<100 ,<100 , <100,,<100 ,<100 , <100,,<100 ,<100 , <100,,<100 ,<100 , <100,,<100 ,<100 , <100,,<100 ,<100 , <100,,<100 ,<100 , <100,,<100 ,<100 , <100,,<100 ,<100 , <100,,<100 ,<100 , <100,,<100 ,<100 , <100,,<100 ,<100 , <100,,<100 ,<100 , <100,,<100 ,<100 , <100,,<100 ,<100 , <100,,<100 ,<100 , <100,,<100 ,<100 , <100,,<100 ,<100 , <100,,<100 ,<100 , <100,,<100 ,<100 , <100,,<100 ,<100 , <100,,<100 ,<100 , <100,,<100 ,<100 , <100,,<100 ,<100 , <100,,<100 ,<100 , <100,,<100 ,<100 , <100,,<100 ,<100 , <100,,<100 ,<100 , <100,,<100 ,<100 , <100,,<100 ,<100 , <100,,<100 ,<100 , <100,,<100 ,<100 , <100,,<100 ,<100 , <100,,<100 ,<100 , <200,
Finland,... ,... , ...,"Estimates were not available at the time of publication.",... ,... , ...,"Estimates were not available at the time of publication.",... ,... , ...,"Estimates were not available at the time of publication.",... ,... , ...,"Estimates were not available at the time of publication.",... ,... , ...,"Estimates were not available at the time of publication.",... ,... , ...,"Estimates were not available at the time of publication.",... ,... , ...,"Estimates were not available at the time of publication.",... ,... , ...,"Estimates were not available at the time of publication.",... ,... , ...,"Estimates were not available at the time of publication.",... ,... , ...,"Estimates were not available at the time of publication.",... ,... , ...,"Estimates were not available at the time of publication.",... ,... , ...,"Estimates were not available at the time of publication.",... ,... , ...,"Estimates were not available at the time of publication.",... ,... , ...,"Estimates were not available at the time of publication.",... ,... , ...,"Estimates were not available at the time of publication.",... ,... , ...,"Estimates were not available at the time of publication.",... ,... , ...,"Estimates were not available at the time of publication.",... ,... , ...,"Estimates were not available at the time of publication.",... ,... , ...,"Estimates were not available at the time of publication.",... ,... , ...,"Estimates were not available at the time of publication.",... ,... , ...,"Estimates were not available at the time of publication.",... ,... , ...,"Estimates were not available at the time of publication.",... ,... , ...,"Estimates were not available at the time of publication.",... ,... , ...,"Estimates were not available at the time of publication.",... ,... , ...,"Estimates were not available at the time of publication.",... ,... , ...,"Estimates were not available at the time of publication.",... ,... , ...,"Estimates were not available at the time of publication.",... ,... , ...,"Estimates were not available at the time of publication.",... ,... , ...,"Estimates were not available at the time of publication.",... ,... , ...,"Estimates were not available at the time of publication.",... ,... , ...,"Estimates were not available at the time of publication.",... ,... , ...,"Estimates were not available at the time of publication.",... ,... , ...,"Estimates were not available at the time of publication.",... ,... , ...,"Estimates were not available at the time of publication.",... ,... , ...,"Estimates were not available at the time of publication."
France,... ,... , ...,,... ,... , ...,,... ,... , ...,,... ,... , ...,,... ,... , ...,,... ,... , ...,,... ,... , ...,,... ,... , ...,,... ,... , ...,,... ,... , ...,,... ,... , ...,,... ,... , ...,,... ,... , ...,,... ,... , ...,,... ,... , ...,,... ,... , ...,,... ,... , ...,,... ,... , ...,,... ,... , ...,,... ,... , ...,,... ,... , ...,,... ,... , ...,,... ,... , ...,,... ,... , ...,,... ,... , ...,,... ,... , ...,,... ,... , ...,,... ,... , ...,,... ,... , ...,,... ,... , ...,,... ,... , ...,,... ,... , ...,,... ,... , ...,,... ,... , ...,,... ,... , ...,
Gabon,<500 ,<200 , <500,,<500 ,<200 , <500,,<500 ,<500 , 570,,<500 ,<500 , 690,,510 ,<500 , 820,,600 ,<500 , 920,,670 ,<500 , 1000,,740 ,<500 , 1100,,790 ,560 , 1100,,830 ,600 , 1200,,860 ,590 , 1200,,880 ,640 , 1200,,900 ,640 , 1200,,900 ,690 , 1200,,890 ,670 , 1100,,880 ,690 , 1100,,890 ,700 , 1100,,830 ,640 , 1100,,790 ,590 , 990,,810 ,620 , 1000,,780 ,610 , 960,,720 ,550 , 890,,660 ,<500 , 830,,600 ,<500 , 780,,620 ,<500 , 800,,560 ,<500 , 730,,<500 ,<500 , 660,,<500 ,<500 , 730,,<500 ,<500 , 670,,<500 ,<500 , 650,,<500 ,<200 , 560,,<500 ,<500 , 650,,<500 ,<200 , 590,,<500 ,<500 , 660,,<500 ,<200 , 570,
Gambia,<100 ,<100 , <100,,<100 ,<100 , <200,,<100 ,<100 , <200,,<200 ,<100 , <200,,<200 ,<100 , <500,,<200 ,<200 , <500,,<500 ,<200 , <500,,<500 ,<200 , <500,,<500 ,<500 , <500,,<500 ,<500 , <500,,<500 ,<500 , 520,,<500 ,<500 , 550,,<500 ,<500 , 580,,<500 ,<500 , 620,,<500 ,<500 , 630,,<500 ,<500 , 640,,<500 ,<500 , 660,,<500 ,<500 , 660,,<500 ,<500 , 620,,<500 ,<500 , 580,,<500 ,<500 , 510,,<500 ,<200 , <500,,<500 ,<500 , <500,,<500 ,<500 , <500,,<500 ,<500 , <500,,<500 ,<200 , <500,,<500 ,<200 , <500,,<500 ,<200 , <500,,<500 ,<200 , <500,,<500 ,<200 , <500,,<500 ,<200 , <500,,<200 ,<200 , <500,,<200 ,<200 , <500,,<200 ,<200 , <500,,<200 ,<100 , <500,
Georgia,... ,... , ...,"Children estimates were not available at the time of publication.",... ,... , ...,"Children estimates were not available at the time of publication.",... ,... , ...,"Children estimates were not available at the time of publication.",... ,... , ...,"Children estimates were not available at the time of publication.",... ,... , ...,"Children estimates were not available at the time of publication.",... ,... , ...,"Children estimates were not available at the time of publication.",... ,... , ...,"Children estimates were not available at the time of publication.",... ,... , ...,"Children estimates were not available at the time of publication.",... ,... , ...,"Children estimates were not available at the time of publication.",... ,... , ...,"Children estimates were not available at the time of publication.",... ,... , ...,"Children estimates were not available at the time of publication.",... ,... , ...,"Children estimates were not available at the time of publication.",... ,... , ...,"Children estimates were not available at the time of publication.",... ,... , ...,"Children estimates were not available at the time of publication.",... ,... , ...,"Children estimates were not available at the time of publication.",... ,... , ...,"Children estimates were not available at the time of publication.",... ,... , ...,"Children estimates were not available at the time of publication.",... ,... , ...,"Children estimates were not available at the time of publication.",... ,... , ...,"Children estimates were not available at the time of publication.",... ,... , ...,"Children estimates were not available at the time of publication.",... ,... , ...,"Children estimates were not available at the time of publication.",... ,... , ...,"Children estimates were not available at the time of publication.",... ,... , ...,"Children estimates were not available at the time of publication.",... ,... , ...,"Children estimates were not available at the time of publication.",... ,... , ...,"Children estimates were not available at the time of publication.",... ,... , ...,"Children estimates were not available at the time of publication.",... ,... , ...,"Children estimates were not available at the time of publication.",... ,... , ...,"Children estimates were not available at the time of publication.",... ,... , ...,"Children estimates were not available at the time of publication.",... ,... , ...,"Children estimates were not available at the time of publication.",... ,... , ...,"Children estimates were not available at the time of publication.",... ,... , ...,"Children estimates were not available at the time of publication.",... ,... , ...,"Children estimates were not available at the time of publication.",... ,... , ...,"Children estimates were not available at the time of publication.",... ,... , ...,"Children estimates were not available at the time of publication."
Germany,... ,... , ...,,... ,... , ...,,... ,... , ...,,... ,... , ...,,... ,... , ...,,... ,... , ...,,... ,... , ...,,... ,... , ...,,... ,... , ...,,... ,... , ...,,... ,... , ...,,... ,... , ...,,... ,... , ...,,... ,... , ...,,... ,... , ...,,... ,... , ...,,... ,... , ...,,... ,... , ...,,... ,... , ...,,... ,... , ...,,... ,... , ...,,... ,... , ...,,... ,... , ...,,... ,... , ...,,... ,... , ...,,... ,... , ...,,... ,... , ...,,... ,... , ...,,... ,... , ...,,... ,... , ...,,... ,... , ...,,... ,... , ...,,... ,... , ...,,... ,... , ...,,... ,... , ...,
Ghana,4400 ,2700 , 6400,,5300 ,3500 , 6800,,6000 ,4400 , 7600,,6700 ,5100 , 8200,,7100 ,5900 , 8700,,7300 ,6100 , 8600,,7500 ,6500 , 8900,,7600 ,6500 , 9100,,7800 ,6700 , 9200,,7900 ,6800 , 9400,,8000 ,6900 , 9400,,7900 ,6800 , 9200,,7800 ,6600 , 9200,,7600 ,6500 , 8900,,7400 ,6100 , 8600,,7200 ,6100 , 8500,,6900 ,5900 , 8200,,5800 ,4700 , 7100,,5200 ,4100 , 6500,,5500 ,4400 , 6600,,4900 ,3800 , 6200,,4200 ,3200 , 5400,,3900 ,3000 , 5200,,4400 ,3400 , 5500,,4000 ,3000 , 5100,,4100 ,3200 , 5200,,3700 ,2900 , 4800,,3300 ,2500 , 4400,,3000 ,2100 , 4100,,2500 ,1600 , 3600,,2300 ,1500 , 3400,,2000 ,1200 , 3000,,1900 ,1100 , 2800,,1800 ,1000 , 2900,,1200 ,850 , 2300,
Greece,... ,... , ...,"Children estimates were not available at the time of publication.",... ,... , ...,"Children estimates were not available at the time of publication.",... ,... , ...,"Children estimates were not available at the time of publication.",... ,... , ...,"Children estimates were not available at the time of publication.",... ,... , ...,"Children estimates were not available at the time of publication.",... ,... , ...,"Children estimates were not available at the time of publication.",... ,... , ...,"Children estimates were not available at the time of publication.",... ,... , ...,"Children estimates were not available at the time of publication.",... ,... , ...,"Children estimates were not available at the time of publication.",... ,... , ...,"Children estimates were not available at the time of publication.",... ,... , ...,"Children estimates were not available at the time of publication.",... ,... , ...,"Children estimates were not available at the time of publication.",... ,... , ...,"Children estimates were not available at the time of publication.",... ,... , ...,"Children estimates were not available at the time of publication.",... ,... , ...,"Children estimates were not available at the time of publication.",... ,... , ...,"Children estimates were not available at the time of publication.",... ,... , ...,"Children estimates were not available at the time of publication.",... ,... , ...,"Children estimates were not available at the time of publication.",... ,... , ...,"Children estimates were not available at the time of publication.",... ,... , ...,"Children estimates were not available at the time of publication.",... ,... , ...,"Children estimates were not available at the time of publication.",... ,... , ...,"Children estimates were not available at the time of publication.",... ,... , ...,"Children estimates were not available at the time of publication.",... ,... , ...,"Children estimates were not available at the time of publication.",... ,... , ...,"Children estimates were not available at the time of publication.",... ,... , ...,"Children estimates were not available at the time of publication.",... ,... , ...,"Children estimates were not available at the time of publication.",... ,... , ...,"Children estimates were not available at the time of publication.",... ,... , ...,"Children estimates were not available at the time of publication.",... ,... , ...,"Children estimates were not available at the time of publication.",... ,... , ...,"Children estimates were not available at the time of publication.",... ,... , ...,"Children estimates were not available at the time of publication.",... ,... , ...,"Children estimates were not available at the time of publication.",... ,... , ...,"Children estimates were not available at the time of publication.",... ,... , ...,"Children estimates were not available at the time of publication."
Guatemala,<500 ,<200 , 500,,<500 ,<500 , 570,,<500 ,<500 , 600,,<500 ,<500 , 670,,<500 ,<500 , 670,,520 ,<500 , 680,,540 ,<500 , 690,,540 ,<500 , 690,,530 ,<500 , 680,,520 ,<500 , 670,,500 ,<500 , 640,,<500 ,<500 , 610,,<500 ,<500 , 570,,<500 ,<500 , 520,,<500 ,<500 , <500,,<500 ,<500 , <500,,<500 ,<200 , <500,,<200 ,<200 , <500,,<200 ,<200 , <500,,<200 ,<100 , <500,,<200 ,<200 , <500,,<200 ,<100 , <500,,<200 ,<200 , <500,,<200 ,<100 , <200,,<200 ,<100 , <200,,<200 ,<200 , <500,,<200 ,<100 , <200,,<200 ,<100 , <200,,<200 ,<100 , <200,,<100 ,<100 , <200,,<100 ,<100 , <200,,<100 ,<100 , <200,,<100 ,<100 , <200,,<100 ,<100 , <200,,<200 ,<100 , <200,
Guinea,<500 ,<500 , 820,,630 ,<500 , 1000,,800 ,<500 , 1200,,990 ,520 , 1400,,1200 ,690 , 1700,,1400 ,840 , 1800,,1600 ,1100 , 2100,,1800 ,1300 , 2300,,1900 ,1500 , 2400,,2100 ,1600 , 2600,,2200 ,1700 , 2600,,2200 ,1900 , 2700,,2300 ,1800 , 2700,,2400 ,1900 , 2800,,2400 ,2000 , 2800,,2400 ,2000 , 2900,,2400 ,2000 , 2800,,2200 ,1800 , 2700,,2200 ,1800 , 2700,,2400 ,2000 , 2800,,2300 ,1900 , 2800,,2000 ,1600 , 2500,,2000 ,1600 , 2400,,1400 ,1000 , 1800,,2600 ,2200 , 3100,,2600 ,2200 , 3100,,2600 ,2200 , 3000,,2600 ,2200 , 3000,,2500 ,2100 , 3000,,1700 ,1300 , 2200,,1600 ,1200 , 2100,,1500 ,1100 , 2000,,1500 ,1100 , 2000,,1300 ,840 , 1900,,1100 ,640 , 1600,
Guinea-Bissau,<100 ,<100 , <100,,<100 ,<100 , <200,,<200 ,<100 , <200,,<200 ,<200 , <500,,<500 ,<200 , <500,,<500 ,<500 , <500,,<500 ,<500 , 550,,580 ,<500 , 710,,720 ,530 , 870,,830 ,650 , 990,,920 ,760 , 1100,,950 ,790 , 1100,,980 ,820 , 1100,,980 ,830 , 1100,,980 ,830 , 1100,,960 ,820 , 1100,,900 ,780 , 1000,,890 ,770 , 1000,,890 ,740 , 1000,,820 ,670 , 950,,770 ,650 , 910,,680 ,560 , 800,,570 ,<500 , 700,,<500 ,<500 , 550,,<200 ,<200 , <500,,<500 ,<200 , <500,,<500 ,<500 , <500,,<500 ,<200 , <500,,<500 ,<500 , <500,,<500 ,<500 , <500,,<500 ,<200 , <500,,<500 ,<500 , <500,,<500 ,<500 , <500,,<500 ,<500 , <500,,<500 ,<200 , <500,
Guyana,<100 ,<100 , <100,,<100 ,<100 , <100,,<100 ,<100 , <100,,<100 ,<100 , <100,,<100 ,<100 , <100,,<100 ,<100 , <200,,<100 ,<100 , <200,,<100 ,<100 , <200,,<100 ,<100 , <200,,<100 ,<100 , <200,,<100 ,<100 , <200,,<100 ,<100 , <200,,<100 ,<100 , <200,,<100 ,<100 , <200,,<100 ,<100 , <100,,<100 ,<100 , <100,,<100 ,<100 , <100,,<100 ,<100 , <100,,<100 ,<100 , <100,,<100 ,<100 , <100,,<100 ,<100 , <100,,<100 ,<100 , <100,,<100 ,<100 , <100,,<100 ,<100 , <100,,<100 ,<100 , <100,,<100 ,<100 , <100,,<100 ,<100 , <100,,<100 ,<100 , <100,,<100 ,<100 , <100,,<100 ,<100 , <100,,<100 ,<100 , <100,,<100 ,<100 , <100,,<100 ,<100 , <100,,<100 ,<100 , <100,,<100 ,<100 , <100,
Haiti,2600 ,1900 , 3400,,2800 ,2100 , 3500,,3000 ,2200 , 3700,,3000 ,2400 , 3900,,3100 ,2500 , 3900,,3100 ,2500 , 3800,,3000 ,2500 , 3700,,3000 ,2400 , 3600,,2900 ,2400 , 3600,,2800 ,2300 , 3500,,2800 ,2200 , 3400,,2700 ,2200 , 3100,,2600 ,2100 , 3000,,2500 ,2000 , 2900,,2300 ,2000 , 2700,,2100 ,1800 , 2500,,1800 ,1500 , 2200,,1400 ,1200 , 1800,,1400 ,1100 , 1700,,1200 ,940 , 1500,,1300 ,1100 , 1600,,870 ,650 , 1200,,560 ,<500 , 800,,670 ,590 , 870,,750 ,560 , 970,,780 ,590 , 990,,850 ,660 , 1100,,770 ,590 , 990,,690 ,530 , 920,,680 ,550 , 910,,850 ,650 , 1100,,920 ,700 , 1200,,1000 ,780 , 1300,,1000 ,770 , 1300,,1100 ,810 , 1400,
Honduras,<500 ,<500 , 540,,<500 ,<500 , 630,,540 ,<500 , 700,,610 ,<500 , 790,,660 ,540 , 840,,700 ,560 , 830,,710 ,590 , 870,,710 ,580 , 850,,690 ,600 , 830,,670 ,570 , 790,,630 ,540 , 750,,580 ,<500 , 660,,520 ,<500 , 600,,<500 ,<500 , 520,,<500 ,<500 , <500,,<500 ,<500 , <500,,<500 ,<500 , <500,,<500 ,<200 , <500,,<500 ,<200 , <500,,<200 ,<200 , <200,,<200 ,<200 , <200,,<200 ,<200 , <200,,<200 ,<100 , <200,,<200 ,<100 , <200,,<200 ,<100 , <200,,<200 ,<100 , <200,,<200 ,<100 , <200,,<100 ,<100 , <200,,<100 ,<100 , <100,,<100 ,<100 , <200,,<100 ,<100 , <200,,<100 ,<100 , <100,,<100 ,<100 , <100,,<100 ,<100 , <100,,<100 ,<100 , <100,
Hungary,... ,... , ...,"Estimates were not available at the time of publication.",... ,... , ...,"Estimates were not available at the time of publication.",... ,... , ...,"Estimates were not available at the time of publication.",... ,... , ...,"Estimates were not available at the time of publication.",... ,... , ...,"Estimates were not available at the time of publication.",... ,... , ...,"Estimates were not available at the time of publication.",... ,... , ...,"Estimates were not available at the time of publication.",... ,... , ...,"Estimates were not available at the time of publication.",... ,... , ...,"Estimates were not available at the time of publication.",... ,... , ...,"Estimates were not available at the time of publication.",... ,... , ...,"Estimates were not available at the time of publication.",... ,... , ...,"Estimates were not available at the time of publication.",... ,... , ...,"Estimates were not available at the time of publication.",... ,... , ...,"Estimates were not available at the time of publication.",... ,... , ...,"Estimates were not available at the time of publication.",... ,... , ...,"Estimates were not available at the time of publication.",... ,... , ...,"Estimates were not available at the time of publication.",... ,... , ...,"Estimates were not available at the time of publication.",... ,... , ...,"Estimates were not available at the time of publication.",... ,... , ...,"Estimates were not available at the time of publication.",... ,... , ...,"Estimates were not available at the time of publication.",... ,... , ...,"Estimates were not available at the time of publication.",... ,... , ...,"Estimates were not available at the time of publication.",... ,... , ...,"Estimates were not available at the time of publication.",... ,... , ...,"Estimates were not available at the time of publication.",... ,... , ...,"Estimates were not available at the time of publication.",... ,... , ...,"Estimates were not available at the time of publication.",... ,... , ...,"Estimates were not available at the time of publication.",... ,... , ...,"Estimates were not available at the time of publication.",... ,... , ...,"Estimates were not available at the time of publication.",... ,... , ...,"Estimates were not available at the time of publication.",... ,... , ...,"Estimates were not available at the time of publication.",... ,... , ...,"Estimates were not available at the time of publication.",... ,... , ...,"Estimates were not available at the time of publication.",... ,... , ...,"Estimates were not available at the time of publication."
Iceland,... ,... , ...,"Children estimates were not available at the time of publication.",... ,... , ...,"Children estimates were not available at the time of publication.",... ,... , ...,"Children estimates were not available at the time of publication.",... ,... , ...,"Children estimates were not available at the time of publication.",... ,... , ...,"Children estimates were not available at the time of publication.",... ,... , ...,"Children estimates were not available at the time of publication.",... ,... , ...,"Children estimates were not available at the time of publication.",... ,... , ...,"Children estimates were not available at the time of publication.",... ,... , ...,"Children estimates were not available at the time of publication.",... ,... , ...,"Children estimates were not available at the time of publication.",... ,... , ...,"Children estimates were not available at the time of publication.",... ,... , ...,"Children estimates were not available at the time of publication.",... ,... , ...,"Children estimates were not available at the time of publication.",... ,... , ...,"Children estimates were not available at the time of publication.",... ,... , ...,"Children estimates were not available at the time of publication.",... ,... , ...,"Children estimates were not available at the time of publication.",... ,... , ...,"Children estimates were not available at the time of publication.",... ,... , ...,"Children estimates were not available at the time of publication.",... ,... , ...,"Children estimates were not available at the time of publication.",... ,... , ...,"Children estimates were not available at the time of publication.",... ,... , ...,"Children estimates were not available at the time of publication.",... ,... , ...,"Children estimates were not available at the time of publication.",... ,... , ...,"Children estimates were not available at the time of publication.",... ,... , ...,"Children estimates were not available at the time of publication.",... ,... , ...,"Children estimates were not available at the time of publication.",... ,... , ...,"Children estimates were not available at the time of publication.",... ,... , ...,"Children estimates were not available at the time of publication.",... ,... , ...,"Children estimates were not available at the time of publication.",... ,... , ...,"Children estimates were not available at the time of publication.",... ,... , ...,"Children estimates were not available at the time of publication.",... ,... , ...,"Children estimates were not available at the time of publication.",... ,... , ...,"Children estimates were not available at the time of publication.",... ,... , ...,"Children estimates were not available at the time of publication.",... ,... , ...,"Children estimates were not available at the time of publication.",... ,... , ...,"Children estimates were not available at the time of publication."
Indonesia,... ,... , ...,,... ,... , ...,,... ,... , ...,,... ,... , ...,,... ,... , ...,,... ,... , ...,,... ,... , ...,,... ,... , ...,,... ,... , ...,,... ,... , ...,,... ,... , ...,,... ,... , ...,,... ,... , ...,,... ,... , ...,,... ,... , ...,,... ,... , ...,,... ,... , ...,,... ,... , ...,,... ,... , ...,,... ,... , ...,,... ,... , ...,,... ,... , ...,,... ,... , ...,,... ,... , ...,,... ,... , ...,,... ,... , ...,,... ,... , ...,,... ,... , ...,,... ,... , ...,,... ,... , ...,,... ,... , ...,,... ,... , ...,,... ,... , ...,,... ,... , ...,,... ,... , ...,
Iran (Islamic Republic of),... ,... , ...,,... ,... , ...,,... ,... , ...,,... ,... , ...,,... ,... , ...,,... ,... , ...,,... ,... , ...,,... ,... , ...,,... ,... , ...,,... ,... , ...,,... ,... , ...,,... ,... , ...,,... ,... , ...,,... ,... , ...,,... ,... , ...,,... ,... , ...,,... ,... , ...,,... ,... , ...,,... ,... , ...,,... ,... , ...,,... ,... , ...,,... ,... , ...,,... ,... , ...,,... ,... , ...,,... ,... , ...,,... ,... , ...,,... ,... , ...,,... ,... , ...,,... ,... , ...,,... ,... , ...,,... ,... , ...,,... ,... , ...,,... ,... , ...,,... ,... , ...,,... ,... , ...,
Iraq,... ,... , ...,"Children estimates were not available at the time of publication.",... ,... , ...,"Children estimates were not available at the time of publication.",... ,... , ...,"Children estimates were not available at the time of publication.",... ,... , ...,"Children estimates were not available at the time of publication.",... ,... , ...,"Children estimates were not available at the time of publication.",... ,... , ...,"Children estimates were not available at the time of publication.",... ,... , ...,"Children estimates were not available at the time of publication.",... ,... , ...,"Children estimates were not available at the time of publication.",... ,... , ...,"Children estimates were not available at the time of publication.",... ,... , ...,"Children estimates were not available at the time of publication.",... ,... , ...,"Children estimates were not available at the time of publication.",... ,... , ...,"Children estimates were not available at the time of publication.",... ,... , ...,"Children estimates were not available at the time of publication.",... ,... , ...,"Children estimates were not available at the time of publication.",... ,... , ...,"Children estimates were not available at the time of publication.",... ,... , ...,"Children estimates were not available at the time of publication.",... ,... , ...,"Children estimates were not available at the time of publication.",... ,... , ...,"Children estimates were not available at the time of publication.",... ,... , ...,"Children estimates were not available at the time of publication.",... ,... , ...,"Children estimates were not available at the time of publication.",... ,... , ...,"Children estimates were not available at the time of publication.",... ,... , ...,"Children estimates were not available at the time of publication.",... ,... , ...,"Children estimates were not available at the time of publication.",... ,... , ...,"Children estimates were not available at the time of publication.",... ,... , ...,"Children estimates were not available at the time of publication.",... ,... , ...,"Children estimates were not available at the time of publication.",... ,... , ...,"Children estimates were not available at the time of publication.",... ,... , ...,"Children estimates were not available at the time of publication.",... ,... , ...,"Children estimates were not available at the time of publication.",... ,... , ...,"Children estimates were not available at the time of publication.",... ,... , ...,"Children estimates were not available at the time of publication.",... ,... , ...,"Children estimates were not available at the time of publication.",... ,... , ...,"Children estimates were not available at the time of publication.",... ,... , ...,"Children estimates were not available at the time of publication.",... ,... , ...,"Children estimates were not available at the time of publication."
Ireland,<100 ,<100 , <100,,<100 ,<100 , <100,,<100 ,<100 , <100,,<100 ,<100 , <100,,<100 ,<100 , <100,,<100 ,<100 , <100,,<100 ,<100 , <100,,<100 ,<100 , <100,,<100 ,<100 , <100,,<100 ,<100 , <100,,<100 ,<100 , <100,,<100 ,<100 , <100,,<100 ,<100 , <100,,<100 ,<100 , <100,,<100 ,<100 , <100,,<100 ,<100 , <100,,<100 ,<100 , <100,,<100 ,<100 , <100,,<100 ,<100 , <100,,<100 ,<100 , <100,,<100 ,<100 , <100,,<100 ,<100 , <100,,<100 ,<100 , <100,,<100 ,<100 , <100,,<100 ,<100 , <100,,<100 ,<100 , <100,,<100 ,<100 , <100,,<100 ,<100 , <100,,<100 ,<100 , <100,,<100 ,<100 , <100,,<100 ,<100 , <100,,<100 ,<100 , <100,,<100 ,<100 , <100,,<100 ,<100 , <100,,<100 ,<100 , <100,
Israel,... ,... , ...,"Estimates were not available at the time of publication.",... ,... , ...,"Estimates were not available at the time of publication.",... ,... , ...,"Estimates were not available at the time of publication.",... ,... , ...,"Estimates were not available at the time of publication.",... ,... , ...,"Estimates were not available at the time of publication.",... ,... , ...,"Estimates were not available at the time of publication.",... ,... , ...,"Estimates were not available at the time of publication.",... ,... , ...,"Estimates were not available at the time of publication.",... ,... , ...,"Estimates were not available at the time of publication.",... ,... , ...,"Estimates were not available at the time of publication.",... ,... , ...,"Estimates were not available at the time of publication.",... ,... , ...,"Estimates were not available at the time of publication.",... ,... , ...,"Estimates were not available at the time of publication.",... ,... , ...,"Estimates were not available at the time of publication.",... ,... , ...,"Estimates were not available at the time of publication.",... ,... , ...,"Estimates were not available at the time of publication.",... ,... , ...,"Estimates were not available at the time of publication.",... ,... , ...,"Estimates were not available at the time of publication.",... ,... , ...,"Estimates were not available at the time of publication.",... ,... , ...,"Estimates were not available at the time of publication.",... ,... , ...,"Estimates were not available at the time of publication.",... ,... , ...,"Estimates were not available at the time of publication.",... ,... , ...,"Estimates were not available at the time of publication.",... ,... , ...,"Estimates were not available at the time of publication.",... ,... , ...,"Estimates were not available at the time of publication.",... ,... , ...,"Estimates were not available at the time of publication.",... ,... , ...,"Estimates were not available at the time of publication.",... ,... , ...,"Estimates were not available at the time of publication.",... ,... , ...,"Estimates were not available at the time of publication.",... ,... , ...,"Estimates were not available at the time of publication.",... ,... , ...,"Estimates were not available at the time of publication.",... ,... , ...,"Estimates were not available at the time of publication.",... ,... , ...,"Estimates were not available at the time of publication.",... ,... , ...,"Estimates were not available at the time of publication.",... ,... , ...,"Estimates were not available at the time of publication."
Italy,... ,... , ...,,... ,... , ...,,... ,... , ...,,... ,... , ...,,... ,... , ...,,... ,... , ...,,... ,... , ...,,... ,... , ...,,... ,... , ...,,... ,... , ...,,... ,... , ...,,... ,... , ...,,... ,... , ...,,... ,... , ...,,... ,... , ...,,... ,... , ...,,... ,... , ...,,... ,... , ...,,... ,... , ...,,... ,... , ...,,... ,... , ...,,... ,... , ...,,... ,... , ...,,... ,... , ...,,... ,... , ...,,... ,... , ...,,... ,... , ...,,... ,... , ...,,... ,... , ...,,... ,... , ...,,... ,... , ...,,... ,... , ...,,... ,... , ...,,... ,... , ...,,... ,... , ...,
Jamaica,... ,... , ...,,... ,... , ...,,... ,... , ...,,... ,... , ...,,... ,... , ...,,... ,... , ...,,... ,... , ...,,... ,... , ...,,... ,... , ...,,... ,... , ...,,... ,... , ...,,... ,... , ...,,... ,... , ...,,... ,... , ...,,... ,... , ...,,... ,... , ...,,... ,... , ...,,... ,... , ...,,... ,... , ...,,... ,... , ...,,... ,... , ...,,... ,... , ...,,... ,... , ...,,... ,... , ...,,... ,... , ...,,... ,... , ...,,... ,... , ...,,... ,... , ...,,... ,... , ...,,... ,... , ...,,... ,... , ...,,... ,... , ...,,... ,... , ...,,... ,... , ...,,... ,... , ...,
Japan,... ,... , ...,"Estimates were not available at the time of publication.",... ,... , ...,"Estimates were not available at the time of publication.",... ,... , ...,"Estimates were not available at the time of publication.",... ,... , ...,"Estimates were not available at the time of publication.",... ,... , ...,"Estimates were not available at the time of publication.",... ,... , ...,"Estimates were not available at the time of publication.",... ,... , ...,"Estimates were not available at the time of publication.",... ,... , ...,"Estimates were not available at the time of publication.",... ,... , ...,"Estimates were not available at the time of publication.",... ,... , ...,"Estimates were not available at the time of publication.",... ,... , ...,"Estimates were not available at the time of publication.",... ,... , ...,"Estimates were not available at the time of publication.",... ,... , ...,"Estimates were not available at the time of publication.",... ,... , ...,"Estimates were not available at the time of publication.",... ,... , ...,"Estimates were not available at the time of publication.",... ,... , ...,"Estimates were not available at the time of publication.",... ,... , ...,"Estimates were not available at the time of publication.",... ,... , ...,"Estimates were not available at the time of publication.",... ,... , ...,"Estimates were not available at the time of publication.",... ,... , ...,"Estimates were not available at the time of publication.",... ,... , ...,"Estimates were not available at the time of publication.",... ,... , ...,"Estimates were not available at the time of publication.",... ,... , ...,"Estimates were not available at the time of publication.",... ,... , ...,"Estimates were not available at the time of publication.",... ,... , ...,"Estimates were not available at the time of publication.",... ,... , ...,"Estimates were not available at the time of publication.",... ,... , ...,"Estimates were not available at the time of publication.",... ,... , ...,"Estimates were not available at the time of publication.",... ,... , ...,"Estimates were not available at the time of publication.",... ,... , ...,"Estimates were not available at the time of publication.",... ,... , ...,"Estimates were not available at the time of publication.",... ,... , ...,"Estimates were not available at the time of publication.",... ,... , ...,"Estimates were not available at the time of publication.",... ,... , ...,"Estimates were not available at the time of publication.",... ,... , ...,"Estimates were not available at the time of publication."
Jordan,... ,... , ...,"Children estimates were not available at the time of publication.",... ,... , ...,"Children estimates were not available at the time of publication.",... ,... , ...,"Children estimates were not available at the time of publication.",... ,... , ...,"Children estimates were not available at the time of publication.",... ,... , ...,"Children estimates were not available at the time of publication.",... ,... , ...,"Children estimates were not available at the time of publication.",... ,... , ...,"Children estimates were not available at the time of publication.",... ,... , ...,"Children estimates were not available at the time of publication.",... ,... , ...,"Children estimates were not available at the time of publication.",... ,... , ...,"Children estimates were not available at the time of publication.",... ,... , ...,"Children estimates were not available at the time of publication.",... ,... , ...,"Children estimates were not available at the time of publication.",... ,... , ...,"Children estimates were not available at the time of publication.",... ,... , ...,"Children estimates were not available at the time of publication.",... ,... , ...,"Children estimates were not available at the time of publication.",... ,... , ...,"Children estimates were not available at the time of publication.",... ,... , ...,"Children estimates were not available at the time of publication.",... ,... , ...,"Children estimates were not available at the time of publication.",... ,... , ...,"Children estimates were not available at the time of publication.",... ,... , ...,"Children estimates were not available at the time of publication.",... ,... , ...,"Children estimates were not available at the time of publication.",... ,... , ...,"Children estimates were not available at the time of publication.",... ,... , ...,"Children estimates were not available at the time of publication.",... ,... , ...,"Children estimates were not available at the time of publication.",... ,... , ...,"Children estimates were not available at the time of publication.",... ,... , ...,"Children estimates were not available at the time of publication.",... ,... , ...,"Children estimates were not available at the time of publication.",... ,... , ...,"Children estimates were not available at the time of publication.",... ,... , ...,"Children estimates were not available at the time of publication.",... ,... , ...,"Children estimates were not available at the time of publication.",... ,... , ...,"Children estimates were not available at the time of publication.",... ,... , ...,"Children estimates were not available at the time of publication.",... ,... , ...,"Children estimates were not available at the time of publication.",... ,... , ...,"Children estimates were not available at the time of publication.",... ,... , ...,"Children estimates were not available at the time of publication."
Kazakhstan,<100 ,<100 , <100,,<100 ,<100 , <100,,<100 ,<100 , <100,,<100 ,<100 , <100,,<100 ,<100 , <100,,<100 ,<100 , <100,,<100 ,<100 , <100,,<100 ,<100 , <100,,<100 ,<100 , <100,,<100 ,<100 , <100,,<100 ,<100 , <100,,<100 ,<100 , <100,,<100 ,<100 , <100,,<100 ,<100 , <100,,<100 ,<100 , <100,,<100 ,<100 , <100,,<200 ,<200 , <200,,<100 ,<100 , <200,,<100 ,<100 , <100,,<100 ,<100 , <100,,<100 ,<100 , <100,,<100 ,<100 , <100,,<100 ,<100 , <100,,<100 ,<100 , <100,,<100 ,<100 , <100,,<100 ,<100 , <100,,<100 ,<100 , <100,,<100 ,<100 , <100,,<100 ,<100 , <100,,<100 ,<100 , <100,,<100 ,<100 , <100,,<100 ,<100 , <100,,<100 ,<100 , <100,,<100 ,<100 , <100,,<100 ,<100 , <100,
Kenya,32 000 ,22 000 , 53 000,,40 000 ,27 000 , 65 000,,46 000 ,31 000 , 75 000,,51 000 ,35 000 , 83 000,,53 000 ,36 000 , 88 000,,55 000 ,37 000 , 90 000,,55 000 ,38 000 , 91 000,,55 000 ,38 000 , 91 000,,54 000 ,37 000 , 89 000,,53 000 ,36 000 , 87 000,,51 000 ,35 000 , 84 000,,49 000 ,33 000 , 80 000,,46 000 ,32 000 , 76 000,,44 000 ,30 000 , 72 000,,41 000 ,28 000 , 67 000,,36 000 ,25 000 , 59 000,,32 000 ,22 000 , 52 000,,28 000 ,19 000 , 46 000,,20 000 ,13 000 , 32 000,,19 000 ,13 000 , 31 000,,17 000 ,11 000 , 27 000,,13 000 ,9000 , 22 000,,15 000 ,10 000 , 24 000,,14 000 ,9300 , 22 000,,11 000 ,7800 , 19 000,,6900 ,4700 , 11 000,,5900 ,4100 , 9800,,6800 ,4700 , 11 000,,4700 ,3200 , 7800,,4600 ,3100 , 7500,,4400 ,3000 , 7200,,4800 ,3300 , 8000,,4600 ,3100 , 7500,,3600 ,2500 , 6000,,4300 ,3000 , 7200,
Kiribati,... ,... , ...,,... ,... , ...,,... ,... , ...,,... ,... , ...,,... ,... , ...,,... ,... , ...,,... ,... , ...,,... ,... , ...,,... ,... , ...,,... ,... , ...,,... ,... , ...,,... ,... , ...,,... ,... , ...,,... ,... , ...,,... ,... , ...,,... ,... , ...,,... ,... , ...,,... ,... , ...,,... ,... , ...,,... ,... , ...,,... ,... , ...,,... ,... , ...,,... ,... , ...,,... ,... , ...,,... ,... , ...,,... ,... , ...,,... ,... , ...,,... ,... , ...,,... ,... , ...,,... ,... , ...,,... ,... , ...,,... ,... , ...,,... ,... , ...,,... ,... , ...,,... ,... , ...,
Kuwait,... ,... , ...,"Children estimates were not available at the time of publication.",... ,... , ...,"Children estimates were not available at the time of publication.",... ,... , ...,"Children estimates were not available at the time of publication.",... ,... , ...,"Children estimates were not available at the time of publication.",... ,... , ...,"Children estimates were not available at the time of publication.",... ,... , ...,"Children estimates were not available at the time of publication.",... ,... , ...,"Children estimates were not available at the time of publication.",... ,... , ...,"Children estimates were not available at the time of publication.",... ,... , ...,"Children estimates were not available at the time of publication.",... ,... , ...,"Children estimates were not available at the time of publication.",... ,... , ...,"Children estimates were not available at the time of publication.",... ,... , ...,"Children estimates were not available at the time of publication.",... ,... , ...,"Children estimates were not available at the time of publication.",... ,... , ...,"Children estimates were not available at the time of publication.",... ,... , ...,"Children estimates were not available at the time of publication.",... ,... , ...,"Children estimates were not available at the time of publication.",... ,... , ...,"Children estimates were not available at the time of publication.",... ,... , ...,"Children estimates were not available at the time of publication.",... ,... , ...,"Children estimates were not available at the time of publication.",... ,... , ...,"Children estimates were not available at the time of publication.",... ,... , ...,"Children estimates were not available at the time of publication.",... ,... , ...,"Children estimates were not available at the time of publication.",... ,... , ...,"Children estimates were not available at the time of publication.",... ,... , ...,"Children estimates were not available at the time of publication.",... ,... , ...,"Children estimates were not available at the time of publication.",... ,... , ...,"Children estimates were not available at the time of publication.",... ,... , ...,"Children estimates were not available at the time of publication.",... ,... , ...,"Children estimates were not available at the time of publication.",... ,... , ...,"Children estimates were not available at the time of publication.",... ,... , ...,"Children estimates were not available at the time of publication.",... ,... , ...,"Children estimates were not available at the time of publication.",... ,... , ...,"Children estimates were not available at the time of publication.",... ,... , ...,"Children estimates were not available at the time of publication.",... ,... , ...,"Children estimates were not available at the time of publication.",... ,... , ...,"Children estimates were not available at the time of publication."
Kyrgyzstan,<100 ,<100 , <100,,<100 ,<100 , <100,,<100 ,<100 , <100,,<100 ,<100 , <100,,<100 ,<100 , <100,,<100 ,<100 , <100,,<100 ,<100 , <100,,<100 ,<100 , <100,,<100 ,<100 , <100,,<100 ,<100 , <100,,<100 ,<100 , <100,,<100 ,<100 , <100,,<100 ,<100 , <100,,<100 ,<100 , <100,,<100 ,<100 , <100,,<100 ,<100 , <100,,<100 ,<100 , <100,,<100 ,<100 , <100,,<100 ,<100 , <200,,<100 ,<100 , <100,,<100 ,<100 , <100,,<100 ,<100 , <200,,<200 ,<200 , <200,,<100 ,<100 , <100,,<100 ,<100 , <200,,<100 ,<100 , <100,,<100 ,<100 , <100,,<100 ,<100 , <100,,<100 ,<100 , <100,,<100 ,<100 , <100,,<100 ,<100 , <100,,<100 ,<100 , <100,,<100 ,<100 , <100,,<100 ,<100 , <100,,<100 ,<100 , <100,
Lao People's Democratic Republic,<100 ,<100 , <100,,<100 ,<100 , <100,,<100 ,<100 , <100,,<100 ,<100 , <100,,<100 ,<100 , <100,,<100 ,<100 , <100,,<100 ,<100 , <100,,<100 ,<100 , <100,,<100 ,<100 , <100,,<100 ,<100 , <100,,<100 ,<100 , <100,,<100 ,<100 , <100,,<100 ,<100 , <100,,<100 ,<100 , <100,,<100 ,<100 , <200,,<100 ,<100 , <200,,<100 ,<100 , <200,,<100 ,<100 , <200,,<200 ,<100 , <200,,<200 ,<100 , <200,,<200 ,<100 , <200,,<200 ,<100 , <200,,<200 ,<100 , <200,,<200 ,<100 , <200,,<200 ,<100 , <200,,<200 ,<200 , <200,,<200 ,<100 , <200,,<200 ,<100 , <200,,<200 ,<100 , <200,,<200 ,<100 , <200,,<200 ,<100 , <200,,<100 ,<100 , <200,,<100 ,<100 , <200,,<100 ,<100 , <200,,<100 ,<100 , <100,
Latvia,... ,... , ...,"Children estimates were not available at the time of publication.",... ,... , ...,"Children estimates were not available at the time of publication.",... ,... , ...,"Children estimates were not available at the time of publication.",... ,... , ...,"Children estimates were not available at the time of publication.",... ,... , ...,"Children estimates were not available at the time of publication.",... ,... , ...,"Children estimates were not available at the time of publication.",... ,... , ...,"Children estimates were not available at the time of publication.",... ,... , ...,"Children estimates were not available at the time of publication.",... ,... , ...,"Children estimates were not available at the time of publication.",... ,... , ...,"Children estimates were not available at the time of publication.",... ,... , ...,"Children estimates were not available at the time of publication.",... ,... , ...,"Children estimates were not available at the time of publication.",... ,... , ...,"Children estimates were not available at the time of publication.",... ,... , ...,"Children estimates were not available at the time of publication.",... ,... , ...,"Children estimates were not available at the time of publication.",... ,... , ...,"Children estimates were not available at the time of publication.",... ,... , ...,"Children estimates were not available at the time of publication.",... ,... , ...,"Children estimates were not available at the time of publication.",... ,... , ...,"Children estimates were not available at the time of publication.",... ,... , ...,"Children estimates were not available at the time of publication.",... ,... , ...,"Children estimates were not available at the time of publication.",... ,... , ...,"Children estimates were not available at the time of publication.",... ,... , ...,"Children estimates were not available at the time of publication.",... ,... , ...,"Children estimates were not available at the time of publication.",... ,... , ...,"Children estimates were not available at the time of publication.",... ,... , ...,"Children estimates were not available at the time of publication.",... ,... , ...,"Children estimates were not available at the time of publication.",... ,... , ...,"Children estimates were not available at the time of publication.",... ,... , ...,"Children estimates were not available at the time of publication.",... ,... , ...,"Children estimates were not available at the time of publication.",... ,... , ...,"Children estimates were not available at the time of publication.",... ,... , ...,"Children estimates were not available at the time of publication.",... ,... , ...,"Children estimates were not available at the time of publication.",... ,... , ...,"Children estimates were not available at the time of publication.",... ,... , ...,"Children estimates were not available at the time of publication."
Lebanon,... ,... , ...,"Children estimates were not available at the time of publication.",... ,... , ...,"Children estimates were not available at the time of publication.",... ,... , ...,"Children estimates were not available at the time of publication.",... ,... , ...,"Children estimates were not available at the time of publication.",... ,... , ...,"Children estimates were not available at the time of publication.",... ,... , ...,"Children estimates were not available at the time of publication.",... ,... , ...,"Children estimates were not available at the time of publication.",... ,... , ...,"Children estimates were not available at the time of publication.",... ,... , ...,"Children estimates were not available at the time of publication.",... ,... , ...,"Children estimates were not available at the time of publication.",... ,... , ...,"Children estimates were not available at the time of publication.",... ,... , ...,"Children estimates were not available at the time of publication.",... ,... , ...,"Children estimates were not available at the time of publication.",... ,... , ...,"Children estimates were not available at the time of publication.",... ,... , ...,"Children estimates were not available at the time of publication.",... ,... , ...,"Children estimates were not available at the time of publication.",... ,... , ...,"Children estimates were not available at the time of publication.",... ,... , ...,"Children estimates were not available at the time of publication.",... ,... , ...,"Children estimates were not available at the time of publication.",... ,... , ...,"Children estimates were not available at the time of publication.",... ,... , ...,"Children estimates were not available at the time of publication.",... ,... , ...,"Children estimates were not available at the time of publication.",... ,... , ...,"Children estimates were not available at the time of publication.",... ,... , ...,"Children estimates were not available at the time of publication.",... ,... , ...,"Children estimates were not available at the time of publication.",... ,... , ...,"Children estimates were not available at the time of publication.",... ,... , ...,"Children estimates were not available at the time of publication.",... ,... , ...,"Children estimates were not available at the time of publication.",... ,... , ...,"Children estimates were not available at the time of publication.",... ,... , ...,"Children estimates were not available at the time of publication.",... ,... , ...,"Children estimates were not available at the time of publication.",... ,... , ...,"Children estimates were not available at the time of publication.",... ,... , ...,"Children estimates were not available at the time of publication.",... ,... , ...,"Children estimates were not available at the time of publication.",... ,... , ...,"Children estimates were not available at the time of publication."
Lesotho,750 ,570 , 980,,1200 ,950 , 1500,,1800 ,1500 , 2100,,2400 ,2000 , 2900,,3100 ,2600 , 3600,,3700 ,3200 , 4300,,4200 ,3700 , 4800,,4600 ,4000 , 5200,,4700 ,4100 , 5200,,4700 ,4100 , 5300,,4800 ,4200 , 5400,,5000 ,4400 , 5500,,5100 ,4400 , 5700,,5100 ,4500 , 5700,,5000 ,4400 , 5600,,4800 ,4200 , 5400,,4600 ,3900 , 5100,,3900 ,3200 , 4500,,4300 ,3500 , 4800,,3100 ,2400 , 3600,,2200 ,1600 , 2600,,1400 ,990 , 1900,,1300 ,950 , 1600,,1400 ,950 , 1800,,1100 ,900 , 1500,,810 ,680 , 1200,,790 ,540 , 1100,,1000 ,670 , 1300,,690 ,<500 , 900,,520 ,<500 , 690,,<500 ,<500 , 560,,<500 ,<500 , 580,,<500 ,<500 , 700,,<500 ,<500 , 710,,<500 ,<500 , <500,
Liberia,... ,... , ...,,... ,... , ...,,... ,... , ...,,... ,... , ...,,... ,... , ...,,... ,... , ...,,... ,... , ...,,... ,... , ...,,... ,... , ...,,... ,... , ...,,... ,... , ...,,... ,... , ...,,... ,... , ...,,... ,... , ...,,... ,... , ...,,... ,... , ...,,... ,... , ...,,... ,... , ...,,... ,... , ...,,... ,... , ...,,... ,... , ...,,... ,... , ...,,... ,... , ...,,... ,... , ...,,... ,... , ...,,... ,... , ...,,... ,... , ...,,... ,... , ...,,... ,... , ...,,... ,... , ...,,... ,... , ...,,... ,... , ...,,... ,... , ...,,... ,... , ...,,... ,... , ...,
Libya,<100 ,<100 , <100,,<100 ,<100 , <100,,<100 ,<100 , <100,,<100 ,<100 , <100,,<100 ,<100 , <100,,<100 ,<100 , <100,,<100 ,<100 , <100,,<100 ,<100 , <100,,<100 ,<100 , <100,,<100 ,<100 , <100,,<100 ,<100 , <100,,<100 ,<100 , <100,,<100 ,<100 , <100,,<100 ,<100 , <100,,<100 ,<100 , <100,,<100 ,<100 , <100,,<100 ,<100 , <100,,<100 ,<100 , <100,,<100 ,<100 , <100,,<100 ,<100 , <100,,<100 ,<100 , <100,,<100 ,<100 , <100,,<100 ,<100 , <100,,<100 ,<100 , <100,,<100 ,<100 , <100,,<100 ,<100 , <100,,<100 ,<100 , <100,,<100 ,<100 , <100,,<100 ,<100 , <100,,<100 ,<100 , <100,,<100 ,<100 , <100,,<100 ,<100 , <100,,<100 ,<100 , <100,,<100 ,<100 , <100,,<100 ,<100 , <100,
Lithuania,... ,... , ...,"Children estimates were not available at the time of publication.",... ,... , ...,"Children estimates were not available at the time of publication.",... ,... , ...,"Children estimates were not available at the time of publication.",... ,... , ...,"Children estimates were not available at the time of publication.",... ,... , ...,"Children estimates were not available at the time of publication.",... ,... , ...,"Children estimates were not available at the time of publication.",... ,... , ...,"Children estimates were not available at the time of publication.",... ,... , ...,"Children estimates were not available at the time of publication.",... ,... , ...,"Children estimates were not available at the time of publication.",... ,... , ...,"Children estimates were not available at the time of publication.",... ,... , ...,"Children estimates were not available at the time of publication.",... ,... , ...,"Children estimates were not available at the time of publication.",... ,... , ...,"Children estimates were not available at the time of publication.",... ,... , ...,"Children estimates were not available at the time of publication.",... ,... , ...,"Children estimates were not available at the time of publication.",... ,... , ...,"Children estimates were not available at the time of publication.",... ,... , ...,"Children estimates were not available at the time of publication.",... ,... , ...,"Children estimates were not available at the time of publication.",... ,... , ...,"Children estimates were not available at the time of publication.",... ,... , ...,"Children estimates were not available at the time of publication.",... ,... , ...,"Children estimates were not available at the time of publication.",... ,... , ...,"Children estimates were not available at the time of publication.",... ,... , ...,"Children estimates were not available at the time of publication.",... ,... , ...,"Children estimates were not available at the time of publication.",... ,... , ...,"Children estimates were not available at the time of publication.",... ,... , ...,"Children estimates were not available at the time of publication.",... ,... , ...,"Children estimates were not available at the time of publication.",... ,... , ...,"Children estimates were not available at the time of publication.",... ,... , ...,"Children estimates were not available at the time of publication.",... ,... , ...,"Children estimates were not available at the time of publication.",... ,... , ...,"Children estimates were not available at the time of publication.",... ,... , ...,"Children estimates were not available at the time of publication.",... ,... , ...,"Children estimates were not available at the time of publication.",... ,... , ...,"Children estimates were not available at the time of publication.",... ,... , ...,"Children estimates were not available at the time of publication."
Luxembourg,... ,... , ...,"Children estimates were not available at the time of publication.",... ,... , ...,"Children estimates were not available at the time of publication.",... ,... , ...,"Children estimates were not available at the time of publication.",... ,... , ...,"Children estimates were not available at the time of publication.",... ,... , ...,"Children estimates were not available at the time of publication.",... ,... , ...,"Children estimates were not available at the time of publication.",... ,... , ...,"Children estimates were not available at the time of publication.",... ,... , ...,"Children estimates were not available at the time of publication.",... ,... , ...,"Children estimates were not available at the time of publication.",... ,... , ...,"Children estimates were not available at the time of publication.",... ,... , ...,"Children estimates were not available at the time of publication.",... ,... , ...,"Children estimates were not available at the time of publication.",... ,... , ...,"Children estimates were not available at the time of publication.",... ,... , ...,"Children estimates were not available at the time of publication.",... ,... , ...,"Children estimates were not available at the time of publication.",... ,... , ...,"Children estimates were not available at the time of publication.",... ,... , ...,"Children estimates were not available at the time of publication.",... ,... , ...,"Children estimates were not available at the time of publication.",... ,... , ...,"Children estimates were not available at the time of publication.",... ,... , ...,"Children estimates were not available at the time of publication.",... ,... , ...,"Children estimates were not available at the time of publication.",... ,... , ...,"Children estimates were not available at the time of publication.",... ,... , ...,"Children estimates were not available at the time of publication.",... ,... , ...,"Children estimates were not available at the time of publication.",... ,... , ...,"Children estimates were not available at the time of publication.",... ,... , ...,"Children estimates were not available at the time of publication.",... ,... , ...,"Children estimates were not available at the time of publication.",... ,... , ...,"Children estimates were not available at the time of publication.",... ,... , ...,"Children estimates were not available at the time of publication.",... ,... , ...,"Children estimates were not available at the time of publication.",... ,... , ...,"Children estimates were not available at the time of publication.",... ,... , ...,"Children estimates were not available at the time of publication.",... ,... , ...,"Children estimates were not available at the time of publication.",... ,... , ...,"Children estimates were not available at the time of publication.",... ,... , ...,"Children estimates were not available at the time of publication."
Madagascar,<100 ,<100 , <100,,<100 ,<100 , <100,,<100 ,<100 , <100,,<100 ,<100 , <100,,<100 ,<100 , <100,,<100 ,<100 , <100,,<100 ,<100 , <100,,<100 ,<100 , <200,,<100 ,<100 , <200,,<100 ,<100 , <200,,<200 ,<100 , <500,,<200 ,<100 , <500,,<200 ,<200 , <500,,<500 ,<200 , <500,,<500 ,<200 , <500,,<500 ,<200 , <500,,<500 ,<500 , <500,,<500 ,<500 , 520,,<500 ,<500 , 580,,<500 ,<500 , 610,,510 ,<500 , 650,,510 ,<500 , 650,,540 ,<500 , 660,,570 ,<500 , 700,,590 ,<500 , 740,,620 ,<500 , 790,,660 ,510 , 860,,690 ,540 , 900,,710 ,520 , 990,,760 ,550 , 1000,,830 ,630 , 1100,,870 ,630 , 1200,,930 ,660 , 1300,,1100 ,820 , 1600,,1300 ,920 , 1700,
Malawi,19 000 ,17 000 , 21 000,,22 000 ,20 000 , 24 000,,26 000 ,24 000 , 28 000,,28 000 ,26 000 , 31 000,,30 000 ,27 000 , 32 000,,30 000 ,27 000 , 32 000,,30 000 ,28 000 , 33 000,,31 000 ,28 000 , 34 000,,31 000 ,28 000 , 34 000,,30 000 ,27 000 , 33 000,,30 000 ,27 000 , 33 000,,29 000 ,26 000 , 31 000,,28 000 ,25 000 , 31 000,,27 000 ,24 000 , 30 000,,26 000 ,23 000 , 29 000,,25 000 ,22 000 , 28 000,,23 000 ,20 000 , 26 000,,22 000 ,19 000 , 24 000,,19 000 ,16 000 , 21 000,,17 000 ,14 000 , 20 000,,17 000 ,14 000 , 19 000,,14 000 ,11 000 , 16 000,,12 000 ,10 000 , 14 000,,11 000 ,8900 , 13 000,,10 000 ,7800 , 12 000,,8000 ,5800 , 9400,,6600 ,4500 , 8100,,5200 ,3900 , 6500,,3700 ,3300 , 4900,,3900 ,3000 , 5100,,3100 ,2600 , 4200,,3100 ,2400 , 4100,,3300 ,2200 , 4200,,2600 ,2000 , 3400,,2200 ,1700 , 2900,
Malaysia,<100 ,<100 , <100,,<100 ,<100 , <100,,<100 ,<100 , <100,,<100 ,<100 , <100,,<100 ,<100 , <100,,<100 ,<100 , <100,,<100 ,<100 , <100,,<100 ,<100 , <100,,<100 ,<100 , <100,,<100 ,<100 , <100,,<100 ,<100 , <100,,<100 ,<100 , <100,,<100 ,<100 , <100,,<100 ,<100 , <100,,<100 ,<100 , <100,,<100 ,<100 , <100,,<100 ,<100 , <100,,<100 ,<100 , <100,,<100 ,<100 , <100,,<100 ,<100 , <100,,<100 ,<100 , <100,,<100 ,<100 , <200,,<100 ,<100 , <100,,<100 ,<100 , <100,,<100 ,<100 , <100,,<100 ,<100 , <100,,<100 ,<100 , <100,,<100 ,<100 , <100,,<100 ,<100 , <100,,<100 ,<100 , <100,,<100 ,<100 , <100,,<100 ,<100 , <100,,<100 ,<100 , <100,,<100 ,<100 , <100,,<100 ,<100 , <100,
Maldives,... ,... , ...,"Children estimates were not available at the time of publication.",... ,... , ...,"Children estimates were not available at the time of publication.",... ,... , ...,"Children estimates were not available at the time of publication.",... ,... , ...,"Children estimates were not available at the time of publication.",... ,... , ...,"Children estimates were not available at the time of publication.",... ,... , ...,"Children estimates were not available at the time of publication.",... ,... , ...,"Children estimates were not available at the time of publication.",... ,... , ...,"Children estimates were not available at the time of publication.",... ,... , ...,"Children estimates were not available at the time of publication.",... ,... , ...,"Children estimates were not available at the time of publication.",... ,... , ...,"Children estimates were not available at the time of publication.",... ,... , ...,"Children estimates were not available at the time of publication.",... ,... , ...,"Children estimates were not available at the time of publication.",... ,... , ...,"Children estimates were not available at the time of publication.",... ,... , ...,"Children estimates were not available at the time of publication.",... ,... , ...,"Children estimates were not available at the time of publication.",... ,... , ...,"Children estimates were not available at the time of publication.",... ,... , ...,"Children estimates were not available at the time of publication.",... ,... , ...,"Children estimates were not available at the time of publication.",... ,... , ...,"Children estimates were not available at the time of publication.",... ,... , ...,"Children estimates were not available at the time of publication.",... ,... , ...,"Children estimates were not available at the time of publication.",... ,... , ...,"Children estimates were not available at the time of publication.",... ,... , ...,"Children estimates were not available at the time of publication.",... ,... , ...,"Children estimates were not available at the time of publication.",... ,... , ...,"Children estimates were not available at the time of publication.",... ,... , ...,"Children estimates were not available at the time of publication.",... ,... , ...,"Children estimates were not available at the time of publication.",... ,... , ...,"Children estimates were not available at the time of publication.",... ,... , ...,"Children estimates were not available at the time of publication.",... ,... , ...,"Children estimates were not available at the time of publication.",... ,... , ...,"Children estimates were not available at the time of publication.",... ,... , ...,"Children estimates were not available at the time of publication.",... ,... , ...,"Children estimates were not available at the time of publication.",... ,... , ...,"Children estimates were not available at the time of publication."
Mali,1500 ,810 , 2500,,1800 ,1100 , 2800,,2000 ,1300 , 2900,,2200 ,1600 , 3000,,2400 ,1700 , 3100,,2400 ,1900 , 3100,,2500 ,1900 , 3000,,2500 ,2000 , 3100,,2500 ,2100 , 3000,,2600 ,2100 , 3200,,2600 ,2100 , 3100,,2500 ,2100 , 3000,,2500 ,2100 , 3000,,2500 ,2100 , 3000,,2500 ,2100 , 3000,,2500 ,2100 , 2900,,2400 ,2000 , 2900,,2200 ,1800 , 2800,,2300 ,1900 , 2900,,1800 ,1400 , 2400,,1700 ,1400 , 2300,,1400 ,980 , 2000,,1200 ,840 , 1900,,1700 ,1300 , 2300,,1600 ,1300 , 2300,,1500 ,1200 , 2100,,1600 ,1200 , 2100,,1600 ,1200 , 2200,,1500 ,1200 , 2100,,1600 ,1200 , 2200,,1500 ,1100 , 2000,,1300 ,970 , 1900,,1300 ,990 , 1900,,1300 ,890 , 1800,,1200 ,830 , 1700,
Malta,... ,... , ...,"Children estimates were not available at the time of publication.",... ,... , ...,"Children estimates were not available at the time of publication.",... ,... , ...,"Children estimates were not available at the time of publication.",... ,... , ...,"Children estimates were not available at the time of publication.",... ,... , ...,"Children estimates were not available at the time of publication.",... ,... , ...,"Children estimates were not available at the time of publication.",... ,... , ...,"Children estimates were not available at the time of publication.",... ,... , ...,"Children estimates were not available at the time of publication.",... ,... , ...,"Children estimates were not available at the time of publication.",... ,... , ...,"Children estimates were not available at the time of publication.",... ,... , ...,"Children estimates were not available at the time of publication.",... ,... , ...,"Children estimates were not available at the time of publication.",... ,... , ...,"Children estimates were not available at the time of publication.",... ,... , ...,"Children estimates were not available at the time of publication.",... ,... , ...,"Children estimates were not available at the time of publication.",... ,... , ...,"Children estimates were not available at the time of publication.",... ,... , ...,"Children estimates were not available at the time of publication.",... ,... , ...,"Children estimates were not available at the time of publication.",... ,... , ...,"Children estimates were not available at the time of publication.",... ,... , ...,"Children estimates were not available at the time of publication.",... ,... , ...,"Children estimates were not available at the time of publication.",... ,... , ...,"Children estimates were not available at the time of publication.",... ,... , ...,"Children estimates were not available at the time of publication.",... ,... , ...,"Children estimates were not available at the time of publication.",... ,... , ...,"Children estimates were not available at the time of publication.",... ,... , ...,"Children estimates were not available at the time of publication.",... ,... , ...,"Children estimates were not available at the time of publication.",... ,... , ...,"Children estimates were not available at the time of publication.",... ,... , ...,"Children estimates were not available at the time of publication.",... ,... , ...,"Children estimates were not available at the time of publication.",... ,... , ...,"Children estimates were not available at the time of publication.",... ,... , ...,"Children estimates were not available at the time of publication.",... ,... , ...,"Children estimates were not available at the time of publication.",... ,... , ...,"Children estimates were not available at the time of publication.",... ,... , ...,"Children estimates were not available at the time of publication."
Marshall Islands,... ,... , ...,,... ,... , ...,,... ,... , ...,,... ,... , ...,,... ,... , ...,,... ,... , ...,,... ,... , ...,,... ,... , ...,,... ,... , ...,,... ,... , ...,,... ,... , ...,,... ,... , ...,,... ,... , ...,,... ,... , ...,,... ,... , ...,,... ,... , ...,,... ,... , ...,,... ,... , ...,,... ,... , ...,,... ,... , ...,,... ,... , ...,,... ,... , ...,,... ,... , ...,,... ,... , ...,,... ,... , ...,,... ,... , ...,,... ,... , ...,,... ,... , ...,,... ,... , ...,,... ,... , ...,,... ,... , ...,,... ,... , ...,,... ,... , ...,,... ,... , ...,,... ,... , ...,
Mauritania,<100 ,<100 , <200,,<100 ,<100 , <200,,<200 ,<100 , <200,,<200 ,<100 , <500,,<200 ,<200 , <500,,<200 ,<200 , <500,,<500 ,<200 , <500,,<500 ,<200 , <500,,<500 ,<200 , <500,,<500 ,<200 , <500,,<500 ,<200 , <500,,<500 ,<500 , <500,,<500 ,<200 , <500,,<500 ,<200 , <500,,<500 ,<200 , <500,,<500 ,<200 , <500,,<200 ,<200 , <500,,<200 ,<200 , <500,,<200 ,<200 , <500,,<200 ,<200 , <200,,<200 ,<200 , <200,,<200 ,<200 , <200,,<200 ,<200 , <200,,<200 ,<100 , <200,,<100 ,<100 , <100,,<100 ,<100 , <100,,<100 ,<100 , <200,,<100 ,<100 , <200,,<100 ,<100 , <200,,<100 ,<100 , <100,,<100 ,<100 , <100,,<100 ,<100 , <200,,<100 ,<100 , <100,,<100 ,<100 , <100,,<100 ,<100 , <100,
Mauritius,... ,... , ...,"Estimates were not available at the time of publication.",... ,... , ...,"Estimates were not available at the time of publication.",... ,... , ...,"Estimates were not available at the time of publication.",... ,... , ...,"Estimates were not available at the time of publication.",... ,... , ...,"Estimates were not available at the time of publication.",... ,... , ...,"Estimates were not available at the time of publication.",... ,... , ...,"Estimates were not available at the time of publication.",... ,... , ...,"Estimates were not available at the time of publication.",... ,... , ...,"Estimates were not available at the time of publication.",... ,... , ...,"Estimates were not available at the time of publication.",... ,... , ...,"Estimates were not available at the time of publication.",... ,... , ...,"Estimates were not available at the time of publication.",... ,... , ...,"Estimates were not available at the time of publication.",... ,... , ...,"Estimates were not available at the time of publication.",... ,... , ...,"Estimates were not available at the time of publication.",... ,... , ...,"Estimates were not available at the time of publication.",... ,... , ...,"Estimates were not available at the time of publication.",... ,... , ...,"Estimates were not available at the time of publication.",... ,... , ...,"Estimates were not available at the time of publication.",... ,... , ...,"Estimates were not available at the time of publication.",... ,... , ...,"Estimates were not available at the time of publication.",... ,... , ...,"Estimates were not available at the time of publication.",... ,... , ...,"Estimates were not available at the time of publication.",... ,... , ...,"Estimates were not available at the time of publication.",... ,... , ...,"Estimates were not available at the time of publication.",... ,... , ...,"Estimates were not available at the time of publication.",... ,... , ...,"Estimates were not available at the time of publication.",... ,... , ...,"Estimates were not available at the time of publication.",... ,... , ...,"Estimates were not available at the time of publication.",... ,... , ...,"Estimates were not available at the time of publication.",... ,... , ...,"Estimates were not available at the time of publication.",... ,... , ...,"Estimates were not available at the time of publication.",... ,... , ...,"Estimates were not available at the time of publication.",... ,... , ...,"Estimates were not available at the time of publication.",... ,... , ...,"Estimates were not available at the time of publication."
Mexico,<200 ,<200 , <200,,<200 ,<200 , <200,,<200 ,<200 , <500,,<500 ,<500 , <500,,<500 ,<500 , <500,,<500 ,<500 , <500,,<500 ,<500 , <500,,<500 ,<500 , <500,,<500 ,<500 , <500,,<500 ,<500 , <500,,<500 ,<500 , <500,,<500 ,<500 , <500,,<500 ,<500 , <500,,<500 ,<500 , <500,,<500 ,<500 , <500,,<500 ,<500 , <500,,<500 ,<500 , <500,,<500 ,<500 , <500,,<500 ,<500 , <500,,<500 ,<500 , <500,,<500 ,<500 , <500,,<500 ,<500 , <500,,<500 ,<500 , <500,,<500 ,<500 , <500,,<500 ,<500 , <500,,<500 ,<500 , <500,,<500 ,<500 , <500,,<500 ,<500 , <500,,<500 ,<500 , <500,,<500 ,<500 , <500,,<500 ,<500 , <500,,<500 ,<500 , <500,,<500 ,<500 , <500,,<500 ,<500 , <500,,<500 ,<500 , <500,
Mongolia,... ,... , ...,"Children estimates were not available at the time of publication.",... ,... , ...,"Children estimates were not available at the time of publication.",... ,... , ...,"Children estimates were not available at the time of publication.",... ,... , ...,"Children estimates were not available at the time of publication.",... ,... , ...,"Children estimates were not available at the time of publication.",... ,... , ...,"Children estimates were not available at the time of publication.",... ,... , ...,"Children estimates were not available at the time of publication.",... ,... , ...,"Children estimates were not available at the time of publication.",... ,... , ...,"Children estimates were not available at the time of publication.",... ,... , ...,"Children estimates were not available at the time of publication.",... ,... , ...,"Children estimates were not available at the time of publication.",... ,... , ...,"Children estimates were not available at the time of publication.",... ,... , ...,"Children estimates were not available at the time of publication.",... ,... , ...,"Children estimates were not available at the time of publication.",... ,... , ...,"Children estimates were not available at the time of publication.",... ,... , ...,"Children estimates were not available at the time of publication.",... ,... , ...,"Children estimates were not available at the time of publication.",... ,... , ...,"Children estimates were not available at the time of publication.",... ,... , ...,"Children estimates were not available at the time of publication.",... ,... , ...,"Children estimates were not available at the time of publication.",... ,... , ...,"Children estimates were not available at the time of publication.",... ,... , ...,"Children estimates were not available at the time of publication.",... ,... , ...,"Children estimates were not available at the time of publication.",... ,... , ...,"Children estimates were not available at the time of publication.",... ,... , ...,"Children estimates were not available at the time of publication.",... ,... , ...,"Children estimates were not available at the time of publication.",... ,... , ...,"Children estimates were not available at the time of publication.",... ,... , ...,"Children estimates were not available at the time of publication.",... ,... , ...,"Children estimates were not available at the time of publication.",... ,... , ...,"Children estimates were not available at the time of publication.",... ,... , ...,"Children estimates were not available at the time of publication.",... ,... , ...,"Children estimates were not available at the time of publication.",... ,... , ...,"Children estimates were not available at the time of publication.",... ,... , ...,"Children estimates were not available at the time of publication.",... ,... , ...,"Children estimates were not available at the time of publication."
Montenegro,... ,... , ...,"Children estimates were not available at the time of publication.",... ,... , ...,"Children estimates were not available at the time of publication.",... ,... , ...,"Children estimates were not available at the time of publication.",... ,... , ...,"Children estimates were not available at the time of publication.",... ,... , ...,"Children estimates were not available at the time of publication.",... ,... , ...,"Children estimates were not available at the time of publication.",... ,... , ...,"Children estimates were not available at the time of publication.",... ,... , ...,"Children estimates were not available at the time of publication.",... ,... , ...,"Children estimates were not available at the time of publication.",... ,... , ...,"Children estimates were not available at the time of publication.",... ,... , ...,"Children estimates were not available at the time of publication.",... ,... , ...,"Children estimates were not available at the time of publication.",... ,... , ...,"Children estimates were not available at the time of publication.",... ,... , ...,"Children estimates were not available at the time of publication.",... ,... , ...,"Children estimates were not available at the time of publication.",... ,... , ...,"Children estimates were not available at the time of publication.",... ,... , ...,"Children estimates were not available at the time of publication.",... ,... , ...,"Children estimates were not available at the time of publication.",... ,... , ...,"Children estimates were not available at the time of publication.",... ,... , ...,"Children estimates were not available at the time of publication.",... ,... , ...,"Children estimates were not available at the time of publication.",... ,... , ...,"Children estimates were not available at the time of publication.",... ,... , ...,"Children estimates were not available at the time of publication.",... ,... , ...,"Children estimates were not available at the time of publication.",... ,... , ...,"Children estimates were not available at the time of publication.",... ,... , ...,"Children estimates were not available at the time of publication.",... ,... , ...,"Children estimates were not available at the time of publication.",... ,... , ...,"Children estimates were not available at the time of publication.",... ,... , ...,"Children estimates were not available at the time of publication.",... ,... , ...,"Children estimates were not available at the time of publication.",... ,... , ...,"Children estimates were not available at the time of publication.",... ,... , ...,"Children estimates were not available at the time of publication.",... ,... , ...,"Children estimates were not available at the time of publication.",... ,... , ...,"Children estimates were not available at the time of publication.",... ,... , ...,"Children estimates were not available at the time of publication."
Morocco,<100 ,<100 , <200,,<100 ,<100 , <200,,<100 ,<100 , <200,,<100 ,<100 , <200,,<200 ,<100 , <200,,<200 ,<100 , <200,,<200 ,<100 , <200,,<200 ,<200 , <200,,<200 ,<200 , <200,,<200 ,<200 , <200,,<200 ,<200 , <500,,<200 ,<200 , <500,,<200 ,<200 , <500,,<200 ,<200 , <500,,<200 ,<200 , <500,,<500 ,<200 , <500,,<500 ,<200 , <500,,<500 ,<200 , <500,,<500 ,<200 , <500,,<200 ,<200 , <500,,<200 ,<200 , <500,,<200 ,<200 , <500,,<200 ,<200 , <200,,<200 ,<200 , <200,,<200 ,<200 , <200,,<200 ,<200 , <200,,<200 ,<200 , <200,,<200 ,<200 , <200,,<200 ,<200 , <200,,<200 ,<100 , <200,,<200 ,<100 , <200,,<100 ,<100 , <200,,<100 ,<100 , <100,,<100 ,<100 , <100,,<100 ,<100 , <100,
Mozambique,5300 ,4000 , 7000,,6800 ,5400 , 8500,,8500 ,6900 , 11 000,,10 000 ,8600 , 13 000,,13 000 ,11 000 , 15 000,,16 000 ,14 000 , 19 000,,19 000 ,16 000 , 22 000,,22 000 ,19 000 , 26 000,,25 000 ,22 000 , 28 000,,28 000 ,24 000 , 32 000,,31 000 ,26 000 , 35 000,,33 000 ,29 000 , 37 000,,34 000 ,30 000 , 38 000,,35 000 ,31 000 , 39 000,,36 000 ,32 000 , 41 000,,37 000 ,33 000 , 42 000,,37 000 ,32 000 , 41 000,,30 000 ,26 000 , 35 000,,33 000 ,28 000 , 37 000,,31 000 ,26 000 , 35 000,,38 000 ,33 000 , 42 000,,32 000 ,27 000 , 36 000,,26 000 ,22 000 , 30 000,,26 000 ,21 000 , 31 000,,25 000 ,21 000 , 30 000,,25 000 ,20 000 , 29 000,,26 000 ,21 000 , 30 000,,24 000 ,18 000 , 28 000,,23 000 ,18 000 , 27 000,,22 000 ,17 000 , 26 000,,23 000 ,17 000 , 28 000,,21 000 ,15 000 , 25 000,,18 000 ,13 000 , 23 000,,18 000 ,12 000 , 23 000,,16 000 ,11 000 , 21 000,
Myanmar,<100 ,<100 , <200,,<200 ,<200 , <200,,<500 ,<500 , <500,,<500 ,<500 , <500,,<500 ,<500 , 530,,550 ,<500 , 640,,670 ,570 , 770,,800 ,670 , 910,,940 ,800 , 1100,,1100 ,970 , 1300,,1300 ,1100 , 1500,,1400 ,1300 , 1700,,1600 ,1400 , 1800,,1600 ,1400 , 1900,,1700 ,1400 , 1900,,1700 ,1400 , 1900,,1600 ,1300 , 1900,,1600 ,1300 , 1900,,1500 ,1300 , 1900,,1400 ,1100 , 1700,,1300 ,940 , 1600,,1200 ,960 , 1500,,1100 ,940 , 1400,,1100 ,900 , 1300,,930 ,790 , 1100,,890 ,760 , 1000,,860 ,730 , 1000,,830 ,700 , 970,,770 ,650 , 890,,760 ,650 , 880,,780 ,650 , 930,,1400 ,1100 , 1700,,1100 ,880 , 1600,,970 ,790 , 1100,,950 ,790 , 1100,
Namibia,750 ,620 , 890,,1100 ,890 , 1200,,1400 ,1200 , 1700,,1900 ,1600 , 2100,,2300 ,2000 , 2600,,2700 ,2400 , 3000,,3000 ,2700 , 3400,,3400 ,3000 , 3900,,3800 ,3400 , 4300,,4100 ,3600 , 4500,,4200 ,3700 , 4700,,4200 ,3700 , 4600,,4100 ,3700 , 4600,,4100 ,3600 , 4400,,3900 ,3500 , 4300,,3300 ,2900 , 3700,,2900 ,2500 , 3300,,2500 ,2000 , 2900,,2300 ,1800 , 2700,,2400 ,2000 , 2800,,2000 ,1500 , 2400,,1800 ,1400 , 2200,,2000 ,1600 , 2400,,1600 ,1100 , 1900,,1200 ,790 , 1600,,1000 ,630 , 1300,,860 ,510 , 1200,,600 ,<500 , 890,,550 ,<500 , 800,,510 ,<500 , 750,,<500 ,<500 , 540,,530 ,<500 , 650,,<500 ,<500 , 710,,660 ,<500 , 890,,<500 ,<500 , 610,
Nepal,<100 ,<100 , <100,,<100 ,<100 , <100,,<100 ,<100 , <100,,<100 ,<100 , <100,,<100 ,<100 , <100,,<100 ,<100 , <100,,<100 ,<100 , <100,,<100 ,<100 , <100,,<100 ,<100 , <100,,<200 ,<200 , <200,,<200 ,<200 , <500,,<500 ,<200 , <500,,<500 ,<200 , <500,,<500 ,<500 , <500,,<500 ,<500 , <500,,<500 ,<500 , <500,,<500 ,<500 , <500,,<500 ,<500 , <500,,<500 ,<500 , <500,,<500 ,<500 , <500,,<500 ,<500 , <500,,<500 ,<500 , <500,,<500 ,<200 , <500,,<500 ,<200 , <500,,<200 ,<200 , <500,,<200 ,<200 , <500,,<200 ,<100 , <200,,<100 ,<100 , <200,,<100 ,<100 , <200,,<100 ,<100 , <200,,<100 ,<100 , <200,,<100 ,<100 , <100,,<100 ,<100 , <100,,<100 ,<100 , <100,,<100 ,<100 , <100,
Netherlands,<100 ,<100 , <100,,<100 ,<100 , <100,,<100 ,<100 , <100,,<100 ,<100 , <100,,<100 ,<100 , <100,,<100 ,<100 , <100,,<100 ,<100 , <100,,<100 ,<100 , <100,,<100 ,<100 , <100,,<100 ,<100 , <100,,<100 ,<100 , <100,,<100 ,<100 , <100,,<100 ,<100 , <100,,<100 ,<100 , <100,,<100 ,<100 , <100,,<100 ,<100 , <100,,<100 ,<100 , <100,,<100 ,<100 , <100,,<100 ,<100 , <100,,<100 ,<100 , <100,,<100 ,<100 , <100,,<100 ,<100 , <100,,<100 ,<100 , <100,,<100 ,<100 , <100,,<100 ,<100 , <100,,<100 ,<100 , <100,,<100 ,<100 , <100,,<100 ,<100 , <100,,<100 ,<100 , <100,,<100 ,<100 , <100,,<100 ,<100 , <100,,<100 ,<100 , <100,,<100 ,<100 , <100,,<100 ,<100 , <100,,... ,... , ...,
New Zealand,... ,... , ...,"Children estimates were not available at the time of publication.",... ,... , ...,"Children estimates were not available at the time of publication.",... ,... , ...,"Children estimates were not available at the time of publication.",... ,... , ...,"Children estimates were not available at the time of publication.",... ,... , ...,"Children estimates were not available at the time of publication.",... ,... , ...,"Children estimates were not available at the time of publication.",... ,... , ...,"Children estimates were not available at the time of publication.",... ,... , ...,"Children estimates were not available at the time of publication.",... ,... , ...,"Children estimates were not available at the time of publication.",... ,... , ...,"Children estimates were not available at the time of publication.",... ,... , ...,"Children estimates were not available at the time of publication.",... ,... , ...,"Children estimates were not available at the time of publication.",... ,... , ...,"Children estimates were not available at the time of publication.",... ,... , ...,"Children estimates were not available at the time of publication.",... ,... , ...,"Children estimates were not available at the time of publication.",... ,... , ...,"Children estimates were not available at the time of publication.",... ,... , ...,"Children estimates were not available at the time of publication.",... ,... , ...,"Children estimates were not available at the time of publication.",... ,... , ...,"Children estimates were not available at the time of publication.",... ,... , ...,"Children estimates were not available at the time of publication.",... ,... , ...,"Children estimates were not available at the time of publication.",... ,... , ...,"Children estimates were not available at the time of publication.",... ,... , ...,"Children estimates were not available at the time of publication.",... ,... , ...,"Children estimates were not available at the time of publication.",... ,... , ...,"Children estimates were not available at the time of publication.",... ,... , ...,"Children estimates were not available at the time of publication.",... ,... , ...,"Children estimates were not available at the time of publication.",... ,... , ...,"Children estimates were not available at the time of publication.",... ,... , ...,"Children estimates were not available at the time of publication.",... ,... , ...,"Children estimates were not available at the time of publication.",... ,... , ...,"Children estimates were not available at the time of publication.",... ,... , ...,"Children estimates were not available at the time of publication.",... ,... , ...,"Children estimates were not available at the time of publication.",... ,... , ...,"Children estimates were not available at the time of publication.",... ,... , ...,"Children estimates were not available at the time of publication."
Nicaragua,... ,... , ...,"Estimates were not available at the time of publication.",... ,... , ...,"Estimates were not available at the time of publication.",... ,... , ...,"Estimates were not available at the time of publication.",... ,... , ...,"Estimates were not available at the time of publication.",... ,... , ...,"Estimates were not available at the time of publication.",... ,... , ...,"Estimates were not available at the time of publication.",... ,... , ...,"Estimates were not available at the time of publication.",... ,... , ...,"Estimates were not available at the time of publication.",... ,... , ...,"Estimates were not available at the time of publication.",... ,... , ...,"Estimates were not available at the time of publication.",... ,... , ...,"Estimates were not available at the time of publication.",... ,... , ...,"Estimates were not available at the time of publication.",... ,... , ...,"Estimates were not available at the time of publication.",... ,... , ...,"Estimates were not available at the time of publication.",... ,... , ...,"Estimates were not available at the time of publication.",... ,... , ...,"Estimates were not available at the time of publication.",... ,... , ...,"Estimates were not available at the time of publication.",... ,... , ...,"Estimates were not available at the time of publication.",... ,... , ...,"Estimates were not available at the time of publication.",... ,... , ...,"Estimates were not available at the time of publication.",... ,... , ...,"Estimates were not available at the time of publication.",... ,... , ...,"Estimates were not available at the time of publication.",... ,... , ...,"Estimates were not available at the time of publication.",... ,... , ...,"Estimates were not available at the time of publication.",... ,... , ...,"Estimates were not available at the time of publication.",... ,... , ...,"Estimates were not available at the time of publication.",... ,... , ...,"Estimates were not available at the time of publication.",... ,... , ...,"Estimates were not available at the time of publication.",... ,... , ...,"Estimates were not available at the time of publication.",... ,... , ...,"Estimates were not available at the time of publication.",... ,... , ...,"Estimates were not available at the time of publication.",... ,... , ...,"Estimates were not available at the time of publication.",... ,... , ...,"Estimates were not available at the time of publication.",... ,... , ...,"Estimates were not available at the time of publication.",... ,... , ...,"Estimates were not available at the time of publication."
Niger,510 ,<500 , 680,,690 ,500 , 890,,890 ,670 , 1100,,1100 ,860 , 1400,,1300 ,1100 , 1600,,1500 ,1200 , 1800,,1600 ,1300 , 1900,,1700 ,1400 , 2100,,1800 ,1500 , 2100,,1800 ,1500 , 2100,,1700 ,1500 , 2100,,1700 ,1400 , 1900,,1600 ,1300 , 1900,,1500 ,1300 , 1800,,1400 ,1200 , 1700,,1400 ,1200 , 1600,,1300 ,1100 , 1400,,1200 ,980 , 1300,,1000 ,860 , 1200,,880 ,720 , 1000,,<500 ,<500 , 530,,<500 ,<500 , 660,,520 ,<500 , 660,,<500 ,<500 , 630,,<500 ,<500 , 550,,560 ,<500 , 690,,<500 ,<500 , <500,,550 ,<500 , 690,,550 ,<500 , 670,,570 ,<500 , 690,,590 ,500 , 730,,590 ,<500 , 710,,540 ,<500 , 660,,<500 ,<500 , 620,,<500 ,<500 , 550,
Nigeria,... ,... , ...,,... ,... , ...,,... ,... , ...,,... ,... , ...,,... ,... , ...,,... ,... , ...,,... ,... , ...,,... ,... , ...,,... ,... , ...,,... ,... , ...,,... ,... , ...,,... ,... , ...,,... ,... , ...,,... ,... , ...,,... ,... , ...,,... ,... , ...,,... ,... , ...,,... ,... , ...,,... ,... , ...,,... ,... , ...,,... ,... , ...,,... ,... , ...,,... ,... , ...,,... ,... , ...,,... ,... , ...,,... ,... , ...,,... ,... , ...,,... ,... , ...,,... ,... , ...,,... ,... , ...,,... ,... , ...,,... ,... , ...,,... ,... , ...,,... ,... , ...,,... ,... , ...,
North Macedonia,... ,... , ...,"Children estimates were not available at the time of publication.",... ,... , ...,"Children estimates were not available at the time of publication.",... ,... , ...,"Children estimates were not available at the time of publication.",... ,... , ...,"Children estimates were not available at the time of publication.",... ,... , ...,"Children estimates were not available at the time of publication.",... ,... , ...,"Children estimates were not available at the time of publication.",... ,... , ...,"Children estimates were not available at the time of publication.",... ,... , ...,"Children estimates were not available at the time of publication.",... ,... , ...,"Children estimates were not available at the time of publication.",... ,... , ...,"Children estimates were not available at the time of publication.",... ,... , ...,"Children estimates were not available at the time of publication.",... ,... , ...,"Children estimates were not available at the time of publication.",... ,... , ...,"Children estimates were not available at the time of publication.",... ,... , ...,"Children estimates were not available at the time of publication.",... ,... , ...,"Children estimates were not available at the time of publication.",... ,... , ...,"Children estimates were not available at the time of publication.",... ,... , ...,"Children estimates were not available at the time of publication.",... ,... , ...,"Children estimates were not available at the time of publication.",... ,... , ...,"Children estimates were not available at the time of publication.",... ,... , ...,"Children estimates were not available at the time of publication.",... ,... , ...,"Children estimates were not available at the time of publication.",... ,... , ...,"Children estimates were not available at the time of publication.",... ,... , ...,"Children estimates were not available at the time of publication.",... ,... , ...,"Children estimates were not available at the time of publication.",... ,... , ...,"Children estimates were not available at the time of publication.",... ,... , ...,"Children estimates were not available at the time of publication.",... ,... , ...,"Children estimates were not available at the time of publication.",... ,... , ...,"Children estimates were not available at the time of publication.",... ,... , ...,"Children estimates were not available at the time of publication.",... ,... , ...,"Children estimates were not available at the time of publication.",... ,... , ...,"Children estimates were not available at the time of publication.",... ,... , ...,"Children estimates were not available at the time of publication.",... ,... , ...,"Children estimates were not available at the time of publication.",... ,... , ...,"Children estimates were not available at the time of publication.",... ,... , ...,"Children estimates were not available at the time of publication."
Norway,... ,... , ...,"Children estimates were not available at the time of publication.",... ,... , ...,"Children estimates were not available at the time of publication.",... ,... , ...,"Children estimates were not available at the time of publication.",... ,... , ...,"Children estimates were not available at the time of publication.",... ,... , ...,"Children estimates were not available at the time of publication.",... ,... , ...,"Children estimates were not available at the time of publication.",... ,... , ...,"Children estimates were not available at the time of publication.",... ,... , ...,"Children estimates were not available at the time of publication.",... ,... , ...,"Children estimates were not available at the time of publication.",... ,... , ...,"Children estimates were not available at the time of publication.",... ,... , ...,"Children estimates were not available at the time of publication.",... ,... , ...,"Children estimates were not available at the time of publication.",... ,... , ...,"Children estimates were not available at the time of publication.",... ,... , ...,"Children estimates were not available at the time of publication.",... ,... , ...,"Children estimates were not available at the time of publication.",... ,... , ...,"Children estimates were not available at the time of publication.",... ,... , ...,"Children estimates were not available at the time of publication.",... ,... , ...,"Children estimates were not available at the time of publication.",... ,... , ...,"Children estimates were not available at the time of publication.",... ,... , ...,"Children estimates were not available at the time of publication.",... ,... , ...,"Children estimates were not available at the time of publication.",... ,... , ...,"Children estimates were not available at the time of publication.",... ,... , ...,"Children estimates were not available at the time of publication.",... ,... , ...,"Children estimates were not available at the time of publication.",... ,... , ...,"Children estimates were not available at the time of publication.",... ,... , ...,"Children estimates were not available at the time of publication.",... ,... , ...,"Children estimates were not available at the time of publication.",... ,... , ...,"Children estimates were not available at the time of publication.",... ,... , ...,"Children estimates were not available at the time of publication.",... ,... , ...,"Children estimates were not available at the time of publication.",... ,... , ...,"Children estimates were not available at the time of publication.",... ,... , ...,"Children estimates were not available at the time of publication.",... ,... , ...,"Children estimates were not available at the time of publication.",... ,... , ...,"Children estimates were not available at the time of publication.",... ,... , ...,"Children estimates were not available at the time of publication."
Oman,... ,... , ...,"Children estimates were not available at the time of publication.",... ,... , ...,"Children estimates were not available at the time of publication.",... ,... , ...,"Children estimates were not available at the time of publication.",... ,... , ...,"Children estimates were not available at the time of publication.",... ,... , ...,"Children estimates were not available at the time of publication.",... ,... , ...,"Children estimates were not available at the time of publication.",... ,... , ...,"Children estimates were not available at the time of publication.",... ,... , ...,"Children estimates were not available at the time of publication.",... ,... , ...,"Children estimates were not available at the time of publication.",... ,... , ...,"Children estimates were not available at the time of publication.",... ,... , ...,"Children estimates were not available at the time of publication.",... ,... , ...,"Children estimates were not available at the time of publication.",... ,... , ...,"Children estimates were not available at the time of publication.",... ,... , ...,"Children estimates were not available at the time of publication.",... ,... , ...,"Children estimates were not available at the time of publication.",... ,... , ...,"Children estimates were not available at the time of publication.",... ,... , ...,"Children estimates were not available at the time of publication.",... ,... , ...,"Children estimates were not available at the time of publication.",... ,... , ...,"Children estimates were not available at the time of publication.",... ,... , ...,"Children estimates were not available at the time of publication.",... ,... , ...,"Children estimates were not available at the time of publication.",... ,... , ...,"Children estimates were not available at the time of publication.",... ,... , ...,"Children estimates were not available at the time of publication.",... ,... , ...,"Children estimates were not available at the time of publication.",... ,... , ...,"Children estimates were not available at the time of publication.",... ,... , ...,"Children estimates were not available at the time of publication.",... ,... , ...,"Children estimates were not available at the time of publication.",... ,... , ...,"Children estimates were not available at the time of publication.",... ,... , ...,"Children estimates were not available at the time of publication.",... ,... , ...,"Children estimates were not available at the time of publication.",... ,... , ...,"Children estimates were not available at the time of publication.",... ,... , ...,"Children estimates were not available at the time of publication.",... ,... , ...,"Children estimates were not available at the time of publication.",... ,... , ...,"Children estimates were not available at the time of publication.",... ,... , ...,"Children estimates were not available at the time of publication."
Pakistan,... ,... , ...,,... ,... , ...,,... ,... , ...,,... ,... , ...,,... ,... , ...,,... ,... , ...,,... ,... , ...,,... ,... , ...,,... ,... , ...,,... ,... , ...,,... ,... , ...,,... ,... , ...,,... ,... , ...,,... ,... , ...,,... ,... , ...,,... ,... , ...,,... ,... , ...,,... ,... , ...,,... ,... , ...,,... ,... , ...,,... ,... , ...,,... ,... , ...,,... ,... , ...,,... ,... , ...,,... ,... , ...,,... ,... , ...,,... ,... , ...,,... ,... , ...,,... ,... , ...,,... ,... , ...,,... ,... , ...,,... ,... , ...,,... ,... , ...,,... ,... , ...,,... ,... , ...,
Panama,<100 ,<100 , <100,,<100 ,<100 , <100,,<100 ,<100 , <100,,<100 ,<100 , <100,,<100 ,<100 , <100,,<100 ,<100 , <100,,<100 ,<100 , <100,,<100 ,<100 , <100,,<100 ,<100 , <100,,<100 ,<100 , <100,,<100 ,<100 , <100,,<100 ,<100 , <100,,<100 ,<100 , <100,,<100 ,<100 , <100,,<100 ,<100 , <100,,<100 ,<100 , <100,,<100 ,<100 , <100,,<100 ,<100 , <100,,<100 ,<100 , <100,,<100 ,<100 , <100,,<100 ,<100 , <100,,<100 ,<100 , <100,,<100 ,<100 , <100,,<100 ,<100 , <100,,<100 ,<100 , <100,,<100 ,<100 , <100,,<100 ,<100 , <100,,<100 ,<100 , <100,,<100 ,<100 , <100,,<100 ,<100 , <100,,<100 ,<100 , <100,,<100 ,<100 , <100,,<100 ,<100 , <100,,<100 ,<100 , <100,,<100 ,<100 , <100,
Papua New Guinea,<500 ,<200 , <500,,<500 ,<200 , <500,,<500 ,<500 , <500,,<500 ,<500 , 530,,<500 ,<500 , 600,,540 ,<500 , 710,,630 ,<500 , 820,,720 ,550 , 950,,820 ,650 , 1100,,920 ,710 , 1200,,1000 ,790 , 1300,,1100 ,890 , 1400,,1200 ,960 , 1500,,1300 ,1100 , 1600,,1400 ,1100 , 1700,,1500 ,1200 , 1800,,1500 ,1300 , 1800,,1600 ,1300 , 1900,,1600 ,1300 , 2000,,1700 ,1300 , 2000,,1800 ,1500 , 2200,,1800 ,1500 , 2200,,1800 ,1600 , 2200,,1900 ,1600 , 2300,,1900 ,1600 , 2300,,2000 ,1700 , 2400,,2100 ,1700 , 2400,,2100 ,1800 , 2500,,2200 ,1800 , 2600,,2200 ,1800 , 2600,,2400 ,2000 , 2900,,2500 ,2100 , 3000,,2600 ,2200 , 3100,,2700 ,2200 , 3200,,2700 ,2200 , 3300,
Paraguay,<100 ,<100 , <100,,<100 ,<100 , <100,,<100 ,<100 , <100,,<100 ,<100 , <100,,<100 ,<100 , <100,,<100 ,<100 , <100,,<100 ,<100 , <100,,<100 ,<100 , <100,,<100 ,<100 , <100,,<100 ,<100 , <100,,<100 ,<100 , <100,,<100 ,<100 , <100,,<100 ,<100 , <100,,<100 ,<100 , <100,,<100 ,<100 , <100,,<100 ,<100 , <100,,<100 ,<100 , <100,,<100 ,<100 , <100,,<100 ,<100 , <100,,<100 ,<100 , <100,,<100 ,<100 , <100,,<100 ,<100 , <100,,<100 ,<100 , <100,,<100 ,<100 , <100,,<100 ,<100 , <100,,<100 ,<100 , <100,,<100 ,<100 , <100,,<100 ,<100 , <100,,<100 ,<100 , <100,,<100 ,<100 , <100,,<100 ,<100 , <100,,<100 ,<100 , <100,,<100 ,<100 , <100,,<100 ,<100 , <100,,<100 ,<100 , <100,
Peru,<200 ,<200 , <500,,<200 ,<200 , <500,,<500 ,<200 , <500,,<500 ,<200 , <500,,<500 ,<200 , <500,,<500 ,<200 , <500,,<500 ,<500 , <500,,<500 ,<500 , <500,,<500 ,<500 , <500,,<500 ,<500 , <500,,<500 ,<500 , <500,,<500 ,<500 , <500,,<500 ,<500 , <500,,<500 ,<200 , <500,,<500 ,<500 , <500,,<500 ,<500 , <500,,<500 ,<500 , <500,,<500 ,<200 , <500,,<500 ,<200 , <500,,<500 ,<200 , <500,,<500 ,<200 , <500,,<500 ,<200 , <500,,<200 ,<200 , <500,,<500 ,<200 , <500,,<200 ,<200 , <500,,<500 ,<200 , <500,,<500 ,<200 , <500,,<500 ,<200 , <500,,<200 ,<200 , <500,,<200 ,<200 , <500,,<200 ,<200 , <200,,<200 ,<200 , <200,,<200 ,<100 , <200,,<200 ,<100 , <200,,<200 ,<100 , <200,
Philippines,<100 ,<100 , <100,,<100 ,<100 , <100,,<100 ,<100 , <100,,<100 ,<100 , <100,,<100 ,<100 , <100,,<100 ,<100 , <100,,<100 ,<100 , <100,,<100 ,<100 , <100,,<100 ,<100 , <100,,<100 ,<100 , <100,,<100 ,<100 , <100,,<100 ,<100 , <100,,<100 ,<100 , <100,,<100 ,<100 , <100,,<100 ,<100 , <100,,<100 ,<100 , <100,,<100 ,<100 , <100,,<100 ,<100 , <100,,<100 ,<100 , <100,,<100 ,<100 , <100,,<100 ,<100 , <100,,<100 ,<100 , <100,,<100 ,<100 , <100,,<100 ,<100 , <200,,<200 ,<100 , <200,,<200 ,<200 , <200,,<200 ,<200 , <200,,<200 ,<200 , <200,,<200 ,<200 , <500,,<200 ,<200 , <500,,<200 ,<200 , <500,,<500 ,<200 , <500,,<500 ,<500 , <500,,<500 ,<500 , <500,,<500 ,<500 , <500,
Poland,... ,... , ...,"Estimates were not available at the time of publication.",... ,... , ...,"Estimates were not available at the time of publication.",... ,... , ...,"Estimates were not available at the time of publication.",... ,... , ...,"Estimates were not available at the time of publication.",... ,... , ...,"Estimates were not available at the time of publication.",... ,... , ...,"Estimates were not available at the time of publication.",... ,... , ...,"Estimates were not available at the time of publication.",... ,... , ...,"Estimates were not available at the time of publication.",... ,... , ...,"Estimates were not available at the time of publication.",... ,... , ...,"Estimates were not available at the time of publication.",... ,... , ...,"Estimates were not available at the time of publication.",... ,... , ...,"Estimates were not available at the time of publication.",... ,... , ...,"Estimates were not available at the time of publication.",... ,... , ...,"Estimates were not available at the time of publication.",... ,... , ...,"Estimates were not available at the time of publication.",... ,... , ...,"Estimates were not available at the time of publication.",... ,... , ...,"Estimates were not available at the time of publication.",... ,... , ...,"Estimates were not available at the time of publication.",... ,... , ...,"Estimates were not available at the time of publication.",... ,... , ...,"Estimates were not available at the time of publication.",... ,... , ...,"Estimates were not available at the time of publication.",... ,... , ...,"Estimates were not available at the time of publication.",... ,... , ...,"Estimates were not available at the time of publication.",... ,... , ...,"Estimates were not available at the time of publication.",... ,... , ...,"Estimates were not available at the time of publication.",... ,... , ...,"Estimates were not available at the time of publication.",... ,... , ...,"Estimates were not available at the time of publication.",... ,... , ...,"Estimates were not available at the time of publication.",... ,... , ...,"Estimates were not available at the time of publication.",... ,... , ...,"Estimates were not available at the time of publication.",... ,... , ...,"Estimates were not available at the time of publication.",... ,... , ...,"Estimates were not available at the time of publication.",... ,... , ...,"Estimates were not available at the time of publication.",... ,... , ...,"Estimates were not available at the time of publication.",... ,... , ...,"Estimates were not available at the time of publication."
Portugal,<100 ,<100 , <100,,<100 ,<100 , <100,,<100 ,<100 , <100,,<100 ,<100 , <100,,<100 ,<100 , <100,,<100 ,<100 , <100,,<100 ,<100 , <100,,<100 ,<100 , <100,,<100 ,<100 , <100,,<100 ,<100 , <100,,<100 ,<100 , <100,,<100 ,<100 , <100,,<100 ,<100 , <100,,<100 ,<100 , <100,,<100 ,<100 , <100,,<100 ,<100 , <100,,<100 ,<100 , <100,,<100 ,<100 , <100,,<100 ,<100 , <100,,<100 ,<100 , <100,,<100 ,<100 , <100,,<100 ,<100 , <100,,<100 ,<100 , <100,,<100 ,<100 , <100,,<100 ,<100 , <100,,<100 ,<100 , <100,,<100 ,<100 , <100,,<100 ,<100 , <100,,<100 ,<100 , <100,,<100 ,<100 , <100,,<100 ,<100 , <100,,<100 ,<100 , <100,,<100 ,<100 , <100,,<100 ,<100 , <100,,<100 ,<100 , <100,
Qatar,... ,... , ...,"Children estimates were not available at the time of publication.",... ,... , ...,"Children estimates were not available at the time of publication.",... ,... , ...,"Children estimates were not available at the time of publication.",... ,... , ...,"Children estimates were not available at the time of publication.",... ,... , ...,"Children estimates were not available at the time of publication.",... ,... , ...,"Children estimates were not available at the time of publication.",... ,... , ...,"Children estimates were not available at the time of publication.",... ,... , ...,"Children estimates were not available at the time of publication.",... ,... , ...,"Children estimates were not available at the time of publication.",... ,... , ...,"Children estimates were not available at the time of publication.",... ,... , ...,"Children estimates were not available at the time of publication.",... ,... , ...,"Children estimates were not available at the time of publication.",... ,... , ...,"Children estimates were not available at the time of publication.",... ,... , ...,"Children estimates were not available at the time of publication.",... ,... , ...,"Children estimates were not available at the time of publication.",... ,... , ...,"Children estimates were not available at the time of publication.",... ,... , ...,"Children estimates were not available at the time of publication.",... ,... , ...,"Children estimates were not available at the time of publication.",... ,... , ...,"Children estimates were not available at the time of publication.",... ,... , ...,"Children estimates were not available at the time of publication.",... ,... , ...,"Children estimates were not available at the time of publication.",... ,... , ...,"Children estimates were not available at the time of publication.",... ,... , ...,"Children estimates were not available at the time of publication.",... ,... , ...,"Children estimates were not available at the time of publication.",... ,... , ...,"Children estimates were not available at the time of publication.",... ,... , ...,"Children estimates were not available at the time of publication.",... ,... , ...,"Children estimates were not available at the time of publication.",... ,... , ...,"Children estimates were not available at the time of publication.",... ,... , ...,"Children estimates were not available at the time of publication.",... ,... , ...,"Children estimates were not available at the time of publication.",... ,... , ...,"Children estimates were not available at the time of publication.",... ,... , ...,"Children estimates were not available at the time of publication.",... ,... , ...,"Children estimates were not available at the time of publication.",... ,... , ...,"Children estimates were not available at the time of publication.",... ,... , ...,"Children estimates were not available at the time of publication."
Republic of Korea,... ,... , ...,"Estimates were not available at the time of publication.",... ,... , ...,"Estimates were not available at the time of publication.",... ,... , ...,"Estimates were not available at the time of publication.",... ,... , ...,"Estimates were not available at the time of publication.",... ,... , ...,"Estimates were not available at the time of publication.",... ,... , ...,"Estimates were not available at the time of publication.",... ,... , ...,"Estimates were not available at the time of publication.",... ,... , ...,"Estimates were not available at the time of publication.",... ,... , ...,"Estimates were not available at the time of publication.",... ,... , ...,"Estimates were not available at the time of publication.",... ,... , ...,"Estimates were not available at the time of publication.",... ,... , ...,"Estimates were not available at the time of publication.",... ,... , ...,"Estimates were not available at the time of publication.",... ,... , ...,"Estimates were not available at the time of publication.",... ,... , ...,"Estimates were not available at the time of publication.",... ,... , ...,"Estimates were not available at the time of publication.",... ,... , ...,"Estimates were not available at the time of publication.",... ,... , ...,"Estimates were not available at the time of publication.",... ,... , ...,"Estimates were not available at the time of publication.",... ,... , ...,"Estimates were not available at the time of publication.",... ,... , ...,"Estimates were not available at the time of publication.",... ,... , ...,"Estimates were not available at the time of publication.",... ,... , ...,"Estimates were not available at the time of publication.",... ,... , ...,"Estimates were not available at the time of publication.",... ,... , ...,"Estimates were not available at the time of publication.",... ,... , ...,"Estimates were not available at the time of publication.",... ,... , ...,"Estimates were not available at the time of publication.",... ,... , ...,"Estimates were not available at the time of publication.",... ,... , ...,"Estimates were not available at the time of publication.",... ,... , ...,"Estimates were not available at the time of publication.",... ,... , ...,"Estimates were not available at the time of publication.",... ,... , ...,"Estimates were not available at the time of publication.",... ,... , ...,"Estimates were not available at the time of publication.",... ,... , ...,"Estimates were not available at the time of publication.",... ,... , ...,"Estimates were not available at the time of publication."
Republic of Moldova,<100 ,<100 , <100,,<100 ,<100 , <100,,<100 ,<100 , <100,,<100 ,<100 , <100,,<100 ,<100 , <100,,<100 ,<100 , <100,,<100 ,<100 , <100,,<100 ,<100 , <100,,<100 ,<100 , <100,,<100 ,<100 , <100,,<100 ,<100 , <100,,<100 ,<100 , <100,,<100 ,<100 , <200,,<100 ,<100 , <200,,<100 ,<100 , <200,,<100 ,<100 , <200,,<100 ,<100 , <200,,<100 ,<100 , <200,,<100 ,<100 , <100,,<100 ,<100 , <100,,<100 ,<100 , <100,,<100 ,<100 , <100,,<100 ,<100 , <100,,<100 ,<100 , <100,,<100 ,<100 , <100,,<100 ,<100 , <100,,<100 ,<100 , <100,,<100 ,<100 , <100,,<100 ,<100 , <100,,<100 ,<100 , <100,,<100 ,<100 , <100,,<100 ,<100 , <100,,<100 ,<100 , <100,,<100 ,<100 , <100,,<100 ,<100 , <100,
Romania,1600 ,1600 , 1600,,2000 ,2000 , 2000,,1800 ,1800 , 1800,,1500 ,1500 , 1500,,1100 ,1100 , 1100,,<500 ,<500 , <500,,<500 ,<500 , <500,,<200 ,<200 , <200,,<200 ,<200 , <200,,<200 ,<200 , <200,,<200 ,<200 , <200,,<200 ,<200 , <200,,<200 ,<200 , <200,,<200 ,<200 , <200,,<200 ,<200 , <200,,<100 ,<100 , <100,,<100 ,<100 , <100,,<100 ,<100 , <100,,<100 ,<100 , <100,,<100 ,<100 , <100,,<100 ,<100 , <100,,<100 ,<100 , <100,,<100 ,<100 , <100,,<100 ,<100 , <100,,<100 ,<100 , <100,,<100 ,<100 , <100,,<100 ,<100 , <100,,<100 ,<100 , <100,,<100 ,<100 , <100,,<100 ,<100 , <100,,<100 ,<100 , <100,,<100 ,<100 , <100,,<100 ,<100 , <100,,<100 ,<100 , <100,,<100 ,<100 , <100,
Russian Federation,... ,... , ...,"Estimates were not available at the time of publication.",... ,... , ...,"Estimates were not available at the time of publication.",... ,... , ...,"Estimates were not available at the time of publication.",... ,... , ...,"Estimates were not available at the time of publication.",... ,... , ...,"Estimates were not available at the time of publication.",... ,... , ...,"Estimates were not available at the time of publication.",... ,... , ...,"Estimates were not available at the time of publication.",... ,... , ...,"Estimates were not available at the time of publication.",... ,... , ...,"Estimates were not available at the time of publication.",... ,... , ...,"Estimates were not available at the time of publication.",... ,... , ...,"Estimates were not available at the time of publication.",... ,... , ...,"Estimates were not available at the time of publication.",... ,... , ...,"Estimates were not available at the time of publication.",... ,... , ...,"Estimates were not available at the time of publication.",... ,... , ...,"Estimates were not available at the time of publication.",... ,... , ...,"Estimates were not available at the time of publication.",... ,... , ...,"Estimates were not available at the time of publication.",... ,... , ...,"Estimates were not available at the time of publication.",... ,... , ...,"Estimates were not available at the time of publication.",... ,... , ...,"Estimates were not available at the time of publication.",... ,... , ...,"Estimates were not available at the time of publication.",... ,... , ...,"Estimates were not available at the time of publication.",... ,... , ...,"Estimates were not available at the time of publication.",... ,... , ...,"Estimates were not available at the time of publication.",... ,... , ...,"Estimates were not available at the time of publication.",... ,... , ...,"Estimates were not available at the time of publication.",... ,... , ...,"Estimates were not available at the time of publication.",... ,... , ...,"Estimates were not available at the time of publication.",... ,... , ...,"Estimates were not available at the time of publication.",... ,... , ...,"Estimates were not available at the time of publication.",... ,... , ...,"Estimates were not available at the time of publication.",... ,... , ...,"Estimates were not available at the time of publication.",... ,... , ...,"Estimates were not available at the time of publication.",... ,... , ...,"Estimates were not available at the time of publication.",... ,... , ...,"Estimates were not available at the time of publication."
Rwanda,4600 ,3100 , 7100,,5300 ,3900 , 7400,,6100 ,4500 , 7900,,6700 ,5300 , 8500,,6800 ,5600 , 8600,,5100 ,4200 , 6100,,5700 ,4800 , 6700,,7000 ,6000 , 8200,,7700 ,6700 , 8800,,7500 ,6600 , 8600,,7300 ,6400 , 8400,,7100 ,6300 , 8100,,6800 ,5900 , 7600,,6300 ,5600 , 7100,,5500 ,4900 , 6300,,5100 ,4500 , 5700,,4600 ,4100 , 5300,,3700 ,3100 , 4300,,3000 ,2400 , 3500,,2500 ,2000 , 3000,,2300 ,1800 , 2800,,1100 ,910 , 1300,,1200 ,990 , 1700,,1100 ,910 , 1500,,950 ,800 , 1300,,720 ,610 , 980,,640 ,530 , 880,,760 ,540 , 1100,,730 ,<500 , 1100,,<500 ,<500 , 750,,<500 ,<500 , 580,,<500 ,<500 , 570,,<500 ,<500 , 730,,540 ,<500 , 820,,<500 ,<500 , 540,
Saint Kitts and Nevis,... ,... , ...,"Countries with a UNAIDS-approved estimate and population less than 250000 in 2024; not included in regional or global totals",... ,... , ...,"Countries with a UNAIDS-approved estimate and population less than 250000 in 2024; not included in regional or global totals",... ,... , ...,"Countries with a UNAIDS-approved estimate and population less than 250000 in 2024; not included in regional or global totals",... ,... , ...,"Countries with a UNAIDS-approved estimate and population less than 250000 in 2024; not included in regional or global totals",... ,... , ...,"Countries with a UNAIDS-approved estimate and population less than 250000 in 2024; not included in regional or global totals",... ,... , ...,"Countries with a UNAIDS-approved estimate and population less than 250000 in 2024; not included in regional or global totals",... ,... , ...,"Countries with a UNAIDS-approved estimate and population less than 250000 in 2024; not included in regional or global totals",... ,... , ...,"Countries with a UNAIDS-approved estimate and population less than 250000 in 2024; not included in regional or global totals",... ,... , ...,"Countries with a UNAIDS-approved estimate and population less than 250000 in 2024; not included in regional or global totals",... ,... , ...,"Countries with a UNAIDS-approved estimate and population less than 250000 in 2024; not included in regional or global totals",... ,... , ...,"Countries with a UNAIDS-approved estimate and population less than 250000 in 2024; not included in regional or global totals",... ,... , ...,"Countries with a UNAIDS-approved estimate and population less than 250000 in 2024; not included in regional or global totals",... ,... , ...,"Countries with a UNAIDS-approved estimate and population less than 250000 in 2024; not included in regional or global totals",... ,... , ...,"Countries with a UNAIDS-approved estimate and population less than 250000 in 2024; not included in regional or global totals",... ,... , ...,"Countries with a UNAIDS-approved estimate and population less than 250000 in 2024; not included in regional or global totals",... ,... , ...,"Countries with a UNAIDS-approved estimate and population less than 250000 in 2024; not included in regional or global totals",... ,... , ...,"Countries with a UNAIDS-approved estimate and population less than 250000 in 2024; not included in regional or global totals",... ,... , ...,"Countries with a UNAIDS-approved estimate and population less than 250000 in 2024; not included in regional or global totals",... ,... , ...,"Countries with a UNAIDS-approved estimate and population less than 250000 in 2024; not included in regional or global totals",... ,... , ...,"Countries with a UNAIDS-approved estimate and population less than 250000 in 2024; not included in regional or global totals",... ,... , ...,"Countries with a UNAIDS-approved estimate and population less than 250000 in 2024; not included in regional or global totals",... ,... , ...,"Countries with a UNAIDS-approved estimate and population less than 250000 in 2024; not included in regional or global totals",... ,... , ...,"Countries with a UNAIDS-approved estimate and population less than 250000 in 2024; not included in regional or global totals",... ,... , ...,"Countries with a UNAIDS-approved estimate and population less than 250000 in 2024; not included in regional or global totals",... ,... , ...,"Countries with a UNAIDS-approved estimate and population less than 250000 in 2024; not included in regional or global totals",... ,... , ...,"Countries with a UNAIDS-approved estimate and population less than 250000 in 2024; not included in regional or global totals",... ,... , ...,"Countries with a UNAIDS-approved estimate and population less than 250000 in 2024; not included in regional or global totals",... ,... , ...,"Countries with a UNAIDS-approved estimate and population less than 250000 in 2024; not included in regional or global totals",... ,... , ...,"Countries with a UNAIDS-approved estimate and population less than 250000 in 2024; not included in regional or global totals",... ,... , ...,"Countries with a UNAIDS-approved estimate and population less than 250000 in 2024; not included in regional or global totals",... ,... , ...,"Countries with a UNAIDS-approved estimate and population less than 250000 in 2024; not included in regional or global totals",... ,... , ...,"Countries with a UNAIDS-approved estimate and population less than 250000 in 2024; not included in regional or global totals",... ,... , ...,"Countries with a UNAIDS-approved estimate and population less than 250000 in 2024; not included in regional or global totals",... ,... , ...,"Countries with a UNAIDS-approved estimate and population less than 250000 in 2024; not included in regional or global totals",... ,... , ...,"Countries with a UNAIDS-approved estimate and population less than 250000 in 2024; not included in regional or global totals"
Saint Lucia,... ,... , ...,"Countries with a UNAIDS-approved estimate and population less than 250000 in 2024; not included in regional or global totals",... ,... , ...,"Countries with a UNAIDS-approved estimate and population less than 250000 in 2024; not included in regional or global totals",... ,... , ...,"Countries with a UNAIDS-approved estimate and population less than 250000 in 2024; not included in regional or global totals",... ,... , ...,"Countries with a UNAIDS-approved estimate and population less than 250000 in 2024; not included in regional or global totals",... ,... , ...,"Countries with a UNAIDS-approved estimate and population less than 250000 in 2024; not included in regional or global totals",... ,... , ...,"Countries with a UNAIDS-approved estimate and population less than 250000 in 2024; not included in regional or global totals",... ,... , ...,"Countries with a UNAIDS-approved estimate and population less than 250000 in 2024; not included in regional or global totals",... ,... , ...,"Countries with a UNAIDS-approved estimate and population less than 250000 in 2024; not included in regional or global totals",... ,... , ...,"Countries with a UNAIDS-approved estimate and population less than 250000 in 2024; not included in regional or global totals",... ,... , ...,"Countries with a UNAIDS-approved estimate and population less than 250000 in 2024; not included in regional or global totals",... ,... , ...,"Countries with a UNAIDS-approved estimate and population less than 250000 in 2024; not included in regional or global totals",... ,... , ...,"Countries with a UNAIDS-approved estimate and population less than 250000 in 2024; not included in regional or global totals",... ,... , ...,"Countries with a UNAIDS-approved estimate and population less than 250000 in 2024; not included in regional or global totals",... ,... , ...,"Countries with a UNAIDS-approved estimate and population less than 250000 in 2024; not included in regional or global totals",... ,... , ...,"Countries with a UNAIDS-approved estimate and population less than 250000 in 2024; not included in regional or global totals",... ,... , ...,"Countries with a UNAIDS-approved estimate and population less than 250000 in 2024; not included in regional or global totals",... ,... , ...,"Countries with a UNAIDS-approved estimate and population less than 250000 in 2024; not included in regional or global totals",... ,... , ...,"Countries with a UNAIDS-approved estimate and population less than 250000 in 2024; not included in regional or global totals",... ,... , ...,"Countries with a UNAIDS-approved estimate and population less than 250000 in 2024; not included in regional or global totals",... ,... , ...,"Countries with a UNAIDS-approved estimate and population less than 250000 in 2024; not included in regional or global totals",... ,... , ...,"Countries with a UNAIDS-approved estimate and population less than 250000 in 2024; not included in regional or global totals",... ,... , ...,"Countries with a UNAIDS-approved estimate and population less than 250000 in 2024; not included in regional or global totals",... ,... , ...,"Countries with a UNAIDS-approved estimate and population less than 250000 in 2024; not included in regional or global totals",... ,... , ...,"Countries with a UNAIDS-approved estimate and population less than 250000 in 2024; not included in regional or global totals",... ,... , ...,"Countries with a UNAIDS-approved estimate and population less than 250000 in 2024; not included in regional or global totals",... ,... , ...,"Countries with a UNAIDS-approved estimate and population less than 250000 in 2024; not included in regional or global totals",... ,... , ...,"Countries with a UNAIDS-approved estimate and population less than 250000 in 2024; not included in regional or global totals",... ,... , ...,"Countries with a UNAIDS-approved estimate and population less than 250000 in 2024; not included in regional or global totals",... ,... , ...,"Countries with a UNAIDS-approved estimate and population less than 250000 in 2024; not included in regional or global totals",... ,... , ...,"Countries with a UNAIDS-approved estimate and population less than 250000 in 2024; not included in regional or global totals",... ,... , ...,"Countries with a UNAIDS-approved estimate and population less than 250000 in 2024; not included in regional or global totals",... ,... , ...,"Countries with a UNAIDS-approved estimate and population less than 250000 in 2024; not included in regional or global totals",... ,... , ...,"Countries with a UNAIDS-approved estimate and population less than 250000 in 2024; not included in regional or global totals",... ,... , ...,"Countries with a UNAIDS-approved estimate and population less than 250000 in 2024; not included in regional or global totals",... ,... , ...,"Countries with a UNAIDS-approved estimate and population less than 250000 in 2024; not included in regional or global totals"
Saint Vincent and the Grenadines,... ,... , ...,"Countries with a UNAIDS-approved estimate and population less than 250000 in 2024; not included in regional or global totals",... ,... , ...,"Countries with a UNAIDS-approved estimate and population less than 250000 in 2024; not included in regional or global totals",... ,... , ...,"Countries with a UNAIDS-approved estimate and population less than 250000 in 2024; not included in regional or global totals",... ,... , ...,"Countries with a UNAIDS-approved estimate and population less than 250000 in 2024; not included in regional or global totals",... ,... , ...,"Countries with a UNAIDS-approved estimate and population less than 250000 in 2024; not included in regional or global totals",... ,... , ...,"Countries with a UNAIDS-approved estimate and population less than 250000 in 2024; not included in regional or global totals",... ,... , ...,"Countries with a UNAIDS-approved estimate and population less than 250000 in 2024; not included in regional or global totals",... ,... , ...,"Countries with a UNAIDS-approved estimate and population less than 250000 in 2024; not included in regional or global totals",... ,... , ...,"Countries with a UNAIDS-approved estimate and population less than 250000 in 2024; not included in regional or global totals",... ,... , ...,"Countries with a UNAIDS-approved estimate and population less than 250000 in 2024; not included in regional or global totals",... ,... , ...,"Countries with a UNAIDS-approved estimate and population less than 250000 in 2024; not included in regional or global totals",... ,... , ...,"Countries with a UNAIDS-approved estimate and population less than 250000 in 2024; not included in regional or global totals",... ,... , ...,"Countries with a UNAIDS-approved estimate and population less than 250000 in 2024; not included in regional or global totals",... ,... , ...,"Countries with a UNAIDS-approved estimate and population less than 250000 in 2024; not included in regional or global totals",... ,... , ...,"Countries with a UNAIDS-approved estimate and population less than 250000 in 2024; not included in regional or global totals",... ,... , ...,"Countries with a UNAIDS-approved estimate and population less than 250000 in 2024; not included in regional or global totals",... ,... , ...,"Countries with a UNAIDS-approved estimate and population less than 250000 in 2024; not included in regional or global totals",... ,... , ...,"Countries with a UNAIDS-approved estimate and population less than 250000 in 2024; not included in regional or global totals",... ,... , ...,"Countries with a UNAIDS-approved estimate and population less than 250000 in 2024; not included in regional or global totals",... ,... , ...,"Countries with a UNAIDS-approved estimate and population less than 250000 in 2024; not included in regional or global totals",... ,... , ...,"Countries with a UNAIDS-approved estimate and population less than 250000 in 2024; not included in regional or global totals",... ,... , ...,"Countries with a UNAIDS-approved estimate and population less than 250000 in 2024; not included in regional or global totals",... ,... , ...,"Countries with a UNAIDS-approved estimate and population less than 250000 in 2024; not included in regional or global totals",... ,... , ...,"Countries with a UNAIDS-approved estimate and population less than 250000 in 2024; not included in regional or global totals",... ,... , ...,"Countries with a UNAIDS-approved estimate and population less than 250000 in 2024; not included in regional or global totals",... ,... , ...,"Countries with a UNAIDS-approved estimate and population less than 250000 in 2024; not included in regional or global totals",... ,... , ...,"Countries with a UNAIDS-approved estimate and population less than 250000 in 2024; not included in regional or global totals",... ,... , ...,"Countries with a UNAIDS-approved estimate and population less than 250000 in 2024; not included in regional or global totals",... ,... , ...,"Countries with a UNAIDS-approved estimate and population less than 250000 in 2024; not included in regional or global totals",... ,... , ...,"Countries with a UNAIDS-approved estimate and population less than 250000 in 2024; not included in regional or global totals",... ,... , ...,"Countries with a UNAIDS-approved estimate and population less than 250000 in 2024; not included in regional or global totals",... ,... , ...,"Countries with a UNAIDS-approved estimate and population less than 250000 in 2024; not included in regional or global totals",... ,... , ...,"Countries with a UNAIDS-approved estimate and population less than 250000 in 2024; not included in regional or global totals",... ,... , ...,"Countries with a UNAIDS-approved estimate and population less than 250000 in 2024; not included in regional or global totals",... ,... , ...,"Countries with a UNAIDS-approved estimate and population less than 250000 in 2024; not included in regional or global totals"
Sao Tome and Principe,... ,... , ...,"Estimates were not available at the time of publication.",... ,... , ...,"Estimates were not available at the time of publication.",... ,... , ...,"Estimates were not available at the time of publication.",... ,... , ...,"Estimates were not available at the time of publication.",... ,... , ...,"Estimates were not available at the time of publication.",... ,... , ...,"Estimates were not available at the time of publication.",... ,... , ...,"Estimates were not available at the time of publication.",... ,... , ...,"Estimates were not available at the time of publication.",... ,... , ...,"Estimates were not available at the time of publication.",... ,... , ...,"Estimates were not available at the time of publication.",... ,... , ...,"Estimates were not available at the time of publication.",... ,... , ...,"Estimates were not available at the time of publication.",... ,... , ...,"Estimates were not available at the time of publication.",... ,... , ...,"Estimates were not available at the time of publication.",... ,... , ...,"Estimates were not available at the time of publication.",... ,... , ...,"Estimates were not available at the time of publication.",... ,... , ...,"Estimates were not available at the time of publication.",... ,... , ...,"Estimates were not available at the time of publication.",... ,... , ...,"Estimates were not available at the time of publication.",... ,... , ...,"Estimates were not available at the time of publication.",... ,... , ...,"Estimates were not available at the time of publication.",... ,... , ...,"Estimates were not available at the time of publication.",... ,... , ...,"Estimates were not available at the time of publication.",... ,... , ...,"Estimates were not available at the time of publication.",... ,... , ...,"Estimates were not available at the time of publication.",... ,... , ...,"Estimates were not available at the time of publication.",... ,... , ...,"Estimates were not available at the time of publication.",... ,... , ...,"Estimates were not available at the time of publication.",... ,... , ...,"Estimates were not available at the time of publication.",... ,... , ...,"Estimates were not available at the time of publication.",... ,... , ...,"Estimates were not available at the time of publication.",... ,... , ...,"Estimates were not available at the time of publication.",... ,... , ...,"Estimates were not available at the time of publication.",... ,... , ...,"Estimates were not available at the time of publication.",... ,... , ...,"Estimates were not available at the time of publication."
Saudi Arabia,... ,... , ...,"Children estimates were not available at the time of publication.",... ,... , ...,"Children estimates were not available at the time of publication.",... ,... , ...,"Children estimates were not available at the time of publication.",... ,... , ...,"Children estimates were not available at the time of publication.",... ,... , ...,"Children estimates were not available at the time of publication.",... ,... , ...,"Children estimates were not available at the time of publication.",... ,... , ...,"Children estimates were not available at the time of publication.",... ,... , ...,"Children estimates were not available at the time of publication.",... ,... , ...,"Children estimates were not available at the time of publication.",... ,... , ...,"Children estimates were not available at the time of publication.",... ,... , ...,"Children estimates were not available at the time of publication.",... ,... , ...,"Children estimates were not available at the time of publication.",... ,... , ...,"Children estimates were not available at the time of publication.",... ,... , ...,"Children estimates were not available at the time of publication.",... ,... , ...,"Children estimates were not available at the time of publication.",... ,... , ...,"Children estimates were not available at the time of publication.",... ,... , ...,"Children estimates were not available at the time of publication.",... ,... , ...,"Children estimates were not available at the time of publication.",... ,... , ...,"Children estimates were not available at the time of publication.",... ,... , ...,"Children estimates were not available at the time of publication.",... ,... , ...,"Children estimates were not available at the time of publication.",... ,... , ...,"Children estimates were not available at the time of publication.",... ,... , ...,"Children estimates were not available at the time of publication.",... ,... , ...,"Children estimates were not available at the time of publication.",... ,... , ...,"Children estimates were not available at the time of publication.",... ,... , ...,"Children estimates were not available at the time of publication.",... ,... , ...,"Children estimates were not available at the time of publication.",... ,... , ...,"Children estimates were not available at the time of publication.",... ,... , ...,"Children estimates were not available at the time of publication.",... ,... , ...,"Children estimates were not available at the time of publication.",... ,... , ...,"Children estimates were not available at the time of publication.",... ,... , ...,"Children estimates were not available at the time of publication.",... ,... , ...,"Children estimates were not available at the time of publication.",... ,... , ...,"Children estimates were not available at the time of publication.",... ,... , ...,"Children estimates were not available at the time of publication."
Senegal,<500 ,<200 , <500,,<500 ,<500 , <500,,<500 ,<500 , <500,,<500 ,<500 , <500,,<500 ,<500 , 530,,590 ,540 , 640,,690 ,640 , 750,,810 ,740 , 880,,930 ,850 , 1000,,1000 ,960 , 1100,,1100 ,1000 , 1200,,1100 ,1000 , 1200,,1100 ,1000 , 1200,,1100 ,990 , 1200,,1000 ,950 , 1200,,980 ,890 , 1100,,910 ,820 , 990,,800 ,730 , 870,,680 ,620 , 750,,580 ,520 , 640,,630 ,570 , 680,,570 ,520 , 640,,570 ,520 , 630,,<500 ,<500 , <500,,<500 ,<500 , <500,,<500 ,<500 , <500,,<500 ,<500 , <500,,<500 ,<500 , <500,,<200 ,<200 , <500,,<200 ,<200 , <200,,<200 ,<200 , <200,,<200 ,<200 , <500,,<500 ,<500 , <500,,<500 ,<500 , <500,,<500 ,<500 , <500,
Serbia,... ,... , ...,"Children estimates were not available at the time of publication.",... ,... , ...,"Children estimates were not available at the time of publication.",... ,... , ...,"Children estimates were not available at the time of publication.",... ,... , ...,"Children estimates were not available at the time of publication.",... ,... , ...,"Children estimates were not available at the time of publication.",... ,... , ...,"Children estimates were not available at the time of publication.",... ,... , ...,"Children estimates were not available at the time of publication.",... ,... , ...,"Children estimates were not available at the time of publication.",... ,... , ...,"Children estimates were not available at the time of publication.",... ,... , ...,"Children estimates were not available at the time of publication.",... ,... , ...,"Children estimates were not available at the time of publication.",... ,... , ...,"Children estimates were not available at the time of publication.",... ,... , ...,"Children estimates were not available at the time of publication.",... ,... , ...,"Children estimates were not available at the time of publication.",... ,... , ...,"Children estimates were not available at the time of publication.",... ,... , ...,"Children estimates were not available at the time of publication.",... ,... , ...,"Children estimates were not available at the time of publication.",... ,... , ...,"Children estimates were not available at the time of publication.",... ,... , ...,"Children estimates were not available at the time of publication.",... ,... , ...,"Children estimates were not available at the time of publication.",... ,... , ...,"Children estimates were not available at the time of publication.",... ,... , ...,"Children estimates were not available at the time of publication.",... ,... , ...,"Children estimates were not available at the time of publication.",... ,... , ...,"Children estimates were not available at the time of publication.",... ,... , ...,"Children estimates were not available at the time of publication.",... ,... , ...,"Children estimates were not available at the time of publication.",... ,... , ...,"Children estimates were not available at the time of publication.",... ,... , ...,"Children estimates were not available at the time of publication.",... ,... , ...,"Children estimates were not available at the time of publication.",... ,... , ...,"Children estimates were not available at the time of publication.",... ,... , ...,"Children estimates were not available at the time of publication.",... ,... , ...,"Children estimates were not available at the time of publication.",... ,... , ...,"Children estimates were not available at the time of publication.",... ,... , ...,"Children estimates were not available at the time of publication.",... ,... , ...,"Children estimates were not available at the time of publication."
Sierra Leone,650 ,<500 , 1000,,830 ,<500 , 1300,,940 ,540 , 1400,,1100 ,650 , 1500,,1200 ,780 , 1700,,1300 ,880 , 1800,,1400 ,1000 , 1900,,1500 ,1100 , 2000,,1600 ,1200 , 2100,,1700 ,1300 , 2200,,1700 ,1400 , 2200,,1800 ,1500 , 2200,,2000 ,1600 , 2400,,2000 ,1700 , 2400,,2000 ,1700 , 2400,,2000 ,1700 , 2400,,2000 ,1700 , 2400,,2000 ,1600 , 2300,,1600 ,1200 , 1900,,1700 ,1300 , 2000,,1500 ,1200 , 1900,,1400 ,1000 , 1700,,1200 ,900 , 1500,,1300 ,940 , 1600,,1400 ,1100 , 1700,,1300 ,900 , 1600,,1300 ,930 , 1600,,1200 ,840 , 1500,,1100 ,700 , 1500,,1100 ,720 , 1500,,1200 ,760 , 1600,,910 ,600 , 1300,,1000 ,580 , 1500,,740 ,550 , 1200,,670 ,510 , 1100,
Singapore,... ,... , ...,"Children estimates were not available at the time of publication.",... ,... , ...,"Children estimates were not available at the time of publication.",... ,... , ...,"Children estimates were not available at the time of publication.",... ,... , ...,"Children estimates were not available at the time of publication.",... ,... , ...,"Children estimates were not available at the time of publication.",... ,... , ...,"Children estimates were not available at the time of publication.",... ,... , ...,"Children estimates were not available at the time of publication.",... ,... , ...,"Children estimates were not available at the time of publication.",... ,... , ...,"Children estimates were not available at the time of publication.",... ,... , ...,"Children estimates were not available at the time of publication.",... ,... , ...,"Children estimates were not available at the time of publication.",... ,... , ...,"Children estimates were not available at the time of publication.",... ,... , ...,"Children estimates were not available at the time of publication.",... ,... , ...,"Children estimates were not available at the time of publication.",... ,... , ...,"Children estimates were not available at the time of publication.",... ,... , ...,"Children estimates were not available at the time of publication.",... ,... , ...,"Children estimates were not available at the time of publication.",... ,... , ...,"Children estimates were not available at the time of publication.",... ,... , ...,"Children estimates were not available at the time of publication.",... ,... , ...,"Children estimates were not available at the time of publication.",... ,... , ...,"Children estimates were not available at the time of publication.",... ,... , ...,"Children estimates were not available at the time of publication.",... ,... , ...,"Children estimates were not available at the time of publication.",... ,... , ...,"Children estimates were not available at the time of publication.",... ,... , ...,"Children estimates were not available at the time of publication.",... ,... , ...,"Children estimates were not available at the time of publication.",... ,... , ...,"Children estimates were not available at the time of publication.",... ,... , ...,"Children estimates were not available at the time of publication.",... ,... , ...,"Children estimates were not available at the time of publication.",... ,... , ...,"Children estimates were not available at the time of publication.",... ,... , ...,"Children estimates were not available at the time of publication.",... ,... , ...,"Children estimates were not available at the time of publication.",... ,... , ...,"Children estimates were not available at the time of publication.",... ,... , ...,"Children estimates were not available at the time of publication.",... ,... , ...,"Children estimates were not available at the time of publication."
Slovakia,... ,... , ...,"Children estimates were not available at the time of publication.",... ,... , ...,"Children estimates were not available at the time of publication.",... ,... , ...,"Children estimates were not available at the time of publication.",... ,... , ...,"Children estimates were not available at the time of publication.",... ,... , ...,"Children estimates were not available at the time of publication.",... ,... , ...,"Children estimates were not available at the time of publication.",... ,... , ...,"Children estimates were not available at the time of publication.",... ,... , ...,"Children estimates were not available at the time of publication.",... ,... , ...,"Children estimates were not available at the time of publication.",... ,... , ...,"Children estimates were not available at the time of publication.",... ,... , ...,"Children estimates were not available at the time of publication.",... ,... , ...,"Children estimates were not available at the time of publication.",... ,... , ...,"Children estimates were not available at the time of publication.",... ,... , ...,"Children estimates were not available at the time of publication.",... ,... , ...,"Children estimates were not available at the time of publication.",... ,... , ...,"Children estimates were not available at the time of publication.",... ,... , ...,"Children estimates were not available at the time of publication.",... ,... , ...,"Children estimates were not available at the time of publication.",... ,... , ...,"Children estimates were not available at the time of publication.",... ,... , ...,"Children estimates were not available at the time of publication.",... ,... , ...,"Children estimates were not available at the time of publication.",... ,... , ...,"Children estimates were not available at the time of publication.",... ,... , ...,"Children estimates were not available at the time of publication.",... ,... , ...,"Children estimates were not available at the time of publication.",... ,... , ...,"Children estimates were not available at the time of publication.",... ,... , ...,"Children estimates were not available at the time of publication.",... ,... , ...,"Children estimates were not available at the time of publication.",... ,... , ...,"Children estimates were not available at the time of publication.",... ,... , ...,"Children estimates were not available at the time of publication.",... ,... , ...,"Children estimates were not available at the time of publication.",... ,... , ...,"Children estimates were not available at the time of publication.",... ,... , ...,"Children estimates were not available at the time of publication.",... ,... , ...,"Children estimates were not available at the time of publication.",... ,... , ...,"Children estimates were not available at the time of publication.",... ,... , ...,"Children estimates were not available at the time of publication."
Slovenia,... ,... , ...,"Children estimates were not available at the time of publication.",... ,... , ...,"Children estimates were not available at the time of publication.",... ,... , ...,"Children estimates were not available at the time of publication.",... ,... , ...,"Children estimates were not available at the time of publication.",... ,... , ...,"Children estimates were not available at the time of publication.",... ,... , ...,"Children estimates were not available at the time of publication.",... ,... , ...,"Children estimates were not available at the time of publication.",... ,... , ...,"Children estimates were not available at the time of publication.",... ,... , ...,"Children estimates were not available at the time of publication.",... ,... , ...,"Children estimates were not available at the time of publication.",... ,... , ...,"Children estimates were not available at the time of publication.",... ,... , ...,"Children estimates were not available at the time of publication.",... ,... , ...,"Children estimates were not available at the time of publication.",... ,... , ...,"Children estimates were not available at the time of publication.",... ,... , ...,"Children estimates were not available at the time of publication.",... ,... , ...,"Children estimates were not available at the time of publication.",... ,... , ...,"Children estimates were not available at the time of publication.",... ,... , ...,"Children estimates were not available at the time of publication.",... ,... , ...,"Children estimates were not available at the time of publication.",... ,... , ...,"Children estimates were not available at the time of publication.",... ,... , ...,"Children estimates were not available at the time of publication.",... ,... , ...,"Children estimates were not available at the time of publication.",... ,... , ...,"Children estimates were not available at the time of publication.",... ,... , ...,"Children estimates were not available at the time of publication.",... ,... , ...,"Children estimates were not available at the time of publication.",... ,... , ...,"Children estimates were not available at the time of publication.",... ,... , ...,"Children estimates were not available at the time of publication.",... ,... , ...,"Children estimates were not available at the time of publication.",... ,... , ...,"Children estimates were not available at the time of publication.",... ,... , ...,"Children estimates were not available at the time of publication.",... ,... , ...,"Children estimates were not available at the time of publication.",... ,... , ...,"Children estimates were not available at the time of publication.",... ,... , ...,"Children estimates were not available at the time of publication.",... ,... , ...,"Children estimates were not available at the time of publication.",... ,... , ...,"Children estimates were not available at the time of publication."
Solomon Islands,... ,... , ...,"Estimates were not available at the time of publication.",... ,... , ...,"Estimates were not available at the time of publication.",... ,... , ...,"Estimates were not available at the time of publication.",... ,... , ...,"Estimates were not available at the time of publication.",... ,... , ...,"Estimates were not available at the time of publication.",... ,... , ...,"Estimates were not available at the time of publication.",... ,... , ...,"Estimates were not available at the time of publication.",... ,... , ...,"Estimates were not available at the time of publication.",... ,... , ...,"Estimates were not available at the time of publication.",... ,... , ...,"Estimates were not available at the time of publication.",... ,... , ...,"Estimates were not available at the time of publication.",... ,... , ...,"Estimates were not available at the time of publication.",... ,... , ...,"Estimates were not available at the time of publication.",... ,... , ...,"Estimates were not available at the time of publication.",... ,... , ...,"Estimates were not available at the time of publication.",... ,... , ...,"Estimates were not available at the time of publication.",... ,... , ...,"Estimates were not available at the time of publication.",... ,... , ...,"Estimates were not available at the time of publication.",... ,... , ...,"Estimates were not available at the time of publication.",... ,... , ...,"Estimates were not available at the time of publication.",... ,... , ...,"Estimates were not available at the time of publication.",... ,... , ...,"Estimates were not available at the time of publication.",... ,... , ...,"Estimates were not available at the time of publication.",... ,... , ...,"Estimates were not available at the time of publication.",... ,... , ...,"Estimates were not available at the time of publication.",... ,... , ...,"Estimates were not available at the time of publication.",... ,... , ...,"Estimates were not available at the time of publication.",... ,... , ...,"Estimates were not available at the time of publication.",... ,... , ...,"Estimates were not available at the time of publication.",... ,... , ...,"Estimates were not available at the time of publication.",... ,... , ...,"Estimates were not available at the time of publication.",... ,... , ...,"Estimates were not available at the time of publication.",... ,... , ...,"Estimates were not available at the time of publication.",... ,... , ...,"Estimates were not available at the time of publication.",... ,... , ...,"Estimates were not available at the time of publication."
Somalia,<500 ,<200 , 680,,<500 ,<500 , 700,,<500 ,<500 , 670,,<500 ,<500 , 650,,<500 ,<500 , 680,,<500 ,<500 , 650,,<500 ,<500 , 650,,<500 ,<500 , 630,,<500 ,<500 , 610,,<500 ,<500 , 610,,<500 ,<500 , 570,,<500 ,<500 , 540,,<500 ,<500 , 530,,<500 ,<500 , <500,,<500 ,<500 , <500,,<500 ,<500 , <500,,<500 ,<500 , <500,,<500 ,<500 , <500,,<500 ,<500 , <500,,<500 ,<500 , <500,,<500 ,<500 , <500,,<500 ,<200 , <500,,<500 ,<200 , <500,,<500 ,<200 , <500,,<200 ,<200 , <500,,<200 ,<200 , <500,,<200 ,<200 , <200,,<200 ,<200 , <200,,<200 ,<200 , <200,,<200 ,<200 , <200,,<200 ,<200 , <200,,<200 ,<200 , <200,,<100 ,<100 , <200,,... ,... , ...,,... ,... , ...,
South Africa,8500 ,7500 , 9900,,13 000 ,11 000 , 15 000,,19 000 ,16 000 , 21 000,,26 000 ,22 000 , 29 000,,33 000 ,29 000 , 39 000,,41 000 ,36 000 , 47 000,,49 000 ,43 000 , 56 000,,56 000 ,48 000 , 63 000,,62 000 ,53 000 , 70 000,,69 000 ,57 000 , 79 000,,73 000 ,61 000 , 84 000,,76 000 ,64 000 , 88 000,,78 000 ,65 000 , 90 000,,80 000 ,65 000 , 94 000,,82 000 ,68 000 , 96 000,,77 000 ,59 000 , 92 000,,69 000 ,52 000 , 86 000,,61 000 ,41 000 , 76 000,,49 000 ,28 000 , 68 000,,35 000 ,20 000 , 53 000,,25 000 ,20 000 , 43 000,,19 000 ,16 000 , 25 000,,17 000 ,14 000 , 20 000,,15 000 ,12 000 , 19 000,,13 000 ,11 000 , 21 000,,12 000 ,10 000 , 25 000,,12 000 ,10 000 , 28 000,,12 000 ,9400 , 28 000,,11 000 ,8700 , 29 000,,9700 ,7800 , 27 000,,9000 ,7400 , 25 000,,8600 ,7100 , 24 000,,7900 ,6500 , 24 000,,7200 ,6000 , 19 000,,6600 ,5500 , 18 000,
South Sudan,1300 ,560 , 2100,,1600 ,750 , 2400,,1900 ,960 , 2900,,2300 ,1200 , 3300,,2600 ,1500 , 3700,,2900 ,1600 , 4100,,3100 ,1800 , 4300,,3300 ,1900 , 4700,,3500 ,2200 , 5000,,3600 ,2400 , 5000,,3700 ,2400 , 5100,,3700 ,2500 , 5100,,3800 ,2600 , 5100,,3800 ,2700 , 5200,,3900 ,2800 , 5200,,3800 ,2800 , 5200,,3800 ,2900 , 5000,,3800 ,2900 , 5100,,3800 ,2800 , 5000,,3800 ,2800 , 4800,,3400 ,2600 , 4600,,3400 ,2600 , 4500,,3400 ,2600 , 4500,,3200 ,2400 , 4200,,3200 ,2400 , 4200,,2400 ,1700 , 3200,,2600 ,1900 , 3400,,1600 ,970 , 2200,,1100 ,680 , 1600,,1400 ,900 , 1900,,1300 ,830 , 1900,,1400 ,860 , 1800,,1300 ,790 , 1700,,1100 ,610 , 1600,,1100 ,650 , 1700,
Spain,... ,... , ...,,... ,... , ...,,... ,... , ...,,... ,... , ...,,... ,... , ...,,... ,... , ...,,... ,... , ...,,... ,... , ...,,... ,... , ...,,... ,... , ...,,... ,... , ...,,... ,... , ...,,... ,... , ...,,... ,... , ...,,... ,... , ...,,... ,... , ...,,... ,... , ...,,... ,... , ...,,... ,... , ...,,... ,... , ...,,... ,... , ...,,... ,... , ...,,... ,... , ...,,... ,... , ...,,... ,... , ...,,... ,... , ...,,... ,... , ...,,... ,... , ...,,... ,... , ...,,... ,... , ...,,... ,... , ...,,... ,... , ...,,... ,... , ...,,... ,... , ...,,... ,... , ...,
Sri Lanka,... ,... , ...,"Children estimates were not available at the time of publication.",... ,... , ...,"Children estimates were not available at the time of publication.",... ,... , ...,"Children estimates were not available at the time of publication.",... ,... , ...,"Children estimates were not available at the time of publication.",... ,... , ...,"Children estimates were not available at the time of publication.",... ,... , ...,"Children estimates were not available at the time of publication.",... ,... , ...,"Children estimates were not available at the time of publication.",... ,... , ...,"Children estimates were not available at the time of publication.",... ,... , ...,"Children estimates were not available at the time of publication.",... ,... , ...,"Children estimates were not available at the time of publication.",... ,... , ...,"Children estimates were not available at the time of publication.",... ,... , ...,"Children estimates were not available at the time of publication.",... ,... , ...,"Children estimates were not available at the time of publication.",... ,... , ...,"Children estimates were not available at the time of publication.",... ,... , ...,"Children estimates were not available at the time of publication.",... ,... , ...,"Children estimates were not available at the time of publication.",... ,... , ...,"Children estimates were not available at the time of publication.",... ,... , ...,"Children estimates were not available at the time of publication.",... ,... , ...,"Children estimates were not available at the time of publication.",... ,... , ...,"Children estimates were not available at the time of publication.",... ,... , ...,"Children estimates were not available at the time of publication.",... ,... , ...,"Children estimates were not available at the time of publication.",... ,... , ...,"Children estimates were not available at the time of publication.",... ,... , ...,"Children estimates were not available at the time of publication.",... ,... , ...,"Children estimates were not available at the time of publication.",... ,... , ...,"Children estimates were not available at the time of publication.",... ,... , ...,"Children estimates were not available at the time of publication.",... ,... , ...,"Children estimates were not available at the time of publication.",... ,... , ...,"Children estimates were not available at the time of publication.",... ,... , ...,"Children estimates were not available at the time of publication.",... ,... , ...,"Children estimates were not available at the time of publication.",... ,... , ...,"Children estimates were not available at the time of publication.",... ,... , ...,"Children estimates were not available at the time of publication.",... ,... , ...,"Children estimates were not available at the time of publication.",... ,... , ...,"Children estimates were not available at the time of publication."
Sudan,<200 ,<200 , <500,,<500 ,<200 , <500,,<500 ,<200 , <500,,<500 ,<200 , <500,,<500 ,<500 , <500,,<500 ,<500 , <500,,<500 ,<500 , 530,,<500 ,<500 , 550,,<500 ,<500 , 580,,<500 ,<500 , 610,,<500 ,<500 , 630,,<500 ,<500 , 620,,<500 ,<500 , 640,,<500 ,<500 , 630,,<500 ,<500 , 630,,<500 ,<500 , 650,,<500 ,<500 , 630,,<500 ,<500 , 650,,<500 ,<500 , 650,,<500 ,<500 , 640,,500 ,<500 , 660,,520 ,<500 , 670,,510 ,<500 , 690,,530 ,<500 , 700,,530 ,<500 , 730,,560 ,<500 , 750,,580 ,<500 , 790,,580 ,<500 , 800,,610 ,<500 , 850,,640 ,<500 , 910,,670 ,<500 , 970,,700 ,510 , 1000,,730 ,520 , 1100,,800 ,560 , 1200,,820 ,570 , 1300,
Suriname,<100 ,<100 , <100,,<100 ,<100 , <100,,<100 ,<100 , <100,,<100 ,<100 , <100,,<100 ,<100 , <100,,<100 ,<100 , <100,,<100 ,<100 , <100,,<100 ,<100 , <100,,<100 ,<100 , <100,,<100 ,<100 , <100,,<100 ,<100 , <100,,<100 ,<100 , <100,,<100 ,<100 , <100,,<100 ,<100 , <100,,<100 ,<100 , <100,,<100 ,<100 , <100,,<100 ,<100 , <100,,<100 ,<100 , <100,,<100 ,<100 , <100,,<100 ,<100 , <100,,<100 ,<100 , <100,,<100 ,<100 , <100,,<100 ,<100 , <100,,<100 ,<100 , <100,,<100 ,<100 , <100,,<100 ,<100 , <100,,<100 ,<100 , <100,,<100 ,<100 , <100,,<100 ,<100 , <100,,<100 ,<100 , <100,,<100 ,<100 , <100,,<100 ,<100 , <100,,<100 ,<100 , <100,,<100 ,<100 , <100,,<100 ,<100 , <100,
Sweden,... ,... , ...,"Numbers are estimated by UNAIDS using the Spectrum model, based on the official national estimates. Any differences are within uncertainty margins of both sets of estimates, reflecting methodologies and assumptions. (https://pubmed.ncbi.nlm.nih.gov/39421951/).",... ,... , ...,"Numbers are estimated by UNAIDS using the Spectrum model, based on the official national estimates. Any differences are within uncertainty margins of both sets of estimates, reflecting methodologies and assumptions. (https://pubmed.ncbi.nlm.nih.gov/39421951/).",... ,... , ...,"Numbers are estimated by UNAIDS using the Spectrum model, based on the official national estimates. Any differences are within uncertainty margins of both sets of estimates, reflecting methodologies and assumptions. (https://pubmed.ncbi.nlm.nih.gov/39421951/).",... ,... , ...,"Numbers are estimated by UNAIDS using the Spectrum model, based on the official national estimates. Any differences are within uncertainty margins of both sets of estimates, reflecting methodologies and assumptions. (https://pubmed.ncbi.nlm.nih.gov/39421951/).",... ,... , ...,"Numbers are estimated by UNAIDS using the Spectrum model, based on the official national estimates. Any differences are within uncertainty margins of both sets of estimates, reflecting methodologies and assumptions. (https://pubmed.ncbi.nlm.nih.gov/39421951/).",... ,... , ...,"Numbers are estimated by UNAIDS using the Spectrum model, based on the official national estimates. Any differences are within uncertainty margins of both sets of estimates, reflecting methodologies and assumptions. (https://pubmed.ncbi.nlm.nih.gov/39421951/).",... ,... , ...,"Numbers are estimated by UNAIDS using the Spectrum model, based on the official national estimates. Any differences are within uncertainty margins of both sets of estimates, reflecting methodologies and assumptions. (https://pubmed.ncbi.nlm.nih.gov/39421951/).",... ,... , ...,"Numbers are estimated by UNAIDS using the Spectrum model, based on the official national estimates. Any differences are within uncertainty margins of both sets of estimates, reflecting methodologies and assumptions. (https://pubmed.ncbi.nlm.nih.gov/39421951/).",... ,... , ...,"Numbers are estimated by UNAIDS using the Spectrum model, based on the official national estimates. Any differences are within uncertainty margins of both sets of estimates, reflecting methodologies and assumptions. (https://pubmed.ncbi.nlm.nih.gov/39421951/).",... ,... , ...,"Numbers are estimated by UNAIDS using the Spectrum model, based on the official national estimates. Any differences are within uncertainty margins of both sets of estimates, reflecting methodologies and assumptions. (https://pubmed.ncbi.nlm.nih.gov/39421951/).",... ,... , ...,"Numbers are estimated by UNAIDS using the Spectrum model, based on the official national estimates. Any differences are within uncertainty margins of both sets of estimates, reflecting methodologies and assumptions. (https://pubmed.ncbi.nlm.nih.gov/39421951/).",... ,... , ...,"Numbers are estimated by UNAIDS using the Spectrum model, based on the official national estimates. Any differences are within uncertainty margins of both sets of estimates, reflecting methodologies and assumptions. (https://pubmed.ncbi.nlm.nih.gov/39421951/).",... ,... , ...,"Numbers are estimated by UNAIDS using the Spectrum model, based on the official national estimates. Any differences are within uncertainty margins of both sets of estimates, reflecting methodologies and assumptions. (https://pubmed.ncbi.nlm.nih.gov/39421951/).",... ,... , ...,"Numbers are estimated by UNAIDS using the Spectrum model, based on the official national estimates. Any differences are within uncertainty margins of both sets of estimates, reflecting methodologies and assumptions. (https://pubmed.ncbi.nlm.nih.gov/39421951/).",... ,... , ...,"Numbers are estimated by UNAIDS using the Spectrum model, based on the official national estimates. Any differences are within uncertainty margins of both sets of estimates, reflecting methodologies and assumptions. (https://pubmed.ncbi.nlm.nih.gov/39421951/).",... ,... , ...,"Numbers are estimated by UNAIDS using the Spectrum model, based on the official national estimates. Any differences are within uncertainty margins of both sets of estimates, reflecting methodologies and assumptions. (https://pubmed.ncbi.nlm.nih.gov/39421951/).",... ,... , ...,"Numbers are estimated by UNAIDS using the Spectrum model, based on the official national estimates. Any differences are within uncertainty margins of both sets of estimates, reflecting methodologies and assumptions. (https://pubmed.ncbi.nlm.nih.gov/39421951/).",... ,... , ...,"Numbers are estimated by UNAIDS using the Spectrum model, based on the official national estimates. Any differences are within uncertainty margins of both sets of estimates, reflecting methodologies and assumptions. (https://pubmed.ncbi.nlm.nih.gov/39421951/).",... ,... , ...,"Numbers are estimated by UNAIDS using the Spectrum model, based on the official national estimates. Any differences are within uncertainty margins of both sets of estimates, reflecting methodologies and assumptions. (https://pubmed.ncbi.nlm.nih.gov/39421951/).",... ,... , ...,"Numbers are estimated by UNAIDS using the Spectrum model, based on the official national estimates. Any differences are within uncertainty margins of both sets of estimates, reflecting methodologies and assumptions. (https://pubmed.ncbi.nlm.nih.gov/39421951/).",... ,... , ...,"Numbers are estimated by UNAIDS using the Spectrum model, based on the official national estimates. Any differences are within uncertainty margins of both sets of estimates, reflecting methodologies and assumptions. (https://pubmed.ncbi.nlm.nih.gov/39421951/).",... ,... , ...,"Numbers are estimated by UNAIDS using the Spectrum model, based on the official national estimates. Any differences are within uncertainty margins of both sets of estimates, reflecting methodologies and assumptions. (https://pubmed.ncbi.nlm.nih.gov/39421951/).",... ,... , ...,"Numbers are estimated by UNAIDS using the Spectrum model, based on the official national estimates. Any differences are within uncertainty margins of both sets of estimates, reflecting methodologies and assumptions. (https://pubmed.ncbi.nlm.nih.gov/39421951/).",... ,... , ...,"Numbers are estimated by UNAIDS using the Spectrum model, based on the official national estimates. Any differences are within uncertainty margins of both sets of estimates, reflecting methodologies and assumptions. (https://pubmed.ncbi.nlm.nih.gov/39421951/).",... ,... , ...,"Numbers are estimated by UNAIDS using the Spectrum model, based on the official national estimates. Any differences are within uncertainty margins of both sets of estimates, reflecting methodologies and assumptions. (https://pubmed.ncbi.nlm.nih.gov/39421951/).",... ,... , ...,"Numbers are estimated by UNAIDS using the Spectrum model, based on the official national estimates. Any differences are within uncertainty margins of both sets of estimates, reflecting methodologies and assumptions. (https://pubmed.ncbi.nlm.nih.gov/39421951/).",... ,... , ...,"Numbers are estimated by UNAIDS using the Spectrum model, based on the official national estimates. Any differences are within uncertainty margins of both sets of estimates, reflecting methodologies and assumptions. (https://pubmed.ncbi.nlm.nih.gov/39421951/).",... ,... , ...,"Numbers are estimated by UNAIDS using the Spectrum model, based on the official national estimates. Any differences are within uncertainty margins of both sets of estimates, reflecting methodologies and assumptions. (https://pubmed.ncbi.nlm.nih.gov/39421951/).",... ,... , ...,"Numbers are estimated by UNAIDS using the Spectrum model, based on the official national estimates. Any differences are within uncertainty margins of both sets of estimates, reflecting methodologies and assumptions. (https://pubmed.ncbi.nlm.nih.gov/39421951/).",... ,... , ...,"Numbers are estimated by UNAIDS using the Spectrum model, based on the official national estimates. Any differences are within uncertainty margins of both sets of estimates, reflecting methodologies and assumptions. (https://pubmed.ncbi.nlm.nih.gov/39421951/).",... ,... , ...,"Numbers are estimated by UNAIDS using the Spectrum model, based on the official national estimates. Any differences are within uncertainty margins of both sets of estimates, reflecting methodologies and assumptions. (https://pubmed.ncbi.nlm.nih.gov/39421951/).",... ,... , ...,"Numbers are estimated by UNAIDS using the Spectrum model, based on the official national estimates. Any differences are within uncertainty margins of both sets of estimates, reflecting methodologies and assumptions. (https://pubmed.ncbi.nlm.nih.gov/39421951/).",... ,... , ...,"Numbers are estimated by UNAIDS using the Spectrum model, based on the official national estimates. Any differences are within uncertainty margins of both sets of estimates, reflecting methodologies and assumptions. (https://pubmed.ncbi.nlm.nih.gov/39421951/).",... ,... , ...,"Numbers are estimated by UNAIDS using the Spectrum model, based on the official national estimates. Any differences are within uncertainty margins of both sets of estimates, reflecting methodologies and assumptions. (https://pubmed.ncbi.nlm.nih.gov/39421951/).",... ,... , ...,"Numbers are estimated by UNAIDS using the Spectrum model, based on the official national estimates. Any differences are within uncertainty margins of both sets of estimates, reflecting methodologies and assumptions. (https://pubmed.ncbi.nlm.nih.gov/39421951/)."
Switzerland,... ,... , ...,"Children estimates were not available at the time of publication.",... ,... , ...,"Children estimates were not available at the time of publication.",... ,... , ...,"Children estimates were not available at the time of publication.",... ,... , ...,"Children estimates were not available at the time of publication.",... ,... , ...,"Children estimates were not available at the time of publication.",... ,... , ...,"Children estimates were not available at the time of publication.",... ,... , ...,"Children estimates were not available at the time of publication.",... ,... , ...,"Children estimates were not available at the time of publication.",... ,... , ...,"Children estimates were not available at the time of publication.",... ,... , ...,"Children estimates were not available at the time of publication.",... ,... , ...,"Children estimates were not available at the time of publication.",... ,... , ...,"Children estimates were not available at the time of publication.",... ,... , ...,"Children estimates were not available at the time of publication.",... ,... , ...,"Children estimates were not available at the time of publication.",... ,... , ...,"Children estimates were not available at the time of publication.",... ,... , ...,"Children estimates were not available at the time of publication.",... ,... , ...,"Children estimates were not available at the time of publication.",... ,... , ...,"Children estimates were not available at the time of publication.",... ,... , ...,"Children estimates were not available at the time of publication.",... ,... , ...,"Children estimates were not available at the time of publication.",... ,... , ...,"Children estimates were not available at the time of publication.",... ,... , ...,"Children estimates were not available at the time of publication.",... ,... , ...,"Children estimates were not available at the time of publication.",... ,... , ...,"Children estimates were not available at the time of publication.",... ,... , ...,"Children estimates were not available at the time of publication.",... ,... , ...,"Children estimates were not available at the time of publication.",... ,... , ...,"Children estimates were not available at the time of publication.",... ,... , ...,"Children estimates were not available at the time of publication.",... ,... , ...,"Children estimates were not available at the time of publication.",... ,... , ...,"Children estimates were not available at the time of publication.",... ,... , ...,"Children estimates were not available at the time of publication.",... ,... , ...,"Children estimates were not available at the time of publication.",... ,... , ...,"Children estimates were not available at the time of publication.",... ,... , ...,"Children estimates were not available at the time of publication.",... ,... , ...,"Children estimates were not available at the time of publication."
Syrian Arab Republic,... ,... , ...,"Children estimates were not available at the time of publication.",... ,... , ...,"Children estimates were not available at the time of publication.",... ,... , ...,"Children estimates were not available at the time of publication.",... ,... , ...,"Children estimates were not available at the time of publication.",... ,... , ...,"Children estimates were not available at the time of publication.",... ,... , ...,"Children estimates were not available at the time of publication.",... ,... , ...,"Children estimates were not available at the time of publication.",... ,... , ...,"Children estimates were not available at the time of publication.",... ,... , ...,"Children estimates were not available at the time of publication.",... ,... , ...,"Children estimates were not available at the time of publication.",... ,... , ...,"Children estimates were not available at the time of publication.",... ,... , ...,"Children estimates were not available at the time of publication.",... ,... , ...,"Children estimates were not available at the time of publication.",... ,... , ...,"Children estimates were not available at the time of publication.",... ,... , ...,"Children estimates were not available at the time of publication.",... ,... , ...,"Children estimates were not available at the time of publication.",... ,... , ...,"Children estimates were not available at the time of publication.",... ,... , ...,"Children estimates were not available at the time of publication.",... ,... , ...,"Children estimates were not available at the time of publication.",... ,... , ...,"Children estimates were not available at the time of publication.",... ,... , ...,"Children estimates were not available at the time of publication.",... ,... , ...,"Children estimates were not available at the time of publication.",... ,... , ...,"Children estimates were not available at the time of publication.",... ,... , ...,"Children estimates were not available at the time of publication.",... ,... , ...,"Children estimates were not available at the time of publication.",... ,... , ...,"Children estimates were not available at the time of publication.",... ,... , ...,"Children estimates were not available at the time of publication.",... ,... , ...,"Children estimates were not available at the time of publication.",... ,... , ...,"Children estimates were not available at the time of publication.",... ,... , ...,"Children estimates were not available at the time of publication.",... ,... , ...,"Children estimates were not available at the time of publication.",... ,... , ...,"Children estimates were not available at the time of publication.",... ,... , ...,"Children estimates were not available at the time of publication.",... ,... , ...,"Children estimates were not available at the time of publication.",... ,... , ...,"Children estimates were not available at the time of publication."
Tajikistan,<100 ,<100 , <100,,<100 ,<100 , <100,,<100 ,<100 , <100,,<100 ,<100 , <100,,<100 ,<100 , <100,,<100 ,<100 , <100,,<100 ,<100 , <100,,<100 ,<100 , <100,,<100 ,<100 , <100,,<100 ,<100 , <100,,<100 ,<100 , <100,,<100 ,<100 , <100,,<100 ,<100 , <100,,<100 ,<100 , <100,,<100 ,<100 , <200,,<100 ,<100 , <200,,<100 ,<100 , <200,,<200 ,<100 , <200,,<200 ,<100 , <200,,<200 ,<200 , <200,,<200 ,<200 , <200,,<200 ,<200 , <200,,<200 ,<200 , <200,,<200 ,<200 , <200,,<200 ,<200 , <200,,<200 ,<200 , <200,,<200 ,<200 , <200,,<200 ,<200 , <200,,<100 ,<100 , <100,,<100 ,<100 , <200,,<100 ,<100 , <100,,<100 ,<100 , <100,,<100 ,<100 , <100,,<100 ,<100 , <100,,<100 ,<100 , <100,
Thailand,1500 ,1200 , 1800,,2600 ,2100 , 3100,,3700 ,3100 , 4400,,4600 ,3900 , 5500,,5300 ,4500 , 6300,,5800 ,4800 , 6800,,6200 ,5200 , 7300,,6500 ,5300 , 7600,,6600 ,5400 , 7700,,6500 ,5400 , 7600,,5700 ,4600 , 6900,,5300 ,4200 , 6400,,4800 ,3800 , 5900,,4300 ,3400 , 5500,,2500 ,1800 , 3800,,1900 ,1600 , 2400,,1700 ,1400 , 2100,,1400 ,1200 , 1700,,1200 ,960 , 1400,,920 ,740 , 1100,,730 ,590 , 870,,520 ,<500 , 620,,<500 ,<500 , <500,,<500 ,<500 , <500,,<500 ,<500 , <500,,<200 ,<100 , <200,,<100 ,<100 , <200,,<100 ,<100 , <200,,<100 ,<100 , <100,,<100 ,<100 , <100,,<100 ,<100 , <100,,<100 ,<100 , <100,,<100 ,<100 , <100,,<100 ,<100 , <100,,<100 ,<100 , <100,
Timor-Leste,... ,... , ...,"Children estimates were not available at the time of publication.",... ,... , ...,"Children estimates were not available at the time of publication.",... ,... , ...,"Children estimates were not available at the time of publication.",... ,... , ...,"Children estimates were not available at the time of publication.",... ,... , ...,"Children estimates were not available at the time of publication.",... ,... , ...,"Children estimates were not available at the time of publication.",... ,... , ...,"Children estimates were not available at the time of publication.",... ,... , ...,"Children estimates were not available at the time of publication.",... ,... , ...,"Children estimates were not available at the time of publication.",... ,... , ...,"Children estimates were not available at the time of publication.",... ,... , ...,"Children estimates were not available at the time of publication.",... ,... , ...,"Children estimates were not available at the time of publication.",... ,... , ...,"Children estimates were not available at the time of publication.",... ,... , ...,"Children estimates were not available at the time of publication.",... ,... , ...,"Children estimates were not available at the time of publication.",... ,... , ...,"Children estimates were not available at the time of publication.",... ,... , ...,"Children estimates were not available at the time of publication.",... ,... , ...,"Children estimates were not available at the time of publication.",... ,... , ...,"Children estimates were not available at the time of publication.",... ,... , ...,"Children estimates were not available at the time of publication.",... ,... , ...,"Children estimates were not available at the time of publication.",... ,... , ...,"Children estimates were not available at the time of publication.",... ,... , ...,"Children estimates were not available at the time of publication.",... ,... , ...,"Children estimates were not available at the time of publication.",... ,... , ...,"Children estimates were not available at the time of publication.",... ,... , ...,"Children estimates were not available at the time of publication.",... ,... , ...,"Children estimates were not available at the time of publication.",... ,... , ...,"Children estimates were not available at the time of publication.",... ,... , ...,"Children estimates were not available at the time of publication.",... ,... , ...,"Children estimates were not available at the time of publication.",... ,... , ...,"Children estimates were not available at the time of publication.",... ,... , ...,"Children estimates were not available at the time of publication.",... ,... , ...,"Children estimates were not available at the time of publication.",... ,... , ...,"Children estimates were not available at the time of publication.",... ,... , ...,"Children estimates were not available at the time of publication."
Togo,710 ,<500 , 960,,940 ,670 , 1300,,1200 ,880 , 1600,,1500 ,1100 , 2000,,1700 ,1300 , 2200,,2000 ,1500 , 2600,,2300 ,1800 , 3000,,2600 ,1900 , 3300,,2700 ,2200 , 3400,,2800 ,2300 , 3500,,2900 ,2300 , 3600,,2800 ,2200 , 3500,,2800 ,2200 , 3500,,2700 ,2200 , 3400,,2700 ,2100 , 3300,,2600 ,2100 , 3200,,2500 ,2100 , 3100,,2500 ,2000 , 3000,,2200 ,1700 , 2800,,2100 ,1600 , 2600,,1800 ,1400 , 2400,,1000 ,670 , 1500,,840 ,520 , 1300,,730 ,<500 , 1100,,660 ,<500 , 1000,,770 ,580 , 1100,,720 ,550 , 1100,,880 ,560 , 1200,,710 ,510 , 1100,,660 ,<500 , 1000,,760 ,<500 , 1100,,740 ,<500 , 1100,,680 ,<500 , 1100,,630 ,<500 , 1000,,530 ,<500 , 880,
Tonga,... ,... , ...,,... ,... , ...,,... ,... , ...,,... ,... , ...,,... ,... , ...,,... ,... , ...,,... ,... , ...,,... ,... , ...,,... ,... , ...,,... ,... , ...,,... ,... , ...,,... ,... , ...,,... ,... , ...,,... ,... , ...,,... ,... , ...,,... ,... , ...,,... ,... , ...,,... ,... , ...,,... ,... , ...,,... ,... , ...,,... ,... , ...,,... ,... , ...,,... ,... , ...,,... ,... , ...,,... ,... , ...,,... ,... , ...,,... ,... , ...,,... ,... , ...,,... ,... , ...,,... ,... , ...,,... ,... , ...,,... ,... , ...,,... ,... , ...,,... ,... , ...,,... ,... , ...,
Trinidad and Tobago,... ,... , ...,"Estimates were not available at the time of publication.",... ,... , ...,"Estimates were not available at the time of publication.",... ,... , ...,"Estimates were not available at the time of publication.",... ,... , ...,"Estimates were not available at the time of publication.",... ,... , ...,"Estimates were not available at the time of publication.",... ,... , ...,"Estimates were not available at the time of publication.",... ,... , ...,"Estimates were not available at the time of publication.",... ,... , ...,"Estimates were not available at the time of publication.",... ,... , ...,"Estimates were not available at the time of publication.",... ,... , ...,"Estimates were not available at the time of publication.",... ,... , ...,"Estimates were not available at the time of publication.",... ,... , ...,"Estimates were not available at the time of publication.",... ,... , ...,"Estimates were not available at the time of publication.",... ,... , ...,"Estimates were not available at the time of publication.",... ,... , ...,"Estimates were not available at the time of publication.",... ,... , ...,"Estimates were not available at the time of publication.",... ,... , ...,"Estimates were not available at the time of publication.",... ,... , ...,"Estimates were not available at the time of publication.",... ,... , ...,"Estimates were not available at the time of publication.",... ,... , ...,"Estimates were not available at the time of publication.",... ,... , ...,"Estimates were not available at the time of publication.",... ,... , ...,"Estimates were not available at the time of publication.",... ,... , ...,"Estimates were not available at the time of publication.",... ,... , ...,"Estimates were not available at the time of publication.",... ,... , ...,"Estimates were not available at the time of publication.",... ,... , ...,"Estimates were not available at the time of publication.",... ,... , ...,"Estimates were not available at the time of publication.",... ,... , ...,"Estimates were not available at the time of publication.",... ,... , ...,"Estimates were not available at the time of publication.",... ,... , ...,"Estimates were not available at the time of publication.",... ,... , ...,"Estimates were not available at the time of publication.",... ,... , ...,"Estimates were not available at the time of publication.",... ,... , ...,"Estimates were not available at the time of publication.",... ,... , ...,"Estimates were not available at the time of publication.",... ,... , ...,"Estimates were not available at the time of publication."
Tunisia,<100 ,<100 , <100,,<100 ,<100 , <100,,<100 ,<100 , <100,,<100 ,<100 , <100,,<100 ,<100 , <100,,<100 ,<100 , <100,,<100 ,<100 , <100,,<100 ,<100 , <100,,<100 ,<100 , <100,,<100 ,<100 , <100,,<100 ,<100 , <100,,<100 ,<100 , <100,,<100 ,<100 , <100,,<100 ,<100 , <100,,<100 ,<100 , <100,,<100 ,<100 , <100,,<100 ,<100 , <100,,<100 ,<100 , <100,,<100 ,<100 , <100,,<100 ,<100 , <100,,<100 ,<100 , <100,,<100 ,<100 , <100,,<100 ,<100 , <100,,<100 ,<100 , <100,,<100 ,<100 , <100,,<100 ,<100 , <100,,<100 ,<100 , <100,,<100 ,<100 , <100,,<100 ,<100 , <100,,<100 ,<100 , <100,,<100 ,<100 , <100,,<100 ,<100 , <100,,<100 ,<100 , <100,,<100 ,<100 , <100,,<100 ,<100 , <100,
Turkmenistan,... ,... , ...,"Estimates were not available at the time of publication.",... ,... , ...,"Estimates were not available at the time of publication.",... ,... , ...,"Estimates were not available at the time of publication.",... ,... , ...,"Estimates were not available at the time of publication.",... ,... , ...,"Estimates were not available at the time of publication.",... ,... , ...,"Estimates were not available at the time of publication.",... ,... , ...,"Estimates were not available at the time of publication.",... ,... , ...,"Estimates were not available at the time of publication.",... ,... , ...,"Estimates were not available at the time of publication.",... ,... , ...,"Estimates were not available at the time of publication.",... ,... , ...,"Estimates were not available at the time of publication.",... ,... , ...,"Estimates were not available at the time of publication.",... ,... , ...,"Estimates were not available at the time of publication.",... ,... , ...,"Estimates were not available at the time of publication.",... ,... , ...,"Estimates were not available at the time of publication.",... ,... , ...,"Estimates were not available at the time of publication.",... ,... , ...,"Estimates were not available at the time of publication.",... ,... , ...,"Estimates were not available at the time of publication.",... ,... , ...,"Estimates were not available at the time of publication.",... ,... , ...,"Estimates were not available at the time of publication.",... ,... , ...,"Estimates were not available at the time of publication.",... ,... , ...,"Estimates were not available at the time of publication.",... ,... , ...,"Estimates were not available at the time of publication.",... ,... , ...,"Estimates were not available at the time of publication.",... ,... , ...,"Estimates were not available at the time of publication.",... ,... , ...,"Estimates were not available at the time of publication.",... ,... , ...,"Estimates were not available at the time of publication.",... ,... , ...,"Estimates were not available at the time of publication.",... ,... , ...,"Estimates were not available at the time of publication.",... ,... , ...,"Estimates were not available at the time of publication.",... ,... , ...,"Estimates were not available at the time of publication.",... ,... , ...,"Estimates were not available at the time of publication.",... ,... , ...,"Estimates were not available at the time of publication.",... ,... , ...,"Estimates were not available at the time of publication.",... ,... , ...,"Estimates were not available at the time of publication."
Tuvalu,... ,... , ...,"Estimates were not available at the time of publication.",... ,... , ...,"Estimates were not available at the time of publication.",... ,... , ...,"Estimates were not available at the time of publication.",... ,... , ...,"Estimates were not available at the time of publication.",... ,... , ...,"Estimates were not available at the time of publication.",... ,... , ...,"Estimates were not available at the time of publication.",... ,... , ...,"Estimates were not available at the time of publication.",... ,... , ...,"Estimates were not available at the time of publication.",... ,... , ...,"Estimates were not available at the time of publication.",... ,... , ...,"Estimates were not available at the time of publication.",... ,... , ...,"Estimates were not available at the time of publication.",... ,... , ...,"Estimates were not available at the time of publication.",... ,... , ...,"Estimates were not available at the time of publication.",... ,... , ...,"Estimates were not available at the time of publication.",... ,... , ...,"Estimates were not available at the time of publication.",... ,... , ...,"Estimates were not available at the time of publication.",... ,... , ...,"Estimates were not available at the time of publication.",... ,... , ...,"Estimates were not available at the time of publication.",... ,... , ...,"Estimates were not available at the time of publication.",... ,... , ...,"Estimates were not available at the time of publication.",... ,... , ...,"Estimates were not available at the time of publication.",... ,... , ...,"Estimates were not available at the time of publication.",... ,... , ...,"Estimates were not available at the time of publication.",... ,... , ...,"Estimates were not available at the time of publication.",... ,... , ...,"Estimates were not available at the time of publication.",... ,... , ...,"Estimates were not available at the time of publication.",... ,... , ...,"Estimates were not available at the time of publication.",... ,... , ...,"Estimates were not available at the time of publication.",... ,... , ...,"Estimates were not available at the time of publication.",... ,... , ...,"Estimates were not available at the time of publication.",... ,... , ...,"Estimates were not available at the time of publication.",... ,... , ...,"Estimates were not available at the time of publication.",... ,... , ...,"Estimates were not available at the time of publication.",... ,... , ...,"Estimates were not available at the time of publication.",... ,... , ...,"Estimates were not available at the time of publication."
Türkiye,... ,... , ...,"Estimates were not available at the time of publication.",... ,... , ...,"Estimates were not available at the time of publication.",... ,... , ...,"Estimates were not available at the time of publication.",... ,... , ...,"Estimates were not available at the time of publication.",... ,... , ...,"Estimates were not available at the time of publication.",... ,... , ...,"Estimates were not available at the time of publication.",... ,... , ...,"Estimates were not available at the time of publication.",... ,... , ...,"Estimates were not available at the time of publication.",... ,... , ...,"Estimates were not available at the time of publication.",... ,... , ...,"Estimates were not available at the time of publication.",... ,... , ...,"Estimates were not available at the time of publication.",... ,... , ...,"Estimates were not available at the time of publication.",... ,... , ...,"Estimates were not available at the time of publication.",... ,... , ...,"Estimates were not available at the time of publication.",... ,... , ...,"Estimates were not available at the time of publication.",... ,... , ...,"Estimates were not available at the time of publication.",... ,... , ...,"Estimates were not available at the time of publication.",... ,... , ...,"Estimates were not available at the time of publication.",... ,... , ...,"Estimates were not available at the time of publication.",... ,... , ...,"Estimates were not available at the time of publication.",... ,... , ...,"Estimates were not available at the time of publication.",... ,... , ...,"Estimates were not available at the time of publication.",... ,... , ...,"Estimates were not available at the time of publication.",... ,... , ...,"Estimates were not available at the time of publication.",... ,... , ...,"Estimates were not available at the time of publication.",... ,... , ...,"Estimates were not available at the time of publication.",... ,... , ...,"Estimates were not available at the time of publication.",... ,... , ...,"Estimates were not available at the time of publication.",... ,... , ...,"Estimates were not available at the time of publication.",... ,... , ...,"Estimates were not available at the time of publication.",... ,... , ...,"Estimates were not available at the time of publication.",... ,... , ...,"Estimates were not available at the time of publication.",... ,... , ...,"Estimates were not available at the time of publication.",... ,... , ...,"Estimates were not available at the time of publication.",... ,... , ...,"Estimates were not available at the time of publication."
Uganda,31 000 ,28 000 , 35 000,,32 000 ,28 000 , 36 000,,32 000 ,28 000 , 36 000,,32 000 ,28 000 , 36 000,,31 000 ,27 000 , 36 000,,31 000 ,27 000 , 35 000,,31 000 ,27 000 , 35 000,,31 000 ,27 000 , 34 000,,30 000 ,27 000 , 34 000,,30 000 ,26 000 , 34 000,,30 000 ,26 000 , 33 000,,30 000 ,27 000 , 33 000,,30 000 ,26 000 , 33 000,,29 000 ,26 000 , 32 000,,28 000 ,26 000 , 32 000,,28 000 ,25 000 , 31 000,,27 000 ,24 000 , 30 000,,25 000 ,22 000 , 28 000,,22 000 ,19 000 , 25 000,,21 000 ,18 000 , 25 000,,20 000 ,16 000 , 22 000,,16 000 ,13 000 , 19 000,,11 000 ,9800 , 12 000,,12 000 ,11 000 , 14 000,,12 000 ,11 000 , 13 000,,12 000 ,11 000 , 12 000,,11 000 ,9800 , 12 000,,9600 ,8700 , 10 000,,7300 ,6700 , 8100,,6900 ,6300 , 7700,,6400 ,5800 , 7300,,6100 ,5400 , 7100,,6800 ,5700 , 8800,,5400 ,4600 , 6700,,4700 ,4000 , 5700,
Ukraine,... ,... , ...,"Estimates were not available at the time of publication.",... ,... , ...,"Estimates were not available at the time of publication.",... ,... , ...,"Estimates were not available at the time of publication.",... ,... , ...,"Estimates were not available at the time of publication.",... ,... , ...,"Estimates were not available at the time of publication.",... ,... , ...,"Estimates were not available at the time of publication.",... ,... , ...,"Estimates were not available at the time of publication.",... ,... , ...,"Estimates were not available at the time of publication.",... ,... , ...,"Estimates were not available at the time of publication.",... ,... , ...,"Estimates were not available at the time of publication.",... ,... , ...,"Estimates were not available at the time of publication.",... ,... , ...,"Estimates were not available at the time of publication.",... ,... , ...,"Estimates were not available at the time of publication.",... ,... , ...,"Estimates were not available at the time of publication.",... ,... , ...,"Estimates were not available at the time of publication.",... ,... , ...,"Estimates were not available at the time of publication.",... ,... , ...,"Estimates were not available at the time of publication.",... ,... , ...,"Estimates were not available at the time of publication.",... ,... , ...,"Estimates were not available at the time of publication.",... ,... , ...,"Estimates were not available at the time of publication.",... ,... , ...,"Estimates were not available at the time of publication.",... ,... , ...,"Estimates were not available at the time of publication.",... ,... , ...,"Estimates were not available at the time of publication.",... ,... , ...,"Estimates were not available at the time of publication.",... ,... , ...,"Estimates were not available at the time of publication.",... ,... , ...,"Estimates were not available at the time of publication.",... ,... , ...,"Estimates were not available at the time of publication.",... ,... , ...,"Estimates were not available at the time of publication.",... ,... , ...,"Estimates were not available at the time of publication.",... ,... , ...,"Estimates were not available at the time of publication.",... ,... , ...,"Estimates were not available at the time of publication.",... ,... , ...,"Estimates were not available at the time of publication.",... ,... , ...,"Estimates were not available at the time of publication.",... ,... , ...,"Estimates were not available at the time of publication.",... ,... , ...,"Estimates were not available at the time of publication."
United Arab Emirates,... ,... , ...,"Children estimates were not available at the time of publication.",... ,... , ...,"Children estimates were not available at the time of publication.",... ,... , ...,"Children estimates were not available at the time of publication.",... ,... , ...,"Children estimates were not available at the time of publication.",... ,... , ...,"Children estimates were not available at the time of publication.",... ,... , ...,"Children estimates were not available at the time of publication.",... ,... , ...,"Children estimates were not available at the time of publication.",... ,... , ...,"Children estimates were not available at the time of publication.",... ,... , ...,"Children estimates were not available at the time of publication.",... ,... , ...,"Children estimates were not available at the time of publication.",... ,... , ...,"Children estimates were not available at the time of publication.",... ,... , ...,"Children estimates were not available at the time of publication.",... ,... , ...,"Children estimates were not available at the time of publication.",... ,... , ...,"Children estimates were not available at the time of publication.",... ,... , ...,"Children estimates were not available at the time of publication.",... ,... , ...,"Children estimates were not available at the time of publication.",... ,... , ...,"Children estimates were not available at the time of publication.",... ,... , ...,"Children estimates were not available at the time of publication.",... ,... , ...,"Children estimates were not available at the time of publication.",... ,... , ...,"Children estimates were not available at the time of publication.",... ,... , ...,"Children estimates were not available at the time of publication.",... ,... , ...,"Children estimates were not available at the time of publication.",... ,... , ...,"Children estimates were not available at the time of publication.",... ,... , ...,"Children estimates were not available at the time of publication.",... ,... , ...,"Children estimates were not available at the time of publication.",... ,... , ...,"Children estimates were not available at the time of publication.",... ,... , ...,"Children estimates were not available at the time of publication.",... ,... , ...,"Children estimates were not available at the time of publication.",... ,... , ...,"Children estimates were not available at the time of publication.",... ,... , ...,"Children estimates were not available at the time of publication.",... ,... , ...,"Children estimates were not available at the time of publication.",... ,... , ...,"Children estimates were not available at the time of publication.",... ,... , ...,"Children estimates were not available at the time of publication.",... ,... , ...,"Children estimates were not available at the time of publication.",... ,... , ...,"Children estimates were not available at the time of publication."
United Kingdom,... ,... , ...,"Numbers are estimated by UNAIDS using the Spectrum model, based on the official national estimates (accessed May 2025). Any differences are within uncertainty margins of both sets of estimates, reflecting methodologies and assumptions. (https://www.gov.uk/government/statistics/hiv-annual-data-tables).",... ,... , ...,"Numbers are estimated by UNAIDS using the Spectrum model, based on the official national estimates (accessed May 2025). Any differences are within uncertainty margins of both sets of estimates, reflecting methodologies and assumptions. (https://www.gov.uk/government/statistics/hiv-annual-data-tables).",... ,... , ...,"Numbers are estimated by UNAIDS using the Spectrum model, based on the official national estimates (accessed May 2025). Any differences are within uncertainty margins of both sets of estimates, reflecting methodologies and assumptions. (https://www.gov.uk/government/statistics/hiv-annual-data-tables).",... ,... , ...,"Numbers are estimated by UNAIDS using the Spectrum model, based on the official national estimates (accessed May 2025). Any differences are within uncertainty margins of both sets of estimates, reflecting methodologies and assumptions. (https://www.gov.uk/government/statistics/hiv-annual-data-tables).",... ,... , ...,"Numbers are estimated by UNAIDS using the Spectrum model, based on the official national estimates (accessed May 2025). Any differences are within uncertainty margins of both sets of estimates, reflecting methodologies and assumptions. (https://www.gov.uk/government/statistics/hiv-annual-data-tables).",... ,... , ...,"Numbers are estimated by UNAIDS using the Spectrum model, based on the official national estimates (accessed May 2025). Any differences are within uncertainty margins of both sets of estimates, reflecting methodologies and assumptions. (https://www.gov.uk/government/statistics/hiv-annual-data-tables).",... ,... , ...,"Numbers are estimated by UNAIDS using the Spectrum model, based on the official national estimates (accessed May 2025). Any differences are within uncertainty margins of both sets of estimates, reflecting methodologies and assumptions. (https://www.gov.uk/government/statistics/hiv-annual-data-tables).",... ,... , ...,"Numbers are estimated by UNAIDS using the Spectrum model, based on the official national estimates (accessed May 2025). Any differences are within uncertainty margins of both sets of estimates, reflecting methodologies and assumptions. (https://www.gov.uk/government/statistics/hiv-annual-data-tables).",... ,... , ...,"Numbers are estimated by UNAIDS using the Spectrum model, based on the official national estimates (accessed May 2025). Any differences are within uncertainty margins of both sets of estimates, reflecting methodologies and assumptions. (https://www.gov.uk/government/statistics/hiv-annual-data-tables).",... ,... , ...,"Numbers are estimated by UNAIDS using the Spectrum model, based on the official national estimates (accessed May 2025). Any differences are within uncertainty margins of both sets of estimates, reflecting methodologies and assumptions. (https://www.gov.uk/government/statistics/hiv-annual-data-tables).",... ,... , ...,"Numbers are estimated by UNAIDS using the Spectrum model, based on the official national estimates (accessed May 2025). Any differences are within uncertainty margins of both sets of estimates, reflecting methodologies and assumptions. (https://www.gov.uk/government/statistics/hiv-annual-data-tables).",... ,... , ...,"Numbers are estimated by UNAIDS using the Spectrum model, based on the official national estimates (accessed May 2025). Any differences are within uncertainty margins of both sets of estimates, reflecting methodologies and assumptions. (https://www.gov.uk/government/statistics/hiv-annual-data-tables).",... ,... , ...,"Numbers are estimated by UNAIDS using the Spectrum model, based on the official national estimates (accessed May 2025). Any differences are within uncertainty margins of both sets of estimates, reflecting methodologies and assumptions. (https://www.gov.uk/government/statistics/hiv-annual-data-tables).",... ,... , ...,"Numbers are estimated by UNAIDS using the Spectrum model, based on the official national estimates (accessed May 2025). Any differences are within uncertainty margins of both sets of estimates, reflecting methodologies and assumptions. (https://www.gov.uk/government/statistics/hiv-annual-data-tables).",... ,... , ...,"Numbers are estimated by UNAIDS using the Spectrum model, based on the official national estimates (accessed May 2025). Any differences are within uncertainty margins of both sets of estimates, reflecting methodologies and assumptions. (https://www.gov.uk/government/statistics/hiv-annual-data-tables).",... ,... , ...,"Numbers are estimated by UNAIDS using the Spectrum model, based on the official national estimates (accessed May 2025). Any differences are within uncertainty margins of both sets of estimates, reflecting methodologies and assumptions. (https://www.gov.uk/government/statistics/hiv-annual-data-tables).",... ,... , ...,"Numbers are estimated by UNAIDS using the Spectrum model, based on the official national estimates (accessed May 2025). Any differences are within uncertainty margins of both sets of estimates, reflecting methodologies and assumptions. (https://www.gov.uk/government/statistics/hiv-annual-data-tables).",... ,... , ...,"Numbers are estimated by UNAIDS using the Spectrum model, based on the official national estimates (accessed May 2025). Any differences are within uncertainty margins of both sets of estimates, reflecting methodologies and assumptions. (https://www.gov.uk/government/statistics/hiv-annual-data-tables).",... ,... , ...,"Numbers are estimated by UNAIDS using the Spectrum model, based on the official national estimates (accessed May 2025). Any differences are within uncertainty margins of both sets of estimates, reflecting methodologies and assumptions. (https://www.gov.uk/government/statistics/hiv-annual-data-tables).",... ,... , ...,"Numbers are estimated by UNAIDS using the Spectrum model, based on the official national estimates (accessed May 2025). Any differences are within uncertainty margins of both sets of estimates, reflecting methodologies and assumptions. (https://www.gov.uk/government/statistics/hiv-annual-data-tables).",... ,... , ...,"Numbers are estimated by UNAIDS using the Spectrum model, based on the official national estimates (accessed May 2025). Any differences are within uncertainty margins of both sets of estimates, reflecting methodologies and assumptions. (https://www.gov.uk/government/statistics/hiv-annual-data-tables).",... ,... , ...,"Numbers are estimated by UNAIDS using the Spectrum model, based on the official national estimates (accessed May 2025). Any differences are within uncertainty margins of both sets of estimates, reflecting methodologies and assumptions. (https://www.gov.uk/government/statistics/hiv-annual-data-tables).",... ,... , ...,"Numbers are estimated by UNAIDS using the Spectrum model, based on the official national estimates (accessed May 2025). Any differences are within uncertainty margins of both sets of estimates, reflecting methodologies and assumptions. (https://www.gov.uk/government/statistics/hiv-annual-data-tables).",... ,... , ...,"Numbers are estimated by UNAIDS using the Spectrum model, based on the official national estimates (accessed May 2025). Any differences are within uncertainty margins of both sets of estimates, reflecting methodologies and assumptions. (https://www.gov.uk/government/statistics/hiv-annual-data-tables).",... ,... , ...,"Numbers are estimated by UNAIDS using the Spectrum model, based on the official national estimates (accessed May 2025). Any differences are within uncertainty margins of both sets of estimates, reflecting methodologies and assumptions. (https://www.gov.uk/government/statistics/hiv-annual-data-tables).",... ,... , ...,"Numbers are estimated by UNAIDS using the Spectrum model, based on the official national estimates (accessed May 2025). Any differences are within uncertainty margins of both sets of estimates, reflecting methodologies and assumptions. (https://www.gov.uk/government/statistics/hiv-annual-data-tables).",... ,... , ...,"Numbers are estimated by UNAIDS using the Spectrum model, based on the official national estimates (accessed May 2025). Any differences are within uncertainty margins of both sets of estimates, reflecting methodologies and assumptions. (https://www.gov.uk/government/statistics/hiv-annual-data-tables).",... ,... , ...,"Numbers are estimated by UNAIDS using the Spectrum model, based on the official national estimates (accessed May 2025). Any differences are within uncertainty margins of both sets of estimates, reflecting methodologies and assumptions. (https://www.gov.uk/government/statistics/hiv-annual-data-tables).",... ,... , ...,"Numbers are estimated by UNAIDS using the Spectrum model, based on the official national estimates (accessed May 2025). Any differences are within uncertainty margins of both sets of estimates, reflecting methodologies and assumptions. (https://www.gov.uk/government/statistics/hiv-annual-data-tables).",... ,... , ...,"Numbers are estimated by UNAIDS using the Spectrum model, based on the official national estimates (accessed May 2025). Any differences are within uncertainty margins of both sets of estimates, reflecting methodologies and assumptions. (https://www.gov.uk/government/statistics/hiv-annual-data-tables).",... ,... , ...,"Numbers are estimated by UNAIDS using the Spectrum model, based on the official national estimates (accessed May 2025). Any differences are within uncertainty margins of both sets of estimates, reflecting methodologies and assumptions. (https://www.gov.uk/government/statistics/hiv-annual-data-tables).",... ,... , ...,"Numbers are estimated by UNAIDS using the Spectrum model, based on the official national estimates (accessed May 2025). Any differences are within uncertainty margins of both sets of estimates, reflecting methodologies and assumptions. (https://www.gov.uk/government/statistics/hiv-annual-data-tables).",... ,... , ...,"Numbers are estimated by UNAIDS using the Spectrum model, based on the official national estimates (accessed May 2025). Any differences are within uncertainty margins of both sets of estimates, reflecting methodologies and assumptions. (https://www.gov.uk/government/statistics/hiv-annual-data-tables).",... ,... , ...,"Numbers are estimated by UNAIDS using the Spectrum model, based on the official national estimates (accessed May 2025). Any differences are within uncertainty margins of both sets of estimates, reflecting methodologies and assumptions. (https://www.gov.uk/government/statistics/hiv-annual-data-tables).",... ,... , ...,"Numbers are estimated by UNAIDS using the Spectrum model, based on the official national estimates (accessed May 2025). Any differences are within uncertainty margins of both sets of estimates, reflecting methodologies and assumptions. (https://www.gov.uk/government/statistics/hiv-annual-data-tables)."
United Republic of Tanzania,23 000 ,20 000 , 27 000,,26 000 ,22 000 , 30 000,,28 000 ,24 000 , 32 000,,30 000 ,26 000 , 33 000,,31 000 ,27 000 , 35 000,,32 000 ,28 000 , 36 000,,33 000 ,29 000 , 36 000,,33 000 ,28 000 , 37 000,,33 000 ,29 000 , 37 000,,32 000 ,28 000 , 36 000,,32 000 ,28 000 , 36 000,,31 000 ,27 000 , 35 000,,30 000 ,27 000 , 34 000,,30 000 ,26 000 , 34 000,,29 000 ,26 000 , 33 000,,27 000 ,23 000 , 31 000,,26 000 ,22 000 , 29 000,,21 000 ,18 000 , 24 000,,20 000 ,16 000 , 23 000,,15 000 ,12 000 , 17 000,,13 000 ,11 000 , 15 000,,12 000 ,11 000 , 14 000,,9000 ,8100 , 10 000,,9200 ,8200 , 11 000,,10 000 ,8800 , 13 000,,11 000 ,9000 , 13 000,,12 000 ,9300 , 13 000,,9000 ,7400 , 11 000,,8000 ,6600 , 10 000,,7600 ,5700 , 9500,,7000 ,5400 , 8900,,7900 ,5600 , 9600,,7600 ,5400 , 9300,,5600 ,3800 , 7200,,5100 ,3200 , 6900,
United States,... ,... , ...,"Estimates were not available at the time of publication.",... ,... , ...,"Estimates were not available at the time of publication.",... ,... , ...,"Estimates were not available at the time of publication.",... ,... , ...,"Estimates were not available at the time of publication.",... ,... , ...,"Estimates were not available at the time of publication.",... ,... , ...,"Estimates were not available at the time of publication.",... ,... , ...,"Estimates were not available at the time of publication.",... ,... , ...,"Estimates were not available at the time of publication.",... ,... , ...,"Estimates were not available at the time of publication.",... ,... , ...,"Estimates were not available at the time of publication.",... ,... , ...,"Estimates were not available at the time of publication.",... ,... , ...,"Estimates were not available at the time of publication.",... ,... , ...,"Estimates were not available at the time of publication.",... ,... , ...,"Estimates were not available at the time of publication.",... ,... , ...,"Estimates were not available at the time of publication.",... ,... , ...,"Estimates were not available at the time of publication.",... ,... , ...,"Estimates were not available at the time of publication.",... ,... , ...,"Estimates were not available at the time of publication.",... ,... , ...,"Estimates were not available at the time of publication.",... ,... , ...,"Estimates were not available at the time of publication.",... ,... , ...,"Estimates were not available at the time of publication.",... ,... , ...,"Estimates were not available at the time of publication.",... ,... , ...,"Estimates were not available at the time of publication.",... ,... , ...,"Estimates were not available at the time of publication.",... ,... , ...,"Estimates were not available at the time of publication.",... ,... , ...,"Estimates were not available at the time of publication.",... ,... , ...,"Estimates were not available at the time of publication.",... ,... , ...,"Estimates were not available at the time of publication.",... ,... , ...,"Estimates were not available at the time of publication.",... ,... , ...,"Estimates were not available at the time of publication.",... ,... , ...,"Estimates were not available at the time of publication.",... ,... , ...,"Estimates were not available at the time of publication.",... ,... , ...,"Estimates were not available at the time of publication.",... ,... , ...,"Estimates were not available at the time of publication.",... ,... , ...,"Estimates were not available at the time of publication."
Uruguay,... ,... , ...,"Estimates were not available at the time of publication.",... ,... , ...,"Estimates were not available at the time of publication.",... ,... , ...,"Estimates were not available at the time of publication.",... ,... , ...,"Estimates were not available at the time of publication.",... ,... , ...,"Estimates were not available at the time of publication.",... ,... , ...,"Estimates were not available at the time of publication.",... ,... , ...,"Estimates were not available at the time of publication.",... ,... , ...,"Estimates were not available at the time of publication.",... ,... , ...,"Estimates were not available at the time of publication.",... ,... , ...,"Estimates were not available at the time of publication.",... ,... , ...,"Estimates were not available at the time of publication.",... ,... , ...,"Estimates were not available at the time of publication.",... ,... , ...,"Estimates were not available at the time of publication.",... ,... , ...,"Estimates were not available at the time of publication.",... ,... , ...,"Estimates were not available at the time of publication.",... ,... , ...,"Estimates were not available at the time of publication.",... ,... , ...,"Estimates were not available at the time of publication.",... ,... , ...,"Estimates were not available at the time of publication.",... ,... , ...,"Estimates were not available at the time of publication.",... ,... , ...,"Estimates were not available at the time of publication.",... ,... , ...,"Estimates were not available at the time of publication.",... ,... , ...,"Estimates were not available at the time of publication.",... ,... , ...,"Estimates were not available at the time of publication.",... ,... , ...,"Estimates were not available at the time of publication.",... ,... , ...,"Estimates were not available at the time of publication.",... ,... , ...,"Estimates were not available at the time of publication.",... ,... , ...,"Estimates were not available at the time of publication.",... ,... , ...,"Estimates were not available at the time of publication.",... ,... , ...,"Estimates were not available at the time of publication.",... ,... , ...,"Estimates were not available at the time of publication.",... ,... , ...,"Estimates were not available at the time of publication.",... ,... , ...,"Estimates were not available at the time of publication.",... ,... , ...,"Estimates were not available at the time of publication.",... ,... , ...,"Estimates were not available at the time of publication.",... ,... , ...,"Estimates were not available at the time of publication."
Uzbekistan,... ,... , ...,"Estimates were not available at the time of publication.",... ,... , ...,"Estimates were not available at the time of publication.",... ,... , ...,"Estimates were not available at the time of publication.",... ,... , ...,"Estimates were not available at the time of publication.",... ,... , ...,"Estimates were not available at the time of publication.",... ,... , ...,"Estimates were not available at the time of publication.",... ,... , ...,"Estimates were not available at the time of publication.",... ,... , ...,"Estimates were not available at the time of publication.",... ,... , ...,"Estimates were not available at the time of publication.",... ,... , ...,"Estimates were not available at the time of publication.",... ,... , ...,"Estimates were not available at the time of publication.",... ,... , ...,"Estimates were not available at the time of publication.",... ,... , ...,"Estimates were not available at the time of publication.",... ,... , ...,"Estimates were not available at the time of publication.",... ,... , ...,"Estimates were not available at the time of publication.",... ,... , ...,"Estimates were not available at the time of publication.",... ,... , ...,"Estimates were not available at the time of publication.",... ,... , ...,"Estimates were not available at the time of publication.",... ,... , ...,"Estimates were not available at the time of publication.",... ,... , ...,"Estimates were not available at the time of publication.",... ,... , ...,"Estimates were not available at the time of publication.",... ,... , ...,"Estimates were not available at the time of publication.",... ,... , ...,"Estimates were not available at the time of publication.",... ,... , ...,"Estimates were not available at the time of publication.",... ,... , ...,"Estimates were not available at the time of publication.",... ,... , ...,"Estimates were not available at the time of publication.",... ,... , ...,"Estimates were not available at the time of publication.",... ,... , ...,"Estimates were not available at the time of publication.",... ,... , ...,"Estimates were not available at the time of publication.",... ,... , ...,"Estimates were not available at the time of publication.",... ,... , ...,"Estimates were not available at the time of publication.",... ,... , ...,"Estimates were not available at the time of publication.",... ,... , ...,"Estimates were not available at the time of publication.",... ,... , ...,"Estimates were not available at the time of publication.",... ,... , ...,"Estimates were not available at the time of publication."
Vanuatu,... ,... , ...,"Estimates were not available at the time of publication.",... ,... , ...,"Estimates were not available at the time of publication.",... ,... , ...,"Estimates were not available at the time of publication.",... ,... , ...,"Estimates were not available at the time of publication.",... ,... , ...,"Estimates were not available at the time of publication.",... ,... , ...,"Estimates were not available at the time of publication.",... ,... , ...,"Estimates were not available at the time of publication.",... ,... , ...,"Estimates were not available at the time of publication.",... ,... , ...,"Estimates were not available at the time of publication.",... ,... , ...,"Estimates were not available at the time of publication.",... ,... , ...,"Estimates were not available at the time of publication.",... ,... , ...,"Estimates were not available at the time of publication.",... ,... , ...,"Estimates were not available at the time of publication.",... ,... , ...,"Estimates were not available at the time of publication.",... ,... , ...,"Estimates were not available at the time of publication.",... ,... , ...,"Estimates were not available at the time of publication.",... ,... , ...,"Estimates were not available at the time of publication.",... ,... , ...,"Estimates were not available at the time of publication.",... ,... , ...,"Estimates were not available at the time of publication.",... ,... , ...,"Estimates were not available at the time of publication.",... ,... , ...,"Estimates were not available at the time of publication.",... ,... , ...,"Estimates were not available at the time of publication.",... ,... , ...,"Estimates were not available at the time of publication.",... ,... , ...,"Estimates were not available at the time of publication.",... ,... , ...,"Estimates were not available at the time of publication.",... ,... , ...,"Estimates were not available at the time of publication.",... ,... , ...,"Estimates were not available at the time of publication.",... ,... , ...,"Estimates were not available at the time of publication.",... ,... , ...,"Estimates were not available at the time of publication.",... ,... , ...,"Estimates were not available at the time of publication.",... ,... , ...,"Estimates were not available at the time of publication.",... ,... , ...,"Estimates were not available at the time of publication.",... ,... , ...,"Estimates were not available at the time of publication.",... ,... , ...,"Estimates were not available at the time of publication.",... ,... , ...,"Estimates were not available at the time of publication."
Venezuela (Bolivarian Republic of),<100 ,<100 , <200,,<200 ,<100 , <200,,<200 ,<200 , <200,,<200 ,<200 , <200,,<200 ,<200 , <500,,<500 ,<200 , <500,,<500 ,<500 , <500,,<500 ,<500 , <500,,<500 ,<500 , <500,,<500 ,<500 , 520,,540 ,<500 , 610,,590 ,<500 , 660,,740 ,640 , 830,,870 ,750 , 1000,,960 ,830 , 1100,,1000 ,850 , 1200,,890 ,770 , 1100,,800 ,690 , 950,,740 ,640 , 860,,710 ,620 , 830,,660 ,580 , 770,,640 ,550 , 740,,590 ,510 , 710,,550 ,<500 , 690,,510 ,<500 , 620,,<500 ,<500 , 600,,<500 ,<500 , 620,,500 ,<500 , 620,,<500 ,<500 , 580,,<500 ,<500 , 560,,<500 ,<500 , 540,,<500 ,<500 , 530,,<500 ,<500 , 500,,<500 ,<500 , 520,,<500 ,<500 , 600,
Viet Nam,<100 ,<100 , <100,,<100 ,<100 , <100,,<100 ,<100 , <100,,<100 ,<100 , <100,,<100 ,<100 , <100,,<200 ,<100 , <200,,<200 ,<200 , <200,,<500 ,<200 , <500,,<500 ,<500 , <500,,<500 ,<500 , <500,,<500 ,<500 , <500,,<500 ,<500 , 510,,<500 ,<500 , 560,,510 ,<500 , 620,,550 ,<500 , 660,,540 ,<500 , 650,,<500 ,<500 , 620,,<500 ,<500 , 610,,<500 ,<500 , 610,,<500 ,<500 , 540,,<500 ,<500 , <500,,<500 ,<500 , 630,,<500 ,<500 , 560,,<500 ,<500 , 670,,<500 ,<500 , 690,,520 ,<500 , 690,,<500 ,<500 , 520,,<500 ,<500 , <500,,<500 ,<500 , <500,,<500 ,<500 , <500,,<500 ,<500 , <500,,<500 ,<500 , <500,,<500 ,<500 , <500,,<500 ,<200 , <500,,<200 ,<200 , <200,
Yemen,<100 ,<100 , <100,,<100 ,<100 , <100,,<100 ,<100 , <100,,<100 ,<100 , <100,,<100 ,<100 , <100,,<100 ,<100 , <100,,<100 ,<100 , <100,,<100 ,<100 , <100,,<100 ,<100 , <100,,<100 ,<100 , <100,,<100 ,<100 , <100,,<100 ,<100 , <100,,<100 ,<100 , <100,,<100 ,<100 , <100,,<100 ,<100 , <100,,<100 ,<100 , <100,,<100 ,<100 , <100,,<100 ,<100 , <100,,<100 ,<100 , <200,,<100 ,<100 , <200,,<100 ,<100 , <200,,<100 ,<100 , <200,,<100 ,<100 , <200,,<100 ,<100 , <200,,<200 ,<100 , <200,,<200 ,<200 , <200,,<200 ,<200 , <200,,<200 ,<200 , <200,,<200 ,<200 , <200,,<200 ,<200 , <200,,<200 ,<200 , <200,,<200 ,<200 , <200,,<200 ,<200 , <200,,<200 ,<200 , <500,,<200 ,<200 , <500,
Zambia,15 000 ,13 000 , 17 000,,17 000 ,15 000 , 19 000,,19 000 ,17 000 , 21 000,,20 000 ,18 000 , 22 000,,21 000 ,19 000 , 23 000,,22 000 ,19 000 , 24 000,,22 000 ,20 000 , 25 000,,23 000 ,20 000 , 25 000,,23 000 ,20 000 , 25 000,,23 000 ,20 000 , 26 000,,22 000 ,20 000 , 25 000,,22 000 ,20 000 , 24 000,,22 000 ,20 000 , 24 000,,22 000 ,19 000 , 24 000,,20 000 ,18 000 , 22 000,,17 000 ,15 000 , 19 000,,16 000 ,14 000 , 18 000,,15 000 ,13 000 , 17 000,,13 000 ,10 000 , 15 000,,12 000 ,9600 , 14 000,,12 000 ,9500 , 13 000,,11 000 ,9400 , 13 000,,11 000 ,9100 , 13 000,,10 000 ,8700 , 12 000,,9400 ,8200 , 11 000,,10 000 ,8300 , 12 000,,9500 ,7800 , 11 000,,8600 ,6800 , 10 000,,8100 ,6300 , 9400,,5500 ,4800 , 6700,,4700 ,3700 , 6000,,5000 ,3600 , 6100,,4800 ,3400 , 5900,,3900 ,2600 , 5000,,3000 ,2200 , 4100,
Zimbabwe,33 000 ,29 000 , 37 000,,37 000 ,34 000 , 42 000,,40 000 ,37 000 , 45 000,,42 000 ,38 000 , 46 000,,44 000 ,40 000 , 48 000,,43 000 ,39 000 , 48 000,,44 000 ,40 000 , 48 000,,43 000 ,39 000 , 47 000,,43 000 ,38 000 , 47 000,,42 000 ,37 000 , 46 000,,40 000 ,35 000 , 44 000,,38 000 ,34 000 , 42 000,,35 000 ,31 000 , 39 000,,32 000 ,28 000 , 36 000,,30 000 ,26 000 , 34 000,,27 000 ,24 000 , 31 000,,26 000 ,22 000 , 29 000,,24 000 ,20 000 , 27 000,,22 000 ,18 000 , 25 000,,21 000 ,17 000 , 23 000,,18 000 ,14 000 , 20 000,,16 000 ,13 000 , 19 000,,10 000 ,7300 , 12 000,,10 000 ,7400 , 13 000,,8900 ,6200 , 11 000,,8800 ,6200 , 11 000,,7400 ,5000 , 8900,,5900 ,4200 , 7600,,5000 ,3600 , 6400,,4500 ,3100 , 5600,,4300 ,2700 , 5500,,4500 ,2900 , 5700,,4000 ,2600 , 5000,,3200 ,1900 , 4200,,2800 ,1700 , 3800,
Global,300 000 ,210 000,440 000,,350 000 ,250 000,510 000,,400 000 ,280 000,580 000,,440 000 ,310 000,640 000,,480 000 ,330 000,690 000,,510 000 ,360 000,740 000,,540 000 ,380 000,780 000,,550 000 ,390 000,800 000,,560 000 ,400 000,820 000,,570 000 ,400 000,820 000,,560 000 ,390 000,820 000,,560 000 ,390 000,810 000,,550 000 ,380 000,790 000,,540 000 ,370 000,780 000,,520 000 ,360 000,750 000,,490 000 ,340 000,710 000,,460 000 ,320 000,660 000,,410 000 ,290 000,600 000,,370 000 ,260 000,540 000,,340 000 ,240 000,490 000,,310 000 ,220 000,450 000,,280 000 ,190 000,400 000,,240 000 ,170 000,350 000,,230 000 ,160 000,330 000,,210 000 ,150 000,310 000,,200 000 ,140 000,290 000,,200 000 ,140 000,280 000,,180 000 ,130 000,270 000,,170 000 ,120 000,250 000,,160 000 ,110 000,230 000,,150 000 ,110 000,220 000,,150 000 ,100 000,210 000,,140 000 ,97 000,200 000,,120 000 ,87 000,180 000,,120 000 ,82 000,170 000,