Country,1990,1990_lower, 1990_upper, 1990_Footnote, 1991,1991_lower, 1991_upper, 1991_Footnote, 1992,1992_lower, 1992_upper, 1992_Footnote, 1993,1993_lower, 1993_upper, 1993_Footnote, 1994,1994_lower, 1994_upper, 1994_Footnote, 1995,1995_lower, 1995_upper, 1995_Footnote, 1996,1996_lower, 1996_upper, 1996_Footnote, 1997,1997_lower, 1997_upper, 1997_Footnote, 1998,1998_lower, 1998_upper, 1998_Footnote, 1999,1999_lower, 1999_upper, 1999_Footnote, 2000,2000_lower, 2000_upper, 2000_Footnote, 2001,2001_lower, 2001_upper, 2001_Footnote, 2002,2002_lower, 2002_upper, 2002_Footnote, 2003,2003_lower, 2003_upper, 2003_Footnote, 2004,2004_lower, 2004_upper, 2004_Footnote, 2005,2005_lower, 2005_upper, 2005_Footnote, 2006,2006_lower, 2006_upper, 2006_Footnote, 2007,2007_lower, 2007_upper, 2007_Footnote, 2008,2008_lower, 2008_upper, 2008_Footnote, 2009,2009_lower, 2009_upper, 2009_Footnote, 2010,2010_lower, 2010_upper, 2010_Footnote, 2011,2011_lower, 2011_upper, 2011_Footnote, 2012,2012_lower, 2012_upper, 2012_Footnote, 2013,2013_lower, 2013_upper, 2013_Footnote, 2014,2014_lower, 2014_upper, 2014_Footnote, 2015,2015_lower, 2015_upper, 2015_Footnote, 2016,2016_lower, 2016_upper, 2016_Footnote, 2017,2017_lower, 2017_upper, 2017_Footnote, 2018,2018_lower, 2018_upper, 2018_Footnote, 2019,2019_lower, 2019_upper, 2019_Footnote, 2020,2020_lower, 2020_upper, 2020_Footnote, 2021,2021_lower, 2021_upper, 2021_Footnote, 2022,2022_lower, 2022_upper, 2022_Footnote, 2023,2023_lower, 2023_upper, 2023_Footnote, 2024,2024_lower, 2024_upper, 2024_Footnote
Afghanistan,<100 ,<100 , <100,,<100 ,<100 , <100,,<100 ,<100 , <100,,<100 ,<100 , <100,,<100 ,<100 , <100,,<100 ,<100 , <100,,<100 ,<100 , <200,,<100 ,<100 , <200,,<100 ,<100 , <200,,<100 ,<100 , <200,,<100 ,<100 , <200,,<100 ,<100 , <200,,<200 ,<100 , <500,,<200 ,<100 , <500,,<200 ,<100 , <500,,<200 ,<100 , <500,,<200 ,<100 , <500,,<200 ,<100 , <500,,<200 ,<100 , <500,,<200 ,<100 , <500,,<200 ,<100 , <500,,<200 ,<100 , <500,,<200 ,<100 , <500,,<200 ,<100 , 510,,<200 ,<100 , 550,,<500 ,<100 , 590,,<500 ,<100 , 670,,<500 ,<100 , 700,,<500 ,<100 , 750,,<500 ,<100 , 810,,<500 ,<200 , 870,,<500 ,<200 , 940,,<500 ,<200 , 960,,<500 ,<200 , 1100,,<500 ,<200 , 1100,
Albania,... ,... , ...,"Children estimates were not available at the time of publication.",... ,... , ...,"Children estimates were not available at the time of publication.",... ,... , ...,"Children estimates were not available at the time of publication.",... ,... , ...,"Children estimates were not available at the time of publication.",... ,... , ...,"Children estimates were not available at the time of publication.",... ,... , ...,"Children estimates were not available at the time of publication.",... ,... , ...,"Children estimates were not available at the time of publication.",... ,... , ...,"Children estimates were not available at the time of publication.",... ,... , ...,"Children estimates were not available at the time of publication.",... ,... , ...,"Children estimates were not available at the time of publication.",... ,... , ...,"Children estimates were not available at the time of publication.",... ,... , ...,"Children estimates were not available at the time of publication.",... ,... , ...,"Children estimates were not available at the time of publication.",... ,... , ...,"Children estimates were not available at the time of publication.",... ,... , ...,"Children estimates were not available at the time of publication.",... ,... , ...,"Children estimates were not available at the time of publication.",... ,... , ...,"Children estimates were not available at the time of publication.",... ,... , ...,"Children estimates were not available at the time of publication.",... ,... , ...,"Children estimates were not available at the time of publication.",... ,... , ...,"Children estimates were not available at the time of publication.",... ,... , ...,"Children estimates were not available at the time of publication.",... ,... , ...,"Children estimates were not available at the time of publication.",... ,... , ...,"Children estimates were not available at the time of publication.",... ,... , ...,"Children estimates were not available at the time of publication.",... ,... , ...,"Children estimates were not available at the time of publication.",... ,... , ...,"Children estimates were not available at the time of publication.",... ,... , ...,"Children estimates were not available at the time of publication.",... ,... , ...,"Children estimates were not available at the time of publication.",... ,... , ...,"Children estimates were not available at the time of publication.",... ,... , ...,"Children estimates were not available at the time of publication.",... ,... , ...,"Children estimates were not available at the time of publication.",... ,... , ...,"Children estimates were not available at the time of publication.",... ,... , ...,"Children estimates were not available at the time of publication.",... ,... , ...,"Children estimates were not available at the time of publication.",... ,... , ...,"Children estimates were not available at the time of publication."
Algeria,<100 ,<100 , <100,,<100 ,<100 , <100,,<100 ,<100 , <100,,<100 ,<100 , <100,,<100 ,<100 , <100,,<100 ,<100 , <100,,<100 ,<100 , <100,,<100 ,<100 , <100,,<100 ,<100 , <100,,<100 ,<100 , <100,,<100 ,<100 , <100,,<100 ,<100 , <100,,<100 ,<100 , <100,,<200 ,<100 , <200,,<200 ,<200 , <200,,<200 ,<200 , <200,,<200 ,<200 , <200,,<200 ,<200 , <200,,<200 ,<200 , <500,,<500 ,<500 , <500,,<500 ,<500 , <500,,<500 ,<500 , <500,,<500 ,<500 , <500,,<500 ,<500 , <500,,<500 ,<500 , <500,,<500 ,<500 , 520,,560 ,530 , 600,,630 ,590 , 670,,690 ,650 , 740,,740 ,690 , 800,,810 ,750 , 890,,890 ,820 , 990,,970 ,880 , 1100,,1000 ,940 , 1200,,1100 ,980 , 1300,
Angola,3800 ,2100 , 6500,,4800 ,2700 , 8200,,6000 ,3500 , 9900,,7200 ,4400 , 12 000,,8700 ,5400 , 14 000,,10 000 ,6600 , 15 000,,12 000 ,7800 , 17 000,,14 000 ,9300 , 19 000,,16 000 ,11 000 , 21 000,,17 000 ,12 000 , 23 000,,20 000 ,14 000 , 25 000,,22 000 ,16 000 , 28 000,,24 000 ,18 000 , 30 000,,26 000 ,20 000 , 33 000,,28 000 ,22 000 , 35 000,,30 000 ,24 000 , 37 000,,32 000 ,26 000 , 39 000,,34 000 ,28 000 , 41 000,,36 000 ,29 000 , 42 000,,37 000 ,31 000 , 44 000,,39 000 ,32 000 , 45 000,,40 000 ,34 000 , 47 000,,42 000 ,36 000 , 49 000,,43 000 ,37 000 , 50 000,,44 000 ,38 000 , 51 000,,45 000 ,39 000 , 51 000,,46 000 ,40 000 , 53 000,,46 000 ,40 000 , 54 000,,46 000 ,40 000 , 54 000,,46 000 ,39 000 , 53 000,,45 000 ,39 000 , 52 000,,44 000 ,38 000 , 52 000,,43 000 ,36 000 , 50 000,,41 000 ,35 000 , 49 000,,40 000 ,33 000 , 48 000,
Antigua and Barbuda,... ,... , ...,"Countries with a UNAIDS-approved estimate and population less than 250000 in 2024; not included in regional or global totals",... ,... , ...,"Countries with a UNAIDS-approved estimate and population less than 250000 in 2024; not included in regional or global totals",... ,... , ...,"Countries with a UNAIDS-approved estimate and population less than 250000 in 2024; not included in regional or global totals",... ,... , ...,"Countries with a UNAIDS-approved estimate and population less than 250000 in 2024; not included in regional or global totals",... ,... , ...,"Countries with a UNAIDS-approved estimate and population less than 250000 in 2024; not included in regional or global totals",... ,... , ...,"Countries with a UNAIDS-approved estimate and population less than 250000 in 2024; not included in regional or global totals",... ,... , ...,"Countries with a UNAIDS-approved estimate and population less than 250000 in 2024; not included in regional or global totals",... ,... , ...,"Countries with a UNAIDS-approved estimate and population less than 250000 in 2024; not included in regional or global totals",... ,... , ...,"Countries with a UNAIDS-approved estimate and population less than 250000 in 2024; not included in regional or global totals",... ,... , ...,"Countries with a UNAIDS-approved estimate and population less than 250000 in 2024; not included in regional or global totals",... ,... , ...,"Countries with a UNAIDS-approved estimate and population less than 250000 in 2024; not included in regional or global totals",... ,... , ...,"Countries with a UNAIDS-approved estimate and population less than 250000 in 2024; not included in regional or global totals",... ,... , ...,"Countries with a UNAIDS-approved estimate and population less than 250000 in 2024; not included in regional or global totals",... ,... , ...,"Countries with a UNAIDS-approved estimate and population less than 250000 in 2024; not included in regional or global totals",... ,... , ...,"Countries with a UNAIDS-approved estimate and population less than 250000 in 2024; not included in regional or global totals",... ,... , ...,"Countries with a UNAIDS-approved estimate and population less than 250000 in 2024; not included in regional or global totals",... ,... , ...,"Countries with a UNAIDS-approved estimate and population less than 250000 in 2024; not included in regional or global totals",... ,... , ...,"Countries with a UNAIDS-approved estimate and population less than 250000 in 2024; not included in regional or global totals",... ,... , ...,"Countries with a UNAIDS-approved estimate and population less than 250000 in 2024; not included in regional or global totals",... ,... , ...,"Countries with a UNAIDS-approved estimate and population less than 250000 in 2024; not included in regional or global totals",... ,... , ...,"Countries with a UNAIDS-approved estimate and population less than 250000 in 2024; not included in regional or global totals",... ,... , ...,"Countries with a UNAIDS-approved estimate and population less than 250000 in 2024; not included in regional or global totals",... ,... , ...,"Countries with a UNAIDS-approved estimate and population less than 250000 in 2024; not included in regional or global totals",... ,... , ...,"Countries with a UNAIDS-approved estimate and population less than 250000 in 2024; not included in regional or global totals",... ,... , ...,"Countries with a UNAIDS-approved estimate and population less than 250000 in 2024; not included in regional or global totals",... ,... , ...,"Countries with a UNAIDS-approved estimate and population less than 250000 in 2024; not included in regional or global totals",... ,... , ...,"Countries with a UNAIDS-approved estimate and population less than 250000 in 2024; not included in regional or global totals",... ,... , ...,"Countries with a UNAIDS-approved estimate and population less than 250000 in 2024; not included in regional or global totals",... ,... , ...,"Countries with a UNAIDS-approved estimate and population less than 250000 in 2024; not included in regional or global totals",... ,... , ...,"Countries with a UNAIDS-approved estimate and population less than 250000 in 2024; not included in regional or global totals",... ,... , ...,"Countries with a UNAIDS-approved estimate and population less than 250000 in 2024; not included in regional or global totals",... ,... , ...,"Countries with a UNAIDS-approved estimate and population less than 250000 in 2024; not included in regional or global totals",... ,... , ...,"Countries with a UNAIDS-approved estimate and population less than 250000 in 2024; not included in regional or global totals",... ,... , ...,"Countries with a UNAIDS-approved estimate and population less than 250000 in 2024; not included in regional or global totals",... ,... , ...,"Countries with a UNAIDS-approved estimate and population less than 250000 in 2024; not included in regional or global totals"
Argentina,... ,... , ...,,... ,... , ...,,... ,... , ...,,... ,... , ...,,... ,... , ...,,... ,... , ...,,... ,... , ...,,... ,... , ...,,... ,... , ...,,... ,... , ...,,... ,... , ...,,... ,... , ...,,... ,... , ...,,... ,... , ...,,... ,... , ...,,... ,... , ...,,... ,... , ...,,... ,... , ...,,... ,... , ...,,... ,... , ...,,... ,... , ...,,... ,... , ...,,... ,... , ...,,... ,... , ...,,... ,... , ...,,... ,... , ...,,... ,... , ...,,... ,... , ...,,... ,... , ...,,... ,... , ...,,... ,... , ...,,... ,... , ...,,... ,... , ...,,... ,... , ...,,... ,... , ...,
Armenia,<100 ,<100 , <100,,<100 ,<100 , <100,,<100 ,<100 , <100,,<100 ,<100 , <100,,<100 ,<100 , <100,,<100 ,<100 , <100,,<100 ,<100 , <100,,<100 ,<100 , <100,,<100 ,<100 , <100,,<100 ,<100 , <100,,<100 ,<100 , <100,,<100 ,<100 , <100,,<100 ,<100 , <100,,<100 ,<100 , <100,,<100 ,<100 , <100,,<100 ,<100 , <100,,<100 ,<100 , <100,,<100 ,<100 , <100,,<100 ,<100 , <100,,<100 ,<100 , <100,,<100 ,<100 , <100,,<100 ,<100 , <100,,<100 ,<100 , <100,,<100 ,<100 , <100,,<100 ,<100 , <100,,<100 ,<100 , <100,,<100 ,<100 , <100,,<100 ,<100 , <100,,<100 ,<100 , <100,,<100 ,<100 , <100,,<100 ,<100 , <100,,<100 ,<100 , <100,,<100 ,<100 , <100,,<100 ,<100 , <100,,<100 ,<100 , <200,
Australia,... ,... , ...,,... ,... , ...,,... ,... , ...,,... ,... , ...,,... ,... , ...,,... ,... , ...,,... ,... , ...,,... ,... , ...,,... ,... , ...,,... ,... , ...,,... ,... , ...,,... ,... , ...,,... ,... , ...,,... ,... , ...,,... ,... , ...,,... ,... , ...,,... ,... , ...,,... ,... , ...,,... ,... , ...,,... ,... , ...,,... ,... , ...,,... ,... , ...,,... ,... , ...,,... ,... , ...,,... ,... , ...,,... ,... , ...,,... ,... , ...,,... ,... , ...,,... ,... , ...,,... ,... , ...,,... ,... , ...,,... ,... , ...,,... ,... , ...,,... ,... , ...,,... ,... , ...,
Austria,... ,... , ...,"Estimates were not available at the time of publication.",... ,... , ...,"Estimates were not available at the time of publication.",... ,... , ...,"Estimates were not available at the time of publication.",... ,... , ...,"Estimates were not available at the time of publication.",... ,... , ...,"Estimates were not available at the time of publication.",... ,... , ...,"Estimates were not available at the time of publication.",... ,... , ...,"Estimates were not available at the time of publication.",... ,... , ...,"Estimates were not available at the time of publication.",... ,... , ...,"Estimates were not available at the time of publication.",... ,... , ...,"Estimates were not available at the time of publication.",... ,... , ...,"Estimates were not available at the time of publication.",... ,... , ...,"Estimates were not available at the time of publication.",... ,... , ...,"Estimates were not available at the time of publication.",... ,... , ...,"Estimates were not available at the time of publication.",... ,... , ...,"Estimates were not available at the time of publication.",... ,... , ...,"Estimates were not available at the time of publication.",... ,... , ...,"Estimates were not available at the time of publication.",... ,... , ...,"Estimates were not available at the time of publication.",... ,... , ...,"Estimates were not available at the time of publication.",... ,... , ...,"Estimates were not available at the time of publication.",... ,... , ...,"Estimates were not available at the time of publication.",... ,... , ...,"Estimates were not available at the time of publication.",... ,... , ...,"Estimates were not available at the time of publication.",... ,... , ...,"Estimates were not available at the time of publication.",... ,... , ...,"Estimates were not available at the time of publication.",... ,... , ...,"Estimates were not available at the time of publication.",... ,... , ...,"Estimates were not available at the time of publication.",... ,... , ...,"Estimates were not available at the time of publication.",... ,... , ...,"Estimates were not available at the time of publication.",... ,... , ...,"Estimates were not available at the time of publication.",... ,... , ...,"Estimates were not available at the time of publication.",... ,... , ...,"Estimates were not available at the time of publication.",... ,... , ...,"Estimates were not available at the time of publication.",... ,... , ...,"Estimates were not available at the time of publication.",... ,... , ...,"Estimates were not available at the time of publication."
Azerbaijan,... ,... , ...,"Children estimates were not available at the time of publication.",... ,... , ...,"Children estimates were not available at the time of publication.",... ,... , ...,"Children estimates were not available at the time of publication.",... ,... , ...,"Children estimates were not available at the time of publication.",... ,... , ...,"Children estimates were not available at the time of publication.",... ,... , ...,"Children estimates were not available at the time of publication.",... ,... , ...,"Children estimates were not available at the time of publication.",... ,... , ...,"Children estimates were not available at the time of publication.",... ,... , ...,"Children estimates were not available at the time of publication.",... ,... , ...,"Children estimates were not available at the time of publication.",... ,... , ...,"Children estimates were not available at the time of publication.",... ,... , ...,"Children estimates were not available at the time of publication.",... ,... , ...,"Children estimates were not available at the time of publication.",... ,... , ...,"Children estimates were not available at the time of publication.",... ,... , ...,"Children estimates were not available at the time of publication.",... ,... , ...,"Children estimates were not available at the time of publication.",... ,... , ...,"Children estimates were not available at the time of publication.",... ,... , ...,"Children estimates were not available at the time of publication.",... ,... , ...,"Children estimates were not available at the time of publication.",... ,... , ...,"Children estimates were not available at the time of publication.",... ,... , ...,"Children estimates were not available at the time of publication.",... ,... , ...,"Children estimates were not available at the time of publication.",... ,... , ...,"Children estimates were not available at the time of publication.",... ,... , ...,"Children estimates were not available at the time of publication.",... ,... , ...,"Children estimates were not available at the time of publication.",... ,... , ...,"Children estimates were not available at the time of publication.",... ,... , ...,"Children estimates were not available at the time of publication.",... ,... , ...,"Children estimates were not available at the time of publication.",... ,... , ...,"Children estimates were not available at the time of publication.",... ,... , ...,"Children estimates were not available at the time of publication.",... ,... , ...,"Children estimates were not available at the time of publication.",... ,... , ...,"Children estimates were not available at the time of publication.",... ,... , ...,"Children estimates were not available at the time of publication.",... ,... , ...,"Children estimates were not available at the time of publication.",... ,... , ...,"Children estimates were not available at the time of publication."
Bahamas,... ,... , ...,"Children estimates were not available at the time of publication.",... ,... , ...,"Children estimates were not available at the time of publication.",... ,... , ...,"Children estimates were not available at the time of publication.",... ,... , ...,"Children estimates were not available at the time of publication.",... ,... , ...,"Children estimates were not available at the time of publication.",... ,... , ...,"Children estimates were not available at the time of publication.",... ,... , ...,"Children estimates were not available at the time of publication.",... ,... , ...,"Children estimates were not available at the time of publication.",... ,... , ...,"Children estimates were not available at the time of publication.",... ,... , ...,"Children estimates were not available at the time of publication.",... ,... , ...,"Children estimates were not available at the time of publication.",... ,... , ...,"Children estimates were not available at the time of publication.",... ,... , ...,"Children estimates were not available at the time of publication.",... ,... , ...,"Children estimates were not available at the time of publication.",... ,... , ...,"Children estimates were not available at the time of publication.",... ,... , ...,"Children estimates were not available at the time of publication.",... ,... , ...,"Children estimates were not available at the time of publication.",... ,... , ...,"Children estimates were not available at the time of publication.",... ,... , ...,"Children estimates were not available at the time of publication.",... ,... , ...,"Children estimates were not available at the time of publication.",... ,... , ...,"Children estimates were not available at the time of publication.",... ,... , ...,"Children estimates were not available at the time of publication.",... ,... , ...,"Children estimates were not available at the time of publication.",... ,... , ...,"Children estimates were not available at the time of publication.",... ,... , ...,"Children estimates were not available at the time of publication.",... ,... , ...,"Children estimates were not available at the time of publication.",... ,... , ...,"Children estimates were not available at the time of publication.",... ,... , ...,"Children estimates were not available at the time of publication.",... ,... , ...,"Children estimates were not available at the time of publication.",... ,... , ...,"Children estimates were not available at the time of publication.",... ,... , ...,"Children estimates were not available at the time of publication.",... ,... , ...,"Children estimates were not available at the time of publication.",... ,... , ...,"Children estimates were not available at the time of publication.",... ,... , ...,"Children estimates were not available at the time of publication.",... ,... , ...,"Children estimates were not available at the time of publication."
Bahrain,... ,... , ...,"Children estimates were not available at the time of publication.",... ,... , ...,"Children estimates were not available at the time of publication.",... ,... , ...,"Children estimates were not available at the time of publication.",... ,... , ...,"Children estimates were not available at the time of publication.",... ,... , ...,"Children estimates were not available at the time of publication.",... ,... , ...,"Children estimates were not available at the time of publication.",... ,... , ...,"Children estimates were not available at the time of publication.",... ,... , ...,"Children estimates were not available at the time of publication.",... ,... , ...,"Children estimates were not available at the time of publication.",... ,... , ...,"Children estimates were not available at the time of publication.",... ,... , ...,"Children estimates were not available at the time of publication.",... ,... , ...,"Children estimates were not available at the time of publication.",... ,... , ...,"Children estimates were not available at the time of publication.",... ,... , ...,"Children estimates were not available at the time of publication.",... ,... , ...,"Children estimates were not available at the time of publication.",... ,... , ...,"Children estimates were not available at the time of publication.",... ,... , ...,"Children estimates were not available at the time of publication.",... ,... , ...,"Children estimates were not available at the time of publication.",... ,... , ...,"Children estimates were not available at the time of publication.",... ,... , ...,"Children estimates were not available at the time of publication.",... ,... , ...,"Children estimates were not available at the time of publication.",... ,... , ...,"Children estimates were not available at the time of publication.",... ,... , ...,"Children estimates were not available at the time of publication.",... ,... , ...,"Children estimates were not available at the time of publication.",... ,... , ...,"Children estimates were not available at the time of publication.",... ,... , ...,"Children estimates were not available at the time of publication.",... ,... , ...,"Children estimates were not available at the time of publication.",... ,... , ...,"Children estimates were not available at the time of publication.",... ,... , ...,"Children estimates were not available at the time of publication.",... ,... , ...,"Children estimates were not available at the time of publication.",... ,... , ...,"Children estimates were not available at the time of publication.",... ,... , ...,"Children estimates were not available at the time of publication.",... ,... , ...,"Children estimates were not available at the time of publication.",... ,... , ...,"Children estimates were not available at the time of publication.",... ,... , ...,"Children estimates were not available at the time of publication."
Bangladesh,... ,... , ...,,... ,... , ...,,... ,... , ...,,... ,... , ...,,... ,... , ...,,... ,... , ...,,... ,... , ...,,... ,... , ...,,... ,... , ...,,... ,... , ...,,... ,... , ...,,... ,... , ...,,... ,... , ...,,... ,... , ...,,... ,... , ...,,... ,... , ...,,... ,... , ...,,... ,... , ...,,... ,... , ...,,... ,... , ...,,... ,... , ...,,... ,... , ...,,... ,... , ...,,... ,... , ...,,... ,... , ...,,... ,... , ...,,... ,... , ...,,... ,... , ...,,... ,... , ...,,... ,... , ...,,... ,... , ...,,... ,... , ...,,... ,... , ...,,... ,... , ...,,... ,... , ...,
Barbados,... ,... , ...,"Children estimates were not available at the time of publication.",... ,... , ...,"Children estimates were not available at the time of publication.",... ,... , ...,"Children estimates were not available at the time of publication.",... ,... , ...,"Children estimates were not available at the time of publication.",... ,... , ...,"Children estimates were not available at the time of publication.",... ,... , ...,"Children estimates were not available at the time of publication.",... ,... , ...,"Children estimates were not available at the time of publication.",... ,... , ...,"Children estimates were not available at the time of publication.",... ,... , ...,"Children estimates were not available at the time of publication.",... ,... , ...,"Children estimates were not available at the time of publication.",... ,... , ...,"Children estimates were not available at the time of publication.",... ,... , ...,"Children estimates were not available at the time of publication.",... ,... , ...,"Children estimates were not available at the time of publication.",... ,... , ...,"Children estimates were not available at the time of publication.",... ,... , ...,"Children estimates were not available at the time of publication.",... ,... , ...,"Children estimates were not available at the time of publication.",... ,... , ...,"Children estimates were not available at the time of publication.",... ,... , ...,"Children estimates were not available at the time of publication.",... ,... , ...,"Children estimates were not available at the time of publication.",... ,... , ...,"Children estimates were not available at the time of publication.",... ,... , ...,"Children estimates were not available at the time of publication.",... ,... , ...,"Children estimates were not available at the time of publication.",... ,... , ...,"Children estimates were not available at the time of publication.",... ,... , ...,"Children estimates were not available at the time of publication.",... ,... , ...,"Children estimates were not available at the time of publication.",... ,... , ...,"Children estimates were not available at the time of publication.",... ,... , ...,"Children estimates were not available at the time of publication.",... ,... , ...,"Children estimates were not available at the time of publication.",... ,... , ...,"Children estimates were not available at the time of publication.",... ,... , ...,"Children estimates were not available at the time of publication.",... ,... , ...,"Children estimates were not available at the time of publication.",... ,... , ...,"Children estimates were not available at the time of publication.",... ,... , ...,"Children estimates were not available at the time of publication.",... ,... , ...,"Children estimates were not available at the time of publication.",... ,... , ...,"Children estimates were not available at the time of publication."
Belarus,... ,... , ...,"Estimates were not available at the time of publication.",... ,... , ...,"Estimates were not available at the time of publication.",... ,... , ...,"Estimates were not available at the time of publication.",... ,... , ...,"Estimates were not available at the time of publication.",... ,... , ...,"Estimates were not available at the time of publication.",... ,... , ...,"Estimates were not available at the time of publication.",... ,... , ...,"Estimates were not available at the time of publication.",... ,... , ...,"Estimates were not available at the time of publication.",... ,... , ...,"Estimates were not available at the time of publication.",... ,... , ...,"Estimates were not available at the time of publication.",... ,... , ...,"Estimates were not available at the time of publication.",... ,... , ...,"Estimates were not available at the time of publication.",... ,... , ...,"Estimates were not available at the time of publication.",... ,... , ...,"Estimates were not available at the time of publication.",... ,... , ...,"Estimates were not available at the time of publication.",... ,... , ...,"Estimates were not available at the time of publication.",... ,... , ...,"Estimates were not available at the time of publication.",... ,... , ...,"Estimates were not available at the time of publication.",... ,... , ...,"Estimates were not available at the time of publication.",... ,... , ...,"Estimates were not available at the time of publication.",... ,... , ...,"Estimates were not available at the time of publication.",... ,... , ...,"Estimates were not available at the time of publication.",... ,... , ...,"Estimates were not available at the time of publication.",... ,... , ...,"Estimates were not available at the time of publication.",... ,... , ...,"Estimates were not available at the time of publication.",... ,... , ...,"Estimates were not available at the time of publication.",... ,... , ...,"Estimates were not available at the time of publication.",... ,... , ...,"Estimates were not available at the time of publication.",... ,... , ...,"Estimates were not available at the time of publication.",... ,... , ...,"Estimates were not available at the time of publication.",... ,... , ...,"Estimates were not available at the time of publication.",... ,... , ...,"Estimates were not available at the time of publication.",... ,... , ...,"Estimates were not available at the time of publication.",... ,... , ...,"Estimates were not available at the time of publication.",... ,... , ...,"Estimates were not available at the time of publication."
Belgium,... ,... , ...,,... ,... , ...,,... ,... , ...,,... ,... , ...,,... ,... , ...,,... ,... , ...,,... ,... , ...,,... ,... , ...,,... ,... , ...,,... ,... , ...,,... ,... , ...,,... ,... , ...,,... ,... , ...,,... ,... , ...,,... ,... , ...,,... ,... , ...,,... ,... , ...,,... ,... , ...,,... ,... , ...,,... ,... , ...,,... ,... , ...,,... ,... , ...,,... ,... , ...,,... ,... , ...,,... ,... , ...,,... ,... , ...,,... ,... , ...,,... ,... , ...,,... ,... , ...,,... ,... , ...,,... ,... , ...,,... ,... , ...,,... ,... , ...,,... ,... , ...,,... ,... , ...,
Belize,... ,... , ...,"Children estimates were not available at the time of publication.",... ,... , ...,"Children estimates were not available at the time of publication.",... ,... , ...,"Children estimates were not available at the time of publication.",... ,... , ...,"Children estimates were not available at the time of publication.",... ,... , ...,"Children estimates were not available at the time of publication.",... ,... , ...,"Children estimates were not available at the time of publication.",... ,... , ...,"Children estimates were not available at the time of publication.",... ,... , ...,"Children estimates were not available at the time of publication.",... ,... , ...,"Children estimates were not available at the time of publication.",... ,... , ...,"Children estimates were not available at the time of publication.",... ,... , ...,"Children estimates were not available at the time of publication.",... ,... , ...,"Children estimates were not available at the time of publication.",... ,... , ...,"Children estimates were not available at the time of publication.",... ,... , ...,"Children estimates were not available at the time of publication.",... ,... , ...,"Children estimates were not available at the time of publication.",... ,... , ...,"Children estimates were not available at the time of publication.",... ,... , ...,"Children estimates were not available at the time of publication.",... ,... , ...,"Children estimates were not available at the time of publication.",... ,... , ...,"Children estimates were not available at the time of publication.",... ,... , ...,"Children estimates were not available at the time of publication.",... ,... , ...,"Children estimates were not available at the time of publication.",... ,... , ...,"Children estimates were not available at the time of publication.",... ,... , ...,"Children estimates were not available at the time of publication.",... ,... , ...,"Children estimates were not available at the time of publication.",... ,... , ...,"Children estimates were not available at the time of publication.",... ,... , ...,"Children estimates were not available at the time of publication.",... ,... , ...,"Children estimates were not available at the time of publication.",... ,... , ...,"Children estimates were not available at the time of publication.",... ,... , ...,"Children estimates were not available at the time of publication.",... ,... , ...,"Children estimates were not available at the time of publication.",... ,... , ...,"Children estimates were not available at the time of publication.",... ,... , ...,"Children estimates were not available at the time of publication.",... ,... , ...,"Children estimates were not available at the time of publication.",... ,... , ...,"Children estimates were not available at the time of publication.",... ,... , ...,"Children estimates were not available at the time of publication."
Benin,550 ,<500 , 880,,840 ,570 , 1200,,1200 ,890 , 1700,,1800 ,1300 , 2300,,2400 ,1900 , 3100,,3100 ,2500 , 4000,,3900 ,3300 , 4800,,4700 ,3900 , 5700,,5500 ,4700 , 6500,,6200 ,5300 , 7300,,6900 ,5900 , 8200,,7600 ,6500 , 8800,,8200 ,7000 , 9600,,8800 ,7500 , 10 000,,9300 ,8100 , 11 000,,9800 ,8400 , 11 000,,10 000 ,8800 , 12 000,,10 000 ,9000 , 12 000,,10 000 ,8800 , 12 000,,10 000 ,8600 , 12 000,,10 000 ,8500 , 12 000,,10 000 ,8400 , 12 000,,9900 ,8300 , 11 000,,9900 ,8300 , 12 000,,9600 ,8000 , 11 000,,8900 ,7400 , 10 000,,8300 ,6900 , 9700,,7800 ,6500 , 9200,,7400 ,6100 , 8700,,7000 ,5700 , 8300,,6500 ,5300 , 8000,,6200 ,4900 , 7600,,5800 ,4600 , 7300,,5600 ,4300 , 7000,,5200 ,4000 , 6600,
Bhutan,... ,... , ...,"Children estimates were not available at the time of publication.",... ,... , ...,"Children estimates were not available at the time of publication.",... ,... , ...,"Children estimates were not available at the time of publication.",... ,... , ...,"Children estimates were not available at the time of publication.",... ,... , ...,"Children estimates were not available at the time of publication.",... ,... , ...,"Children estimates were not available at the time of publication.",... ,... , ...,"Children estimates were not available at the time of publication.",... ,... , ...,"Children estimates were not available at the time of publication.",... ,... , ...,"Children estimates were not available at the time of publication.",... ,... , ...,"Children estimates were not available at the time of publication.",... ,... , ...,"Children estimates were not available at the time of publication.",... ,... , ...,"Children estimates were not available at the time of publication.",... ,... , ...,"Children estimates were not available at the time of publication.",... ,... , ...,"Children estimates were not available at the time of publication.",... ,... , ...,"Children estimates were not available at the time of publication.",... ,... , ...,"Children estimates were not available at the time of publication.",... ,... , ...,"Children estimates were not available at the time of publication.",... ,... , ...,"Children estimates were not available at the time of publication.",... ,... , ...,"Children estimates were not available at the time of publication.",... ,... , ...,"Children estimates were not available at the time of publication.",... ,... , ...,"Children estimates were not available at the time of publication.",... ,... , ...,"Children estimates were not available at the time of publication.",... ,... , ...,"Children estimates were not available at the time of publication.",... ,... , ...,"Children estimates were not available at the time of publication.",... ,... , ...,"Children estimates were not available at the time of publication.",... ,... , ...,"Children estimates were not available at the time of publication.",... ,... , ...,"Children estimates were not available at the time of publication.",... ,... , ...,"Children estimates were not available at the time of publication.",... ,... , ...,"Children estimates were not available at the time of publication.",... ,... , ...,"Children estimates were not available at the time of publication.",... ,... , ...,"Children estimates were not available at the time of publication.",... ,... , ...,"Children estimates were not available at the time of publication.",... ,... , ...,"Children estimates were not available at the time of publication.",... ,... , ...,"Children estimates were not available at the time of publication.",... ,... , ...,"Children estimates were not available at the time of publication."
Bolivia (Plurinational State of),<100 ,<100 , <500,,<200 ,<100 , <500,,<200 ,<100 , 520,,<500 ,<100 , 590,,<500 ,<200 , 650,,<500 ,<200 , 700,,<500 ,<500 , 760,,510 ,<500 , 800,,580 ,<500 , 870,,660 ,<500 , 930,,730 ,500 , 990,,800 ,590 , 1000,,870 ,660 , 1100,,930 ,720 , 1200,,980 ,770 , 1200,,1000 ,820 , 1300,,1100 ,860 , 1300,,1100 ,890 , 1300,,1100 ,900 , 1300,,1100 ,900 , 1400,,1100 ,880 , 1300,,1100 ,870 , 1300,,1000 ,850 , 1300,,1000 ,830 , 1300,,1000 ,820 , 1200,,990 ,800 , 1200,,970 ,770 , 1200,,940 ,750 , 1200,,900 ,720 , 1100,,870 ,680 , 1100,,840 ,660 , 1100,,810 ,630 , 1000,,770 ,590 , 990,,730 ,550 , 950,,700 ,530 , 900,
Bosnia and Herzegovina,... ,... , ...,"Estimates were not available at the time of publication.",... ,... , ...,"Estimates were not available at the time of publication.",... ,... , ...,"Estimates were not available at the time of publication.",... ,... , ...,"Estimates were not available at the time of publication.",... ,... , ...,"Estimates were not available at the time of publication.",... ,... , ...,"Estimates were not available at the time of publication.",... ,... , ...,"Estimates were not available at the time of publication.",... ,... , ...,"Estimates were not available at the time of publication.",... ,... , ...,"Estimates were not available at the time of publication.",... ,... , ...,"Estimates were not available at the time of publication.",... ,... , ...,"Estimates were not available at the time of publication.",... ,... , ...,"Estimates were not available at the time of publication.",... ,... , ...,"Estimates were not available at the time of publication.",... ,... , ...,"Estimates were not available at the time of publication.",... ,... , ...,"Estimates were not available at the time of publication.",... ,... , ...,"Estimates were not available at the time of publication.",... ,... , ...,"Estimates were not available at the time of publication.",... ,... , ...,"Estimates were not available at the time of publication.",... ,... , ...,"Estimates were not available at the time of publication.",... ,... , ...,"Estimates were not available at the time of publication.",... ,... , ...,"Estimates were not available at the time of publication.",... ,... , ...,"Estimates were not available at the time of publication.",... ,... , ...,"Estimates were not available at the time of publication.",... ,... , ...,"Estimates were not available at the time of publication.",... ,... , ...,"Estimates were not available at the time of publication.",... ,... , ...,"Estimates were not available at the time of publication.",... ,... , ...,"Estimates were not available at the time of publication.",... ,... , ...,"Estimates were not available at the time of publication.",... ,... , ...,"Estimates were not available at the time of publication.",... ,... , ...,"Estimates were not available at the time of publication.",... ,... , ...,"Estimates were not available at the time of publication.",... ,... , ...,"Estimates were not available at the time of publication.",... ,... , ...,"Estimates were not available at the time of publication.",... ,... , ...,"Estimates were not available at the time of publication.",... ,... , ...,"Estimates were not available at the time of publication."
Botswana,2500 ,2100 , 3000,,3500 ,3100 , 4100,,4800 ,4200 , 5500,,6300 ,5700 , 7100,,8000 ,7300 , 8900,,10 000 ,9300 , 11 000,,12 000 ,11 000 , 14 000,,15 000 ,14 000 , 16 000,,17 000 ,16 000 , 18 000,,19 000 ,18 000 , 21 000,,21 000 ,19 000 , 23 000,,23 000 ,21 000 , 25 000,,24 000 ,22 000 , 26 000,,25 000 ,22 000 , 27 000,,25 000 ,22 000 , 27 000,,24 000 ,22 000 , 27 000,,23 000 ,21 000 , 26 000,,23 000 ,19 000 , 25 000,,22 000 ,18 000 , 24 000,,20 000 ,17 000 , 23 000,,19 000 ,16 000 , 21 000,,18 000 ,15 000 , 20 000,,17 000 ,13 000 , 19 000,,15 000 ,12 000 , 17 000,,14 000 ,10 000 , 16 000,,12 000 ,8600 , 14 000,,11 000 ,7300 , 13 000,,9700 ,6100 , 11 000,,8400 ,5100 , 10 000,,7300 ,4300 , 8700,,6600 ,3900 , 7900,,6000 ,3500 , 7200,,5400 ,3100 , 6500,,4800 ,2800 , 5800,,4200 ,2500 , 5300,
Brazil,... ,... , ...,,... ,... , ...,,... ,... , ...,,... ,... , ...,,... ,... , ...,,... ,... , ...,,... ,... , ...,,... ,... , ...,,... ,... , ...,,... ,... , ...,,... ,... , ...,,... ,... , ...,,... ,... , ...,,... ,... , ...,,... ,... , ...,,... ,... , ...,,... ,... , ...,,... ,... , ...,,... ,... , ...,,... ,... , ...,,... ,... , ...,,... ,... , ...,,... ,... , ...,,... ,... , ...,,... ,... , ...,,... ,... , ...,,... ,... , ...,,... ,... , ...,,... ,... , ...,,... ,... , ...,,... ,... , ...,,... ,... , ...,,... ,... , ...,,... ,... , ...,,... ,... , ...,
Brunei Darussalam,... ,... , ...,"Estimates were not available at the time of publication.",... ,... , ...,"Estimates were not available at the time of publication.",... ,... , ...,"Estimates were not available at the time of publication.",... ,... , ...,"Estimates were not available at the time of publication.",... ,... , ...,"Estimates were not available at the time of publication.",... ,... , ...,"Estimates were not available at the time of publication.",... ,... , ...,"Estimates were not available at the time of publication.",... ,... , ...,"Estimates were not available at the time of publication.",... ,... , ...,"Estimates were not available at the time of publication.",... ,... , ...,"Estimates were not available at the time of publication.",... ,... , ...,"Estimates were not available at the time of publication.",... ,... , ...,"Estimates were not available at the time of publication.",... ,... , ...,"Estimates were not available at the time of publication.",... ,... , ...,"Estimates were not available at the time of publication.",... ,... , ...,"Estimates were not available at the time of publication.",... ,... , ...,"Estimates were not available at the time of publication.",... ,... , ...,"Estimates were not available at the time of publication.",... ,... , ...,"Estimates were not available at the time of publication.",... ,... , ...,"Estimates were not available at the time of publication.",... ,... , ...,"Estimates were not available at the time of publication.",... ,... , ...,"Estimates were not available at the time of publication.",... ,... , ...,"Estimates were not available at the time of publication.",... ,... , ...,"Estimates were not available at the time of publication.",... ,... , ...,"Estimates were not available at the time of publication.",... ,... , ...,"Estimates were not available at the time of publication.",... ,... , ...,"Estimates were not available at the time of publication.",... ,... , ...,"Estimates were not available at the time of publication.",... ,... , ...,"Estimates were not available at the time of publication.",... ,... , ...,"Estimates were not available at the time of publication.",... ,... , ...,"Estimates were not available at the time of publication.",... ,... , ...,"Estimates were not available at the time of publication.",... ,... , ...,"Estimates were not available at the time of publication.",... ,... , ...,"Estimates were not available at the time of publication.",... ,... , ...,"Estimates were not available at the time of publication.",... ,... , ...,"Estimates were not available at the time of publication."
Bulgaria,... ,... , ...,"Children estimates were not available at the time of publication.",... ,... , ...,"Children estimates were not available at the time of publication.",... ,... , ...,"Children estimates were not available at the time of publication.",... ,... , ...,"Children estimates were not available at the time of publication.",... ,... , ...,"Children estimates were not available at the time of publication.",... ,... , ...,"Children estimates were not available at the time of publication.",... ,... , ...,"Children estimates were not available at the time of publication.",... ,... , ...,"Children estimates were not available at the time of publication.",... ,... , ...,"Children estimates were not available at the time of publication.",... ,... , ...,"Children estimates were not available at the time of publication.",... ,... , ...,"Children estimates were not available at the time of publication.",... ,... , ...,"Children estimates were not available at the time of publication.",... ,... , ...,"Children estimates were not available at the time of publication.",... ,... , ...,"Children estimates were not available at the time of publication.",... ,... , ...,"Children estimates were not available at the time of publication.",... ,... , ...,"Children estimates were not available at the time of publication.",... ,... , ...,"Children estimates were not available at the time of publication.",... ,... , ...,"Children estimates were not available at the time of publication.",... ,... , ...,"Children estimates were not available at the time of publication.",... ,... , ...,"Children estimates were not available at the time of publication.",... ,... , ...,"Children estimates were not available at the time of publication.",... ,... , ...,"Children estimates were not available at the time of publication.",... ,... , ...,"Children estimates were not available at the time of publication.",... ,... , ...,"Children estimates were not available at the time of publication.",... ,... , ...,"Children estimates were not available at the time of publication.",... ,... , ...,"Children estimates were not available at the time of publication.",... ,... , ...,"Children estimates were not available at the time of publication.",... ,... , ...,"Children estimates were not available at the time of publication.",... ,... , ...,"Children estimates were not available at the time of publication.",... ,... , ...,"Children estimates were not available at the time of publication.",... ,... , ...,"Children estimates were not available at the time of publication.",... ,... , ...,"Children estimates were not available at the time of publication.",... ,... , ...,"Children estimates were not available at the time of publication.",... ,... , ...,"Children estimates were not available at the time of publication.",... ,... , ...,"Children estimates were not available at the time of publication."
Burkina Faso,14 000 ,8500 , 25 000,,17 000 ,10 000 , 28 000,,19 000 ,12 000 , 31 000,,22 000 ,14 000 , 34 000,,24 000 ,16 000 , 35 000,,26 000 ,18 000 , 37 000,,27 000 ,20 000 , 39 000,,29 000 ,21 000 , 40 000,,30 000 ,23 000 , 41 000,,31 000 ,24 000 , 41 000,,31 000 ,24 000 , 40 000,,31 000 ,25 000 , 40 000,,31 000 ,25 000 , 39 000,,30 000 ,25 000 , 37 000,,29 000 ,24 000 , 36 000,,28 000 ,24 000 , 34 000,,27 000 ,23 000 , 32 000,,25 000 ,21 000 , 31 000,,24 000 ,20 000 , 29 000,,23 000 ,19 000 , 27 000,,21 000 ,18 000 , 26 000,,20 000 ,17 000 , 24 000,,19 000 ,16 000 , 23 000,,18 000 ,15 000 , 21 000,,16 000 ,14 000 , 20 000,,15 000 ,13 000 , 19 000,,15 000 ,12 000 , 18 000,,14 000 ,11 000 , 17 000,,13 000 ,10 000 , 16 000,,12 000 ,9600 , 15 000,,11 000 ,8800 , 14 000,,10 000 ,8100 , 13 000,,9500 ,7500 , 12 000,,9000 ,7000 , 11 000,,8400 ,6500 , 11 000,
Burundi,12 000 ,5100 , 23 000,,14 000 ,7000 , 26 000,,17 000 ,9000 , 28 000,,18 000 ,10 000 , 28 000,,19 000 ,12 000 , 30 000,,21 000 ,14 000 , 30 000,,22 000 ,15 000 , 31 000,,22 000 ,16 000 , 32 000,,23 000 ,17 000 , 31 000,,23 000 ,18 000 , 31 000,,23 000 ,18 000 , 30 000,,23 000 ,18 000 , 29 000,,22 000 ,18 000 , 28 000,,22 000 ,18 000 , 26 000,,21 000 ,17 000 , 24 000,,20 000 ,16 000 , 23 000,,18 000 ,15 000 , 21 000,,17 000 ,15 000 , 20 000,,16 000 ,14 000 , 19 000,,15 000 ,13 000 , 17 000,,14 000 ,12 000 , 16 000,,13 000 ,11 000 , 15 000,,12 000 ,10 000 , 14 000,,11 000 ,9200 , 13 000,,10 000 ,8200 , 12 000,,9200 ,7400 , 11 000,,8300 ,6700 , 10 000,,7500 ,6000 , 9300,,6700 ,5500 , 8400,,6100 ,4900 , 7700,,5500 ,4400 , 7100,,5100 ,4100 , 6700,,4700 ,3700 , 6300,,4400 ,3400 , 5800,,4100 ,3100 , 5400,
Cabo Verde,<100 ,<100 , <200,,<200 ,<100 , <200,,<200 ,<100 , <200,,<200 ,<100 , <200,,<200 ,<100 , <200,,<200 ,<100 , <200,,<200 ,<200 , <500,,<200 ,<200 , <500,,<200 ,<200 , <500,,<200 ,<200 , <500,,<200 ,<200 , <500,,<200 ,<200 , <500,,<200 ,<200 , <500,,<200 ,<200 , <500,,<200 ,<200 , <500,,<200 ,<200 , <500,,<200 ,<200 , <500,,<200 ,<200 , <500,,<200 ,<200 , <500,,<200 ,<200 , <500,,<200 ,<200 , <200,,<200 ,<200 , <200,,<200 ,<200 , <200,,<200 ,<100 , <200,,<200 ,<100 , <200,,<200 ,<100 , <200,,<200 ,<100 , <200,,<100 ,<100 , <200,,<100 ,<100 , <200,,<100 ,<100 , <200,,<100 ,<100 , <200,,<100 ,<100 , <200,,<100 ,<100 , <200,,<100 ,<100 , <100,,<100 ,<100 , <100,
Cambodia,<100 ,<100 , <100,,<100 ,<100 , <100,,<200 ,<200 , <200,,<500 ,<500 , <500,,800 ,660 , 940,,1400 ,1200 , 1600,,2100 ,1800 , 2500,,2800 ,2300 , 3300,,3400 ,2900 , 4000,,4000 ,3400 , 4600,,4500 ,3800 , 5100,,4900 ,4200 , 5700,,5300 ,4500 , 6100,,5600 ,4800 , 6500,,5900 ,5000 , 6800,,6100 ,5200 , 7000,,6200 ,5300 , 7100,,6100 ,5200 , 7100,,6100 ,5200 , 7000,,6000 ,5200 , 7000,,5900 ,5000 , 6800,,5600 ,4800 , 6500,,5400 ,4500 , 6200,,5100 ,4200 , 5900,,4800 ,4000 , 5500,,4400 ,3700 , 5000,,4000 ,3300 , 4600,,3600 ,3000 , 4200,,3300 ,2700 , 3800,,2900 ,2400 , 3400,,2600 ,2100 , 3100,,2300 ,1800 , 2800,,2000 ,1600 , 2400,,1600 ,1300 , 2000,,1300 ,1000 , 1700,
Cameroon,3400 ,2300 , 4600,,4700 ,3300 , 6100,,6400 ,4700 , 8000,,8600 ,6400 , 10 000,,11 000 ,8700 , 13 000,,14 000 ,11 000 , 16 000,,18 000 ,14 000 , 20 000,,21 000 ,17 000 , 24 000,,25 000 ,21 000 , 28 000,,29 000 ,25 000 , 32 000,,32 000 ,28 000 , 36 000,,36 000 ,31 000 , 40 000,,39 000 ,34 000 , 43 000,,42 000 ,37 000 , 47 000,,44 000 ,39 000 , 49 000,,47 000 ,41 000 , 52 000,,48 000 ,42 000 , 53 000,,50 000 ,44 000 , 55 000,,50 000 ,43 000 , 56 000,,50 000 ,44 000 , 56 000,,49 000 ,42 000 , 55 000,,47 000 ,40 000 , 53 000,,45 000 ,38 000 , 51 000,,42 000 ,36 000 , 48 000,,39 000 ,33 000 , 45 000,,37 000 ,31 000 , 42 000,,35 000 ,29 000 , 40 000,,32 000 ,27 000 , 37 000,,30 000 ,25 000 , 35 000,,29 000 ,23 000 , 33 000,,27 000 ,22 000 , 31 000,,25 000 ,20 000 , 30 000,,24 000 ,19 000 , 28 000,,22 000 ,17 000 , 26 000,,20 000 ,16 000 , 24 000,
Canada,... ,... , ...,,... ,... , ...,,... ,... , ...,,... ,... , ...,,... ,... , ...,,... ,... , ...,,... ,... , ...,,... ,... , ...,,... ,... , ...,,... ,... , ...,,... ,... , ...,,... ,... , ...,,... ,... , ...,,... ,... , ...,,... ,... , ...,,... ,... , ...,,... ,... , ...,,... ,... , ...,,... ,... , ...,,... ,... , ...,,... ,... , ...,,... ,... , ...,,... ,... , ...,,... ,... , ...,,... ,... , ...,,... ,... , ...,,... ,... , ...,,... ,... , ...,,... ,... , ...,,... ,... , ...,,... ,... , ...,,... ,... , ...,,... ,... , ...,,... ,... , ...,,... ,... , ...,
Central African Republic,4900 ,3300 , 7200,,6200 ,4300 , 9000,,7700 ,5500 , 11 000,,9200 ,6700 , 13 000,,11 000 ,8200 , 15 000,,13 000 ,9400 , 17 000,,14 000 ,11 000 , 19 000,,16 000 ,12 000 , 20 000,,17 000 ,13 000 , 22 000,,18 000 ,15 000 , 23 000,,19 000 ,16 000 , 24 000,,20 000 ,16 000 , 25 000,,21 000 ,17 000 , 25 000,,21 000 ,17 000 , 26 000,,22 000 ,18 000 , 26 000,,22 000 ,18 000 , 26 000,,21 000 ,18 000 , 25 000,,21 000 ,18 000 , 25 000,,20 000 ,17 000 , 24 000,,20 000 ,16 000 , 23 000,,19 000 ,16 000 , 22 000,,18 000 ,15 000 , 21 000,,17 000 ,14 000 , 20 000,,16 000 ,13 000 , 19 000,,15 000 ,13 000 , 18 000,,14 000 ,12 000 , 17 000,,13 000 ,11 000 , 16 000,,13 000 ,10 000 , 15 000,,12 000 ,9600 , 14 000,,11 000 ,8800 , 14 000,,11 000 ,8100 , 13 000,,10 000 ,7600 , 13 000,,9800 ,7200 , 13 000,,9500 ,6900 , 13 000,,9100 ,6400 , 13 000,
Chad,3300 ,1600 , 6300,,4400 ,2300 , 8000,,5600 ,3100 , 9700,,6900 ,4000 , 11 000,,8200 ,4900 , 13 000,,9600 ,6000 , 14 000,,11 000 ,7300 , 16 000,,12 000 ,8200 , 18 000,,14 000 ,9300 , 19 000,,15 000 ,10 000 , 21 000,,16 000 ,11 000 , 22 000,,17 000 ,12 000 , 23 000,,18 000 ,13 000 , 25 000,,19 000 ,14 000 , 25 000,,20 000 ,15 000 , 26 000,,20 000 ,15 000 , 27 000,,21 000 ,15 000 , 26 000,,21 000 ,16 000 , 26 000,,21 000 ,16 000 , 26 000,,20 000 ,15 000 , 26 000,,20 000 ,15 000 , 25 000,,20 000 ,15 000 , 24 000,,19 000 ,15 000 , 24 000,,18 000 ,14 000 , 23 000,,17 000 ,13 000 , 21 000,,17 000 ,13 000 , 21 000,,16 000 ,12 000 , 20 000,,16 000 ,12 000 , 19 000,,15 000 ,11 000 , 19 000,,14 000 ,11 000 , 18 000,,13 000 ,9900 , 17 000,,13 000 ,9200 , 16 000,,12 000 ,8600 , 16 000,,11 000 ,8000 , 15 000,,11 000 ,7600 , 15 000,
Chile,... ,... , ...,,... ,... , ...,,... ,... , ...,,... ,... , ...,,... ,... , ...,,... ,... , ...,,... ,... , ...,,... ,... , ...,,... ,... , ...,,... ,... , ...,,... ,... , ...,,... ,... , ...,,... ,... , ...,,... ,... , ...,,... ,... , ...,,... ,... , ...,,... ,... , ...,,... ,... , ...,,... ,... , ...,,... ,... , ...,,... ,... , ...,,... ,... , ...,,... ,... , ...,,... ,... , ...,,... ,... , ...,,... ,... , ...,,... ,... , ...,,... ,... , ...,,... ,... , ...,,... ,... , ...,,... ,... , ...,,... ,... , ...,,... ,... , ...,,... ,... , ...,,... ,... , ...,
China,... ,... , ...,"Estimates were not available at the time of publication.",... ,... , ...,"Estimates were not available at the time of publication.",... ,... , ...,"Estimates were not available at the time of publication.",... ,... , ...,"Estimates were not available at the time of publication.",... ,... , ...,"Estimates were not available at the time of publication.",... ,... , ...,"Estimates were not available at the time of publication.",... ,... , ...,"Estimates were not available at the time of publication.",... ,... , ...,"Estimates were not available at the time of publication.",... ,... , ...,"Estimates were not available at the time of publication.",... ,... , ...,"Estimates were not available at the time of publication.",... ,... , ...,"Estimates were not available at the time of publication.",... ,... , ...,"Estimates were not available at the time of publication.",... ,... , ...,"Estimates were not available at the time of publication.",... ,... , ...,"Estimates were not available at the time of publication.",... ,... , ...,"Estimates were not available at the time of publication.",... ,... , ...,"Estimates were not available at the time of publication.",... ,... , ...,"Estimates were not available at the time of publication.",... ,... , ...,"Estimates were not available at the time of publication.",... ,... , ...,"Estimates were not available at the time of publication.",... ,... , ...,"Estimates were not available at the time of publication.",... ,... , ...,"Estimates were not available at the time of publication.",... ,... , ...,"Estimates were not available at the time of publication.",... ,... , ...,"Estimates were not available at the time of publication.",... ,... , ...,"Estimates were not available at the time of publication.",... ,... , ...,"Estimates were not available at the time of publication.",... ,... , ...,"Estimates were not available at the time of publication.",... ,... , ...,"Estimates were not available at the time of publication.",... ,... , ...,"Estimates were not available at the time of publication.",... ,... , ...,"Estimates were not available at the time of publication.",... ,... , ...,"Estimates were not available at the time of publication.",... ,... , ...,"Estimates were not available at the time of publication.",... ,... , ...,"Estimates were not available at the time of publication.",... ,... , ...,"Estimates were not available at the time of publication.",... ,... , ...,"Estimates were not available at the time of publication.",... ,... , ...,"Estimates were not available at the time of publication."
Colombia,700 ,<500 , 1100,,930 ,640 , 1400,,1200 ,840 , 1700,,1500 ,1100 , 2100,,1800 ,1300 , 2400,,2100 ,1500 , 2800,,2300 ,1700 , 3100,,2600 ,1900 , 3400,,2900 ,2100 , 3800,,3100 ,2300 , 4000,,3300 ,2500 , 4200,,3400 ,2600 , 4400,,3500 ,2700 , 4600,,3600 ,2800 , 4600,,3700 ,2800 , 4600,,3600 ,2800 , 4600,,3600 ,2800 , 4600,,3500 ,2800 , 4500,,3400 ,2700 , 4400,,3300 ,2600 , 4200,,3200 ,2600 , 4000,,3100 ,2500 , 3900,,3000 ,2400 , 3700,,2800 ,2300 , 3500,,2700 ,2100 , 3400,,2600 ,2100 , 3200,,2500 ,2000 , 3100,,2500 ,1900 , 3000,,2400 ,1900 , 3000,,2400 ,1800 , 3000,,2300 ,1800 , 3000,,2300 ,1700 , 3000,,2300 ,1700 , 3100,,2300 ,1600 , 3100,,2100 ,1500 , 3000,
Comoros,... ,... , ...,"Children estimates were not available at the time of publication.",... ,... , ...,"Children estimates were not available at the time of publication.",... ,... , ...,"Children estimates were not available at the time of publication.",... ,... , ...,"Children estimates were not available at the time of publication.",... ,... , ...,"Children estimates were not available at the time of publication.",... ,... , ...,"Children estimates were not available at the time of publication.",... ,... , ...,"Children estimates were not available at the time of publication.",... ,... , ...,"Children estimates were not available at the time of publication.",... ,... , ...,"Children estimates were not available at the time of publication.",... ,... , ...,"Children estimates were not available at the time of publication.",... ,... , ...,"Children estimates were not available at the time of publication.",... ,... , ...,"Children estimates were not available at the time of publication.",... ,... , ...,"Children estimates were not available at the time of publication.",... ,... , ...,"Children estimates were not available at the time of publication.",... ,... , ...,"Children estimates were not available at the time of publication.",... ,... , ...,"Children estimates were not available at the time of publication.",... ,... , ...,"Children estimates were not available at the time of publication.",... ,... , ...,"Children estimates were not available at the time of publication.",... ,... , ...,"Children estimates were not available at the time of publication.",... ,... , ...,"Children estimates were not available at the time of publication.",... ,... , ...,"Children estimates were not available at the time of publication.",... ,... , ...,"Children estimates were not available at the time of publication.",... ,... , ...,"Children estimates were not available at the time of publication.",... ,... , ...,"Children estimates were not available at the time of publication.",... ,... , ...,"Children estimates were not available at the time of publication.",... ,... , ...,"Children estimates were not available at the time of publication.",... ,... , ...,"Children estimates were not available at the time of publication.",... ,... , ...,"Children estimates were not available at the time of publication.",... ,... , ...,"Children estimates were not available at the time of publication.",... ,... , ...,"Children estimates were not available at the time of publication.",... ,... , ...,"Children estimates were not available at the time of publication.",... ,... , ...,"Children estimates were not available at the time of publication.",... ,... , ...,"Children estimates were not available at the time of publication.",... ,... , ...,"Children estimates were not available at the time of publication.",... ,... , ...,"Children estimates were not available at the time of publication."
Congo,5200 ,3700 , 6900,,6100 ,4400 , 7800,,6900 ,5100 , 8800,,7700 ,5900 , 9600,,8400 ,6500 , 10 000,,9200 ,7000 , 11 000,,9800 ,7600 , 12 000,,10 000 ,8100 , 13 000,,11 000 ,8500 , 13 000,,11 000 ,8800 , 13 000,,11 000 ,9100 , 14 000,,12 000 ,9300 , 14 000,,12 000 ,9500 , 14 000,,12 000 ,9700 , 14 000,,12 000 ,9700 , 14 000,,12 000 ,9700 , 14 000,,12 000 ,9700 , 14 000,,11 000 ,9600 , 14 000,,11 000 ,9500 , 14 000,,11 000 ,9400 , 14 000,,11 000 ,9300 , 13 000,,11 000 ,9000 , 13 000,,11 000 ,9100 , 13 000,,11 000 ,8800 , 13 000,,11 000 ,8800 , 13 000,,11 000 ,8700 , 13 000,,11 000 ,8800 , 13 000,,11 000 ,8800 , 13 000,,11 000 ,8900 , 14 000,,11 000 ,8900 , 14 000,,12 000 ,8900 , 14 000,,12 000 ,8800 , 14 000,,12 000 ,8800 , 15 000,,12 000 ,8500 , 15 000,,12 000 ,8100 , 15 000,
Costa Rica,<100 ,<100 , <100,,<100 ,<100 , <100,,<100 ,<100 , <100,,<100 ,<100 , <100,,<100 ,<100 , <100,,<100 ,<100 , <100,,<100 ,<100 , <100,,<100 ,<100 , <100,,<100 ,<100 , <100,,<100 ,<100 , <100,,<100 ,<100 , <100,,<100 ,<100 , <100,,<100 ,<100 , <100,,<100 ,<100 , <100,,<100 ,<100 , <100,,<100 ,<100 , <100,,<100 ,<100 , <100,,<100 ,<100 , <200,,<200 ,<100 , <200,,<200 ,<200 , <200,,<200 ,<200 , <200,,<200 ,<200 , <200,,<200 ,<200 , <200,,<200 ,<200 , <200,,<200 ,<200 , <200,,<200 ,<200 , <200,,<200 ,<200 , <200,,<200 ,<200 , <200,,<200 ,<200 , <200,,<200 ,<200 , <200,,<200 ,<200 , <200,,<200 ,<200 , <200,,<200 ,<200 , <200,,<200 ,<200 , <200,,<200 ,<200 , <200,
Croatia,... ,... , ...,"Children estimates were not available at the time of publication.",... ,... , ...,"Children estimates were not available at the time of publication.",... ,... , ...,"Children estimates were not available at the time of publication.",... ,... , ...,"Children estimates were not available at the time of publication.",... ,... , ...,"Children estimates were not available at the time of publication.",... ,... , ...,"Children estimates were not available at the time of publication.",... ,... , ...,"Children estimates were not available at the time of publication.",... ,... , ...,"Children estimates were not available at the time of publication.",... ,... , ...,"Children estimates were not available at the time of publication.",... ,... , ...,"Children estimates were not available at the time of publication.",... ,... , ...,"Children estimates were not available at the time of publication.",... ,... , ...,"Children estimates were not available at the time of publication.",... ,... , ...,"Children estimates were not available at the time of publication.",... ,... , ...,"Children estimates were not available at the time of publication.",... ,... , ...,"Children estimates were not available at the time of publication.",... ,... , ...,"Children estimates were not available at the time of publication.",... ,... , ...,"Children estimates were not available at the time of publication.",... ,... , ...,"Children estimates were not available at the time of publication.",... ,... , ...,"Children estimates were not available at the time of publication.",... ,... , ...,"Children estimates were not available at the time of publication.",... ,... , ...,"Children estimates were not available at the time of publication.",... ,... , ...,"Children estimates were not available at the time of publication.",... ,... , ...,"Children estimates were not available at the time of publication.",... ,... , ...,"Children estimates were not available at the time of publication.",... ,... , ...,"Children estimates were not available at the time of publication.",... ,... , ...,"Children estimates were not available at the time of publication.",... ,... , ...,"Children estimates were not available at the time of publication.",... ,... , ...,"Children estimates were not available at the time of publication.",... ,... , ...,"Children estimates were not available at the time of publication.",... ,... , ...,"Children estimates were not available at the time of publication.",... ,... , ...,"Children estimates were not available at the time of publication.",... ,... , ...,"Children estimates were not available at the time of publication.",... ,... , ...,"Children estimates were not available at the time of publication.",... ,... , ...,"Children estimates were not available at the time of publication.",... ,... , ...,"Children estimates were not available at the time of publication."
Cuba,<100 ,<100 , <100,,<100 ,<100 , <100,,<100 ,<100 , <100,,<100 ,<100 , <100,,<100 ,<100 , <100,,<100 ,<100 , <100,,<100 ,<100 , <100,,<100 ,<100 , <100,,<100 ,<100 , <100,,<100 ,<100 , <100,,<100 ,<100 , <100,,<100 ,<100 , <100,,<100 ,<100 , <100,,<100 ,<100 , <100,,<100 ,<100 , <100,,<100 ,<100 , <100,,<100 ,<100 , <100,,<100 ,<100 , <200,,<200 ,<100 , <200,,<200 ,<200 , <200,,<200 ,<200 , <200,,<200 ,<200 , <200,,<200 ,<200 , <200,,<200 ,<200 , <200,,<200 ,<200 , <200,,<200 ,<200 , <200,,<200 ,<200 , <200,,<200 ,<200 , <200,,<200 ,<200 , <200,,<200 ,<200 , <200,,<200 ,<200 , <200,,<200 ,<200 , <200,,<200 ,<200 , <200,,<200 ,<200 , <200,,<200 ,<200 , <200,
Cyprus,... ,... , ...,"Estimates were not available at the time of publication.",... ,... , ...,"Estimates were not available at the time of publication.",... ,... , ...,"Estimates were not available at the time of publication.",... ,... , ...,"Estimates were not available at the time of publication.",... ,... , ...,"Estimates were not available at the time of publication.",... ,... , ...,"Estimates were not available at the time of publication.",... ,... , ...,"Estimates were not available at the time of publication.",... ,... , ...,"Estimates were not available at the time of publication.",... ,... , ...,"Estimates were not available at the time of publication.",... ,... , ...,"Estimates were not available at the time of publication.",... ,... , ...,"Estimates were not available at the time of publication.",... ,... , ...,"Estimates were not available at the time of publication.",... ,... , ...,"Estimates were not available at the time of publication.",... ,... , ...,"Estimates were not available at the time of publication.",... ,... , ...,"Estimates were not available at the time of publication.",... ,... , ...,"Estimates were not available at the time of publication.",... ,... , ...,"Estimates were not available at the time of publication.",... ,... , ...,"Estimates were not available at the time of publication.",... ,... , ...,"Estimates were not available at the time of publication.",... ,... , ...,"Estimates were not available at the time of publication.",... ,... , ...,"Estimates were not available at the time of publication.",... ,... , ...,"Estimates were not available at the time of publication.",... ,... , ...,"Estimates were not available at the time of publication.",... ,... , ...,"Estimates were not available at the time of publication.",... ,... , ...,"Estimates were not available at the time of publication.",... ,... , ...,"Estimates were not available at the time of publication.",... ,... , ...,"Estimates were not available at the time of publication.",... ,... , ...,"Estimates were not available at the time of publication.",... ,... , ...,"Estimates were not available at the time of publication.",... ,... , ...,"Estimates were not available at the time of publication.",... ,... , ...,"Estimates were not available at the time of publication.",... ,... , ...,"Estimates were not available at the time of publication.",... ,... , ...,"Estimates were not available at the time of publication.",... ,... , ...,"Estimates were not available at the time of publication.",... ,... , ...,"Estimates were not available at the time of publication."
Czechia,... ,... , ...,"Estimates were not available at the time of publication.",... ,... , ...,"Estimates were not available at the time of publication.",... ,... , ...,"Estimates were not available at the time of publication.",... ,... , ...,"Estimates were not available at the time of publication.",... ,... , ...,"Estimates were not available at the time of publication.",... ,... , ...,"Estimates were not available at the time of publication.",... ,... , ...,"Estimates were not available at the time of publication.",... ,... , ...,"Estimates were not available at the time of publication.",... ,... , ...,"Estimates were not available at the time of publication.",... ,... , ...,"Estimates were not available at the time of publication.",... ,... , ...,"Estimates were not available at the time of publication.",... ,... , ...,"Estimates were not available at the time of publication.",... ,... , ...,"Estimates were not available at the time of publication.",... ,... , ...,"Estimates were not available at the time of publication.",... ,... , ...,"Estimates were not available at the time of publication.",... ,... , ...,"Estimates were not available at the time of publication.",... ,... , ...,"Estimates were not available at the time of publication.",... ,... , ...,"Estimates were not available at the time of publication.",... ,... , ...,"Estimates were not available at the time of publication.",... ,... , ...,"Estimates were not available at the time of publication.",... ,... , ...,"Estimates were not available at the time of publication.",... ,... , ...,"Estimates were not available at the time of publication.",... ,... , ...,"Estimates were not available at the time of publication.",... ,... , ...,"Estimates were not available at the time of publication.",... ,... , ...,"Estimates were not available at the time of publication.",... ,... , ...,"Estimates were not available at the time of publication.",... ,... , ...,"Estimates were not available at the time of publication.",... ,... , ...,"Estimates were not available at the time of publication.",... ,... , ...,"Estimates were not available at the time of publication.",... ,... , ...,"Estimates were not available at the time of publication.",... ,... , ...,"Estimates were not available at the time of publication.",... ,... , ...,"Estimates were not available at the time of publication.",... ,... , ...,"Estimates were not available at the time of publication.",... ,... , ...,"Estimates were not available at the time of publication.",... ,... , ...,"Estimates were not available at the time of publication."
Côte d'Ivoire,23 000 ,15 000 , 38 000,,30 000 ,20 000 , 46 000,,36 000 ,26 000 , 54 000,,43 000 ,32 000 , 61 000,,50 000 ,38 000 , 69 000,,57 000 ,45 000 , 75 000,,64 000 ,51 000 , 81 000,,70 000 ,57 000 , 88 000,,76 000 ,63 000 , 92 000,,81 000 ,68 000 , 96 000,,85 000 ,71 000 , 100 000,,87 000 ,73 000 , 100 000,,89 000 ,75 000 , 100 000,,89 000 ,76 000 , 100 000,,89 000 ,76 000 , 100 000,,87 000 ,75 000 , 99 000,,85 000 ,74 000 , 97 000,,82 000 ,70 000 , 93 000,,76 000 ,65 000 , 86 000,,69 000 ,59 000 , 79 000,,63 000 ,54 000 , 73 000,,58 000 ,50 000 , 67 000,,52 000 ,44 000 , 61 000,,47 000 ,39 000 , 55 000,,43 000 ,35 000 , 51 000,,39 000 ,32 000 , 47 000,,36 000 ,30 000 , 44 000,,33 000 ,27 000 , 41 000,,30 000 ,25 000 , 39 000,,28 000 ,22 000 , 35 000,,25 000 ,19 000 , 33 000,,23 000 ,17 000 , 30 000,,20 000 ,15 000 , 28 000,,19 000 ,13 000 , 26 000,,17 000 ,12 000 , 24 000,
Democratic People's Republic of Korea,... ,... , ...,"Estimates were not available at the time of publication.",... ,... , ...,"Estimates were not available at the time of publication.",... ,... , ...,"Estimates were not available at the time of publication.",... ,... , ...,"Estimates were not available at the time of publication.",... ,... , ...,"Estimates were not available at the time of publication.",... ,... , ...,"Estimates were not available at the time of publication.",... ,... , ...,"Estimates were not available at the time of publication.",... ,... , ...,"Estimates were not available at the time of publication.",... ,... , ...,"Estimates were not available at the time of publication.",... ,... , ...,"Estimates were not available at the time of publication.",... ,... , ...,"Estimates were not available at the time of publication.",... ,... , ...,"Estimates were not available at the time of publication.",... ,... , ...,"Estimates were not available at the time of publication.",... ,... , ...,"Estimates were not available at the time of publication.",... ,... , ...,"Estimates were not available at the time of publication.",... ,... , ...,"Estimates were not available at the time of publication.",... ,... , ...,"Estimates were not available at the time of publication.",... ,... , ...,"Estimates were not available at the time of publication.",... ,... , ...,"Estimates were not available at the time of publication.",... ,... , ...,"Estimates were not available at the time of publication.",... ,... , ...,"Estimates were not available at the time of publication.",... ,... , ...,"Estimates were not available at the time of publication.",... ,... , ...,"Estimates were not available at the time of publication.",... ,... , ...,"Estimates were not available at the time of publication.",... ,... , ...,"Estimates were not available at the time of publication.",... ,... , ...,"Estimates were not available at the time of publication.",... ,... , ...,"Estimates were not available at the time of publication.",... ,... , ...,"Estimates were not available at the time of publication.",... ,... , ...,"Estimates were not available at the time of publication.",... ,... , ...,"Estimates were not available at the time of publication.",... ,... , ...,"Estimates were not available at the time of publication.",... ,... , ...,"Estimates were not available at the time of publication.",... ,... , ...,"Estimates were not available at the time of publication.",... ,... , ...,"Estimates were not available at the time of publication.",... ,... , ...,"Estimates were not available at the time of publication."
Democratic Republic of the Congo,38 000 ,28 000 , 51 000,,44 000 ,33 000 , 58 000,,51 000 ,39 000 , 66 000,,57 000 ,44 000 , 74 000,,64 000 ,50 000 , 82 000,,71 000 ,55 000 , 91 000,,77 000 ,61 000 , 98 000,,82 000 ,64 000 , 100 000,,86 000 ,67 000 , 110 000,,90 000 ,71 000 , 110 000,,93 000 ,74 000 , 120 000,,95 000 ,75 000 , 120 000,,97 000 ,76 000 , 120 000,,97 000 ,76 000 , 120 000,,97 000 ,77 000 , 120 000,,97 000 ,76 000 , 120 000,,96 000 ,77 000 , 120 000,,94 000 ,76 000 , 120 000,,93 000 ,75 000 , 110 000,,91 000 ,75 000 , 110 000,,88 000 ,73 000 , 110 000,,86 000 ,70 000 , 100 000,,83 000 ,68 000 , 100 000,,80 000 ,66 000 , 99 000,,76 000 ,63 000 , 94 000,,74 000 ,62 000 , 92 000,,73 000 ,59 000 , 90 000,,72 000 ,58 000 , 88 000,,72 000 ,58 000 , 87 000,,69 000 ,55 000 , 85 000,,69 000 ,54 000 , 84 000,,69 000 ,54 000 , 84 000,,69 000 ,54 000 , 85 000,,69 000 ,54 000 , 86 000,,69 000 ,53 000 , 87 000,
Denmark,... ,... , ...,"Children estimates were not available at the time of publication.",... ,... , ...,"Children estimates were not available at the time of publication.",... ,... , ...,"Children estimates were not available at the time of publication.",... ,... , ...,"Children estimates were not available at the time of publication.",... ,... , ...,"Children estimates were not available at the time of publication.",... ,... , ...,"Children estimates were not available at the time of publication.",... ,... , ...,"Children estimates were not available at the time of publication.",... ,... , ...,"Children estimates were not available at the time of publication.",... ,... , ...,"Children estimates were not available at the time of publication.",... ,... , ...,"Children estimates were not available at the time of publication.",... ,... , ...,"Children estimates were not available at the time of publication.",... ,... , ...,"Children estimates were not available at the time of publication.",... ,... , ...,"Children estimates were not available at the time of publication.",... ,... , ...,"Children estimates were not available at the time of publication.",... ,... , ...,"Children estimates were not available at the time of publication.",... ,... , ...,"Children estimates were not available at the time of publication.",... ,... , ...,"Children estimates were not available at the time of publication.",... ,... , ...,"Children estimates were not available at the time of publication.",... ,... , ...,"Children estimates were not available at the time of publication.",... ,... , ...,"Children estimates were not available at the time of publication.",... ,... , ...,"Children estimates were not available at the time of publication.",... ,... , ...,"Children estimates were not available at the time of publication.",... ,... , ...,"Children estimates were not available at the time of publication.",... ,... , ...,"Children estimates were not available at the time of publication.",... ,... , ...,"Children estimates were not available at the time of publication.",... ,... , ...,"Children estimates were not available at the time of publication.",... ,... , ...,"Children estimates were not available at the time of publication.",... ,... , ...,"Children estimates were not available at the time of publication.",... ,... , ...,"Children estimates were not available at the time of publication.",... ,... , ...,"Children estimates were not available at the time of publication.",... ,... , ...,"Children estimates were not available at the time of publication.",... ,... , ...,"Children estimates were not available at the time of publication.",... ,... , ...,"Children estimates were not available at the time of publication.",... ,... , ...,"Children estimates were not available at the time of publication.",... ,... , ...,"Children estimates were not available at the time of publication."
Djibouti,<200 ,<200 , <500,,<500 ,<200 , <500,,<500 ,<500 , 560,,<500 ,<500 , 700,,590 ,<500 , 830,,710 ,<500 , 960,,830 ,550 , 1100,,950 ,670 , 1300,,1100 ,770 , 1400,,1200 ,870 , 1600,,1300 ,960 , 1700,,1400 ,1000 , 1900,,1500 ,1100 , 2000,,1600 ,1200 , 2100,,1700 ,1300 , 2100,,1700 ,1300 , 2200,,1700 ,1300 , 2200,,1700 ,1300 , 2200,,1600 ,1200 , 2200,,1600 ,1200 , 2100,,1500 ,1200 , 2000,,1500 ,1100 , 2000,,1400 ,1100 , 1900,,1400 ,1000 , 1800,,1300 ,910 , 1700,,1200 ,820 , 1600,,1100 ,740 , 1400,,960 ,670 , 1300,,890 ,610 , 1200,,820 ,550 , 1100,,750 ,500 , 1000,,700 ,<500 , 970,,640 ,<500 , 890,,600 ,<500 , 850,,550 ,<500 , 810,
Dominica,... ,... , ...,"Countries with a UNAIDS-approved estimate and population less than 250000 in 2024; not included in regional or global totals",... ,... , ...,"Countries with a UNAIDS-approved estimate and population less than 250000 in 2024; not included in regional or global totals",... ,... , ...,"Countries with a UNAIDS-approved estimate and population less than 250000 in 2024; not included in regional or global totals",... ,... , ...,"Countries with a UNAIDS-approved estimate and population less than 250000 in 2024; not included in regional or global totals",... ,... , ...,"Countries with a UNAIDS-approved estimate and population less than 250000 in 2024; not included in regional or global totals",... ,... , ...,"Countries with a UNAIDS-approved estimate and population less than 250000 in 2024; not included in regional or global totals",... ,... , ...,"Countries with a UNAIDS-approved estimate and population less than 250000 in 2024; not included in regional or global totals",... ,... , ...,"Countries with a UNAIDS-approved estimate and population less than 250000 in 2024; not included in regional or global totals",... ,... , ...,"Countries with a UNAIDS-approved estimate and population less than 250000 in 2024; not included in regional or global totals",... ,... , ...,"Countries with a UNAIDS-approved estimate and population less than 250000 in 2024; not included in regional or global totals",... ,... , ...,"Countries with a UNAIDS-approved estimate and population less than 250000 in 2024; not included in regional or global totals",... ,... , ...,"Countries with a UNAIDS-approved estimate and population less than 250000 in 2024; not included in regional or global totals",... ,... , ...,"Countries with a UNAIDS-approved estimate and population less than 250000 in 2024; not included in regional or global totals",... ,... , ...,"Countries with a UNAIDS-approved estimate and population less than 250000 in 2024; not included in regional or global totals",... ,... , ...,"Countries with a UNAIDS-approved estimate and population less than 250000 in 2024; not included in regional or global totals",... ,... , ...,"Countries with a UNAIDS-approved estimate and population less than 250000 in 2024; not included in regional or global totals",... ,... , ...,"Countries with a UNAIDS-approved estimate and population less than 250000 in 2024; not included in regional or global totals",... ,... , ...,"Countries with a UNAIDS-approved estimate and population less than 250000 in 2024; not included in regional or global totals",... ,... , ...,"Countries with a UNAIDS-approved estimate and population less than 250000 in 2024; not included in regional or global totals",... ,... , ...,"Countries with a UNAIDS-approved estimate and population less than 250000 in 2024; not included in regional or global totals",... ,... , ...,"Countries with a UNAIDS-approved estimate and population less than 250000 in 2024; not included in regional or global totals",... ,... , ...,"Countries with a UNAIDS-approved estimate and population less than 250000 in 2024; not included in regional or global totals",... ,... , ...,"Countries with a UNAIDS-approved estimate and population less than 250000 in 2024; not included in regional or global totals",... ,... , ...,"Countries with a UNAIDS-approved estimate and population less than 250000 in 2024; not included in regional or global totals",... ,... , ...,"Countries with a UNAIDS-approved estimate and population less than 250000 in 2024; not included in regional or global totals",... ,... , ...,"Countries with a UNAIDS-approved estimate and population less than 250000 in 2024; not included in regional or global totals",... ,... , ...,"Countries with a UNAIDS-approved estimate and population less than 250000 in 2024; not included in regional or global totals",... ,... , ...,"Countries with a UNAIDS-approved estimate and population less than 250000 in 2024; not included in regional or global totals",... ,... , ...,"Countries with a UNAIDS-approved estimate and population less than 250000 in 2024; not included in regional or global totals",... ,... , ...,"Countries with a UNAIDS-approved estimate and population less than 250000 in 2024; not included in regional or global totals",... ,... , ...,"Countries with a UNAIDS-approved estimate and population less than 250000 in 2024; not included in regional or global totals",... ,... , ...,"Countries with a UNAIDS-approved estimate and population less than 250000 in 2024; not included in regional or global totals",... ,... , ...,"Countries with a UNAIDS-approved estimate and population less than 250000 in 2024; not included in regional or global totals",... ,... , ...,"Countries with a UNAIDS-approved estimate and population less than 250000 in 2024; not included in regional or global totals",... ,... , ...,"Countries with a UNAIDS-approved estimate and population less than 250000 in 2024; not included in regional or global totals"
Dominican Republic,880 ,520 , 1800,,1300 ,800 , 2300,,1700 ,1100 , 2800,,2200 ,1500 , 3400,,2700 ,2000 , 4000,,3200 ,2400 , 4500,,3700 ,2700 , 5000,,4100 ,3100 , 5400,,4500 ,3400 , 5800,,4800 ,3700 , 6200,,5100 ,4000 , 6400,,5400 ,4300 , 6600,,5600 ,4500 , 6800,,5700 ,4700 , 6800,,5700 ,4800 , 6700,,5600 ,4700 , 6600,,5500 ,4600 , 6400,,5300 ,4500 , 6200,,5100 ,4300 , 5900,,4900 ,4200 , 5800,,4800 ,4000 , 5600,,4500 ,3800 , 5200,,4300 ,3600 , 5000,,4200 ,3600 , 4900,,4100 ,3400 , 4800,,4000 ,3400 , 4700,,3900 ,3200 , 4600,,3800 ,3200 , 4500,,3700 ,3000 , 4500,,3700 ,3000 , 4500,,3700 ,2900 , 4500,,3600 ,2800 , 4400,,3500 ,2600 , 4300,,3300 ,2300 , 4000,,3100 ,2100 , 3800,
Ecuador,<200 ,<100 , <500,,<500 ,<200 , <500,,<500 ,<200 , <500,,<500 ,<200 , 560,,<500 ,<500 , 660,,<500 ,<500 , 750,,550 ,<500 , 840,,630 ,<500 , 920,,710 ,<500 , 1000,,790 ,560 , 1100,,870 ,630 , 1200,,940 ,700 , 1300,,1000 ,750 , 1300,,1100 ,830 , 1400,,1100 ,880 , 1400,,1100 ,930 , 1400,,1200 ,970 , 1400,,1200 ,990 , 1400,,1200 ,1000 , 1500,,1300 ,1100 , 1500,,1300 ,1100 , 1500,,1300 ,1100 , 1500,,1300 ,1200 , 1500,,1300 ,1200 , 1500,,1300 ,1200 , 1500,,1300 ,1200 , 1500,,1300 ,1200 , 1500,,1300 ,1200 , 1500,,1300 ,1200 , 1500,,1300 ,1100 , 1500,,1300 ,1100 , 1500,,1200 ,1100 , 1400,,1200 ,1000 , 1400,,1100 ,950 , 1300,,1100 ,900 , 1300,
Egypt,<500 ,<200 , <500,,<500 ,<500 , 530,,<500 ,<500 , 630,,<500 ,<500 , 710,,<500 ,<500 , 800,,550 ,<500 , 870,,600 ,<500 , 940,,650 ,<500 , 1000,,700 ,<500 , 1100,,740 ,<500 , 1100,,780 ,520 , 1100,,780 ,530 , 1100,,790 ,540 , 1200,,800 ,550 , 1200,,800 ,560 , 1100,,790 ,570 , 1100,,790 ,570 , 1100,,780 ,560 , 1000,,770 ,560 , 990,,760 ,560 , 970,,750 ,570 , 950,,750 ,560 , 940,,750 ,570 , 940,,740 ,570 , 940,,750 ,580 , 960,,750 ,590 , 960,,750 ,590 , 960,,760 ,600 , 980,,770 ,600 , 990,,790 ,610 , 1000,,810 ,630 , 1000,,820 ,630 , 1100,,850 ,640 , 1100,,890 ,670 , 1200,,940 ,700 , 1300,
El Salvador,<100 ,<100 , <100,,<100 ,<100 , <100,,<100 ,<100 , <200,,<200 ,<200 , <200,,<200 ,<200 , <200,,<500 ,<200 , <500,,<500 ,<500 , <500,,<500 ,<500 , <500,,<500 ,<500 , <500,,<500 ,<500 , <500,,<500 ,<500 , 500,,510 ,<500 , 550,,530 ,<500 , 570,,530 ,<500 , 570,,520 ,<500 , 560,,510 ,<500 , 550,,510 ,<500 , 560,,510 ,<500 , 560,,510 ,<500 , 550,,500 ,<500 , 550,,<500 ,<500 , 540,,<500 ,<500 , 530,,<500 ,<500 , 510,,<500 ,<500 , <500,,<500 ,<500 , <500,,<500 ,<500 , <500,,<500 ,<500 , <500,,<500 ,<500 , <500,,<500 ,<500 , <500,,<500 ,<500 , <500,,<500 ,<500 , <500,,<500 ,<500 , <500,,<500 ,<500 , <500,,<500 ,<500 , <500,,<500 ,<200 , <500,
Equatorial Guinea,... ,... , ...,"Estimates were not available at the time of publication.",... ,... , ...,"Estimates were not available at the time of publication.",... ,... , ...,"Estimates were not available at the time of publication.",... ,... , ...,"Estimates were not available at the time of publication.",... ,... , ...,"Estimates were not available at the time of publication.",... ,... , ...,"Estimates were not available at the time of publication.",... ,... , ...,"Estimates were not available at the time of publication.",... ,... , ...,"Estimates were not available at the time of publication.",... ,... , ...,"Estimates were not available at the time of publication.",... ,... , ...,"Estimates were not available at the time of publication.",... ,... , ...,"Estimates were not available at the time of publication.",... ,... , ...,"Estimates were not available at the time of publication.",... ,... , ...,"Estimates were not available at the time of publication.",... ,... , ...,"Estimates were not available at the time of publication.",... ,... , ...,"Estimates were not available at the time of publication.",... ,... , ...,"Estimates were not available at the time of publication.",... ,... , ...,"Estimates were not available at the time of publication.",... ,... , ...,"Estimates were not available at the time of publication.",... ,... , ...,"Estimates were not available at the time of publication.",... ,... , ...,"Estimates were not available at the time of publication.",... ,... , ...,"Estimates were not available at the time of publication.",... ,... , ...,"Estimates were not available at the time of publication.",... ,... , ...,"Estimates were not available at the time of publication.",... ,... , ...,"Estimates were not available at the time of publication.",... ,... , ...,"Estimates were not available at the time of publication.",... ,... , ...,"Estimates were not available at the time of publication.",... ,... , ...,"Estimates were not available at the time of publication.",... ,... , ...,"Estimates were not available at the time of publication.",... ,... , ...,"Estimates were not available at the time of publication.",... ,... , ...,"Estimates were not available at the time of publication.",... ,... , ...,"Estimates were not available at the time of publication.",... ,... , ...,"Estimates were not available at the time of publication.",... ,... , ...,"Estimates were not available at the time of publication.",... ,... , ...,"Estimates were not available at the time of publication.",... ,... , ...,"Estimates were not available at the time of publication."
Eritrea,930 ,530 , 1700,,950 ,560 , 1700,,1100 ,680 , 1900,,1300 ,810 , 2200,,1500 ,920 , 2400,,1700 ,1100 , 2700,,1800 ,1200 , 2800,,2000 ,1300 , 3000,,2100 ,1400 , 3100,,2100 ,1500 , 3100,,2200 ,1500 , 3100,,2200 ,1600 , 3100,,2200 ,1600 , 3100,,2200 ,1600 , 3000,,2100 ,1600 , 2800,,2000 ,1500 , 2700,,1900 ,1400 , 2500,,1800 ,1300 , 2300,,1600 ,1200 , 2100,,1500 ,1100 , 1900,,1300 ,1000 , 1700,,1200 ,900 , 1500,,1100 ,780 , 1400,,930 ,680 , 1200,,820 ,590 , 1100,,710 ,510 , 950,,620 ,<500 , 840,,540 ,<500 , 750,,<500 ,<500 , 670,,<500 ,<500 , 600,,<500 ,<500 , 540,,<500 ,<200 , <500,,<500 ,<200 , <500,,<500 ,<200 , <500,,<500 ,<200 , <500,
Estonia,... ,... , ...,"Children estimates were not available at the time of publication.",... ,... , ...,"Children estimates were not available at the time of publication.",... ,... , ...,"Children estimates were not available at the time of publication.",... ,... , ...,"Children estimates were not available at the time of publication.",... ,... , ...,"Children estimates were not available at the time of publication.",... ,... , ...,"Children estimates were not available at the time of publication.",... ,... , ...,"Children estimates were not available at the time of publication.",... ,... , ...,"Children estimates were not available at the time of publication.",... ,... , ...,"Children estimates were not available at the time of publication.",... ,... , ...,"Children estimates were not available at the time of publication.",... ,... , ...,"Children estimates were not available at the time of publication.",... ,... , ...,"Children estimates were not available at the time of publication.",... ,... , ...,"Children estimates were not available at the time of publication.",... ,... , ...,"Children estimates were not available at the time of publication.",... ,... , ...,"Children estimates were not available at the time of publication.",... ,... , ...,"Children estimates were not available at the time of publication.",... ,... , ...,"Children estimates were not available at the time of publication.",... ,... , ...,"Children estimates were not available at the time of publication.",... ,... , ...,"Children estimates were not available at the time of publication.",... ,... , ...,"Children estimates were not available at the time of publication.",... ,... , ...,"Children estimates were not available at the time of publication.",... ,... , ...,"Children estimates were not available at the time of publication.",... ,... , ...,"Children estimates were not available at the time of publication.",... ,... , ...,"Children estimates were not available at the time of publication.",... ,... , ...,"Children estimates were not available at the time of publication.",... ,... , ...,"Children estimates were not available at the time of publication.",... ,... , ...,"Children estimates were not available at the time of publication.",... ,... , ...,"Children estimates were not available at the time of publication.",... ,... , ...,"Children estimates were not available at the time of publication.",... ,... , ...,"Children estimates were not available at the time of publication.",... ,... , ...,"Children estimates were not available at the time of publication.",... ,... , ...,"Children estimates were not available at the time of publication.",... ,... , ...,"Children estimates were not available at the time of publication.",... ,... , ...,"Children estimates were not available at the time of publication.",... ,... , ...,"Children estimates were not available at the time of publication."
Eswatini,<500 ,<200 , <500,,<500 ,<500 , 600,,930 ,780 , 1200,,1600 ,1400 , 2000,,2500 ,2100 , 3000,,3600 ,3100 , 4200,,4800 ,4200 , 5500,,6100 ,5300 , 6900,,7500 ,6600 , 8400,,9000 ,7900 , 9800,,10 000 ,9200 , 11 000,,12 000 ,11 000 , 13 000,,13 000 ,12 000 , 14 000,,14 000 ,13 000 , 15 000,,15 000 ,14 000 , 17 000,,16 000 ,15 000 , 18 000,,17 000 ,15 000 , 18 000,,17 000 ,15 000 , 18 000,,17 000 ,15 000 , 18 000,,17 000 ,15 000 , 18 000,,16 000 ,14 000 , 17 000,,15 000 ,13 000 , 17 000,,15 000 ,13 000 , 16 000,,14 000 ,12 000 , 15 000,,14 000 ,11 000 , 15 000,,13 000 ,11 000 , 14 000,,12 000 ,10 000 , 13 000,,11 000 ,9300 , 12 000,,10 000 ,8500 , 11 000,,9400 ,7700 , 10 000,,8500 ,6900 , 9200,,7700 ,6200 , 8500,,7000 ,5600 , 7800,,6300 ,5000 , 7100,,5600 ,4500 , 6300,
Ethiopia,40 000 ,28 000 , 61 000,,52 000 ,36 000 , 79 000,,64 000 ,45 000 , 97 000,,76 000 ,53 000 , 120 000,,88 000 ,61 000 , 130 000,,99 000 ,69 000 , 150 000,,110 000 ,76 000 , 170 000,,120 000 ,83 000 , 180 000,,130 000 ,89 000 , 190 000,,130 000 ,93 000 , 200 000,,140 000 ,95 000 , 210 000,,140 000 ,96 000 , 210 000,,140 000 ,96 000 , 210 000,,140 000 ,95 000 , 210 000,,130 000 ,93 000 , 200 000,,130 000 ,90 000 , 200 000,,120 000 ,86 000 , 190 000,,120 000 ,81 000 , 180 000,,110 000 ,75 000 , 160 000,,100 000 ,70 000 , 150 000,,93 000 ,65 000 , 140 000,,86 000 ,60 000 , 130 000,,78 000 ,55 000 , 120 000,,71 000 ,50 000 , 110 000,,66 000 ,46 000 , 99 000,,61 000 ,42 000 , 92 000,,56 000 ,39 000 , 86 000,,53 000 ,37 000 , 80 000,,49 000 ,34 000 , 74 000,,46 000 ,32 000 , 69 000,,42 000 ,29 000 , 63 000,,38 000 ,27 000 , 58 000,,35 000 ,25 000 , 53 000,,32 000 ,22 000 , 48 000,,28 000 ,20 000 , 43 000,
Fiji,<100 ,<100 , <100,,<100 ,<100 , <100,,<100 ,<100 , <100,,<100 ,<100 , <100,,<100 ,<100 , <100,,<100 ,<100 , <100,,<100 ,<100 , <100,,<100 ,<100 , <100,,<100 ,<100 , <100,,<100 ,<100 , <100,,<100 ,<100 , <100,,<100 ,<100 , <100,,<100 ,<100 , <100,,<100 ,<100 , <100,,<100 ,<100 , <100,,<100 ,<100 , <100,,<100 ,<100 , <100,,<100 ,<100 , <100,,<100 ,<100 , <100,,<100 ,<100 , <100,,<100 ,<100 , <100,,<100 ,<100 , <100,,<100 ,<100 , <100,,<100 ,<100 , <100,,<100 ,<100 , <100,,<100 ,<100 , <100,,<100 ,<100 , <100,,<100 ,<100 , <100,,<100 ,<100 , <100,,<100 ,<100 , <100,,<100 ,<100 , <100,,<100 ,<100 , <200,,<200 ,<100 , <200,,<200 ,<200 , <200,,<200 ,<200 , <500,
Finland,... ,... , ...,"Estimates were not available at the time of publication.",... ,... , ...,"Estimates were not available at the time of publication.",... ,... , ...,"Estimates were not available at the time of publication.",... ,... , ...,"Estimates were not available at the time of publication.",... ,... , ...,"Estimates were not available at the time of publication.",... ,... , ...,"Estimates were not available at the time of publication.",... ,... , ...,"Estimates were not available at the time of publication.",... ,... , ...,"Estimates were not available at the time of publication.",... ,... , ...,"Estimates were not available at the time of publication.",... ,... , ...,"Estimates were not available at the time of publication.",... ,... , ...,"Estimates were not available at the time of publication.",... ,... , ...,"Estimates were not available at the time of publication.",... ,... , ...,"Estimates were not available at the time of publication.",... ,... , ...,"Estimates were not available at the time of publication.",... ,... , ...,"Estimates were not available at the time of publication.",... ,... , ...,"Estimates were not available at the time of publication.",... ,... , ...,"Estimates were not available at the time of publication.",... ,... , ...,"Estimates were not available at the time of publication.",... ,... , ...,"Estimates were not available at the time of publication.",... ,... , ...,"Estimates were not available at the time of publication.",... ,... , ...,"Estimates were not available at the time of publication.",... ,... , ...,"Estimates were not available at the time of publication.",... ,... , ...,"Estimates were not available at the time of publication.",... ,... , ...,"Estimates were not available at the time of publication.",... ,... , ...,"Estimates were not available at the time of publication.",... ,... , ...,"Estimates were not available at the time of publication.",... ,... , ...,"Estimates were not available at the time of publication.",... ,... , ...,"Estimates were not available at the time of publication.",... ,... , ...,"Estimates were not available at the time of publication.",... ,... , ...,"Estimates were not available at the time of publication.",... ,... , ...,"Estimates were not available at the time of publication.",... ,... , ...,"Estimates were not available at the time of publication.",... ,... , ...,"Estimates were not available at the time of publication.",... ,... , ...,"Estimates were not available at the time of publication.",... ,... , ...,"Estimates were not available at the time of publication."
France,... ,... , ...,,... ,... , ...,,... ,... , ...,,... ,... , ...,,... ,... , ...,,... ,... , ...,,... ,... , ...,,... ,... , ...,,... ,... , ...,,... ,... , ...,,... ,... , ...,,... ,... , ...,,... ,... , ...,,... ,... , ...,,... ,... , ...,,... ,... , ...,,... ,... , ...,,... ,... , ...,,... ,... , ...,,... ,... , ...,,... ,... , ...,,... ,... , ...,,... ,... , ...,,... ,... , ...,,... ,... , ...,,... ,... , ...,,... ,... , ...,,... ,... , ...,,... ,... , ...,,... ,... , ...,,... ,... , ...,,... ,... , ...,,... ,... , ...,,... ,... , ...,,... ,... , ...,
Gabon,<500 ,<200 , 640,,<500 ,<500 , 820,,650 ,<500 , 1100,,830 ,<500 , 1400,,1000 ,600 , 1700,,1300 ,770 , 2000,,1500 ,970 , 2400,,1800 ,1100 , 2700,,2100 ,1400 , 3100,,2300 ,1600 , 3400,,2600 ,1800 , 3700,,2800 ,2000 , 4000,,3000 ,2200 , 4200,,3300 ,2300 , 4500,,3400 ,2500 , 4700,,3600 ,2700 , 4900,,3700 ,2800 , 5000,,3800 ,2900 , 5100,,3800 ,3000 , 5000,,3900 ,3000 , 5000,,3900 ,3100 , 5000,,3900 ,3100 , 4900,,3800 ,3000 , 4800,,3700 ,2900 , 4600,,3700 ,2900 , 4500,,3600 ,2800 , 4400,,3500 ,2700 , 4200,,3300 ,2600 , 4100,,3200 ,2500 , 3900,,3100 ,2400 , 3900,,2900 ,2200 , 3700,,2800 ,2100 , 3600,,2700 ,1900 , 3500,,2600 ,1800 , 3500,,2400 ,1700 , 3300,
Gambia,<100 ,<100 , <200,,<200 ,<100 , <500,,<200 ,<100 , <500,,<500 ,<200 , <500,,<500 ,<200 , <500,,<500 ,<500 , 620,,520 ,<500 , 780,,650 ,<500 , 940,,800 ,550 , 1100,,960 ,680 , 1300,,1100 ,800 , 1500,,1300 ,920 , 1700,,1500 ,1100 , 2000,,1600 ,1200 , 2200,,1800 ,1300 , 2400,,1900 ,1500 , 2600,,2100 ,1600 , 2800,,2200 ,1700 , 3000,,2300 ,1800 , 3100,,2400 ,1800 , 3200,,2400 ,1800 , 3200,,2400 ,1800 , 3200,,2400 ,1800 , 3200,,2400 ,1800 , 3200,,2300 ,1700 , 3100,,2200 ,1700 , 3100,,2200 ,1600 , 3000,,2200 ,1600 , 3000,,2100 ,1500 , 2900,,2000 ,1500 , 2800,,2000 ,1400 , 2800,,1900 ,1300 , 2700,,1800 ,1200 , 2600,,1700 ,1100 , 2400,,1600 ,1100 , 2300,
Georgia,... ,... , ...,"Children estimates were not available at the time of publication.",... ,... , ...,"Children estimates were not available at the time of publication.",... ,... , ...,"Children estimates were not available at the time of publication.",... ,... , ...,"Children estimates were not available at the time of publication.",... ,... , ...,"Children estimates were not available at the time of publication.",... ,... , ...,"Children estimates were not available at the time of publication.",... ,... , ...,"Children estimates were not available at the time of publication.",... ,... , ...,"Children estimates were not available at the time of publication.",... ,... , ...,"Children estimates were not available at the time of publication.",... ,... , ...,"Children estimates were not available at the time of publication.",... ,... , ...,"Children estimates were not available at the time of publication.",... ,... , ...,"Children estimates were not available at the time of publication.",... ,... , ...,"Children estimates were not available at the time of publication.",... ,... , ...,"Children estimates were not available at the time of publication.",... ,... , ...,"Children estimates were not available at the time of publication.",... ,... , ...,"Children estimates were not available at the time of publication.",... ,... , ...,"Children estimates were not available at the time of publication.",... ,... , ...,"Children estimates were not available at the time of publication.",... ,... , ...,"Children estimates were not available at the time of publication.",... ,... , ...,"Children estimates were not available at the time of publication.",... ,... , ...,"Children estimates were not available at the time of publication.",... ,... , ...,"Children estimates were not available at the time of publication.",... ,... , ...,"Children estimates were not available at the time of publication.",... ,... , ...,"Children estimates were not available at the time of publication.",... ,... , ...,"Children estimates were not available at the time of publication.",... ,... , ...,"Children estimates were not available at the time of publication.",... ,... , ...,"Children estimates were not available at the time of publication.",... ,... , ...,"Children estimates were not available at the time of publication.",... ,... , ...,"Children estimates were not available at the time of publication.",... ,... , ...,"Children estimates were not available at the time of publication.",... ,... , ...,"Children estimates were not available at the time of publication.",... ,... , ...,"Children estimates were not available at the time of publication.",... ,... , ...,"Children estimates were not available at the time of publication.",... ,... , ...,"Children estimates were not available at the time of publication.",... ,... , ...,"Children estimates were not available at the time of publication."
Germany,... ,... , ...,,... ,... , ...,,... ,... , ...,,... ,... , ...,,... ,... , ...,,... ,... , ...,,... ,... , ...,,... ,... , ...,,... ,... , ...,,... ,... , ...,,... ,... , ...,,... ,... , ...,,... ,... , ...,,... ,... , ...,,... ,... , ...,,... ,... , ...,,... ,... , ...,,... ,... , ...,,... ,... , ...,,... ,... , ...,,... ,... , ...,,... ,... , ...,,... ,... , ...,,... ,... , ...,,... ,... , ...,,... ,... , ...,,... ,... , ...,,... ,... , ...,,... ,... , ...,,... ,... , ...,,... ,... , ...,,... ,... , ...,,... ,... , ...,,... ,... , ...,,... ,... , ...,
Ghana,9300 ,4900 , 15 000,,12 000 ,7000 , 19 000,,15 000 ,9200 , 22 000,,18 000 ,12 000 , 25 000,,21 000 ,15 000 , 28 000,,24 000 ,17 000 , 31 000,,26 000 ,20 000 , 33 000,,29 000 ,23 000 , 36 000,,32 000 ,25 000 , 39 000,,34 000 ,28 000 , 42 000,,36 000 ,30 000 , 44 000,,39 000 ,33 000 , 46 000,,40 000 ,34 000 , 48 000,,42 000 ,35 000 , 49 000,,42 000 ,36 000 , 50 000,,43 000 ,37 000 , 50 000,,43 000 ,38 000 , 50 000,,42 000 ,37 000 , 49 000,,41 000 ,35 000 , 48 000,,40 000 ,34 000 , 47 000,,39 000 ,33 000 , 45 000,,37 000 ,31 000 , 43 000,,36 000 ,30 000 , 42 000,,35 000 ,29 000 , 41 000,,33 000 ,27 000 , 39 000,,32 000 ,26 000 , 38 000,,31 000 ,25 000 , 37 000,,29 000 ,24 000 , 35 000,,28 000 ,22 000 , 33 000,,26 000 ,20 000 , 31 000,,24 000 ,19 000 , 30 000,,22 000 ,18 000 , 28 000,,21 000 ,16 000 , 27 000,,20 000 ,15 000 , 25 000,,18 000 ,14 000 , 24 000,
Greece,... ,... , ...,"Children estimates were not available at the time of publication.",... ,... , ...,"Children estimates were not available at the time of publication.",... ,... , ...,"Children estimates were not available at the time of publication.",... ,... , ...,"Children estimates were not available at the time of publication.",... ,... , ...,"Children estimates were not available at the time of publication.",... ,... , ...,"Children estimates were not available at the time of publication.",... ,... , ...,"Children estimates were not available at the time of publication.",... ,... , ...,"Children estimates were not available at the time of publication.",... ,... , ...,"Children estimates were not available at the time of publication.",... ,... , ...,"Children estimates were not available at the time of publication.",... ,... , ...,"Children estimates were not available at the time of publication.",... ,... , ...,"Children estimates were not available at the time of publication.",... ,... , ...,"Children estimates were not available at the time of publication.",... ,... , ...,"Children estimates were not available at the time of publication.",... ,... , ...,"Children estimates were not available at the time of publication.",... ,... , ...,"Children estimates were not available at the time of publication.",... ,... , ...,"Children estimates were not available at the time of publication.",... ,... , ...,"Children estimates were not available at the time of publication.",... ,... , ...,"Children estimates were not available at the time of publication.",... ,... , ...,"Children estimates were not available at the time of publication.",... ,... , ...,"Children estimates were not available at the time of publication.",... ,... , ...,"Children estimates were not available at the time of publication.",... ,... , ...,"Children estimates were not available at the time of publication.",... ,... , ...,"Children estimates were not available at the time of publication.",... ,... , ...,"Children estimates were not available at the time of publication.",... ,... , ...,"Children estimates were not available at the time of publication.",... ,... , ...,"Children estimates were not available at the time of publication.",... ,... , ...,"Children estimates were not available at the time of publication.",... ,... , ...,"Children estimates were not available at the time of publication.",... ,... , ...,"Children estimates were not available at the time of publication.",... ,... , ...,"Children estimates were not available at the time of publication.",... ,... , ...,"Children estimates were not available at the time of publication.",... ,... , ...,"Children estimates were not available at the time of publication.",... ,... , ...,"Children estimates were not available at the time of publication.",... ,... , ...,"Children estimates were not available at the time of publication."
Guatemala,600 ,<500 , 2500,,770 ,<500 , 2500,,970 ,560 , 2700,,1200 ,710 , 2700,,1400 ,880 , 2900,,1600 ,1000 , 2900,,1800 ,1200 , 3000,,2000 ,1400 , 3100,,2200 ,1600 , 3300,,2400 ,1700 , 3400,,2500 ,1900 , 3400,,2600 ,2000 , 3500,,2700 ,2100 , 3600,,2700 ,2100 , 3600,,2700 ,2100 , 3500,,2700 ,2100 , 3400,,2500 ,1900 , 3300,,2400 ,1800 , 3100,,2300 ,1700 , 2900,,2100 ,1600 , 2700,,2000 ,1500 , 2600,,1900 ,1400 , 2400,,1800 ,1300 , 2300,,1600 ,1200 , 2100,,1600 ,1200 , 2000,,1500 ,1100 , 1900,,1400 ,1100 , 1800,,1300 ,980 , 1700,,1200 ,910 , 1600,,1100 ,850 , 1500,,1100 ,790 , 1400,,1000 ,760 , 1400,,970 ,710 , 1300,,910 ,670 , 1200,,900 ,670 , 1200,
Guinea,960 ,<500 , 1800,,1300 ,<500 , 2300,,1700 ,760 , 2800,,2200 ,1000 , 3500,,2700 ,1400 , 4100,,3300 ,1800 , 4900,,4000 ,2400 , 5700,,4800 ,3000 , 6600,,5600 ,3700 , 7400,,6400 ,4500 , 8400,,7100 ,5300 , 9300,,7900 ,6100 , 10 000,,8600 ,6800 , 11 000,,9300 ,7300 , 11 000,,10 000 ,7900 , 12 000,,11 000 ,8600 , 13 000,,11 000 ,9200 , 13 000,,12 000 ,9400 , 13 000,,12 000 ,9700 , 14 000,,12 000 ,10 000 , 14 000,,13 000 ,10 000 , 15 000,,13 000 ,10 000 , 15 000,,13 000 ,10 000 , 15 000,,12 000 ,10 000 , 14 000,,13 000 ,11 000 , 15 000,,13 000 ,11 000 , 16 000,,14 000 ,12 000 , 16 000,,14 000 ,12 000 , 16 000,,14 000 ,12 000 , 16 000,,14 000 ,12 000 , 16 000,,13 000 ,11 000 , 16 000,,13 000 ,11 000 , 15 000,,13 000 ,10 000 , 15 000,,12 000 ,9700 , 14 000,,11 000 ,9100 , 14 000,
Guinea-Bissau,<100 ,<100 , <200,,<200 ,<100 , <200,,<200 ,<200 , <500,,<500 ,<200 , <500,,<500 ,<500 , 550,,580 ,<500 , 770,,810 ,550 , 1000,,1100 ,760 , 1400,,1400 ,1000 , 1800,,1800 ,1400 , 2200,,2200 ,1700 , 2600,,2600 ,2100 , 3000,,3000 ,2400 , 3400,,3300 ,2700 , 3800,,3600 ,3000 , 4200,,3900 ,3200 , 4500,,4100 ,3500 , 4700,,4300 ,3700 , 4900,,4500 ,3800 , 5100,,4600 ,3900 , 5200,,4700 ,4000 , 5300,,4700 ,4000 , 5300,,4600 ,3900 , 5200,,4400 ,3700 , 5000,,4000 ,3400 , 4600,,3800 ,3100 , 4300,,3600 ,2900 , 4100,,3300 ,2700 , 3900,,3200 ,2600 , 3700,,3000 ,2400 , 3500,,2800 ,2200 , 3300,,2600 ,2000 , 3200,,2500 ,1900 , 3000,,2400 ,1800 , 2900,,2200 ,1700 , 2700,
Guyana,<100 ,<100 , <200,,<100 ,<100 , <200,,<100 ,<100 , <200,,<100 ,<100 , <500,,<200 ,<100 , <500,,<200 ,<100 , <500,,<200 ,<200 , <500,,<500 ,<200 , <500,,<500 ,<200 , <500,,<500 ,<200 , <500,,<500 ,<500 , <500,,<500 ,<500 , 530,,<500 ,<500 , 560,,<500 ,<500 , 570,,<500 ,<500 , 580,,<500 ,<500 , 590,,<500 ,<500 , 610,,<500 ,<500 , 610,,<500 ,<500 , 580,,<500 ,<500 , 560,,<500 ,<500 , 560,,<500 ,<500 , 550,,<500 ,<500 , 540,,<500 ,<200 , 540,,<500 ,<200 , 530,,<500 ,<200 , 520,,<500 ,<200 , 530,,<500 ,<200 , 540,,<500 ,<200 , 550,,<500 ,<200 , 560,,<500 ,<200 , 570,,<500 ,<200 , 560,,<500 ,<200 , 540,,<500 ,<200 , 540,,<500 ,<200 , 530,
Haiti,5500 ,3900 , 7700,,6700 ,4800 , 9100,,7900 ,5900 , 10 000,,9000 ,6800 , 12 000,,10 000 ,7700 , 13 000,,11 000 ,8600 , 14 000,,12 000 ,9500 , 15 000,,13 000 ,10 000 , 16 000,,13 000 ,11 000 , 16 000,,14 000 ,11 000 , 17 000,,14 000 ,12 000 , 18 000,,15 000 ,12 000 , 18 000,,15 000 ,12 000 , 18 000,,15 000 ,12 000 , 18 000,,15 000 ,12 000 , 18 000,,14 000 ,12 000 , 17 000,,14 000 ,12 000 , 16 000,,13 000 ,11 000 , 15 000,,13 000 ,10 000 , 15 000,,12 000 ,10 000 , 14 000,,11 000 ,9500 , 13 000,,11 000 ,8800 , 12 000,,9700 ,8100 , 11 000,,9000 ,7600 , 10 000,,8500 ,7200 , 9900,,8100 ,6800 , 9300,,7700 ,6500 , 8900,,7300 ,6100 , 8500,,6800 ,5800 , 8000,,6500 ,5500 , 7600,,6400 ,5400 , 7500,,6400 ,5400 , 7600,,6600 ,5500 , 7800,,6700 ,5600 , 8000,,6800 ,5700 , 8200,
Honduras,920 ,680 , 1300,,1100 ,850 , 1600,,1400 ,1000 , 1800,,1600 ,1300 , 2200,,1900 ,1500 , 2500,,2200 ,1700 , 2800,,2400 ,1900 , 3100,,2700 ,2100 , 3300,,2900 ,2300 , 3600,,3000 ,2500 , 3700,,3200 ,2600 , 3800,,3200 ,2700 , 3900,,3300 ,2800 , 3900,,3200 ,2800 , 3800,,3200 ,2700 , 3700,,3000 ,2600 , 3500,,2900 ,2500 , 3300,,2700 ,2400 , 3100,,2600 ,2300 , 2900,,2400 ,2100 , 2700,,2200 ,1900 , 2500,,2000 ,1800 , 2300,,1900 ,1700 , 2100,,1700 ,1500 , 1900,,1600 ,1400 , 1800,,1400 ,1300 , 1600,,1300 ,1200 , 1500,,1200 ,1100 , 1300,,1100 ,960 , 1200,,1000 ,880 , 1100,,920 ,810 , 1100,,850 ,750 , 970,,770 ,680 , 900,,690 ,600 , 810,,630 ,550 , 740,
Hungary,... ,... , ...,"Estimates were not available at the time of publication.",... ,... , ...,"Estimates were not available at the time of publication.",... ,... , ...,"Estimates were not available at the time of publication.",... ,... , ...,"Estimates were not available at the time of publication.",... ,... , ...,"Estimates were not available at the time of publication.",... ,... , ...,"Estimates were not available at the time of publication.",... ,... , ...,"Estimates were not available at the time of publication.",... ,... , ...,"Estimates were not available at the time of publication.",... ,... , ...,"Estimates were not available at the time of publication.",... ,... , ...,"Estimates were not available at the time of publication.",... ,... , ...,"Estimates were not available at the time of publication.",... ,... , ...,"Estimates were not available at the time of publication.",... ,... , ...,"Estimates were not available at the time of publication.",... ,... , ...,"Estimates were not available at the time of publication.",... ,... , ...,"Estimates were not available at the time of publication.",... ,... , ...,"Estimates were not available at the time of publication.",... ,... , ...,"Estimates were not available at the time of publication.",... ,... , ...,"Estimates were not available at the time of publication.",... ,... , ...,"Estimates were not available at the time of publication.",... ,... , ...,"Estimates were not available at the time of publication.",... ,... , ...,"Estimates were not available at the time of publication.",... ,... , ...,"Estimates were not available at the time of publication.",... ,... , ...,"Estimates were not available at the time of publication.",... ,... , ...,"Estimates were not available at the time of publication.",... ,... , ...,"Estimates were not available at the time of publication.",... ,... , ...,"Estimates were not available at the time of publication.",... ,... , ...,"Estimates were not available at the time of publication.",... ,... , ...,"Estimates were not available at the time of publication.",... ,... , ...,"Estimates were not available at the time of publication.",... ,... , ...,"Estimates were not available at the time of publication.",... ,... , ...,"Estimates were not available at the time of publication.",... ,... , ...,"Estimates were not available at the time of publication.",... ,... , ...,"Estimates were not available at the time of publication.",... ,... , ...,"Estimates were not available at the time of publication.",... ,... , ...,"Estimates were not available at the time of publication."
Iceland,... ,... , ...,"Children estimates were not available at the time of publication.",... ,... , ...,"Children estimates were not available at the time of publication.",... ,... , ...,"Children estimates were not available at the time of publication.",... ,... , ...,"Children estimates were not available at the time of publication.",... ,... , ...,"Children estimates were not available at the time of publication.",... ,... , ...,"Children estimates were not available at the time of publication.",... ,... , ...,"Children estimates were not available at the time of publication.",... ,... , ...,"Children estimates were not available at the time of publication.",... ,... , ...,"Children estimates were not available at the time of publication.",... ,... , ...,"Children estimates were not available at the time of publication.",... ,... , ...,"Children estimates were not available at the time of publication.",... ,... , ...,"Children estimates were not available at the time of publication.",... ,... , ...,"Children estimates were not available at the time of publication.",... ,... , ...,"Children estimates were not available at the time of publication.",... ,... , ...,"Children estimates were not available at the time of publication.",... ,... , ...,"Children estimates were not available at the time of publication.",... ,... , ...,"Children estimates were not available at the time of publication.",... ,... , ...,"Children estimates were not available at the time of publication.",... ,... , ...,"Children estimates were not available at the time of publication.",... ,... , ...,"Children estimates were not available at the time of publication.",... ,... , ...,"Children estimates were not available at the time of publication.",... ,... , ...,"Children estimates were not available at the time of publication.",... ,... , ...,"Children estimates were not available at the time of publication.",... ,... , ...,"Children estimates were not available at the time of publication.",... ,... , ...,"Children estimates were not available at the time of publication.",... ,... , ...,"Children estimates were not available at the time of publication.",... ,... , ...,"Children estimates were not available at the time of publication.",... ,... , ...,"Children estimates were not available at the time of publication.",... ,... , ...,"Children estimates were not available at the time of publication.",... ,... , ...,"Children estimates were not available at the time of publication.",... ,... , ...,"Children estimates were not available at the time of publication.",... ,... , ...,"Children estimates were not available at the time of publication.",... ,... , ...,"Children estimates were not available at the time of publication.",... ,... , ...,"Children estimates were not available at the time of publication.",... ,... , ...,"Children estimates were not available at the time of publication."
Indonesia,... ,... , ...,,... ,... , ...,,... ,... , ...,,... ,... , ...,,... ,... , ...,,... ,... , ...,,... ,... , ...,,... ,... , ...,,... ,... , ...,,... ,... , ...,,... ,... , ...,,... ,... , ...,,... ,... , ...,,... ,... , ...,,... ,... , ...,,... ,... , ...,,... ,... , ...,,... ,... , ...,,... ,... , ...,,... ,... , ...,,... ,... , ...,,... ,... , ...,,... ,... , ...,,... ,... , ...,,... ,... , ...,,... ,... , ...,,... ,... , ...,,... ,... , ...,,... ,... , ...,,... ,... , ...,,... ,... , ...,,... ,... , ...,,... ,... , ...,,... ,... , ...,,... ,... , ...,
Iran (Islamic Republic of),... ,... , ...,,... ,... , ...,,... ,... , ...,,... ,... , ...,,... ,... , ...,,... ,... , ...,,... ,... , ...,,... ,... , ...,,... ,... , ...,,... ,... , ...,,... ,... , ...,,... ,... , ...,,... ,... , ...,,... ,... , ...,,... ,... , ...,,... ,... , ...,,... ,... , ...,,... ,... , ...,,... ,... , ...,,... ,... , ...,,... ,... , ...,,... ,... , ...,,... ,... , ...,,... ,... , ...,,... ,... , ...,,... ,... , ...,,... ,... , ...,,... ,... , ...,,... ,... , ...,,... ,... , ...,,... ,... , ...,,... ,... , ...,,... ,... , ...,,... ,... , ...,,... ,... , ...,
Iraq,... ,... , ...,"Children estimates were not available at the time of publication.",... ,... , ...,"Children estimates were not available at the time of publication.",... ,... , ...,"Children estimates were not available at the time of publication.",... ,... , ...,"Children estimates were not available at the time of publication.",... ,... , ...,"Children estimates were not available at the time of publication.",... ,... , ...,"Children estimates were not available at the time of publication.",... ,... , ...,"Children estimates were not available at the time of publication.",... ,... , ...,"Children estimates were not available at the time of publication.",... ,... , ...,"Children estimates were not available at the time of publication.",... ,... , ...,"Children estimates were not available at the time of publication.",... ,... , ...,"Children estimates were not available at the time of publication.",... ,... , ...,"Children estimates were not available at the time of publication.",... ,... , ...,"Children estimates were not available at the time of publication.",... ,... , ...,"Children estimates were not available at the time of publication.",... ,... , ...,"Children estimates were not available at the time of publication.",... ,... , ...,"Children estimates were not available at the time of publication.",... ,... , ...,"Children estimates were not available at the time of publication.",... ,... , ...,"Children estimates were not available at the time of publication.",... ,... , ...,"Children estimates were not available at the time of publication.",... ,... , ...,"Children estimates were not available at the time of publication.",... ,... , ...,"Children estimates were not available at the time of publication.",... ,... , ...,"Children estimates were not available at the time of publication.",... ,... , ...,"Children estimates were not available at the time of publication.",... ,... , ...,"Children estimates were not available at the time of publication.",... ,... , ...,"Children estimates were not available at the time of publication.",... ,... , ...,"Children estimates were not available at the time of publication.",... ,... , ...,"Children estimates were not available at the time of publication.",... ,... , ...,"Children estimates were not available at the time of publication.",... ,... , ...,"Children estimates were not available at the time of publication.",... ,... , ...,"Children estimates were not available at the time of publication.",... ,... , ...,"Children estimates were not available at the time of publication.",... ,... , ...,"Children estimates were not available at the time of publication.",... ,... , ...,"Children estimates were not available at the time of publication.",... ,... , ...,"Children estimates were not available at the time of publication.",... ,... , ...,"Children estimates were not available at the time of publication."
Ireland,<100 ,<100 , <100,,<100 ,<100 , <100,,<100 ,<100 , <100,,<100 ,<100 , <100,,<100 ,<100 , <100,,<100 ,<100 , <100,,<100 ,<100 , <100,,<100 ,<100 , <100,,<100 ,<100 , <100,,<100 ,<100 , <100,,<100 ,<100 , <100,,<100 ,<100 , <100,,<100 ,<100 , <100,,<100 ,<100 , <100,,<100 ,<100 , <100,,<100 ,<100 , <100,,<100 ,<100 , <100,,<100 ,<100 , <100,,<100 ,<100 , <100,,<100 ,<100 , <100,,<100 ,<100 , <100,,<100 ,<100 , <100,,<100 ,<100 , <100,,<100 ,<100 , <100,,<100 ,<100 , <100,,<100 ,<100 , <100,,<100 ,<100 , <100,,<100 ,<100 , <100,,<100 ,<100 , <100,,<100 ,<100 , <100,,<100 ,<100 , <100,,<100 ,<100 , <100,,<100 ,<100 , <100,,<100 ,<100 , <100,,<100 ,<100 , <100,
Israel,... ,... , ...,"Estimates were not available at the time of publication.",... ,... , ...,"Estimates were not available at the time of publication.",... ,... , ...,"Estimates were not available at the time of publication.",... ,... , ...,"Estimates were not available at the time of publication.",... ,... , ...,"Estimates were not available at the time of publication.",... ,... , ...,"Estimates were not available at the time of publication.",... ,... , ...,"Estimates were not available at the time of publication.",... ,... , ...,"Estimates were not available at the time of publication.",... ,... , ...,"Estimates were not available at the time of publication.",... ,... , ...,"Estimates were not available at the time of publication.",... ,... , ...,"Estimates were not available at the time of publication.",... ,... , ...,"Estimates were not available at the time of publication.",... ,... , ...,"Estimates were not available at the time of publication.",... ,... , ...,"Estimates were not available at the time of publication.",... ,... , ...,"Estimates were not available at the time of publication.",... ,... , ...,"Estimates were not available at the time of publication.",... ,... , ...,"Estimates were not available at the time of publication.",... ,... , ...,"Estimates were not available at the time of publication.",... ,... , ...,"Estimates were not available at the time of publication.",... ,... , ...,"Estimates were not available at the time of publication.",... ,... , ...,"Estimates were not available at the time of publication.",... ,... , ...,"Estimates were not available at the time of publication.",... ,... , ...,"Estimates were not available at the time of publication.",... ,... , ...,"Estimates were not available at the time of publication.",... ,... , ...,"Estimates were not available at the time of publication.",... ,... , ...,"Estimates were not available at the time of publication.",... ,... , ...,"Estimates were not available at the time of publication.",... ,... , ...,"Estimates were not available at the time of publication.",... ,... , ...,"Estimates were not available at the time of publication.",... ,... , ...,"Estimates were not available at the time of publication.",... ,... , ...,"Estimates were not available at the time of publication.",... ,... , ...,"Estimates were not available at the time of publication.",... ,... , ...,"Estimates were not available at the time of publication.",... ,... , ...,"Estimates were not available at the time of publication.",... ,... , ...,"Estimates were not available at the time of publication."
Italy,... ,... , ...,,... ,... , ...,,... ,... , ...,,... ,... , ...,,... ,... , ...,,... ,... , ...,,... ,... , ...,,... ,... , ...,,... ,... , ...,,... ,... , ...,,... ,... , ...,,... ,... , ...,,... ,... , ...,,... ,... , ...,,... ,... , ...,,... ,... , ...,,... ,... , ...,,... ,... , ...,,... ,... , ...,,... ,... , ...,,... ,... , ...,,... ,... , ...,,... ,... , ...,,... ,... , ...,,... ,... , ...,,... ,... , ...,,... ,... , ...,,... ,... , ...,,... ,... , ...,,... ,... , ...,,... ,... , ...,,... ,... , ...,,... ,... , ...,,... ,... , ...,,... ,... , ...,
Jamaica,<200 ,<100 , <200,,<200 ,<200 , <500,,<500 ,<200 , <500,,<500 ,<500 , <500,,<500 ,<500 , <500,,<500 ,<500 , 580,,540 ,<500 , 680,,620 ,500 , 770,,690 ,580 , 840,,760 ,640 , 910,,820 ,690 , 970,,860 ,740 , 1000,,900 ,770 , 1000,,920 ,800 , 1100,,930 ,820 , 1100,,930 ,820 , 1000,,890 ,800 , 1000,,850 ,760 , 930,,810 ,730 , 900,,800 ,720 , 880,,790 ,710 , 880,,790 ,690 , 870,,780 ,690 , 870,,760 ,670 , 840,,700 ,620 , 780,,650 ,570 , 720,,600 ,530 , 670,,560 ,500 , 620,,530 ,<500 , 580,,<500 ,<500 , 540,,<500 ,<500 , 510,,<500 ,<500 , <500,,<500 ,<500 , <500,,<500 ,<500 , <500,,<500 ,<500 , <500,
Japan,... ,... , ...,"Estimates were not available at the time of publication.",... ,... , ...,"Estimates were not available at the time of publication.",... ,... , ...,"Estimates were not available at the time of publication.",... ,... , ...,"Estimates were not available at the time of publication.",... ,... , ...,"Estimates were not available at the time of publication.",... ,... , ...,"Estimates were not available at the time of publication.",... ,... , ...,"Estimates were not available at the time of publication.",... ,... , ...,"Estimates were not available at the time of publication.",... ,... , ...,"Estimates were not available at the time of publication.",... ,... , ...,"Estimates were not available at the time of publication.",... ,... , ...,"Estimates were not available at the time of publication.",... ,... , ...,"Estimates were not available at the time of publication.",... ,... , ...,"Estimates were not available at the time of publication.",... ,... , ...,"Estimates were not available at the time of publication.",... ,... , ...,"Estimates were not available at the time of publication.",... ,... , ...,"Estimates were not available at the time of publication.",... ,... , ...,"Estimates were not available at the time of publication.",... ,... , ...,"Estimates were not available at the time of publication.",... ,... , ...,"Estimates were not available at the time of publication.",... ,... , ...,"Estimates were not available at the time of publication.",... ,... , ...,"Estimates were not available at the time of publication.",... ,... , ...,"Estimates were not available at the time of publication.",... ,... , ...,"Estimates were not available at the time of publication.",... ,... , ...,"Estimates were not available at the time of publication.",... ,... , ...,"Estimates were not available at the time of publication.",... ,... , ...,"Estimates were not available at the time of publication.",... ,... , ...,"Estimates were not available at the time of publication.",... ,... , ...,"Estimates were not available at the time of publication.",... ,... , ...,"Estimates were not available at the time of publication.",... ,... , ...,"Estimates were not available at the time of publication.",... ,... , ...,"Estimates were not available at the time of publication.",... ,... , ...,"Estimates were not available at the time of publication.",... ,... , ...,"Estimates were not available at the time of publication.",... ,... , ...,"Estimates were not available at the time of publication.",... ,... , ...,"Estimates were not available at the time of publication."
Jordan,... ,... , ...,"Children estimates were not available at the time of publication.",... ,... , ...,"Children estimates were not available at the time of publication.",... ,... , ...,"Children estimates were not available at the time of publication.",... ,... , ...,"Children estimates were not available at the time of publication.",... ,... , ...,"Children estimates were not available at the time of publication.",... ,... , ...,"Children estimates were not available at the time of publication.",... ,... , ...,"Children estimates were not available at the time of publication.",... ,... , ...,"Children estimates were not available at the time of publication.",... ,... , ...,"Children estimates were not available at the time of publication.",... ,... , ...,"Children estimates were not available at the time of publication.",... ,... , ...,"Children estimates were not available at the time of publication.",... ,... , ...,"Children estimates were not available at the time of publication.",... ,... , ...,"Children estimates were not available at the time of publication.",... ,... , ...,"Children estimates were not available at the time of publication.",... ,... , ...,"Children estimates were not available at the time of publication.",... ,... , ...,"Children estimates were not available at the time of publication.",... ,... , ...,"Children estimates were not available at the time of publication.",... ,... , ...,"Children estimates were not available at the time of publication.",... ,... , ...,"Children estimates were not available at the time of publication.",... ,... , ...,"Children estimates were not available at the time of publication.",... ,... , ...,"Children estimates were not available at the time of publication.",... ,... , ...,"Children estimates were not available at the time of publication.",... ,... , ...,"Children estimates were not available at the time of publication.",... ,... , ...,"Children estimates were not available at the time of publication.",... ,... , ...,"Children estimates were not available at the time of publication.",... ,... , ...,"Children estimates were not available at the time of publication.",... ,... , ...,"Children estimates were not available at the time of publication.",... ,... , ...,"Children estimates were not available at the time of publication.",... ,... , ...,"Children estimates were not available at the time of publication.",... ,... , ...,"Children estimates were not available at the time of publication.",... ,... , ...,"Children estimates were not available at the time of publication.",... ,... , ...,"Children estimates were not available at the time of publication.",... ,... , ...,"Children estimates were not available at the time of publication.",... ,... , ...,"Children estimates were not available at the time of publication.",... ,... , ...,"Children estimates were not available at the time of publication."
Kazakhstan,<100 ,<100 , <100,,<100 ,<100 , <100,,<100 ,<100 , <100,,<100 ,<100 , <100,,<100 ,<100 , <100,,<100 ,<100 , <100,,<100 ,<100 , <100,,<100 ,<100 , <100,,<100 ,<100 , <100,,<100 ,<100 , <100,,<100 ,<100 , <100,,<100 ,<100 , <100,,<100 ,<100 , <100,,<100 ,<100 , <100,,<100 ,<100 , <100,,<100 ,<100 , <100,,<200 ,<200 , <200,,<500 ,<500 , <500,,<500 ,<500 , <500,,<500 ,<500 , <500,,<500 ,<500 , <500,,<500 ,<500 , <500,,<500 ,<500 , <500,,<500 ,<500 , <500,,<500 ,<500 , <500,,<500 ,<500 , <500,,<500 ,<500 , <500,,<500 ,<500 , <500,,<500 ,<500 , <500,,<500 ,<500 , <500,,<500 ,<500 , <500,,<500 ,<500 , <500,,<500 ,<500 , <500,,<500 ,<500 , <500,,<500 ,<500 , <500,
Kenya,61 000 ,49 000 , 80 000,,81 000 ,65 000 , 110 000,,100 000 ,83 000 , 140 000,,130 000 ,100 000 , 170 000,,150 000 ,120 000 , 200 000,,170 000 ,140 000 , 230 000,,190 000 ,150 000 , 250 000,,210 000 ,170 000 , 280 000,,230 000 ,180 000 , 300 000,,250 000 ,200 000 , 320 000,,260 000 ,210 000 , 340 000,,270 000 ,220 000 , 360 000,,280 000 ,220 000 , 370 000,,290 000 ,230 000 , 380 000,,290 000 ,230 000 , 380 000,,280 000 ,230 000 , 370 000,,270 000 ,220 000 , 360 000,,260 000 ,210 000 , 350 000,,250 000 ,200 000 , 320 000,,230 000 ,180 000 , 300 000,,210 000 ,170 000 , 280 000,,200 000 ,160 000 , 260 000,,180 000 ,150 000 , 240 000,,170 000 ,140 000 , 220 000,,160 000 ,130 000 , 210 000,,140 000 ,110 000 , 190 000,,130 000 ,100 000 , 170 000,,120 000 ,94 000 , 150 000,,110 000 ,85 000 , 140 000,,96 000 ,77 000 , 130 000,,86 000 ,69 000 , 110 000,,79 000 ,63 000 , 100 000,,72 000 ,58 000 , 96 000,,67 000 ,54 000 , 88 000,,62 000 ,50 000 , 82 000,
Kiribati,... ,... , ...,,... ,... , ...,,... ,... , ...,,... ,... , ...,,... ,... , ...,,... ,... , ...,,... ,... , ...,,... ,... , ...,,... ,... , ...,,... ,... , ...,,... ,... , ...,,... ,... , ...,,... ,... , ...,,... ,... , ...,,... ,... , ...,,... ,... , ...,,... ,... , ...,,... ,... , ...,,... ,... , ...,,... ,... , ...,,... ,... , ...,,... ,... , ...,,... ,... , ...,,... ,... , ...,,... ,... , ...,,... ,... , ...,,... ,... , ...,,... ,... , ...,,... ,... , ...,,... ,... , ...,,... ,... , ...,,... ,... , ...,,... ,... , ...,,... ,... , ...,,... ,... , ...,
Kuwait,... ,... , ...,"Children estimates were not available at the time of publication.",... ,... , ...,"Children estimates were not available at the time of publication.",... ,... , ...,"Children estimates were not available at the time of publication.",... ,... , ...,"Children estimates were not available at the time of publication.",... ,... , ...,"Children estimates were not available at the time of publication.",... ,... , ...,"Children estimates were not available at the time of publication.",... ,... , ...,"Children estimates were not available at the time of publication.",... ,... , ...,"Children estimates were not available at the time of publication.",... ,... , ...,"Children estimates were not available at the time of publication.",... ,... , ...,"Children estimates were not available at the time of publication.",... ,... , ...,"Children estimates were not available at the time of publication.",... ,... , ...,"Children estimates were not available at the time of publication.",... ,... , ...,"Children estimates were not available at the time of publication.",... ,... , ...,"Children estimates were not available at the time of publication.",... ,... , ...,"Children estimates were not available at the time of publication.",... ,... , ...,"Children estimates were not available at the time of publication.",... ,... , ...,"Children estimates were not available at the time of publication.",... ,... , ...,"Children estimates were not available at the time of publication.",... ,... , ...,"Children estimates were not available at the time of publication.",... ,... , ...,"Children estimates were not available at the time of publication.",... ,... , ...,"Children estimates were not available at the time of publication.",... ,... , ...,"Children estimates were not available at the time of publication.",... ,... , ...,"Children estimates were not available at the time of publication.",... ,... , ...,"Children estimates were not available at the time of publication.",... ,... , ...,"Children estimates were not available at the time of publication.",... ,... , ...,"Children estimates were not available at the time of publication.",... ,... , ...,"Children estimates were not available at the time of publication.",... ,... , ...,"Children estimates were not available at the time of publication.",... ,... , ...,"Children estimates were not available at the time of publication.",... ,... , ...,"Children estimates were not available at the time of publication.",... ,... , ...,"Children estimates were not available at the time of publication.",... ,... , ...,"Children estimates were not available at the time of publication.",... ,... , ...,"Children estimates were not available at the time of publication.",... ,... , ...,"Children estimates were not available at the time of publication.",... ,... , ...,"Children estimates were not available at the time of publication."
Kyrgyzstan,<100 ,<100 , <100,,<100 ,<100 , <100,,<100 ,<100 , <100,,<100 ,<100 , <100,,<100 ,<100 , <100,,<100 ,<100 , <100,,<100 ,<100 , <100,,<100 ,<100 , <100,,<100 ,<100 , <100,,<100 ,<100 , <100,,<100 ,<100 , <100,,<100 ,<100 , <100,,<100 ,<100 , <100,,<100 ,<100 , <100,,<100 ,<100 , <100,,<100 ,<100 , <100,,<100 ,<100 , <100,,<100 ,<100 , <200,,<200 ,<200 , <200,,<500 ,<200 , <500,,<500 ,<500 , <500,,<500 ,<500 , <500,,<500 ,<500 , <500,,<500 ,<500 , 520,,530 ,<500 , 580,,570 ,530 , 610,,610 ,570 , 660,,600 ,570 , 650,,580 ,540 , 630,,560 ,520 , 600,,510 ,<500 , 550,,<500 ,<500 , <500,,<500 ,<500 , <500,,<500 ,<500 , <500,,<500 ,<500 , <500,
Lao People's Democratic Republic,<100 ,<100 , <100,,<100 ,<100 , <100,,<100 ,<100 , <100,,<100 ,<100 , <100,,<100 ,<100 , <100,,<100 ,<100 , <100,,<100 ,<100 , <100,,<100 ,<100 , <100,,<100 ,<100 , <100,,<100 ,<100 , <100,,<200 ,<100 , <200,,<200 ,<200 , <200,,<200 ,<200 , <500,,<500 ,<200 , <500,,<500 ,<500 , <500,,<500 ,<500 , <500,,<500 ,<500 , <500,,<500 ,<500 , <500,,<500 ,<500 , <500,,<500 ,<500 , <500,,<500 ,<500 , 550,,520 ,<500 , 590,,560 ,<500 , 630,,590 ,510 , 670,,630 ,550 , 710,,670 ,590 , 760,,700 ,620 , 790,,730 ,630 , 820,,750 ,650 , 850,,770 ,670 , 870,,790 ,680 , 890,,790 ,690 , 910,,790 ,690 , 910,,780 ,680 , 900,,760 ,650 , 880,
Latvia,... ,... , ...,"Children estimates were not available at the time of publication.",... ,... , ...,"Children estimates were not available at the time of publication.",... ,... , ...,"Children estimates were not available at the time of publication.",... ,... , ...,"Children estimates were not available at the time of publication.",... ,... , ...,"Children estimates were not available at the time of publication.",... ,... , ...,"Children estimates were not available at the time of publication.",... ,... , ...,"Children estimates were not available at the time of publication.",... ,... , ...,"Children estimates were not available at the time of publication.",... ,... , ...,"Children estimates were not available at the time of publication.",... ,... , ...,"Children estimates were not available at the time of publication.",... ,... , ...,"Children estimates were not available at the time of publication.",... ,... , ...,"Children estimates were not available at the time of publication.",... ,... , ...,"Children estimates were not available at the time of publication.",... ,... , ...,"Children estimates were not available at the time of publication.",... ,... , ...,"Children estimates were not available at the time of publication.",... ,... , ...,"Children estimates were not available at the time of publication.",... ,... , ...,"Children estimates were not available at the time of publication.",... ,... , ...,"Children estimates were not available at the time of publication.",... ,... , ...,"Children estimates were not available at the time of publication.",... ,... , ...,"Children estimates were not available at the time of publication.",... ,... , ...,"Children estimates were not available at the time of publication.",... ,... , ...,"Children estimates were not available at the time of publication.",... ,... , ...,"Children estimates were not available at the time of publication.",... ,... , ...,"Children estimates were not available at the time of publication.",... ,... , ...,"Children estimates were not available at the time of publication.",... ,... , ...,"Children estimates were not available at the time of publication.",... ,... , ...,"Children estimates were not available at the time of publication.",... ,... , ...,"Children estimates were not available at the time of publication.",... ,... , ...,"Children estimates were not available at the time of publication.",... ,... , ...,"Children estimates were not available at the time of publication.",... ,... , ...,"Children estimates were not available at the time of publication.",... ,... , ...,"Children estimates were not available at the time of publication.",... ,... , ...,"Children estimates were not available at the time of publication.",... ,... , ...,"Children estimates were not available at the time of publication.",... ,... , ...,"Children estimates were not available at the time of publication."
Lebanon,... ,... , ...,"Children estimates were not available at the time of publication.",... ,... , ...,"Children estimates were not available at the time of publication.",... ,... , ...,"Children estimates were not available at the time of publication.",... ,... , ...,"Children estimates were not available at the time of publication.",... ,... , ...,"Children estimates were not available at the time of publication.",... ,... , ...,"Children estimates were not available at the time of publication.",... ,... , ...,"Children estimates were not available at the time of publication.",... ,... , ...,"Children estimates were not available at the time of publication.",... ,... , ...,"Children estimates were not available at the time of publication.",... ,... , ...,"Children estimates were not available at the time of publication.",... ,... , ...,"Children estimates were not available at the time of publication.",... ,... , ...,"Children estimates were not available at the time of publication.",... ,... , ...,"Children estimates were not available at the time of publication.",... ,... , ...,"Children estimates were not available at the time of publication.",... ,... , ...,"Children estimates were not available at the time of publication.",... ,... , ...,"Children estimates were not available at the time of publication.",... ,... , ...,"Children estimates were not available at the time of publication.",... ,... , ...,"Children estimates were not available at the time of publication.",... ,... , ...,"Children estimates were not available at the time of publication.",... ,... , ...,"Children estimates were not available at the time of publication.",... ,... , ...,"Children estimates were not available at the time of publication.",... ,... , ...,"Children estimates were not available at the time of publication.",... ,... , ...,"Children estimates were not available at the time of publication.",... ,... , ...,"Children estimates were not available at the time of publication.",... ,... , ...,"Children estimates were not available at the time of publication.",... ,... , ...,"Children estimates were not available at the time of publication.",... ,... , ...,"Children estimates were not available at the time of publication.",... ,... , ...,"Children estimates were not available at the time of publication.",... ,... , ...,"Children estimates were not available at the time of publication.",... ,... , ...,"Children estimates were not available at the time of publication.",... ,... , ...,"Children estimates were not available at the time of publication.",... ,... , ...,"Children estimates were not available at the time of publication.",... ,... , ...,"Children estimates were not available at the time of publication.",... ,... , ...,"Children estimates were not available at the time of publication.",... ,... , ...,"Children estimates were not available at the time of publication."
Lesotho,1000 ,730 , 1400,,1700 ,1300 , 2200,,2600 ,2100 , 3200,,3900 ,3200 , 4600,,5500 ,4600 , 6400,,7300 ,6300 , 8500,,9300 ,8000 , 11 000,,11 000 ,9900 , 13 000,,13 000 ,12 000 , 15 000,,15 000 ,13 000 , 17 000,,17 000 ,15 000 , 19 000,,19 000 ,17 000 , 21 000,,20 000 ,18 000 , 22 000,,22 000 ,19 000 , 24 000,,23 000 ,21 000 , 25 000,,24 000 ,22 000 , 27 000,,25 000 ,22 000 , 27 000,,25 000 ,22 000 , 27 000,,25 000 ,22 000 , 28 000,,25 000 ,21 000 , 27 000,,24 000 ,21 000 , 26 000,,22 000 ,19 000 , 25 000,,21 000 ,18 000 , 24 000,,20 000 ,17 000 , 22 000,,19 000 ,16 000 , 21 000,,17 000 ,15 000 , 19 000,,16 000 ,13 000 , 18 000,,15 000 ,12 000 , 17 000,,14 000 ,11 000 , 16 000,,12 000 ,9800 , 14 000,,11 000 ,8500 , 12 000,,9500 ,7400 , 11 000,,8400 ,6500 , 10 000,,7200 ,5400 , 8600,,6100 ,4600 , 7300,
Liberia,1600 ,640 , 3200,,2200 ,970 , 4100,,2900 ,1400 , 4800,,3400 ,1800 , 5700,,3800 ,2100 , 5900,,4400 ,2700 , 6800,,4900 ,3100 , 7200,,6000 ,4100 , 8700,,6800 ,4800 , 9700,,7500 ,5500 , 10 000,,8000 ,6000 , 11 000,,8400 ,6500 , 11 000,,8600 ,6800 , 11 000,,8600 ,6900 , 11 000,,8700 ,7100 , 11 000,,9000 ,7500 , 11 000,,9200 ,7700 , 11 000,,9300 ,7800 , 11 000,,9100 ,7700 , 11 000,,8800 ,7500 , 10 000,,8500 ,7300 , 10 000,,8200 ,7000 , 9700,,7900 ,6800 , 9200,,7600 ,6500 , 8800,,7300 ,6300 , 8500,,6800 ,5900 , 8000,,6400 ,5400 , 7500,,6000 ,5000 , 7000,,5600 ,4700 , 6700,,5200 ,4300 , 6300,,4900 ,4000 , 6000,,4600 ,3600 , 5700,,4300 ,3300 , 5400,,4000 ,3000 , 5100,,3700 ,2700 , 4800,
Libya,<100 ,<100 , <100,,<100 ,<100 , <100,,<100 ,<100 , <100,,<100 ,<100 , <100,,<100 ,<100 , <100,,<100 ,<100 , <100,,<100 ,<100 , <100,,<100 ,<100 , <100,,<100 ,<100 , <100,,<100 ,<100 , <100,,<100 ,<100 , <100,,<100 ,<100 , <100,,<100 ,<100 , <100,,<100 ,<100 , <100,,<100 ,<100 , <100,,<100 ,<100 , <100,,<100 ,<100 , <100,,<100 ,<100 , <100,,<100 ,<100 , <100,,<100 ,<100 , <200,,<200 ,<100 , <200,,<200 ,<200 , <200,,<200 ,<200 , <200,,<200 ,<200 , <200,,<200 ,<200 , <200,,<200 ,<200 , <200,,<200 ,<200 , <200,,<200 ,<200 , <200,,<200 ,<200 , <200,,<200 ,<200 , <200,,<200 ,<200 , <200,,<200 ,<200 , <200,,<200 ,<200 , <200,,<200 ,<200 , <200,,<200 ,<200 , <200,
Lithuania,... ,... , ...,"Children estimates were not available at the time of publication.",... ,... , ...,"Children estimates were not available at the time of publication.",... ,... , ...,"Children estimates were not available at the time of publication.",... ,... , ...,"Children estimates were not available at the time of publication.",... ,... , ...,"Children estimates were not available at the time of publication.",... ,... , ...,"Children estimates were not available at the time of publication.",... ,... , ...,"Children estimates were not available at the time of publication.",... ,... , ...,"Children estimates were not available at the time of publication.",... ,... , ...,"Children estimates were not available at the time of publication.",... ,... , ...,"Children estimates were not available at the time of publication.",... ,... , ...,"Children estimates were not available at the time of publication.",... ,... , ...,"Children estimates were not available at the time of publication.",... ,... , ...,"Children estimates were not available at the time of publication.",... ,... , ...,"Children estimates were not available at the time of publication.",... ,... , ...,"Children estimates were not available at the time of publication.",... ,... , ...,"Children estimates were not available at the time of publication.",... ,... , ...,"Children estimates were not available at the time of publication.",... ,... , ...,"Children estimates were not available at the time of publication.",... ,... , ...,"Children estimates were not available at the time of publication.",... ,... , ...,"Children estimates were not available at the time of publication.",... ,... , ...,"Children estimates were not available at the time of publication.",... ,... , ...,"Children estimates were not available at the time of publication.",... ,... , ...,"Children estimates were not available at the time of publication.",... ,... , ...,"Children estimates were not available at the time of publication.",... ,... , ...,"Children estimates were not available at the time of publication.",... ,... , ...,"Children estimates were not available at the time of publication.",... ,... , ...,"Children estimates were not available at the time of publication.",... ,... , ...,"Children estimates were not available at the time of publication.",... ,... , ...,"Children estimates were not available at the time of publication.",... ,... , ...,"Children estimates were not available at the time of publication.",... ,... , ...,"Children estimates were not available at the time of publication.",... ,... , ...,"Children estimates were not available at the time of publication.",... ,... , ...,"Children estimates were not available at the time of publication.",... ,... , ...,"Children estimates were not available at the time of publication.",... ,... , ...,"Children estimates were not available at the time of publication."
Luxembourg,... ,... , ...,"Children estimates were not available at the time of publication.",... ,... , ...,"Children estimates were not available at the time of publication.",... ,... , ...,"Children estimates were not available at the time of publication.",... ,... , ...,"Children estimates were not available at the time of publication.",... ,... , ...,"Children estimates were not available at the time of publication.",... ,... , ...,"Children estimates were not available at the time of publication.",... ,... , ...,"Children estimates were not available at the time of publication.",... ,... , ...,"Children estimates were not available at the time of publication.",... ,... , ...,"Children estimates were not available at the time of publication.",... ,... , ...,"Children estimates were not available at the time of publication.",... ,... , ...,"Children estimates were not available at the time of publication.",... ,... , ...,"Children estimates were not available at the time of publication.",... ,... , ...,"Children estimates were not available at the time of publication.",... ,... , ...,"Children estimates were not available at the time of publication.",... ,... , ...,"Children estimates were not available at the time of publication.",... ,... , ...,"Children estimates were not available at the time of publication.",... ,... , ...,"Children estimates were not available at the time of publication.",... ,... , ...,"Children estimates were not available at the time of publication.",... ,... , ...,"Children estimates were not available at the time of publication.",... ,... , ...,"Children estimates were not available at the time of publication.",... ,... , ...,"Children estimates were not available at the time of publication.",... ,... , ...,"Children estimates were not available at the time of publication.",... ,... , ...,"Children estimates were not available at the time of publication.",... ,... , ...,"Children estimates were not available at the time of publication.",... ,... , ...,"Children estimates were not available at the time of publication.",... ,... , ...,"Children estimates were not available at the time of publication.",... ,... , ...,"Children estimates were not available at the time of publication.",... ,... , ...,"Children estimates were not available at the time of publication.",... ,... , ...,"Children estimates were not available at the time of publication.",... ,... , ...,"Children estimates were not available at the time of publication.",... ,... , ...,"Children estimates were not available at the time of publication.",... ,... , ...,"Children estimates were not available at the time of publication.",... ,... , ...,"Children estimates were not available at the time of publication.",... ,... , ...,"Children estimates were not available at the time of publication.",... ,... , ...,"Children estimates were not available at the time of publication."
Madagascar,<100 ,<100 , <100,,<100 ,<100 , <100,,<100 ,<100 , <100,,<100 ,<100 , <100,,<100 ,<100 , <200,,<100 ,<100 , <200,,<200 ,<100 , <500,,<200 ,<100 , <500,,<200 ,<100 , <500,,<500 ,<200 , <500,,<500 ,<200 , 530,,<500 ,<200 , 650,,<500 ,<500 , 770,,530 ,<500 , 890,,650 ,<500 , 1100,,790 ,<500 , 1200,,940 ,610 , 1500,,1100 ,740 , 1700,,1300 ,910 , 1900,,1500 ,1100 , 2100,,1700 ,1200 , 2300,,1900 ,1400 , 2500,,2100 ,1500 , 2700,,2200 ,1700 , 2900,,2400 ,1900 , 3000,,2600 ,2100 , 3200,,2800 ,2300 , 3400,,3000 ,2400 , 3600,,3200 ,2500 , 3800,,3400 ,2700 , 4200,,3600 ,2900 , 4500,,3800 ,3100 , 4900,,4000 ,3200 , 5300,,4400 ,3400 , 5800,,4800 ,3700 , 6300,
Malawi,38 000 ,36 000 , 42 000,,49 000 ,45 000 , 53 000,,60 000 ,56 000 , 65 000,,70 000 ,66 000 , 75 000,,79 000 ,74 000 , 84 000,,89 000 ,84 000 , 96 000,,100 000 ,93 000 , 110 000,,110 000 ,100 000 , 120 000,,120 000 ,110 000 , 130 000,,130 000 ,120 000 , 140 000,,130 000 ,130 000 , 140 000,,140 000 ,130 000 , 150 000,,150 000 ,130 000 , 160 000,,150 000 ,140 000 , 160 000,,150 000 ,140 000 , 160 000,,150 000 ,140 000 , 160 000,,150 000 ,140 000 , 160 000,,150 000 ,140 000 , 160 000,,150 000 ,130 000 , 160 000,,140 000 ,130 000 , 150 000,,140 000 ,130 000 , 150 000,,130 000 ,120 000 , 140 000,,130 000 ,120 000 , 140 000,,120 000 ,110 000 , 130 000,,120 000 ,110 000 , 130 000,,110 000 ,100 000 , 120 000,,110 000 ,94 000 , 120 000,,100 000 ,87 000 , 110 000,,92 000 ,80 000 , 100 000,,85 000 ,73 000 , 94 000,,78 000 ,67 000 , 87 000,,71 000 ,61 000 , 80 000,,65 000 ,55 000 , 74 000,,59 000 ,49 000 , 67 000,,53 000 ,44 000 , 61 000,
Malaysia,<100 ,<100 , <100,,<100 ,<100 , <100,,<100 ,<100 , <100,,<100 ,<100 , <100,,<100 ,<100 , <100,,<200 ,<100 , <200,,<200 ,<200 , <200,,<200 ,<200 , <500,,<200 ,<200 , <500,,<500 ,<200 , <500,,<500 ,<200 , <500,,<500 ,<200 , <500,,<500 ,<200 , <500,,<500 ,<200 , <500,,<500 ,<200 , <500,,<500 ,<500 , <500,,<500 ,<500 , <500,,<500 ,<500 , <500,,<500 ,<500 , <500,,<500 ,<500 , <500,,<500 ,<500 , <500,,<500 ,<500 , <500,,<500 ,<500 , <500,,<500 ,<500 , 510,,<500 ,<500 , 520,,<500 ,<500 , 510,,<500 ,<500 , <500,,<500 ,<500 , <500,,<500 ,<500 , <500,,<500 ,<500 , <500,,<500 ,<500 , <500,,<500 ,<500 , <500,,<500 ,<500 , <500,,<500 ,<200 , <500,,<500 ,<200 , <500,
Maldives,... ,... , ...,"Children estimates were not available at the time of publication.",... ,... , ...,"Children estimates were not available at the time of publication.",... ,... , ...,"Children estimates were not available at the time of publication.",... ,... , ...,"Children estimates were not available at the time of publication.",... ,... , ...,"Children estimates were not available at the time of publication.",... ,... , ...,"Children estimates were not available at the time of publication.",... ,... , ...,"Children estimates were not available at the time of publication.",... ,... , ...,"Children estimates were not available at the time of publication.",... ,... , ...,"Children estimates were not available at the time of publication.",... ,... , ...,"Children estimates were not available at the time of publication.",... ,... , ...,"Children estimates were not available at the time of publication.",... ,... , ...,"Children estimates were not available at the time of publication.",... ,... , ...,"Children estimates were not available at the time of publication.",... ,... , ...,"Children estimates were not available at the time of publication.",... ,... , ...,"Children estimates were not available at the time of publication.",... ,... , ...,"Children estimates were not available at the time of publication.",... ,... , ...,"Children estimates were not available at the time of publication.",... ,... , ...,"Children estimates were not available at the time of publication.",... ,... , ...,"Children estimates were not available at the time of publication.",... ,... , ...,"Children estimates were not available at the time of publication.",... ,... , ...,"Children estimates were not available at the time of publication.",... ,... , ...,"Children estimates were not available at the time of publication.",... ,... , ...,"Children estimates were not available at the time of publication.",... ,... , ...,"Children estimates were not available at the time of publication.",... ,... , ...,"Children estimates were not available at the time of publication.",... ,... , ...,"Children estimates were not available at the time of publication.",... ,... , ...,"Children estimates were not available at the time of publication.",... ,... , ...,"Children estimates were not available at the time of publication.",... ,... , ...,"Children estimates were not available at the time of publication.",... ,... , ...,"Children estimates were not available at the time of publication.",... ,... , ...,"Children estimates were not available at the time of publication.",... ,... , ...,"Children estimates were not available at the time of publication.",... ,... , ...,"Children estimates were not available at the time of publication.",... ,... , ...,"Children estimates were not available at the time of publication.",... ,... , ...,"Children estimates were not available at the time of publication."
Mali,3300 ,1400 , 6300,,4100 ,2000 , 7300,,4900 ,2700 , 8400,,5800 ,3500 , 9400,,6700 ,4400 , 10 000,,7600 ,5200 , 11 000,,8400 ,5800 , 12 000,,9200 ,6500 , 12 000,,9900 ,7200 , 13 000,,11 000 ,7800 , 14 000,,11 000 ,8500 , 14 000,,12 000 ,9200 , 15 000,,12 000 ,9900 , 15 000,,13 000 ,10 000 , 16 000,,13 000 ,11 000 , 16 000,,13 000 ,11 000 , 16 000,,13 000 ,11 000 , 16 000,,13 000 ,11 000 , 16 000,,13 000 ,11 000 , 16 000,,13 000 ,11 000 , 15 000,,13 000 ,11 000 , 15 000,,12 000 ,10 000 , 15 000,,12 000 ,9800 , 14 000,,12 000 ,9700 , 14 000,,11 000 ,9500 , 14 000,,11 000 ,9300 , 14 000,,11 000 ,9100 , 14 000,,11 000 ,8900 , 14 000,,11 000 ,8600 , 14 000,,10 000 ,8500 , 14 000,,10 000 ,8400 , 13 000,,9900 ,8000 , 13 000,,9700 ,7800 , 13 000,,9400 ,7500 , 13 000,,9200 ,7300 , 12 000,
Malta,... ,... , ...,"Children estimates were not available at the time of publication.",... ,... , ...,"Children estimates were not available at the time of publication.",... ,... , ...,"Children estimates were not available at the time of publication.",... ,... , ...,"Children estimates were not available at the time of publication.",... ,... , ...,"Children estimates were not available at the time of publication.",... ,... , ...,"Children estimates were not available at the time of publication.",... ,... , ...,"Children estimates were not available at the time of publication.",... ,... , ...,"Children estimates were not available at the time of publication.",... ,... , ...,"Children estimates were not available at the time of publication.",... ,... , ...,"Children estimates were not available at the time of publication.",... ,... , ...,"Children estimates were not available at the time of publication.",... ,... , ...,"Children estimates were not available at the time of publication.",... ,... , ...,"Children estimates were not available at the time of publication.",... ,... , ...,"Children estimates were not available at the time of publication.",... ,... , ...,"Children estimates were not available at the time of publication.",... ,... , ...,"Children estimates were not available at the time of publication.",... ,... , ...,"Children estimates were not available at the time of publication.",... ,... , ...,"Children estimates were not available at the time of publication.",... ,... , ...,"Children estimates were not available at the time of publication.",... ,... , ...,"Children estimates were not available at the time of publication.",... ,... , ...,"Children estimates were not available at the time of publication.",... ,... , ...,"Children estimates were not available at the time of publication.",... ,... , ...,"Children estimates were not available at the time of publication.",... ,... , ...,"Children estimates were not available at the time of publication.",... ,... , ...,"Children estimates were not available at the time of publication.",... ,... , ...,"Children estimates were not available at the time of publication.",... ,... , ...,"Children estimates were not available at the time of publication.",... ,... , ...,"Children estimates were not available at the time of publication.",... ,... , ...,"Children estimates were not available at the time of publication.",... ,... , ...,"Children estimates were not available at the time of publication.",... ,... , ...,"Children estimates were not available at the time of publication.",... ,... , ...,"Children estimates were not available at the time of publication.",... ,... , ...,"Children estimates were not available at the time of publication.",... ,... , ...,"Children estimates were not available at the time of publication.",... ,... , ...,"Children estimates were not available at the time of publication."
Marshall Islands,... ,... , ...,,... ,... , ...,,... ,... , ...,,... ,... , ...,,... ,... , ...,,... ,... , ...,,... ,... , ...,,... ,... , ...,,... ,... , ...,,... ,... , ...,,... ,... , ...,,... ,... , ...,,... ,... , ...,,... ,... , ...,,... ,... , ...,,... ,... , ...,,... ,... , ...,,... ,... , ...,,... ,... , ...,,... ,... , ...,,... ,... , ...,,... ,... , ...,,... ,... , ...,,... ,... , ...,,... ,... , ...,,... ,... , ...,,... ,... , ...,,... ,... , ...,,... ,... , ...,,... ,... , ...,,... ,... , ...,,... ,... , ...,,... ,... , ...,,... ,... , ...,,... ,... , ...,
Mauritania,<200 ,<100 , <500,,<200 ,<200 , <500,,<500 ,<200 , <500,,<500 ,<500 , 570,,<500 ,<500 , 680,,<500 ,<500 , 760,,570 ,<500 , 870,,650 ,<500 , 960,,740 ,570 , 1100,,830 ,640 , 1200,,910 ,710 , 1200,,990 ,780 , 1300,,1100 ,840 , 1400,,1100 ,900 , 1400,,1200 ,950 , 1400,,1200 ,980 , 1400,,1200 ,1000 , 1500,,1200 ,1000 , 1400,,1200 ,1000 , 1400,,1200 ,1000 , 1400,,1200 ,990 , 1300,,1100 ,980 , 1300,,1100 ,950 , 1300,,1100 ,900 , 1200,,970 ,810 , 1100,,890 ,740 , 1000,,850 ,710 , 1000,,810 ,680 , 960,,770 ,630 , 920,,720 ,590 , 870,,680 ,560 , 840,,650 ,530 , 820,,620 ,<500 , 790,,580 ,<500 , 750,,550 ,<500 , 720,
Mauritius,... ,... , ...,"Estimates were not available at the time of publication.",... ,... , ...,"Estimates were not available at the time of publication.",... ,... , ...,"Estimates were not available at the time of publication.",... ,... , ...,"Estimates were not available at the time of publication.",... ,... , ...,"Estimates were not available at the time of publication.",... ,... , ...,"Estimates were not available at the time of publication.",... ,... , ...,"Estimates were not available at the time of publication.",... ,... , ...,"Estimates were not available at the time of publication.",... ,... , ...,"Estimates were not available at the time of publication.",... ,... , ...,"Estimates were not available at the time of publication.",... ,... , ...,"Estimates were not available at the time of publication.",... ,... , ...,"Estimates were not available at the time of publication.",... ,... , ...,"Estimates were not available at the time of publication.",... ,... , ...,"Estimates were not available at the time of publication.",... ,... , ...,"Estimates were not available at the time of publication.",... ,... , ...,"Estimates were not available at the time of publication.",... ,... , ...,"Estimates were not available at the time of publication.",... ,... , ...,"Estimates were not available at the time of publication.",... ,... , ...,"Estimates were not available at the time of publication.",... ,... , ...,"Estimates were not available at the time of publication.",... ,... , ...,"Estimates were not available at the time of publication.",... ,... , ...,"Estimates were not available at the time of publication.",... ,... , ...,"Estimates were not available at the time of publication.",... ,... , ...,"Estimates were not available at the time of publication.",... ,... , ...,"Estimates were not available at the time of publication.",... ,... , ...,"Estimates were not available at the time of publication.",... ,... , ...,"Estimates were not available at the time of publication.",... ,... , ...,"Estimates were not available at the time of publication.",... ,... , ...,"Estimates were not available at the time of publication.",... ,... , ...,"Estimates were not available at the time of publication.",... ,... , ...,"Estimates were not available at the time of publication.",... ,... , ...,"Estimates were not available at the time of publication.",... ,... , ...,"Estimates were not available at the time of publication.",... ,... , ...,"Estimates were not available at the time of publication.",... ,... , ...,"Estimates were not available at the time of publication."
Mexico,<500 ,<500 , <500,,<500 ,<500 , <500,,<500 ,<500 , 520,,530 ,<500 , 620,,640 ,570 , 730,,740 ,670 , 840,,850 ,770 , 960,,970 ,890 , 1100,,1100 ,990 , 1200,,1200 ,1100 , 1300,,1300 ,1200 , 1400,,1400 ,1300 , 1500,,1500 ,1400 , 1600,,1600 ,1400 , 1700,,1600 ,1500 , 1700,,1700 ,1600 , 1800,,1800 ,1700 , 1900,,1900 ,1800 , 2000,,1900 ,1800 , 2100,,2000 ,1900 , 2200,,2100 ,1900 , 2200,,2200 ,2000 , 2300,,2200 ,2100 , 2400,,2300 ,2100 , 2500,,2300 ,2200 , 2500,,2400 ,2200 , 2600,,2500 ,2300 , 2700,,2600 ,2300 , 2800,,2600 ,2400 , 2900,,2700 ,2400 , 2900,,2700 ,2500 , 3000,,2700 ,2500 , 3000,,2700 ,2400 , 3000,,2700 ,2300 , 3000,,2600 ,2300 , 3000,
Mongolia,... ,... , ...,"Children estimates were not available at the time of publication.",... ,... , ...,"Children estimates were not available at the time of publication.",... ,... , ...,"Children estimates were not available at the time of publication.",... ,... , ...,"Children estimates were not available at the time of publication.",... ,... , ...,"Children estimates were not available at the time of publication.",... ,... , ...,"Children estimates were not available at the time of publication.",... ,... , ...,"Children estimates were not available at the time of publication.",... ,... , ...,"Children estimates were not available at the time of publication.",... ,... , ...,"Children estimates were not available at the time of publication.",... ,... , ...,"Children estimates were not available at the time of publication.",... ,... , ...,"Children estimates were not available at the time of publication.",... ,... , ...,"Children estimates were not available at the time of publication.",... ,... , ...,"Children estimates were not available at the time of publication.",... ,... , ...,"Children estimates were not available at the time of publication.",... ,... , ...,"Children estimates were not available at the time of publication.",... ,... , ...,"Children estimates were not available at the time of publication.",... ,... , ...,"Children estimates were not available at the time of publication.",... ,... , ...,"Children estimates were not available at the time of publication.",... ,... , ...,"Children estimates were not available at the time of publication.",... ,... , ...,"Children estimates were not available at the time of publication.",... ,... , ...,"Children estimates were not available at the time of publication.",... ,... , ...,"Children estimates were not available at the time of publication.",... ,... , ...,"Children estimates were not available at the time of publication.",... ,... , ...,"Children estimates were not available at the time of publication.",... ,... , ...,"Children estimates were not available at the time of publication.",... ,... , ...,"Children estimates were not available at the time of publication.",... ,... , ...,"Children estimates were not available at the time of publication.",... ,... , ...,"Children estimates were not available at the time of publication.",... ,... , ...,"Children estimates were not available at the time of publication.",... ,... , ...,"Children estimates were not available at the time of publication.",... ,... , ...,"Children estimates were not available at the time of publication.",... ,... , ...,"Children estimates were not available at the time of publication.",... ,... , ...,"Children estimates were not available at the time of publication.",... ,... , ...,"Children estimates were not available at the time of publication.",... ,... , ...,"Children estimates were not available at the time of publication."
Montenegro,... ,... , ...,"Children estimates were not available at the time of publication.",... ,... , ...,"Children estimates were not available at the time of publication.",... ,... , ...,"Children estimates were not available at the time of publication.",... ,... , ...,"Children estimates were not available at the time of publication.",... ,... , ...,"Children estimates were not available at the time of publication.",... ,... , ...,"Children estimates were not available at the time of publication.",... ,... , ...,"Children estimates were not available at the time of publication.",... ,... , ...,"Children estimates were not available at the time of publication.",... ,... , ...,"Children estimates were not available at the time of publication.",... ,... , ...,"Children estimates were not available at the time of publication.",... ,... , ...,"Children estimates were not available at the time of publication.",... ,... , ...,"Children estimates were not available at the time of publication.",... ,... , ...,"Children estimates were not available at the time of publication.",... ,... , ...,"Children estimates were not available at the time of publication.",... ,... , ...,"Children estimates were not available at the time of publication.",... ,... , ...,"Children estimates were not available at the time of publication.",... ,... , ...,"Children estimates were not available at the time of publication.",... ,... , ...,"Children estimates were not available at the time of publication.",... ,... , ...,"Children estimates were not available at the time of publication.",... ,... , ...,"Children estimates were not available at the time of publication.",... ,... , ...,"Children estimates were not available at the time of publication.",... ,... , ...,"Children estimates were not available at the time of publication.",... ,... , ...,"Children estimates were not available at the time of publication.",... ,... , ...,"Children estimates were not available at the time of publication.",... ,... , ...,"Children estimates were not available at the time of publication.",... ,... , ...,"Children estimates were not available at the time of publication.",... ,... , ...,"Children estimates were not available at the time of publication.",... ,... , ...,"Children estimates were not available at the time of publication.",... ,... , ...,"Children estimates were not available at the time of publication.",... ,... , ...,"Children estimates were not available at the time of publication.",... ,... , ...,"Children estimates were not available at the time of publication.",... ,... , ...,"Children estimates were not available at the time of publication.",... ,... , ...,"Children estimates were not available at the time of publication.",... ,... , ...,"Children estimates were not available at the time of publication.",... ,... , ...,"Children estimates were not available at the time of publication."
Morocco,<200 ,<100 , <500,,<200 ,<200 , <500,,<500 ,<200 , <500,,<500 ,<200 , <500,,<500 ,<200 , <500,,<500 ,<500 , <500,,<500 ,<500 , 540,,<500 ,<500 , 600,,<500 ,<500 , 660,,540 ,<500 , 700,,590 ,<500 , 760,,650 ,510 , 820,,700 ,560 , 870,,750 ,600 , 910,,790 ,650 , 950,,840 ,700 , 990,,880 ,750 , 1000,,920 ,790 , 1100,,950 ,830 , 1100,,980 ,860 , 1100,,1000 ,890 , 1100,,1000 ,920 , 1200,,1000 ,940 , 1200,,1000 ,950 , 1200,,1000 ,950 , 1200,,1100 ,970 , 1200,,1100 ,970 , 1200,,1100 ,970 , 1200,,1100 ,970 , 1200,,1000 ,940 , 1100,,1000 ,930 , 1100,,1000 ,920 , 1100,,990 ,900 , 1100,,950 ,870 , 1100,,900 ,810 , 1000,
Mozambique,9700 ,7000 , 13 000,,13 000 ,9600 , 17 000,,17 000 ,13 000 , 22 000,,22 000 ,17 000 , 28 000,,30 000 ,24 000 , 37 000,,38 000 ,31 000 , 46 000,,47 000 ,39 000 , 55 000,,56 000 ,47 000 , 65 000,,67 000 ,57 000 , 76 000,,78 000 ,67 000 , 89 000,,91 000 ,78 000 , 100 000,,100 000 ,89 000 , 110 000,,120 000 ,100 000 , 130 000,,130 000 ,110 000 , 140 000,,140 000 ,120 000 , 150 000,,150 000 ,130 000 , 160 000,,160 000 ,140 000 , 170 000,,160 000 ,140 000 , 180 000,,170 000 ,150 000 , 190 000,,180 000 ,150 000 , 190 000,,190 000 ,160 000 , 210 000,,190 000 ,170 000 , 210 000,,190 000 ,170 000 , 210 000,,190 000 ,170 000 , 210 000,,190 000 ,170 000 , 210 000,,190 000 ,170 000 , 210 000,,200 000 ,170 000 , 210 000,,190 000 ,170 000 , 210 000,,190 000 ,170 000 , 210 000,,190 000 ,170 000 , 210 000,,190 000 ,160 000 , 210 000,,190 000 ,160 000 , 210 000,,190 000 ,160 000 , 210 000,,180 000 ,150 000 , 200 000,,180 000 ,150 000 , 200 000,
Myanmar,<200 ,<100 , <200,,<200 ,<200 , <500,,<500 ,<500 , <500,,550 ,<500 , 650,,780 ,650 , 910,,1100 ,880 , 1200,,1400 ,1200 , 1600,,1700 ,1500 , 2000,,2200 ,1900 , 2500,,2700 ,2300 , 3100,,3300 ,2800 , 3700,,3900 ,3400 , 4400,,4500 ,4000 , 5100,,5100 ,4500 , 5800,,5700 ,5000 , 6400,,6200 ,5400 , 7000,,6700 ,5900 , 7500,,7100 ,6100 , 8000,,7400 ,6500 , 8400,,7700 ,6600 , 8800,,7900 ,6800 , 9000,,8100 ,6900 , 9200,,8300 ,7100 , 9500,,8500 ,7300 , 9700,,8600 ,7500 , 9900,,8800 ,7600 , 10 000,,8900 ,7700 , 10 000,,9000 ,7800 , 10 000,,9000 ,7800 , 10 000,,9000 ,7700 , 10 000,,9000 ,7800 , 10 000,,9400 ,8000 , 11 000,,9400 ,8000 , 11 000,,9100 ,7700 , 11 000,,8900 ,7500 , 10 000,
Namibia,1200 ,970 , 1400,,1700 ,1500 , 2000,,2500 ,2100 , 2900,,3400 ,2900 , 3800,,4500 ,3900 , 5000,,5700 ,5000 , 6400,,7000 ,6200 , 7700,,8400 ,7500 , 9300,,9900 ,8900 , 11 000,,11 000 ,10 000 , 13 000,,13 000 ,12 000 , 14 000,,14 000 ,13 000 , 16 000,,15 000 ,14 000 , 17 000,,16 000 ,15 000 , 18 000,,17 000 ,15 000 , 19 000,,17 000 ,16 000 , 19 000,,17 000 ,16 000 , 19 000,,17 000 ,16 000 , 19 000,,17 000 ,15 000 , 19 000,,17 000 ,15 000 , 19 000,,17 000 ,15 000 , 19 000,,17 000 ,15 000 , 19 000,,17 000 ,15 000 , 19 000,,17 000 ,15 000 , 19 000,,17 000 ,14 000 , 19 000,,16 000 ,14 000 , 18 000,,15 000 ,13 000 , 17 000,,14 000 ,12 000 , 16 000,,13 000 ,11 000 , 15 000,,12 000 ,10 000 , 14 000,,11 000 ,9400 , 13 000,,11 000 ,8800 , 12 000,,9700 ,8000 , 11 000,,8800 ,7300 , 10 000,,7700 ,6300 , 9200,
Nepal,<100 ,<100 , <100,,<100 ,<100 , <100,,<100 ,<100 , <100,,<100 ,<100 , <100,,<100 ,<100 , <100,,<100 ,<100 , <100,,<100 ,<100 , <100,,<100 ,<100 , <100,,<200 ,<100 , <200,,<200 ,<200 , <500,,<500 ,<500 , <500,,<500 ,<500 , <500,,<500 ,<500 , 580,,610 ,520 , 720,,720 ,620 , 840,,820 ,710 , 960,,920 ,790 , 1100,,1000 ,870 , 1200,,1100 ,950 , 1300,,1200 ,1000 , 1300,,1300 ,1100 , 1500,,1300 ,1200 , 1500,,1400 ,1200 , 1600,,1500 ,1300 , 1700,,1500 ,1300 , 1700,,1500 ,1300 , 1700,,1500 ,1300 , 1700,,1500 ,1300 , 1700,,1400 ,1300 , 1600,,1400 ,1200 , 1600,,1400 ,1200 , 1600,,1300 ,1200 , 1500,,1300 ,1100 , 1400,,1200 ,1000 , 1300,,1100 ,930 , 1200,
Netherlands,<100 ,<100 , <100,,<100 ,<100 , <100,,<100 ,<100 , <100,,<100 ,<100 , <100,,<100 ,<100 , <100,,<100 ,<100 , <100,,<100 ,<100 , <100,,<100 ,<100 , <100,,<100 ,<100 , <100,,<100 ,<100 , <100,,<100 ,<100 , <100,,<100 ,<100 , <200,,<100 ,<100 , <200,,<200 ,<100 , <200,,<200 ,<200 , <200,,<200 ,<200 , <200,,<200 ,<200 , <200,,<200 ,<200 , <200,,<200 ,<200 , <200,,<200 ,<200 , <200,,<200 ,<200 , <200,,<200 ,<200 , <200,,<200 ,<200 , <200,,<200 ,<200 , <200,,<200 ,<200 , <200,,<200 ,<200 , <200,,<200 ,<200 , <200,,<200 ,<200 , <200,,<200 ,<200 , <200,,<200 ,<200 , <200,,<200 ,<200 , <200,,<200 ,<200 , <200,,<200 ,<200 , <200,,<200 ,<200 , <200,,... ,... , ...,
New Zealand,... ,... , ...,"Children estimates were not available at the time of publication.",... ,... , ...,"Children estimates were not available at the time of publication.",... ,... , ...,"Children estimates were not available at the time of publication.",... ,... , ...,"Children estimates were not available at the time of publication.",... ,... , ...,"Children estimates were not available at the time of publication.",... ,... , ...,"Children estimates were not available at the time of publication.",... ,... , ...,"Children estimates were not available at the time of publication.",... ,... , ...,"Children estimates were not available at the time of publication.",... ,... , ...,"Children estimates were not available at the time of publication.",... ,... , ...,"Children estimates were not available at the time of publication.",... ,... , ...,"Children estimates were not available at the time of publication.",... ,... , ...,"Children estimates were not available at the time of publication.",... ,... , ...,"Children estimates were not available at the time of publication.",... ,... , ...,"Children estimates were not available at the time of publication.",... ,... , ...,"Children estimates were not available at the time of publication.",... ,... , ...,"Children estimates were not available at the time of publication.",... ,... , ...,"Children estimates were not available at the time of publication.",... ,... , ...,"Children estimates were not available at the time of publication.",... ,... , ...,"Children estimates were not available at the time of publication.",... ,... , ...,"Children estimates were not available at the time of publication.",... ,... , ...,"Children estimates were not available at the time of publication.",... ,... , ...,"Children estimates were not available at the time of publication.",... ,... , ...,"Children estimates were not available at the time of publication.",... ,... , ...,"Children estimates were not available at the time of publication.",... ,... , ...,"Children estimates were not available at the time of publication.",... ,... , ...,"Children estimates were not available at the time of publication.",... ,... , ...,"Children estimates were not available at the time of publication.",... ,... , ...,"Children estimates were not available at the time of publication.",... ,... , ...,"Children estimates were not available at the time of publication.",... ,... , ...,"Children estimates were not available at the time of publication.",... ,... , ...,"Children estimates were not available at the time of publication.",... ,... , ...,"Children estimates were not available at the time of publication.",... ,... , ...,"Children estimates were not available at the time of publication.",... ,... , ...,"Children estimates were not available at the time of publication.",... ,... , ...,"Children estimates were not available at the time of publication."
Nicaragua,... ,... , ...,"Estimates were not available at the time of publication.",... ,... , ...,"Estimates were not available at the time of publication.",... ,... , ...,"Estimates were not available at the time of publication.",... ,... , ...,"Estimates were not available at the time of publication.",... ,... , ...,"Estimates were not available at the time of publication.",... ,... , ...,"Estimates were not available at the time of publication.",... ,... , ...,"Estimates were not available at the time of publication.",... ,... , ...,"Estimates were not available at the time of publication.",... ,... , ...,"Estimates were not available at the time of publication.",... ,... , ...,"Estimates were not available at the time of publication.",... ,... , ...,"Estimates were not available at the time of publication.",... ,... , ...,"Estimates were not available at the time of publication.",... ,... , ...,"Estimates were not available at the time of publication.",... ,... , ...,"Estimates were not available at the time of publication.",... ,... , ...,"Estimates were not available at the time of publication.",... ,... , ...,"Estimates were not available at the time of publication.",... ,... , ...,"Estimates were not available at the time of publication.",... ,... , ...,"Estimates were not available at the time of publication.",... ,... , ...,"Estimates were not available at the time of publication.",... ,... , ...,"Estimates were not available at the time of publication.",... ,... , ...,"Estimates were not available at the time of publication.",... ,... , ...,"Estimates were not available at the time of publication.",... ,... , ...,"Estimates were not available at the time of publication.",... ,... , ...,"Estimates were not available at the time of publication.",... ,... , ...,"Estimates were not available at the time of publication.",... ,... , ...,"Estimates were not available at the time of publication.",... ,... , ...,"Estimates were not available at the time of publication.",... ,... , ...,"Estimates were not available at the time of publication.",... ,... , ...,"Estimates were not available at the time of publication.",... ,... , ...,"Estimates were not available at the time of publication.",... ,... , ...,"Estimates were not available at the time of publication.",... ,... , ...,"Estimates were not available at the time of publication.",... ,... , ...,"Estimates were not available at the time of publication.",... ,... , ...,"Estimates were not available at the time of publication.",... ,... , ...,"Estimates were not available at the time of publication."
Niger,850 ,540 , 1200,,1200 ,810 , 1600,,1600 ,1100 , 2100,,2100 ,1600 , 2700,,2700 ,2100 , 3400,,3300 ,2700 , 4100,,4000 ,3300 , 4800,,4600 ,3800 , 5600,,5200 ,4400 , 6200,,5800 ,4900 , 6800,,6300 ,5300 , 7500,,6700 ,5700 , 7800,,7100 ,6100 , 8300,,7400 ,6300 , 8600,,7600 ,6600 , 8800,,7800 ,6700 , 8900,,7800 ,6800 , 9000,,7800 ,6700 , 8800,,7600 ,6600 , 8600,,7400 ,6400 , 8300,,6700 ,5800 , 7700,,6300 ,5400 , 7100,,5900 ,5100 , 6700,,5500 ,4700 , 6300,,5100 ,4400 , 5900,,4800 ,4100 , 5600,,4400 ,3700 , 5100,,4200 ,3600 , 4900,,3900 ,3400 , 4700,,3800 ,3200 , 4500,,3700 ,3100 , 4400,,3600 ,3000 , 4300,,3400 ,2800 , 4100,,3300 ,2700 , 4000,,3200 ,2700 , 3900,
Nigeria,... ,... , ...,,... ,... , ...,,... ,... , ...,,... ,... , ...,,... ,... , ...,,... ,... , ...,,... ,... , ...,,... ,... , ...,,... ,... , ...,,... ,... , ...,,... ,... , ...,,... ,... , ...,,... ,... , ...,,... ,... , ...,,... ,... , ...,,... ,... , ...,,... ,... , ...,,... ,... , ...,,... ,... , ...,,... ,... , ...,,... ,... , ...,,... ,... , ...,,... ,... , ...,,... ,... , ...,,... ,... , ...,,... ,... , ...,,... ,... , ...,,... ,... , ...,,... ,... , ...,,... ,... , ...,,... ,... , ...,,... ,... , ...,,... ,... , ...,,... ,... , ...,,... ,... , ...,
North Macedonia,... ,... , ...,"Children estimates were not available at the time of publication.",... ,... , ...,"Children estimates were not available at the time of publication.",... ,... , ...,"Children estimates were not available at the time of publication.",... ,... , ...,"Children estimates were not available at the time of publication.",... ,... , ...,"Children estimates were not available at the time of publication.",... ,... , ...,"Children estimates were not available at the time of publication.",... ,... , ...,"Children estimates were not available at the time of publication.",... ,... , ...,"Children estimates were not available at the time of publication.",... ,... , ...,"Children estimates were not available at the time of publication.",... ,... , ...,"Children estimates were not available at the time of publication.",... ,... , ...,"Children estimates were not available at the time of publication.",... ,... , ...,"Children estimates were not available at the time of publication.",... ,... , ...,"Children estimates were not available at the time of publication.",... ,... , ...,"Children estimates were not available at the time of publication.",... ,... , ...,"Children estimates were not available at the time of publication.",... ,... , ...,"Children estimates were not available at the time of publication.",... ,... , ...,"Children estimates were not available at the time of publication.",... ,... , ...,"Children estimates were not available at the time of publication.",... ,... , ...,"Children estimates were not available at the time of publication.",... ,... , ...,"Children estimates were not available at the time of publication.",... ,... , ...,"Children estimates were not available at the time of publication.",... ,... , ...,"Children estimates were not available at the time of publication.",... ,... , ...,"Children estimates were not available at the time of publication.",... ,... , ...,"Children estimates were not available at the time of publication.",... ,... , ...,"Children estimates were not available at the time of publication.",... ,... , ...,"Children estimates were not available at the time of publication.",... ,... , ...,"Children estimates were not available at the time of publication.",... ,... , ...,"Children estimates were not available at the time of publication.",... ,... , ...,"Children estimates were not available at the time of publication.",... ,... , ...,"Children estimates were not available at the time of publication.",... ,... , ...,"Children estimates were not available at the time of publication.",... ,... , ...,"Children estimates were not available at the time of publication.",... ,... , ...,"Children estimates were not available at the time of publication.",... ,... , ...,"Children estimates were not available at the time of publication.",... ,... , ...,"Children estimates were not available at the time of publication."
Norway,... ,... , ...,"Children estimates were not available at the time of publication.",... ,... , ...,"Children estimates were not available at the time of publication.",... ,... , ...,"Children estimates were not available at the time of publication.",... ,... , ...,"Children estimates were not available at the time of publication.",... ,... , ...,"Children estimates were not available at the time of publication.",... ,... , ...,"Children estimates were not available at the time of publication.",... ,... , ...,"Children estimates were not available at the time of publication.",... ,... , ...,"Children estimates were not available at the time of publication.",... ,... , ...,"Children estimates were not available at the time of publication.",... ,... , ...,"Children estimates were not available at the time of publication.",... ,... , ...,"Children estimates were not available at the time of publication.",... ,... , ...,"Children estimates were not available at the time of publication.",... ,... , ...,"Children estimates were not available at the time of publication.",... ,... , ...,"Children estimates were not available at the time of publication.",... ,... , ...,"Children estimates were not available at the time of publication.",... ,... , ...,"Children estimates were not available at the time of publication.",... ,... , ...,"Children estimates were not available at the time of publication.",... ,... , ...,"Children estimates were not available at the time of publication.",... ,... , ...,"Children estimates were not available at the time of publication.",... ,... , ...,"Children estimates were not available at the time of publication.",... ,... , ...,"Children estimates were not available at the time of publication.",... ,... , ...,"Children estimates were not available at the time of publication.",... ,... , ...,"Children estimates were not available at the time of publication.",... ,... , ...,"Children estimates were not available at the time of publication.",... ,... , ...,"Children estimates were not available at the time of publication.",... ,... , ...,"Children estimates were not available at the time of publication.",... ,... , ...,"Children estimates were not available at the time of publication.",... ,... , ...,"Children estimates were not available at the time of publication.",... ,... , ...,"Children estimates were not available at the time of publication.",... ,... , ...,"Children estimates were not available at the time of publication.",... ,... , ...,"Children estimates were not available at the time of publication.",... ,... , ...,"Children estimates were not available at the time of publication.",... ,... , ...,"Children estimates were not available at the time of publication.",... ,... , ...,"Children estimates were not available at the time of publication.",... ,... , ...,"Children estimates were not available at the time of publication."
Oman,... ,... , ...,"Children estimates were not available at the time of publication.",... ,... , ...,"Children estimates were not available at the time of publication.",... ,... , ...,"Children estimates were not available at the time of publication.",... ,... , ...,"Children estimates were not available at the time of publication.",... ,... , ...,"Children estimates were not available at the time of publication.",... ,... , ...,"Children estimates were not available at the time of publication.",... ,... , ...,"Children estimates were not available at the time of publication.",... ,... , ...,"Children estimates were not available at the time of publication.",... ,... , ...,"Children estimates were not available at the time of publication.",... ,... , ...,"Children estimates were not available at the time of publication.",... ,... , ...,"Children estimates were not available at the time of publication.",... ,... , ...,"Children estimates were not available at the time of publication.",... ,... , ...,"Children estimates were not available at the time of publication.",... ,... , ...,"Children estimates were not available at the time of publication.",... ,... , ...,"Children estimates were not available at the time of publication.",... ,... , ...,"Children estimates were not available at the time of publication.",... ,... , ...,"Children estimates were not available at the time of publication.",... ,... , ...,"Children estimates were not available at the time of publication.",... ,... , ...,"Children estimates were not available at the time of publication.",... ,... , ...,"Children estimates were not available at the time of publication.",... ,... , ...,"Children estimates were not available at the time of publication.",... ,... , ...,"Children estimates were not available at the time of publication.",... ,... , ...,"Children estimates were not available at the time of publication.",... ,... , ...,"Children estimates were not available at the time of publication.",... ,... , ...,"Children estimates were not available at the time of publication.",... ,... , ...,"Children estimates were not available at the time of publication.",... ,... , ...,"Children estimates were not available at the time of publication.",... ,... , ...,"Children estimates were not available at the time of publication.",... ,... , ...,"Children estimates were not available at the time of publication.",... ,... , ...,"Children estimates were not available at the time of publication.",... ,... , ...,"Children estimates were not available at the time of publication.",... ,... , ...,"Children estimates were not available at the time of publication.",... ,... , ...,"Children estimates were not available at the time of publication.",... ,... , ...,"Children estimates were not available at the time of publication.",... ,... , ...,"Children estimates were not available at the time of publication."
Pakistan,<100 ,<100 , <100,,<100 ,<100 , <100,,<100 ,<100 , <100,,<100 ,<100 , <100,,<100 ,<100 , <100,,<100 ,<100 , <100,,<100 ,<100 , <100,,<100 ,<100 , <100,,<100 ,<100 , <100,,<100 ,<100 , <100,,<100 ,<100 , <100,,<100 ,<100 , <100,,<100 ,<100 , <100,,<100 ,<100 , <100,,<100 ,<100 , <100,,<200 ,<200 , <200,,<500 ,<200 , <500,,<500 ,<500 , <500,,510 ,<500 , 590,,750 ,640 , 870,,1000 ,880 , 1200,,1400 ,1200 , 1600,,1700 ,1500 , 2000,,2100 ,1800 , 2400,,2600 ,2200 , 2900,,3000 ,2600 , 3400,,3500 ,3100 , 4000,,4100 ,3600 , 4600,,4600 ,4000 , 5300,,6100 ,5400 , 6800,,7100 ,6400 , 7800,,7600 ,6900 , 8400,,8700 ,7900 , 9600,,9700 ,8700 , 11 000,,10 000 ,9200 , 11 000,
Panama,<100 ,<100 , <100,,<100 ,<100 , <100,,<100 ,<100 , <200,,<200 ,<200 , <200,,<200 ,<200 , <200,,<200 ,<200 , <200,,<200 ,<200 , <200,,<200 ,<200 , <500,,<500 ,<200 , <500,,<500 ,<500 , <500,,<500 ,<500 , <500,,<500 ,<500 , <500,,<500 ,<500 , <500,,<500 ,<500 , <500,,<500 ,<500 , <500,,<500 ,<500 , <500,,<500 ,<500 , <500,,<500 ,<500 , <500,,<500 ,<500 , <500,,<500 ,<500 , <500,,<500 ,<500 , <500,,<500 ,<500 , <500,,<500 ,<500 , <500,,<500 ,<500 , <500,,<500 ,<500 , <500,,<500 ,<500 , <500,,<500 ,<500 , <500,,<500 ,<500 , <500,,<500 ,<500 , <500,,<500 ,<500 , <500,,<500 ,<500 , <500,,<500 ,<500 , <500,,<500 ,<500 , <500,,<500 ,<500 , <500,,<500 ,<500 , <500,
Papua New Guinea,<500 ,<500 , 620,,520 ,<500 , 810,,690 ,<500 , 1000,,890 ,570 , 1300,,1100 ,750 , 1600,,1400 ,950 , 1900,,1700 ,1200 , 2300,,2100 ,1500 , 2700,,2500 ,1800 , 3200,,2900 ,2200 , 3800,,3400 ,2600 , 4400,,3900 ,3000 , 4900,,4400 ,3400 , 5500,,4900 ,3800 , 6100,,5400 ,4300 , 6700,,5900 ,4700 , 7300,,6500 ,5200 , 7800,,7000 ,5600 , 8500,,7500 ,6100 , 9000,,7900 ,6400 , 9500,,8500 ,7000 , 10 000,,8900 ,7300 , 11 000,,9400 ,7700 , 11 000,,9800 ,8100 , 12 000,,10 000 ,8500 , 12 000,,11 000 ,9000 , 12 000,,11 000 ,9400 , 13 000,,12 000 ,9700 , 13 000,,12 000 ,10 000 , 14 000,,12 000 ,10 000 , 14 000,,13 000 ,11 000 , 15 000,,13 000 ,11 000 , 15 000,,14 000 ,11 000 , 16 000,,14 000 ,12 000 , 16 000,,15 000 ,12 000 , 17 000,
Paraguay,<100 ,<100 , <100,,<100 ,<100 , <100,,<100 ,<100 , <100,,<100 ,<100 , <100,,<100 ,<100 , <100,,<100 ,<100 , <100,,<100 ,<100 , <100,,<100 ,<100 , <100,,<100 ,<100 , <100,,<100 ,<100 , <100,,<200 ,<100 , <200,,<200 ,<200 , <200,,<200 ,<200 , <200,,<200 ,<200 , <200,,<200 ,<200 , <200,,<200 ,<200 , <500,,<200 ,<200 , <500,,<200 ,<200 , <500,,<500 ,<200 , <500,,<500 ,<200 , <500,,<500 ,<500 , <500,,<500 ,<500 , <500,,<500 ,<500 , <500,,<500 ,<500 , <500,,<500 ,<500 , <500,,<500 ,<500 , <500,,<500 ,<500 , <500,,<500 ,<500 , <500,,<500 ,<500 , <500,,<500 ,<500 , <500,,<500 ,<500 , <500,,<500 ,<500 , <500,,<500 ,<500 , <500,,<500 ,<500 , <500,,<500 ,<500 , <500,
Peru,<500 ,<500 , <500,,<500 ,<500 , <500,,<500 ,<500 , 560,,560 ,<500 , 680,,660 ,550 , 790,,760 ,630 , 910,,860 ,720 , 1000,,960 ,800 , 1200,,1100 ,890 , 1300,,1200 ,970 , 1400,,1300 ,1100 , 1500,,1400 ,1100 , 1600,,1400 ,1200 , 1700,,1400 ,1200 , 1700,,1500 ,1200 , 1700,,1500 ,1300 , 1800,,1500 ,1300 , 1800,,1500 ,1300 , 1800,,1500 ,1300 , 1800,,1500 ,1300 , 1800,,1500 ,1300 , 1800,,1600 ,1300 , 1900,,1600 ,1300 , 1900,,1600 ,1400 , 1900,,1600 ,1400 , 1900,,1700 ,1400 , 2000,,1700 ,1500 , 2100,,1800 ,1500 , 2100,,1800 ,1500 , 2100,,1700 ,1500 , 2100,,1700 ,1400 , 2000,,1700 ,1400 , 2000,,1600 ,1400 , 2000,,1600 ,1300 , 1900,,1600 ,1300 , 1900,
Philippines,<100 ,<100 , <100,,<100 ,<100 , <100,,<100 ,<100 , <100,,<100 ,<100 , <100,,<100 ,<100 , <100,,<100 ,<100 , <100,,<100 ,<100 , <100,,<100 ,<100 , <100,,<100 ,<100 , <100,,<100 ,<100 , <100,,<100 ,<100 , <100,,<100 ,<100 , <100,,<100 ,<100 , <100,,<100 ,<100 , <100,,<100 ,<100 , <100,,<100 ,<100 , <100,,<100 ,<100 , <100,,<100 ,<100 , <100,,<100 ,<100 , <100,,<200 ,<100 , <200,,<200 ,<200 , <200,,<200 ,<200 , <500,,<500 ,<200 , <500,,<500 ,<500 , <500,,<500 ,<500 , <500,,<500 ,<500 , <500,,<500 ,<500 , 550,,540 ,<500 , 650,,620 ,500 , 750,,700 ,560 , 850,,790 ,640 , 950,,890 ,720 , 1100,,1000 ,820 , 1200,,1200 ,930 , 1400,,1300 ,1000 , 1600,
Poland,... ,... , ...,"Estimates were not available at the time of publication.",... ,... , ...,"Estimates were not available at the time of publication.",... ,... , ...,"Estimates were not available at the time of publication.",... ,... , ...,"Estimates were not available at the time of publication.",... ,... , ...,"Estimates were not available at the time of publication.",... ,... , ...,"Estimates were not available at the time of publication.",... ,... , ...,"Estimates were not available at the time of publication.",... ,... , ...,"Estimates were not available at the time of publication.",... ,... , ...,"Estimates were not available at the time of publication.",... ,... , ...,"Estimates were not available at the time of publication.",... ,... , ...,"Estimates were not available at the time of publication.",... ,... , ...,"Estimates were not available at the time of publication.",... ,... , ...,"Estimates were not available at the time of publication.",... ,... , ...,"Estimates were not available at the time of publication.",... ,... , ...,"Estimates were not available at the time of publication.",... ,... , ...,"Estimates were not available at the time of publication.",... ,... , ...,"Estimates were not available at the time of publication.",... ,... , ...,"Estimates were not available at the time of publication.",... ,... , ...,"Estimates were not available at the time of publication.",... ,... , ...,"Estimates were not available at the time of publication.",... ,... , ...,"Estimates were not available at the time of publication.",... ,... , ...,"Estimates were not available at the time of publication.",... ,... , ...,"Estimates were not available at the time of publication.",... ,... , ...,"Estimates were not available at the time of publication.",... ,... , ...,"Estimates were not available at the time of publication.",... ,... , ...,"Estimates were not available at the time of publication.",... ,... , ...,"Estimates were not available at the time of publication.",... ,... , ...,"Estimates were not available at the time of publication.",... ,... , ...,"Estimates were not available at the time of publication.",... ,... , ...,"Estimates were not available at the time of publication.",... ,... , ...,"Estimates were not available at the time of publication.",... ,... , ...,"Estimates were not available at the time of publication.",... ,... , ...,"Estimates were not available at the time of publication.",... ,... , ...,"Estimates were not available at the time of publication.",... ,... , ...,"Estimates were not available at the time of publication."
Portugal,<100 ,<100 , <100,,<100 ,<100 , <100,,<100 ,<100 , <100,,<100 ,<100 , <200,,<200 ,<200 , <200,,<200 ,<200 , <200,,<200 ,<200 , <200,,<200 ,<200 , <200,,<200 ,<200 , <200,,<200 ,<200 , <200,,<200 ,<200 , <200,,<200 ,<200 , <200,,<200 ,<200 , <200,,<200 ,<200 , <200,,<200 ,<100 , <200,,<200 ,<100 , <200,,<100 ,<100 , <200,,<100 ,<100 , <100,,<100 ,<100 , <100,,<100 ,<100 , <100,,<100 ,<100 , <100,,<100 ,<100 , <100,,<100 ,<100 , <200,,<200 ,<100 , <200,,<200 ,<100 , <200,,<200 ,<200 , <200,,<200 ,<200 , <200,,<200 ,<200 , <200,,<200 ,<200 , <200,,<200 ,<200 , <200,,<200 ,<200 , <200,,<200 ,<200 , <200,,<200 ,<100 , <200,,<200 ,<100 , <200,,<100 ,<100 , <200,
Qatar,... ,... , ...,"Children estimates were not available at the time of publication.",... ,... , ...,"Children estimates were not available at the time of publication.",... ,... , ...,"Children estimates were not available at the time of publication.",... ,... , ...,"Children estimates were not available at the time of publication.",... ,... , ...,"Children estimates were not available at the time of publication.",... ,... , ...,"Children estimates were not available at the time of publication.",... ,... , ...,"Children estimates were not available at the time of publication.",... ,... , ...,"Children estimates were not available at the time of publication.",... ,... , ...,"Children estimates were not available at the time of publication.",... ,... , ...,"Children estimates were not available at the time of publication.",... ,... , ...,"Children estimates were not available at the time of publication.",... ,... , ...,"Children estimates were not available at the time of publication.",... ,... , ...,"Children estimates were not available at the time of publication.",... ,... , ...,"Children estimates were not available at the time of publication.",... ,... , ...,"Children estimates were not available at the time of publication.",... ,... , ...,"Children estimates were not available at the time of publication.",... ,... , ...,"Children estimates were not available at the time of publication.",... ,... , ...,"Children estimates were not available at the time of publication.",... ,... , ...,"Children estimates were not available at the time of publication.",... ,... , ...,"Children estimates were not available at the time of publication.",... ,... , ...,"Children estimates were not available at the time of publication.",... ,... , ...,"Children estimates were not available at the time of publication.",... ,... , ...,"Children estimates were not available at the time of publication.",... ,... , ...,"Children estimates were not available at the time of publication.",... ,... , ...,"Children estimates were not available at the time of publication.",... ,... , ...,"Children estimates were not available at the time of publication.",... ,... , ...,"Children estimates were not available at the time of publication.",... ,... , ...,"Children estimates were not available at the time of publication.",... ,... , ...,"Children estimates were not available at the time of publication.",... ,... , ...,"Children estimates were not available at the time of publication.",... ,... , ...,"Children estimates were not available at the time of publication.",... ,... , ...,"Children estimates were not available at the time of publication.",... ,... , ...,"Children estimates were not available at the time of publication.",... ,... , ...,"Children estimates were not available at the time of publication.",... ,... , ...,"Children estimates were not available at the time of publication."
Republic of Korea,... ,... , ...,"Estimates were not available at the time of publication.",... ,... , ...,"Estimates were not available at the time of publication.",... ,... , ...,"Estimates were not available at the time of publication.",... ,... , ...,"Estimates were not available at the time of publication.",... ,... , ...,"Estimates were not available at the time of publication.",... ,... , ...,"Estimates were not available at the time of publication.",... ,... , ...,"Estimates were not available at the time of publication.",... ,... , ...,"Estimates were not available at the time of publication.",... ,... , ...,"Estimates were not available at the time of publication.",... ,... , ...,"Estimates were not available at the time of publication.",... ,... , ...,"Estimates were not available at the time of publication.",... ,... , ...,"Estimates were not available at the time of publication.",... ,... , ...,"Estimates were not available at the time of publication.",... ,... , ...,"Estimates were not available at the time of publication.",... ,... , ...,"Estimates were not available at the time of publication.",... ,... , ...,"Estimates were not available at the time of publication.",... ,... , ...,"Estimates were not available at the time of publication.",... ,... , ...,"Estimates were not available at the time of publication.",... ,... , ...,"Estimates were not available at the time of publication.",... ,... , ...,"Estimates were not available at the time of publication.",... ,... , ...,"Estimates were not available at the time of publication.",... ,... , ...,"Estimates were not available at the time of publication.",... ,... , ...,"Estimates were not available at the time of publication.",... ,... , ...,"Estimates were not available at the time of publication.",... ,... , ...,"Estimates were not available at the time of publication.",... ,... , ...,"Estimates were not available at the time of publication.",... ,... , ...,"Estimates were not available at the time of publication.",... ,... , ...,"Estimates were not available at the time of publication.",... ,... , ...,"Estimates were not available at the time of publication.",... ,... , ...,"Estimates were not available at the time of publication.",... ,... , ...,"Estimates were not available at the time of publication.",... ,... , ...,"Estimates were not available at the time of publication.",... ,... , ...,"Estimates were not available at the time of publication.",... ,... , ...,"Estimates were not available at the time of publication.",... ,... , ...,"Estimates were not available at the time of publication."
Republic of Moldova,<100 ,<100 , <100,,<100 ,<100 , <100,,<100 ,<100 , <100,,<100 ,<100 , <100,,<100 ,<100 , <100,,<100 ,<100 , <100,,<100 ,<100 , <100,,<100 ,<100 , <100,,<100 ,<100 , <200,,<200 ,<100 , <200,,<200 ,<200 , <200,,<200 ,<200 , <500,,<200 ,<200 , <500,,<200 ,<200 , <500,,<500 ,<200 , <500,,<500 ,<200 , <500,,<500 ,<200 , <500,,<500 ,<200 , <500,,<500 ,<500 , <500,,<500 ,<500 , <500,,<500 ,<500 , <500,,<500 ,<500 , <500,,<500 ,<500 , <500,,<500 ,<500 , <500,,<500 ,<500 , <500,,<500 ,<500 , <500,,<500 ,<500 , <500,,<500 ,<500 , <500,,<500 ,<500 , <500,,<500 ,<500 , <500,,<500 ,<500 , <500,,<500 ,<500 , <500,,<500 ,<500 , <500,,<500 ,<500 , <500,,<500 ,<200 , <500,
Romania,1900 ,1900 , 1900,,3600 ,3600 , 3700,,5000 ,5000 , 5100,,6000 ,6000 , 6100,,6700 ,6700 , 6700,,6500 ,6500 , 6500,,6300 ,6300 , 6300,,6100 ,6100 , 6100,,5900 ,5800 , 5900,,5700 ,5600 , 5700,,5400 ,5400 , 5400,,5000 ,5000 , 5000,,4400 ,4400 , 4400,,3700 ,3700 , 3700,,2900 ,2900 , 2900,,2100 ,2100 , 2100,,1400 ,1400 , 1500,,1000 ,1000 , 1000,,780 ,770 , 800,,640 ,630 , 660,,560 ,540 , 590,,<500 ,<500 , 520,,<500 ,<500 , <500,,<500 ,<500 , <500,,<500 ,<500 , <500,,<500 ,<500 , <500,,<500 ,<200 , <500,,<500 ,<200 , <500,,<500 ,<200 , <500,,<500 ,<200 , <500,,<500 ,<200 , <500,,<500 ,<200 , <500,,<200 ,<200 , <500,,<200 ,<200 , <500,,<200 ,<200 , <200,
Russian Federation,... ,... , ...,"Estimates were not available at the time of publication.",... ,... , ...,"Estimates were not available at the time of publication.",... ,... , ...,"Estimates were not available at the time of publication.",... ,... , ...,"Estimates were not available at the time of publication.",... ,... , ...,"Estimates were not available at the time of publication.",... ,... , ...,"Estimates were not available at the time of publication.",... ,... , ...,"Estimates were not available at the time of publication.",... ,... , ...,"Estimates were not available at the time of publication.",... ,... , ...,"Estimates were not available at the time of publication.",... ,... , ...,"Estimates were not available at the time of publication.",... ,... , ...,"Estimates were not available at the time of publication.",... ,... , ...,"Estimates were not available at the time of publication.",... ,... , ...,"Estimates were not available at the time of publication.",... ,... , ...,"Estimates were not available at the time of publication.",... ,... , ...,"Estimates were not available at the time of publication.",... ,... , ...,"Estimates were not available at the time of publication.",... ,... , ...,"Estimates were not available at the time of publication.",... ,... , ...,"Estimates were not available at the time of publication.",... ,... , ...,"Estimates were not available at the time of publication.",... ,... , ...,"Estimates were not available at the time of publication.",... ,... , ...,"Estimates were not available at the time of publication.",... ,... , ...,"Estimates were not available at the time of publication.",... ,... , ...,"Estimates were not available at the time of publication.",... ,... , ...,"Estimates were not available at the time of publication.",... ,... , ...,"Estimates were not available at the time of publication.",... ,... , ...,"Estimates were not available at the time of publication.",... ,... , ...,"Estimates were not available at the time of publication.",... ,... , ...,"Estimates were not available at the time of publication.",... ,... , ...,"Estimates were not available at the time of publication.",... ,... , ...,"Estimates were not available at the time of publication.",... ,... , ...,"Estimates were not available at the time of publication.",... ,... , ...,"Estimates were not available at the time of publication.",... ,... , ...,"Estimates were not available at the time of publication.",... ,... , ...,"Estimates were not available at the time of publication.",... ,... , ...,"Estimates were not available at the time of publication."
Rwanda,9800 ,6400 , 16 000,,12 000 ,8600 , 20 000,,15 000 ,11 000 , 23 000,,19 000 ,14 000 , 27 000,,15 000 ,12 000 , 21 000,,19 000 ,15 000 , 25 000,,26 000 ,20 000 , 33 000,,29 000 ,24 000 , 37 000,,31 000 ,25 000 , 40 000,,33 000 ,27 000 , 41 000,,34 000 ,28 000 , 41 000,,35 000 ,30 000 , 42 000,,36 000 ,30 000 , 42 000,,37 000 ,32 000 , 42 000,,37 000 ,32 000 , 42 000,,37 000 ,32 000 , 41 000,,36 000 ,32 000 , 41 000,,35 000 ,32 000 , 39 000,,34 000 ,30 000 , 37 000,,32 000 ,28 000 , 35 000,,30 000 ,27 000 , 33 000,,28 000 ,25 000 , 31 000,,26 000 ,23 000 , 28 000,,24 000 ,21 000 , 26 000,,22 000 ,20 000 , 24 000,,20 000 ,18 000 , 22 000,,18 000 ,16 000 , 20 000,,16 000 ,14 000 , 18 000,,14 000 ,13 000 , 17 000,,13 000 ,11 000 , 15 000,,11 000 ,9500 , 13 000,,9500 ,8200 , 12 000,,8300 ,7200 , 10 000,,7500 ,6300 , 9400,,6500 ,5500 , 8500,
Saint Kitts and Nevis,... ,... , ...,"Countries with a UNAIDS-approved estimate and population less than 250000 in 2024; not included in regional or global totals",... ,... , ...,"Countries with a UNAIDS-approved estimate and population less than 250000 in 2024; not included in regional or global totals",... ,... , ...,"Countries with a UNAIDS-approved estimate and population less than 250000 in 2024; not included in regional or global totals",... ,... , ...,"Countries with a UNAIDS-approved estimate and population less than 250000 in 2024; not included in regional or global totals",... ,... , ...,"Countries with a UNAIDS-approved estimate and population less than 250000 in 2024; not included in regional or global totals",... ,... , ...,"Countries with a UNAIDS-approved estimate and population less than 250000 in 2024; not included in regional or global totals",... ,... , ...,"Countries with a UNAIDS-approved estimate and population less than 250000 in 2024; not included in regional or global totals",... ,... , ...,"Countries with a UNAIDS-approved estimate and population less than 250000 in 2024; not included in regional or global totals",... ,... , ...,"Countries with a UNAIDS-approved estimate and population less than 250000 in 2024; not included in regional or global totals",... ,... , ...,"Countries with a UNAIDS-approved estimate and population less than 250000 in 2024; not included in regional or global totals",... ,... , ...,"Countries with a UNAIDS-approved estimate and population less than 250000 in 2024; not included in regional or global totals",... ,... , ...,"Countries with a UNAIDS-approved estimate and population less than 250000 in 2024; not included in regional or global totals",... ,... , ...,"Countries with a UNAIDS-approved estimate and population less than 250000 in 2024; not included in regional or global totals",... ,... , ...,"Countries with a UNAIDS-approved estimate and population less than 250000 in 2024; not included in regional or global totals",... ,... , ...,"Countries with a UNAIDS-approved estimate and population less than 250000 in 2024; not included in regional or global totals",... ,... , ...,"Countries with a UNAIDS-approved estimate and population less than 250000 in 2024; not included in regional or global totals",... ,... , ...,"Countries with a UNAIDS-approved estimate and population less than 250000 in 2024; not included in regional or global totals",... ,... , ...,"Countries with a UNAIDS-approved estimate and population less than 250000 in 2024; not included in regional or global totals",... ,... , ...,"Countries with a UNAIDS-approved estimate and population less than 250000 in 2024; not included in regional or global totals",... ,... , ...,"Countries with a UNAIDS-approved estimate and population less than 250000 in 2024; not included in regional or global totals",... ,... , ...,"Countries with a UNAIDS-approved estimate and population less than 250000 in 2024; not included in regional or global totals",... ,... , ...,"Countries with a UNAIDS-approved estimate and population less than 250000 in 2024; not included in regional or global totals",... ,... , ...,"Countries with a UNAIDS-approved estimate and population less than 250000 in 2024; not included in regional or global totals",... ,... , ...,"Countries with a UNAIDS-approved estimate and population less than 250000 in 2024; not included in regional or global totals",... ,... , ...,"Countries with a UNAIDS-approved estimate and population less than 250000 in 2024; not included in regional or global totals",... ,... , ...,"Countries with a UNAIDS-approved estimate and population less than 250000 in 2024; not included in regional or global totals",... ,... , ...,"Countries with a UNAIDS-approved estimate and population less than 250000 in 2024; not included in regional or global totals",... ,... , ...,"Countries with a UNAIDS-approved estimate and population less than 250000 in 2024; not included in regional or global totals",... ,... , ...,"Countries with a UNAIDS-approved estimate and population less than 250000 in 2024; not included in regional or global totals",... ,... , ...,"Countries with a UNAIDS-approved estimate and population less than 250000 in 2024; not included in regional or global totals",... ,... , ...,"Countries with a UNAIDS-approved estimate and population less than 250000 in 2024; not included in regional or global totals",... ,... , ...,"Countries with a UNAIDS-approved estimate and population less than 250000 in 2024; not included in regional or global totals",... ,... , ...,"Countries with a UNAIDS-approved estimate and population less than 250000 in 2024; not included in regional or global totals",... ,... , ...,"Countries with a UNAIDS-approved estimate and population less than 250000 in 2024; not included in regional or global totals",... ,... , ...,"Countries with a UNAIDS-approved estimate and population less than 250000 in 2024; not included in regional or global totals"
Saint Lucia,... ,... , ...,"Countries with a UNAIDS-approved estimate and population less than 250000 in 2024; not included in regional or global totals",... ,... , ...,"Countries with a UNAIDS-approved estimate and population less than 250000 in 2024; not included in regional or global totals",... ,... , ...,"Countries with a UNAIDS-approved estimate and population less than 250000 in 2024; not included in regional or global totals",... ,... , ...,"Countries with a UNAIDS-approved estimate and population less than 250000 in 2024; not included in regional or global totals",... ,... , ...,"Countries with a UNAIDS-approved estimate and population less than 250000 in 2024; not included in regional or global totals",... ,... , ...,"Countries with a UNAIDS-approved estimate and population less than 250000 in 2024; not included in regional or global totals",... ,... , ...,"Countries with a UNAIDS-approved estimate and population less than 250000 in 2024; not included in regional or global totals",... ,... , ...,"Countries with a UNAIDS-approved estimate and population less than 250000 in 2024; not included in regional or global totals",... ,... , ...,"Countries with a UNAIDS-approved estimate and population less than 250000 in 2024; not included in regional or global totals",... ,... , ...,"Countries with a UNAIDS-approved estimate and population less than 250000 in 2024; not included in regional or global totals",... ,... , ...,"Countries with a UNAIDS-approved estimate and population less than 250000 in 2024; not included in regional or global totals",... ,... , ...,"Countries with a UNAIDS-approved estimate and population less than 250000 in 2024; not included in regional or global totals",... ,... , ...,"Countries with a UNAIDS-approved estimate and population less than 250000 in 2024; not included in regional or global totals",... ,... , ...,"Countries with a UNAIDS-approved estimate and population less than 250000 in 2024; not included in regional or global totals",... ,... , ...,"Countries with a UNAIDS-approved estimate and population less than 250000 in 2024; not included in regional or global totals",... ,... , ...,"Countries with a UNAIDS-approved estimate and population less than 250000 in 2024; not included in regional or global totals",... ,... , ...,"Countries with a UNAIDS-approved estimate and population less than 250000 in 2024; not included in regional or global totals",... ,... , ...,"Countries with a UNAIDS-approved estimate and population less than 250000 in 2024; not included in regional or global totals",... ,... , ...,"Countries with a UNAIDS-approved estimate and population less than 250000 in 2024; not included in regional or global totals",... ,... , ...,"Countries with a UNAIDS-approved estimate and population less than 250000 in 2024; not included in regional or global totals",... ,... , ...,"Countries with a UNAIDS-approved estimate and population less than 250000 in 2024; not included in regional or global totals",... ,... , ...,"Countries with a UNAIDS-approved estimate and population less than 250000 in 2024; not included in regional or global totals",... ,... , ...,"Countries with a UNAIDS-approved estimate and population less than 250000 in 2024; not included in regional or global totals",... ,... , ...,"Countries with a UNAIDS-approved estimate and population less than 250000 in 2024; not included in regional or global totals",... ,... , ...,"Countries with a UNAIDS-approved estimate and population less than 250000 in 2024; not included in regional or global totals",... ,... , ...,"Countries with a UNAIDS-approved estimate and population less than 250000 in 2024; not included in regional or global totals",... ,... , ...,"Countries with a UNAIDS-approved estimate and population less than 250000 in 2024; not included in regional or global totals",... ,... , ...,"Countries with a UNAIDS-approved estimate and population less than 250000 in 2024; not included in regional or global totals",... ,... , ...,"Countries with a UNAIDS-approved estimate and population less than 250000 in 2024; not included in regional or global totals",... ,... , ...,"Countries with a UNAIDS-approved estimate and population less than 250000 in 2024; not included in regional or global totals",... ,... , ...,"Countries with a UNAIDS-approved estimate and population less than 250000 in 2024; not included in regional or global totals",... ,... , ...,"Countries with a UNAIDS-approved estimate and population less than 250000 in 2024; not included in regional or global totals",... ,... , ...,"Countries with a UNAIDS-approved estimate and population less than 250000 in 2024; not included in regional or global totals",... ,... , ...,"Countries with a UNAIDS-approved estimate and population less than 250000 in 2024; not included in regional or global totals",... ,... , ...,"Countries with a UNAIDS-approved estimate and population less than 250000 in 2024; not included in regional or global totals"
Saint Vincent and the Grenadines,... ,... , ...,"Countries with a UNAIDS-approved estimate and population less than 250000 in 2024; not included in regional or global totals",... ,... , ...,"Countries with a UNAIDS-approved estimate and population less than 250000 in 2024; not included in regional or global totals",... ,... , ...,"Countries with a UNAIDS-approved estimate and population less than 250000 in 2024; not included in regional or global totals",... ,... , ...,"Countries with a UNAIDS-approved estimate and population less than 250000 in 2024; not included in regional or global totals",... ,... , ...,"Countries with a UNAIDS-approved estimate and population less than 250000 in 2024; not included in regional or global totals",... ,... , ...,"Countries with a UNAIDS-approved estimate and population less than 250000 in 2024; not included in regional or global totals",... ,... , ...,"Countries with a UNAIDS-approved estimate and population less than 250000 in 2024; not included in regional or global totals",... ,... , ...,"Countries with a UNAIDS-approved estimate and population less than 250000 in 2024; not included in regional or global totals",... ,... , ...,"Countries with a UNAIDS-approved estimate and population less than 250000 in 2024; not included in regional or global totals",... ,... , ...,"Countries with a UNAIDS-approved estimate and population less than 250000 in 2024; not included in regional or global totals",... ,... , ...,"Countries with a UNAIDS-approved estimate and population less than 250000 in 2024; not included in regional or global totals",... ,... , ...,"Countries with a UNAIDS-approved estimate and population less than 250000 in 2024; not included in regional or global totals",... ,... , ...,"Countries with a UNAIDS-approved estimate and population less than 250000 in 2024; not included in regional or global totals",... ,... , ...,"Countries with a UNAIDS-approved estimate and population less than 250000 in 2024; not included in regional or global totals",... ,... , ...,"Countries with a UNAIDS-approved estimate and population less than 250000 in 2024; not included in regional or global totals",... ,... , ...,"Countries with a UNAIDS-approved estimate and population less than 250000 in 2024; not included in regional or global totals",... ,... , ...,"Countries with a UNAIDS-approved estimate and population less than 250000 in 2024; not included in regional or global totals",... ,... , ...,"Countries with a UNAIDS-approved estimate and population less than 250000 in 2024; not included in regional or global totals",... ,... , ...,"Countries with a UNAIDS-approved estimate and population less than 250000 in 2024; not included in regional or global totals",... ,... , ...,"Countries with a UNAIDS-approved estimate and population less than 250000 in 2024; not included in regional or global totals",... ,... , ...,"Countries with a UNAIDS-approved estimate and population less than 250000 in 2024; not included in regional or global totals",... ,... , ...,"Countries with a UNAIDS-approved estimate and population less than 250000 in 2024; not included in regional or global totals",... ,... , ...,"Countries with a UNAIDS-approved estimate and population less than 250000 in 2024; not included in regional or global totals",... ,... , ...,"Countries with a UNAIDS-approved estimate and population less than 250000 in 2024; not included in regional or global totals",... ,... , ...,"Countries with a UNAIDS-approved estimate and population less than 250000 in 2024; not included in regional or global totals",... ,... , ...,"Countries with a UNAIDS-approved estimate and population less than 250000 in 2024; not included in regional or global totals",... ,... , ...,"Countries with a UNAIDS-approved estimate and population less than 250000 in 2024; not included in regional or global totals",... ,... , ...,"Countries with a UNAIDS-approved estimate and population less than 250000 in 2024; not included in regional or global totals",... ,... , ...,"Countries with a UNAIDS-approved estimate and population less than 250000 in 2024; not included in regional or global totals",... ,... , ...,"Countries with a UNAIDS-approved estimate and population less than 250000 in 2024; not included in regional or global totals",... ,... , ...,"Countries with a UNAIDS-approved estimate and population less than 250000 in 2024; not included in regional or global totals",... ,... , ...,"Countries with a UNAIDS-approved estimate and population less than 250000 in 2024; not included in regional or global totals",... ,... , ...,"Countries with a UNAIDS-approved estimate and population less than 250000 in 2024; not included in regional or global totals",... ,... , ...,"Countries with a UNAIDS-approved estimate and population less than 250000 in 2024; not included in regional or global totals",... ,... , ...,"Countries with a UNAIDS-approved estimate and population less than 250000 in 2024; not included in regional or global totals"
Sao Tome and Principe,... ,... , ...,"Estimates were not available at the time of publication.",... ,... , ...,"Estimates were not available at the time of publication.",... ,... , ...,"Estimates were not available at the time of publication.",... ,... , ...,"Estimates were not available at the time of publication.",... ,... , ...,"Estimates were not available at the time of publication.",... ,... , ...,"Estimates were not available at the time of publication.",... ,... , ...,"Estimates were not available at the time of publication.",... ,... , ...,"Estimates were not available at the time of publication.",... ,... , ...,"Estimates were not available at the time of publication.",... ,... , ...,"Estimates were not available at the time of publication.",... ,... , ...,"Estimates were not available at the time of publication.",... ,... , ...,"Estimates were not available at the time of publication.",... ,... , ...,"Estimates were not available at the time of publication.",... ,... , ...,"Estimates were not available at the time of publication.",... ,... , ...,"Estimates were not available at the time of publication.",... ,... , ...,"Estimates were not available at the time of publication.",... ,... , ...,"Estimates were not available at the time of publication.",... ,... , ...,"Estimates were not available at the time of publication.",... ,... , ...,"Estimates were not available at the time of publication.",... ,... , ...,"Estimates were not available at the time of publication.",... ,... , ...,"Estimates were not available at the time of publication.",... ,... , ...,"Estimates were not available at the time of publication.",... ,... , ...,"Estimates were not available at the time of publication.",... ,... , ...,"Estimates were not available at the time of publication.",... ,... , ...,"Estimates were not available at the time of publication.",... ,... , ...,"Estimates were not available at the time of publication.",... ,... , ...,"Estimates were not available at the time of publication.",... ,... , ...,"Estimates were not available at the time of publication.",... ,... , ...,"Estimates were not available at the time of publication.",... ,... , ...,"Estimates were not available at the time of publication.",... ,... , ...,"Estimates were not available at the time of publication.",... ,... , ...,"Estimates were not available at the time of publication.",... ,... , ...,"Estimates were not available at the time of publication.",... ,... , ...,"Estimates were not available at the time of publication.",... ,... , ...,"Estimates were not available at the time of publication."
Saudi Arabia,... ,... , ...,"Children estimates were not available at the time of publication.",... ,... , ...,"Children estimates were not available at the time of publication.",... ,... , ...,"Children estimates were not available at the time of publication.",... ,... , ...,"Children estimates were not available at the time of publication.",... ,... , ...,"Children estimates were not available at the time of publication.",... ,... , ...,"Children estimates were not available at the time of publication.",... ,... , ...,"Children estimates were not available at the time of publication.",... ,... , ...,"Children estimates were not available at the time of publication.",... ,... , ...,"Children estimates were not available at the time of publication.",... ,... , ...,"Children estimates were not available at the time of publication.",... ,... , ...,"Children estimates were not available at the time of publication.",... ,... , ...,"Children estimates were not available at the time of publication.",... ,... , ...,"Children estimates were not available at the time of publication.",... ,... , ...,"Children estimates were not available at the time of publication.",... ,... , ...,"Children estimates were not available at the time of publication.",... ,... , ...,"Children estimates were not available at the time of publication.",... ,... , ...,"Children estimates were not available at the time of publication.",... ,... , ...,"Children estimates were not available at the time of publication.",... ,... , ...,"Children estimates were not available at the time of publication.",... ,... , ...,"Children estimates were not available at the time of publication.",... ,... , ...,"Children estimates were not available at the time of publication.",... ,... , ...,"Children estimates were not available at the time of publication.",... ,... , ...,"Children estimates were not available at the time of publication.",... ,... , ...,"Children estimates were not available at the time of publication.",... ,... , ...,"Children estimates were not available at the time of publication.",... ,... , ...,"Children estimates were not available at the time of publication.",... ,... , ...,"Children estimates were not available at the time of publication.",... ,... , ...,"Children estimates were not available at the time of publication.",... ,... , ...,"Children estimates were not available at the time of publication.",... ,... , ...,"Children estimates were not available at the time of publication.",... ,... , ...,"Children estimates were not available at the time of publication.",... ,... , ...,"Children estimates were not available at the time of publication.",... ,... , ...,"Children estimates were not available at the time of publication.",... ,... , ...,"Children estimates were not available at the time of publication.",... ,... , ...,"Children estimates were not available at the time of publication."
Senegal,<500 ,<500 , 500,,610 ,570 , 640,,770 ,730 , 810,,970 ,910 , 1000,,1200 ,1100 , 1300,,1500 ,1400 , 1500,,1800 ,1700 , 1900,,2100 ,2000 , 2200,,2500 ,2400 , 2700,,3000 ,2800 , 3100,,3400 ,3200 , 3600,,3800 ,3600 , 4000,,4100 ,3900 , 4300,,4400 ,4200 , 4600,,4700 ,4500 , 4900,,4900 ,4600 , 5100,,5000 ,4700 , 5200,,5100 ,4800 , 5300,,5000 ,4800 , 5300,,5000 ,4700 , 5200,,4900 ,4700 , 5100,,4800 ,4600 , 5100,,4700 ,4500 , 4900,,4500 ,4300 , 4700,,4300 ,4000 , 4500,,4000 ,3700 , 4200,,3700 ,3500 , 3900,,3400 ,3200 , 3600,,3200 ,3000 , 3300,,2900 ,2700 , 3100,,2700 ,2500 , 2800,,2500 ,2300 , 2600,,2400 ,2200 , 2500,,2300 ,2100 , 2400,,2200 ,2000 , 2300,
Serbia,... ,... , ...,"Children estimates were not available at the time of publication.",... ,... , ...,"Children estimates were not available at the time of publication.",... ,... , ...,"Children estimates were not available at the time of publication.",... ,... , ...,"Children estimates were not available at the time of publication.",... ,... , ...,"Children estimates were not available at the time of publication.",... ,... , ...,"Children estimates were not available at the time of publication.",... ,... , ...,"Children estimates were not available at the time of publication.",... ,... , ...,"Children estimates were not available at the time of publication.",... ,... , ...,"Children estimates were not available at the time of publication.",... ,... , ...,"Children estimates were not available at the time of publication.",... ,... , ...,"Children estimates were not available at the time of publication.",... ,... , ...,"Children estimates were not available at the time of publication.",... ,... , ...,"Children estimates were not available at the time of publication.",... ,... , ...,"Children estimates were not available at the time of publication.",... ,... , ...,"Children estimates were not available at the time of publication.",... ,... , ...,"Children estimates were not available at the time of publication.",... ,... , ...,"Children estimates were not available at the time of publication.",... ,... , ...,"Children estimates were not available at the time of publication.",... ,... , ...,"Children estimates were not available at the time of publication.",... ,... , ...,"Children estimates were not available at the time of publication.",... ,... , ...,"Children estimates were not available at the time of publication.",... ,... , ...,"Children estimates were not available at the time of publication.",... ,... , ...,"Children estimates were not available at the time of publication.",... ,... , ...,"Children estimates were not available at the time of publication.",... ,... , ...,"Children estimates were not available at the time of publication.",... ,... , ...,"Children estimates were not available at the time of publication.",... ,... , ...,"Children estimates were not available at the time of publication.",... ,... , ...,"Children estimates were not available at the time of publication.",... ,... , ...,"Children estimates were not available at the time of publication.",... ,... , ...,"Children estimates were not available at the time of publication.",... ,... , ...,"Children estimates were not available at the time of publication.",... ,... , ...,"Children estimates were not available at the time of publication.",... ,... , ...,"Children estimates were not available at the time of publication.",... ,... , ...,"Children estimates were not available at the time of publication.",... ,... , ...,"Children estimates were not available at the time of publication."
Sierra Leone,1300 ,670 , 2300,,1600 ,860 , 2700,,2000 ,1100 , 3100,,2400 ,1300 , 3700,,2900 ,1700 , 4300,,3300 ,2000 , 4800,,3800 ,2300 , 5400,,4400 ,2800 , 6100,,4900 ,3200 , 6600,,5400 ,3700 , 7200,,6000 ,4400 , 8000,,6900 ,5100 , 9000,,7600 ,5700 , 9800,,8200 ,6200 , 10 000,,8700 ,6800 , 11 000,,9200 ,7400 , 11 000,,9500 ,7700 , 11 000,,9700 ,8000 , 12 000,,9700 ,8000 , 12 000,,9800 ,8100 , 11 000,,9700 ,8000 , 11 000,,9600 ,7900 , 11 000,,9300 ,7600 , 11 000,,9200 ,7500 , 11 000,,9100 ,7400 , 11 000,,8900 ,7200 , 10 000,,8700 ,6900 , 10 000,,8400 ,6600 , 9800,,8200 ,6400 , 9500,,8000 ,6200 , 9500,,7800 ,5900 , 9300,,7400 ,5500 , 8900,,7200 ,5200 , 8900,,6900 ,5000 , 8700,,6500 ,4800 , 8500,
Singapore,... ,... , ...,"Children estimates were not available at the time of publication.",... ,... , ...,"Children estimates were not available at the time of publication.",... ,... , ...,"Children estimates were not available at the time of publication.",... ,... , ...,"Children estimates were not available at the time of publication.",... ,... , ...,"Children estimates were not available at the time of publication.",... ,... , ...,"Children estimates were not available at the time of publication.",... ,... , ...,"Children estimates were not available at the time of publication.",... ,... , ...,"Children estimates were not available at the time of publication.",... ,... , ...,"Children estimates were not available at the time of publication.",... ,... , ...,"Children estimates were not available at the time of publication.",... ,... , ...,"Children estimates were not available at the time of publication.",... ,... , ...,"Children estimates were not available at the time of publication.",... ,... , ...,"Children estimates were not available at the time of publication.",... ,... , ...,"Children estimates were not available at the time of publication.",... ,... , ...,"Children estimates were not available at the time of publication.",... ,... , ...,"Children estimates were not available at the time of publication.",... ,... , ...,"Children estimates were not available at the time of publication.",... ,... , ...,"Children estimates were not available at the time of publication.",... ,... , ...,"Children estimates were not available at the time of publication.",... ,... , ...,"Children estimates were not available at the time of publication.",... ,... , ...,"Children estimates were not available at the time of publication.",... ,... , ...,"Children estimates were not available at the time of publication.",... ,... , ...,"Children estimates were not available at the time of publication.",... ,... , ...,"Children estimates were not available at the time of publication.",... ,... , ...,"Children estimates were not available at the time of publication.",... ,... , ...,"Children estimates were not available at the time of publication.",... ,... , ...,"Children estimates were not available at the time of publication.",... ,... , ...,"Children estimates were not available at the time of publication.",... ,... , ...,"Children estimates were not available at the time of publication.",... ,... , ...,"Children estimates were not available at the time of publication.",... ,... , ...,"Children estimates were not available at the time of publication.",... ,... , ...,"Children estimates were not available at the time of publication.",... ,... , ...,"Children estimates were not available at the time of publication.",... ,... , ...,"Children estimates were not available at the time of publication.",... ,... , ...,"Children estimates were not available at the time of publication."
Slovakia,... ,... , ...,"Children estimates were not available at the time of publication.",... ,... , ...,"Children estimates were not available at the time of publication.",... ,... , ...,"Children estimates were not available at the time of publication.",... ,... , ...,"Children estimates were not available at the time of publication.",... ,... , ...,"Children estimates were not available at the time of publication.",... ,... , ...,"Children estimates were not available at the time of publication.",... ,... , ...,"Children estimates were not available at the time of publication.",... ,... , ...,"Children estimates were not available at the time of publication.",... ,... , ...,"Children estimates were not available at the time of publication.",... ,... , ...,"Children estimates were not available at the time of publication.",... ,... , ...,"Children estimates were not available at the time of publication.",... ,... , ...,"Children estimates were not available at the time of publication.",... ,... , ...,"Children estimates were not available at the time of publication.",... ,... , ...,"Children estimates were not available at the time of publication.",... ,... , ...,"Children estimates were not available at the time of publication.",... ,... , ...,"Children estimates were not available at the time of publication.",... ,... , ...,"Children estimates were not available at the time of publication.",... ,... , ...,"Children estimates were not available at the time of publication.",... ,... , ...,"Children estimates were not available at the time of publication.",... ,... , ...,"Children estimates were not available at the time of publication.",... ,... , ...,"Children estimates were not available at the time of publication.",... ,... , ...,"Children estimates were not available at the time of publication.",... ,... , ...,"Children estimates were not available at the time of publication.",... ,... , ...,"Children estimates were not available at the time of publication.",... ,... , ...,"Children estimates were not available at the time of publication.",... ,... , ...,"Children estimates were not available at the time of publication.",... ,... , ...,"Children estimates were not available at the time of publication.",... ,... , ...,"Children estimates were not available at the time of publication.",... ,... , ...,"Children estimates were not available at the time of publication.",... ,... , ...,"Children estimates were not available at the time of publication.",... ,... , ...,"Children estimates were not available at the time of publication.",... ,... , ...,"Children estimates were not available at the time of publication.",... ,... , ...,"Children estimates were not available at the time of publication.",... ,... , ...,"Children estimates were not available at the time of publication.",... ,... , ...,"Children estimates were not available at the time of publication."
Slovenia,... ,... , ...,"Children estimates were not available at the time of publication.",... ,... , ...,"Children estimates were not available at the time of publication.",... ,... , ...,"Children estimates were not available at the time of publication.",... ,... , ...,"Children estimates were not available at the time of publication.",... ,... , ...,"Children estimates were not available at the time of publication.",... ,... , ...,"Children estimates were not available at the time of publication.",... ,... , ...,"Children estimates were not available at the time of publication.",... ,... , ...,"Children estimates were not available at the time of publication.",... ,... , ...,"Children estimates were not available at the time of publication.",... ,... , ...,"Children estimates were not available at the time of publication.",... ,... , ...,"Children estimates were not available at the time of publication.",... ,... , ...,"Children estimates were not available at the time of publication.",... ,... , ...,"Children estimates were not available at the time of publication.",... ,... , ...,"Children estimates were not available at the time of publication.",... ,... , ...,"Children estimates were not available at the time of publication.",... ,... , ...,"Children estimates were not available at the time of publication.",... ,... , ...,"Children estimates were not available at the time of publication.",... ,... , ...,"Children estimates were not available at the time of publication.",... ,... , ...,"Children estimates were not available at the time of publication.",... ,... , ...,"Children estimates were not available at the time of publication.",... ,... , ...,"Children estimates were not available at the time of publication.",... ,... , ...,"Children estimates were not available at the time of publication.",... ,... , ...,"Children estimates were not available at the time of publication.",... ,... , ...,"Children estimates were not available at the time of publication.",... ,... , ...,"Children estimates were not available at the time of publication.",... ,... , ...,"Children estimates were not available at the time of publication.",... ,... , ...,"Children estimates were not available at the time of publication.",... ,... , ...,"Children estimates were not available at the time of publication.",... ,... , ...,"Children estimates were not available at the time of publication.",... ,... , ...,"Children estimates were not available at the time of publication.",... ,... , ...,"Children estimates were not available at the time of publication.",... ,... , ...,"Children estimates were not available at the time of publication.",... ,... , ...,"Children estimates were not available at the time of publication.",... ,... , ...,"Children estimates were not available at the time of publication.",... ,... , ...,"Children estimates were not available at the time of publication."
Solomon Islands,... ,... , ...,"Estimates were not available at the time of publication.",... ,... , ...,"Estimates were not available at the time of publication.",... ,... , ...,"Estimates were not available at the time of publication.",... ,... , ...,"Estimates were not available at the time of publication.",... ,... , ...,"Estimates were not available at the time of publication.",... ,... , ...,"Estimates were not available at the time of publication.",... ,... , ...,"Estimates were not available at the time of publication.",... ,... , ...,"Estimates were not available at the time of publication.",... ,... , ...,"Estimates were not available at the time of publication.",... ,... , ...,"Estimates were not available at the time of publication.",... ,... , ...,"Estimates were not available at the time of publication.",... ,... , ...,"Estimates were not available at the time of publication.",... ,... , ...,"Estimates were not available at the time of publication.",... ,... , ...,"Estimates were not available at the time of publication.",... ,... , ...,"Estimates were not available at the time of publication.",... ,... , ...,"Estimates were not available at the time of publication.",... ,... , ...,"Estimates were not available at the time of publication.",... ,... , ...,"Estimates were not available at the time of publication.",... ,... , ...,"Estimates were not available at the time of publication.",... ,... , ...,"Estimates were not available at the time of publication.",... ,... , ...,"Estimates were not available at the time of publication.",... ,... , ...,"Estimates were not available at the time of publication.",... ,... , ...,"Estimates were not available at the time of publication.",... ,... , ...,"Estimates were not available at the time of publication.",... ,... , ...,"Estimates were not available at the time of publication.",... ,... , ...,"Estimates were not available at the time of publication.",... ,... , ...,"Estimates were not available at the time of publication.",... ,... , ...,"Estimates were not available at the time of publication.",... ,... , ...,"Estimates were not available at the time of publication.",... ,... , ...,"Estimates were not available at the time of publication.",... ,... , ...,"Estimates were not available at the time of publication.",... ,... , ...,"Estimates were not available at the time of publication.",... ,... , ...,"Estimates were not available at the time of publication.",... ,... , ...,"Estimates were not available at the time of publication.",... ,... , ...,"Estimates were not available at the time of publication."
Somalia,890 ,<500 , 1700,,930 ,<500 , 1800,,1000 ,510 , 1900,,1200 ,650 , 2200,,1300 ,750 , 2400,,1500 ,880 , 2700,,1600 ,970 , 2800,,1700 ,1100 , 2900,,1800 ,1200 , 3100,,1900 ,1300 , 3200,,2000 ,1300 , 3200,,2100 ,1400 , 3200,,2100 ,1500 , 3200,,2100 ,1500 , 3100,,2100 ,1500 , 3100,,2100 ,1500 , 3000,,2100 ,1500 , 2900,,2000 ,1500 , 2800,,1900 ,1500 , 2700,,1900 ,1500 , 2500,,1800 ,1400 , 2300,,1600 ,1300 , 2100,,1600 ,1300 , 2000,,1500 ,1200 , 1900,,1400 ,1200 , 1800,,1400 ,1100 , 1700,,1300 ,1100 , 1600,,1300 ,1100 , 1500,,1200 ,1000 , 1400,,1100 ,980 , 1300,,1100 ,940 , 1300,,1000 ,900 , 1200,,960 ,830 , 1100,,910 ,770 , 1000,,860 ,730 , 1000,
South Africa,13 000 ,12 000 , 15 000,,21 000 ,18 000 , 24 000,,31 000 ,28 000 , 35 000,,45 000 ,40 000 , 51 000,,62 000 ,54 000 , 71 000,,82 000 ,72 000 , 94 000,,100 000 ,91 000 , 120 000,,130 000 ,110 000 , 150 000,,160 000 ,140 000 , 180 000,,180 000 ,160 000 , 210 000,,210 000 ,180 000 , 240 000,,240 000 ,210 000 , 280 000,,270 000 ,230 000 , 300 000,,290 000 ,250 000 , 330 000,,310 000 ,260 000 , 360 000,,330 000 ,280 000 , 380 000,,340 000 ,280 000 , 400 000,,350 000 ,280 000 , 410 000,,360 000 ,280 000 , 430 000,,360 000 ,280 000 , 440 000,,360 000 ,280 000 , 440 000,,350 000 ,270 000 , 440 000,,340 000 ,270 000 , 430 000,,330 000 ,260 000 , 420 000,,320 000 ,250 000 , 410 000,,310 000 ,240 000 , 400 000,,290 000 ,230 000 , 400 000,,280 000 ,210 000 , 380 000,,260 000 ,200 000 , 370 000,,240 000 ,190 000 , 360 000,,220 000 ,170 000 , 350 000,,200 000 ,160 000 , 330 000,,180 000 ,140 000 , 320 000,,160 000 ,130 000 , 300 000,,150 000 ,120 000 , 280 000,
South Sudan,2300 ,980 , 4200,,3100 ,1400 , 5300,,4000 ,1800 , 6400,,4900 ,2400 , 7600,,6100 ,3100 , 9000,,7300 ,3900 , 10 000,,8500 ,4800 , 12 000,,9700 ,5500 , 13 000,,11 000 ,6000 , 15 000,,12 000 ,6900 , 16 000,,13 000 ,7900 , 18 000,,14 000 ,8600 , 19 000,,16 000 ,9500 , 21 000,,17 000 ,11 000 , 22 000,,18 000 ,12 000 , 23 000,,18 000 ,13 000 , 25 000,,19 000 ,13 000 , 25 000,,20 000 ,14 000 , 26 000,,20 000 ,14 000 , 27 000,,21 000 ,15 000 , 27 000,,21 000 ,15 000 , 27 000,,21 000 ,16 000 , 28 000,,21 000 ,16 000 , 27 000,,21 000 ,16 000 , 27 000,,20 000 ,15 000 , 26 000,,19 000 ,14 000 , 25 000,,18 000 ,14 000 , 23 000,,17 000 ,12 000 , 21 000,,15 000 ,11 000 , 20 000,,15 000 ,11 000 , 18 000,,14 000 ,10 000 , 18 000,,13 000 ,9800 , 17 000,,12 000 ,9100 , 16 000,,12 000 ,8600 , 15 000,,11 000 ,7900 , 14 000,
Spain,... ,... , ...,,... ,... , ...,,... ,... , ...,,... ,... , ...,,... ,... , ...,,... ,... , ...,,... ,... , ...,,... ,... , ...,,... ,... , ...,,... ,... , ...,,... ,... , ...,,... ,... , ...,,... ,... , ...,,... ,... , ...,,... ,... , ...,,... ,... , ...,,... ,... , ...,,... ,... , ...,,... ,... , ...,,... ,... , ...,,... ,... , ...,,... ,... , ...,,... ,... , ...,,... ,... , ...,,... ,... , ...,,... ,... , ...,,... ,... , ...,,... ,... , ...,,... ,... , ...,,... ,... , ...,,... ,... , ...,,... ,... , ...,,... ,... , ...,,... ,... , ...,,... ,... , ...,
Sri Lanka,... ,... , ...,"Children estimates were not available at the time of publication.",... ,... , ...,"Children estimates were not available at the time of publication.",... ,... , ...,"Children estimates were not available at the time of publication.",... ,... , ...,"Children estimates were not available at the time of publication.",... ,... , ...,"Children estimates were not available at the time of publication.",... ,... , ...,"Children estimates were not available at the time of publication.",... ,... , ...,"Children estimates were not available at the time of publication.",... ,... , ...,"Children estimates were not available at the time of publication.",... ,... , ...,"Children estimates were not available at the time of publication.",... ,... , ...,"Children estimates were not available at the time of publication.",... ,... , ...,"Children estimates were not available at the time of publication.",... ,... , ...,"Children estimates were not available at the time of publication.",... ,... , ...,"Children estimates were not available at the time of publication.",... ,... , ...,"Children estimates were not available at the time of publication.",... ,... , ...,"Children estimates were not available at the time of publication.",... ,... , ...,"Children estimates were not available at the time of publication.",... ,... , ...,"Children estimates were not available at the time of publication.",... ,... , ...,"Children estimates were not available at the time of publication.",... ,... , ...,"Children estimates were not available at the time of publication.",... ,... , ...,"Children estimates were not available at the time of publication.",... ,... , ...,"Children estimates were not available at the time of publication.",... ,... , ...,"Children estimates were not available at the time of publication.",... ,... , ...,"Children estimates were not available at the time of publication.",... ,... , ...,"Children estimates were not available at the time of publication.",... ,... , ...,"Children estimates were not available at the time of publication.",... ,... , ...,"Children estimates were not available at the time of publication.",... ,... , ...,"Children estimates were not available at the time of publication.",... ,... , ...,"Children estimates were not available at the time of publication.",... ,... , ...,"Children estimates were not available at the time of publication.",... ,... , ...,"Children estimates were not available at the time of publication.",... ,... , ...,"Children estimates were not available at the time of publication.",... ,... , ...,"Children estimates were not available at the time of publication.",... ,... , ...,"Children estimates were not available at the time of publication.",... ,... , ...,"Children estimates were not available at the time of publication.",... ,... , ...,"Children estimates were not available at the time of publication."
Sudan,<500 ,<500 , 970,,590 ,<500 , 1100,,710 ,<500 , 1300,,830 ,530 , 1500,,950 ,630 , 1700,,1100 ,720 , 1900,,1200 ,820 , 2000,,1300 ,900 , 2200,,1500 ,1000 , 2300,,1600 ,1100 , 2400,,1700 ,1200 , 2600,,1900 ,1300 , 2800,,2000 ,1400 , 2900,,2100 ,1500 , 3100,,2200 ,1600 , 3100,,2300 ,1700 , 3200,,2400 ,1800 , 3300,,2400 ,1800 , 3300,,2500 ,1900 , 3300,,2600 ,2000 , 3400,,2700 ,2000 , 3500,,2700 ,2100 , 3500,,2800 ,2200 , 3600,,2900 ,2200 , 3700,,2900 ,2200 , 3800,,3000 ,2300 , 3900,,3100 ,2400 , 4000,,3200 ,2500 , 4100,,3300 ,2500 , 4300,,3400 ,2600 , 4500,,3500 ,2700 , 4700,,3700 ,2800 , 4900,,3800 ,2900 , 5100,,3900 ,2900 , 5300,,4000 ,3000 , 5600,
Suriname,<100 ,<100 , <100,,<100 ,<100 , <100,,<100 ,<100 , <200,,<100 ,<100 , <200,,<100 ,<100 , <200,,<100 ,<100 , <200,,<200 ,<100 , <200,,<200 ,<100 , <200,,<200 ,<100 , <200,,<200 ,<200 , <200,,<200 ,<200 , <200,,<200 ,<200 , <200,,<200 ,<200 , <200,,<200 ,<200 , <500,,<200 ,<200 , <500,,<200 ,<200 , <500,,<200 ,<200 , <500,,<200 ,<200 , <200,,<200 ,<200 , <200,,<200 ,<200 , <500,,<200 ,<200 , <500,,<200 ,<200 , <500,,<200 ,<200 , <500,,<200 ,<200 , <500,,<200 ,<200 , <500,,<200 ,<200 , <200,,<200 ,<200 , <200,,<200 ,<200 , <200,,<200 ,<200 , <200,,<200 ,<200 , <200,,<200 ,<200 , <200,,<200 ,<200 , <200,,<200 ,<200 , <200,,<200 ,<100 , <200,,<200 ,<100 , <200,
Sweden,... ,... , ...,"Numbers are estimated by UNAIDS using the Spectrum model, based on the official national estimates. Any differences are within uncertainty margins of both sets of estimates, reflecting methodologies and assumptions. (https://pubmed.ncbi.nlm.nih.gov/39421951/).",... ,... , ...,"Numbers are estimated by UNAIDS using the Spectrum model, based on the official national estimates. Any differences are within uncertainty margins of both sets of estimates, reflecting methodologies and assumptions. (https://pubmed.ncbi.nlm.nih.gov/39421951/).",... ,... , ...,"Numbers are estimated by UNAIDS using the Spectrum model, based on the official national estimates. Any differences are within uncertainty margins of both sets of estimates, reflecting methodologies and assumptions. (https://pubmed.ncbi.nlm.nih.gov/39421951/).",... ,... , ...,"Numbers are estimated by UNAIDS using the Spectrum model, based on the official national estimates. Any differences are within uncertainty margins of both sets of estimates, reflecting methodologies and assumptions. (https://pubmed.ncbi.nlm.nih.gov/39421951/).",... ,... , ...,"Numbers are estimated by UNAIDS using the Spectrum model, based on the official national estimates. Any differences are within uncertainty margins of both sets of estimates, reflecting methodologies and assumptions. (https://pubmed.ncbi.nlm.nih.gov/39421951/).",... ,... , ...,"Numbers are estimated by UNAIDS using the Spectrum model, based on the official national estimates. Any differences are within uncertainty margins of both sets of estimates, reflecting methodologies and assumptions. (https://pubmed.ncbi.nlm.nih.gov/39421951/).",... ,... , ...,"Numbers are estimated by UNAIDS using the Spectrum model, based on the official national estimates. Any differences are within uncertainty margins of both sets of estimates, reflecting methodologies and assumptions. (https://pubmed.ncbi.nlm.nih.gov/39421951/).",... ,... , ...,"Numbers are estimated by UNAIDS using the Spectrum model, based on the official national estimates. Any differences are within uncertainty margins of both sets of estimates, reflecting methodologies and assumptions. (https://pubmed.ncbi.nlm.nih.gov/39421951/).",... ,... , ...,"Numbers are estimated by UNAIDS using the Spectrum model, based on the official national estimates. Any differences are within uncertainty margins of both sets of estimates, reflecting methodologies and assumptions. (https://pubmed.ncbi.nlm.nih.gov/39421951/).",... ,... , ...,"Numbers are estimated by UNAIDS using the Spectrum model, based on the official national estimates. Any differences are within uncertainty margins of both sets of estimates, reflecting methodologies and assumptions. (https://pubmed.ncbi.nlm.nih.gov/39421951/).",... ,... , ...,"Numbers are estimated by UNAIDS using the Spectrum model, based on the official national estimates. Any differences are within uncertainty margins of both sets of estimates, reflecting methodologies and assumptions. (https://pubmed.ncbi.nlm.nih.gov/39421951/).",... ,... , ...,"Numbers are estimated by UNAIDS using the Spectrum model, based on the official national estimates. Any differences are within uncertainty margins of both sets of estimates, reflecting methodologies and assumptions. (https://pubmed.ncbi.nlm.nih.gov/39421951/).",... ,... , ...,"Numbers are estimated by UNAIDS using the Spectrum model, based on the official national estimates. Any differences are within uncertainty margins of both sets of estimates, reflecting methodologies and assumptions. (https://pubmed.ncbi.nlm.nih.gov/39421951/).",... ,... , ...,"Numbers are estimated by UNAIDS using the Spectrum model, based on the official national estimates. Any differences are within uncertainty margins of both sets of estimates, reflecting methodologies and assumptions. (https://pubmed.ncbi.nlm.nih.gov/39421951/).",... ,... , ...,"Numbers are estimated by UNAIDS using the Spectrum model, based on the official national estimates. Any differences are within uncertainty margins of both sets of estimates, reflecting methodologies and assumptions. (https://pubmed.ncbi.nlm.nih.gov/39421951/).",... ,... , ...,"Numbers are estimated by UNAIDS using the Spectrum model, based on the official national estimates. Any differences are within uncertainty margins of both sets of estimates, reflecting methodologies and assumptions. (https://pubmed.ncbi.nlm.nih.gov/39421951/).",... ,... , ...,"Numbers are estimated by UNAIDS using the Spectrum model, based on the official national estimates. Any differences are within uncertainty margins of both sets of estimates, reflecting methodologies and assumptions. (https://pubmed.ncbi.nlm.nih.gov/39421951/).",... ,... , ...,"Numbers are estimated by UNAIDS using the Spectrum model, based on the official national estimates. Any differences are within uncertainty margins of both sets of estimates, reflecting methodologies and assumptions. (https://pubmed.ncbi.nlm.nih.gov/39421951/).",... ,... , ...,"Numbers are estimated by UNAIDS using the Spectrum model, based on the official national estimates. Any differences are within uncertainty margins of both sets of estimates, reflecting methodologies and assumptions. (https://pubmed.ncbi.nlm.nih.gov/39421951/).",... ,... , ...,"Numbers are estimated by UNAIDS using the Spectrum model, based on the official national estimates. Any differences are within uncertainty margins of both sets of estimates, reflecting methodologies and assumptions. (https://pubmed.ncbi.nlm.nih.gov/39421951/).",... ,... , ...,"Numbers are estimated by UNAIDS using the Spectrum model, based on the official national estimates. Any differences are within uncertainty margins of both sets of estimates, reflecting methodologies and assumptions. (https://pubmed.ncbi.nlm.nih.gov/39421951/).",... ,... , ...,"Numbers are estimated by UNAIDS using the Spectrum model, based on the official national estimates. Any differences are within uncertainty margins of both sets of estimates, reflecting methodologies and assumptions. (https://pubmed.ncbi.nlm.nih.gov/39421951/).",... ,... , ...,"Numbers are estimated by UNAIDS using the Spectrum model, based on the official national estimates. Any differences are within uncertainty margins of both sets of estimates, reflecting methodologies and assumptions. (https://pubmed.ncbi.nlm.nih.gov/39421951/).",... ,... , ...,"Numbers are estimated by UNAIDS using the Spectrum model, based on the official national estimates. Any differences are within uncertainty margins of both sets of estimates, reflecting methodologies and assumptions. (https://pubmed.ncbi.nlm.nih.gov/39421951/).",... ,... , ...,"Numbers are estimated by UNAIDS using the Spectrum model, based on the official national estimates. Any differences are within uncertainty margins of both sets of estimates, reflecting methodologies and assumptions. (https://pubmed.ncbi.nlm.nih.gov/39421951/).",... ,... , ...,"Numbers are estimated by UNAIDS using the Spectrum model, based on the official national estimates. Any differences are within uncertainty margins of both sets of estimates, reflecting methodologies and assumptions. (https://pubmed.ncbi.nlm.nih.gov/39421951/).",... ,... , ...,"Numbers are estimated by UNAIDS using the Spectrum model, based on the official national estimates. Any differences are within uncertainty margins of both sets of estimates, reflecting methodologies and assumptions. (https://pubmed.ncbi.nlm.nih.gov/39421951/).",... ,... , ...,"Numbers are estimated by UNAIDS using the Spectrum model, based on the official national estimates. Any differences are within uncertainty margins of both sets of estimates, reflecting methodologies and assumptions. (https://pubmed.ncbi.nlm.nih.gov/39421951/).",... ,... , ...,"Numbers are estimated by UNAIDS using the Spectrum model, based on the official national estimates. Any differences are within uncertainty margins of both sets of estimates, reflecting methodologies and assumptions. (https://pubmed.ncbi.nlm.nih.gov/39421951/).",... ,... , ...,"Numbers are estimated by UNAIDS using the Spectrum model, based on the official national estimates. Any differences are within uncertainty margins of both sets of estimates, reflecting methodologies and assumptions. (https://pubmed.ncbi.nlm.nih.gov/39421951/).",... ,... , ...,"Numbers are estimated by UNAIDS using the Spectrum model, based on the official national estimates. Any differences are within uncertainty margins of both sets of estimates, reflecting methodologies and assumptions. (https://pubmed.ncbi.nlm.nih.gov/39421951/).",... ,... , ...,"Numbers are estimated by UNAIDS using the Spectrum model, based on the official national estimates. Any differences are within uncertainty margins of both sets of estimates, reflecting methodologies and assumptions. (https://pubmed.ncbi.nlm.nih.gov/39421951/).",... ,... , ...,"Numbers are estimated by UNAIDS using the Spectrum model, based on the official national estimates. Any differences are within uncertainty margins of both sets of estimates, reflecting methodologies and assumptions. (https://pubmed.ncbi.nlm.nih.gov/39421951/).",... ,... , ...,"Numbers are estimated by UNAIDS using the Spectrum model, based on the official national estimates. Any differences are within uncertainty margins of both sets of estimates, reflecting methodologies and assumptions. (https://pubmed.ncbi.nlm.nih.gov/39421951/).",... ,... , ...,"Numbers are estimated by UNAIDS using the Spectrum model, based on the official national estimates. Any differences are within uncertainty margins of both sets of estimates, reflecting methodologies and assumptions. (https://pubmed.ncbi.nlm.nih.gov/39421951/)."
Switzerland,... ,... , ...,"Children estimates were not available at the time of publication.",... ,... , ...,"Children estimates were not available at the time of publication.",... ,... , ...,"Children estimates were not available at the time of publication.",... ,... , ...,"Children estimates were not available at the time of publication.",... ,... , ...,"Children estimates were not available at the time of publication.",... ,... , ...,"Children estimates were not available at the time of publication.",... ,... , ...,"Children estimates were not available at the time of publication.",... ,... , ...,"Children estimates were not available at the time of publication.",... ,... , ...,"Children estimates were not available at the time of publication.",... ,... , ...,"Children estimates were not available at the time of publication.",... ,... , ...,"Children estimates were not available at the time of publication.",... ,... , ...,"Children estimates were not available at the time of publication.",... ,... , ...,"Children estimates were not available at the time of publication.",... ,... , ...,"Children estimates were not available at the time of publication.",... ,... , ...,"Children estimates were not available at the time of publication.",... ,... , ...,"Children estimates were not available at the time of publication.",... ,... , ...,"Children estimates were not available at the time of publication.",... ,... , ...,"Children estimates were not available at the time of publication.",... ,... , ...,"Children estimates were not available at the time of publication.",... ,... , ...,"Children estimates were not available at the time of publication.",... ,... , ...,"Children estimates were not available at the time of publication.",... ,... , ...,"Children estimates were not available at the time of publication.",... ,... , ...,"Children estimates were not available at the time of publication.",... ,... , ...,"Children estimates were not available at the time of publication.",... ,... , ...,"Children estimates were not available at the time of publication.",... ,... , ...,"Children estimates were not available at the time of publication.",... ,... , ...,"Children estimates were not available at the time of publication.",... ,... , ...,"Children estimates were not available at the time of publication.",... ,... , ...,"Children estimates were not available at the time of publication.",... ,... , ...,"Children estimates were not available at the time of publication.",... ,... , ...,"Children estimates were not available at the time of publication.",... ,... , ...,"Children estimates were not available at the time of publication.",... ,... , ...,"Children estimates were not available at the time of publication.",... ,... , ...,"Children estimates were not available at the time of publication.",... ,... , ...,"Children estimates were not available at the time of publication."
Syrian Arab Republic,... ,... , ...,"Children estimates were not available at the time of publication.",... ,... , ...,"Children estimates were not available at the time of publication.",... ,... , ...,"Children estimates were not available at the time of publication.",... ,... , ...,"Children estimates were not available at the time of publication.",... ,... , ...,"Children estimates were not available at the time of publication.",... ,... , ...,"Children estimates were not available at the time of publication.",... ,... , ...,"Children estimates were not available at the time of publication.",... ,... , ...,"Children estimates were not available at the time of publication.",... ,... , ...,"Children estimates were not available at the time of publication.",... ,... , ...,"Children estimates were not available at the time of publication.",... ,... , ...,"Children estimates were not available at the time of publication.",... ,... , ...,"Children estimates were not available at the time of publication.",... ,... , ...,"Children estimates were not available at the time of publication.",... ,... , ...,"Children estimates were not available at the time of publication.",... ,... , ...,"Children estimates were not available at the time of publication.",... ,... , ...,"Children estimates were not available at the time of publication.",... ,... , ...,"Children estimates were not available at the time of publication.",... ,... , ...,"Children estimates were not available at the time of publication.",... ,... , ...,"Children estimates were not available at the time of publication.",... ,... , ...,"Children estimates were not available at the time of publication.",... ,... , ...,"Children estimates were not available at the time of publication.",... ,... , ...,"Children estimates were not available at the time of publication.",... ,... , ...,"Children estimates were not available at the time of publication.",... ,... , ...,"Children estimates were not available at the time of publication.",... ,... , ...,"Children estimates were not available at the time of publication.",... ,... , ...,"Children estimates were not available at the time of publication.",... ,... , ...,"Children estimates were not available at the time of publication.",... ,... , ...,"Children estimates were not available at the time of publication.",... ,... , ...,"Children estimates were not available at the time of publication.",... ,... , ...,"Children estimates were not available at the time of publication.",... ,... , ...,"Children estimates were not available at the time of publication.",... ,... , ...,"Children estimates were not available at the time of publication.",... ,... , ...,"Children estimates were not available at the time of publication.",... ,... , ...,"Children estimates were not available at the time of publication.",... ,... , ...,"Children estimates were not available at the time of publication."
Tajikistan,<100 ,<100 , <100,,<100 ,<100 , <100,,<100 ,<100 , <100,,<100 ,<100 , <100,,<100 ,<100 , <100,,<100 ,<100 , <100,,<100 ,<100 , <100,,<100 ,<100 , <100,,<100 ,<100 , <100,,<100 ,<100 , <200,,<200 ,<200 , <200,,<200 ,<200 , <200,,<200 ,<200 , <200,,<500 ,<500 , <500,,<500 ,<500 , <500,,<500 ,<500 , <500,,<500 ,<500 , <500,,<500 ,<500 , <500,,<500 ,<500 , <500,,<500 ,<500 , <500,,510 ,<500 , 540,,560 ,520 , 590,,600 ,570 , 630,,640 ,610 , 670,,670 ,640 , 700,,720 ,700 , 760,,760 ,730 , 790,,790 ,760 , 820,,790 ,770 , 830,,810 ,780 , 840,,800 ,760 , 830,,770 ,740 , 810,,730 ,690 , 770,,680 ,630 , 720,,620 ,580 , 660,
Thailand,1600 ,1300 , 1900,,3100 ,2600 , 3700,,5100 ,4300 , 6000,,7400 ,6100 , 8700,,9700 ,8200 , 11 000,,12 000 ,10 000 , 14 000,,15 000 ,13 000 , 18 000,,18 000 ,15 000 , 20 000,,20 000 ,17 000 , 23 000,,22 000 ,19 000 , 26 000,,24 000 ,20 000 , 28 000,,25 000 ,21 000 , 28 000,,25 000 ,21 000 , 29 000,,25 000 ,21 000 , 30 000,,24 000 ,20 000 , 29 000,,23 000 ,19 000 , 27 000,,22 000 ,19 000 , 26 000,,21 000 ,18 000 , 25 000,,20 000 ,17 000 , 23 000,,18 000 ,15 000 , 22 000,,17 000 ,14 000 , 20 000,,15 000 ,13 000 , 18 000,,14 000 ,12 000 , 16 000,,12 000 ,10 000 , 15 000,,11 000 ,8900 , 13 000,,9100 ,7500 , 11 000,,7600 ,6200 , 9100,,6200 ,5100 , 7500,,5000 ,4100 , 5900,,4200 ,3500 , 4900,,3500 ,2900 , 4100,,2900 ,2400 , 3400,,2200 ,1900 , 2600,,1700 ,1400 , 1900,,1200 ,1000 , 1400,
Timor-Leste,... ,... , ...,"Children estimates were not available at the time of publication.",... ,... , ...,"Children estimates were not available at the time of publication.",... ,... , ...,"Children estimates were not available at the time of publication.",... ,... , ...,"Children estimates were not available at the time of publication.",... ,... , ...,"Children estimates were not available at the time of publication.",... ,... , ...,"Children estimates were not available at the time of publication.",... ,... , ...,"Children estimates were not available at the time of publication.",... ,... , ...,"Children estimates were not available at the time of publication.",... ,... , ...,"Children estimates were not available at the time of publication.",... ,... , ...,"Children estimates were not available at the time of publication.",... ,... , ...,"Children estimates were not available at the time of publication.",... ,... , ...,"Children estimates were not available at the time of publication.",... ,... , ...,"Children estimates were not available at the time of publication.",... ,... , ...,"Children estimates were not available at the time of publication.",... ,... , ...,"Children estimates were not available at the time of publication.",... ,... , ...,"Children estimates were not available at the time of publication.",... ,... , ...,"Children estimates were not available at the time of publication.",... ,... , ...,"Children estimates were not available at the time of publication.",... ,... , ...,"Children estimates were not available at the time of publication.",... ,... , ...,"Children estimates were not available at the time of publication.",... ,... , ...,"Children estimates were not available at the time of publication.",... ,... , ...,"Children estimates were not available at the time of publication.",... ,... , ...,"Children estimates were not available at the time of publication.",... ,... , ...,"Children estimates were not available at the time of publication.",... ,... , ...,"Children estimates were not available at the time of publication.",... ,... , ...,"Children estimates were not available at the time of publication.",... ,... , ...,"Children estimates were not available at the time of publication.",... ,... , ...,"Children estimates were not available at the time of publication.",... ,... , ...,"Children estimates were not available at the time of publication.",... ,... , ...,"Children estimates were not available at the time of publication.",... ,... , ...,"Children estimates were not available at the time of publication.",... ,... , ...,"Children estimates were not available at the time of publication.",... ,... , ...,"Children estimates were not available at the time of publication.",... ,... , ...,"Children estimates were not available at the time of publication.",... ,... , ...,"Children estimates were not available at the time of publication."
Togo,1300 ,890 , 1900,,1800 ,1200 , 2500,,2500 ,1800 , 3300,,3000 ,2200 , 3900,,3900 ,2900 , 5100,,4900 ,3700 , 6300,,6100 ,4500 , 7700,,7200 ,5500 , 8900,,8300 ,6500 , 10 000,,9400 ,7400 , 12 000,,10 000 ,8200 , 13 000,,11 000 ,9000 , 14 000,,12 000 ,9600 , 15 000,,13 000 ,10 000 , 16 000,,14 000 ,11 000 , 17 000,,14 000 ,11 000 , 17 000,,14 000 ,12 000 , 18 000,,15 000 ,12 000 , 18 000,,15 000 ,12 000 , 18 000,,15 000 ,12 000 , 18 000,,14 000 ,12 000 , 18 000,,14 000 ,11 000 , 17 000,,12 000 ,9900 , 15 000,,11 000 ,8900 , 14 000,,10 000 ,8100 , 13 000,,9800 ,7700 , 12 000,,9200 ,7300 , 12 000,,8700 ,7000 , 11 000,,8100 ,6400 , 10 000,,7500 ,5900 , 9900,,7100 ,5400 , 9300,,6700 ,5000 , 9000,,6300 ,4700 , 8600,,5900 ,4300 , 8200,,5500 ,3900 , 7700,
Tonga,... ,... , ...,,... ,... , ...,,... ,... , ...,,... ,... , ...,,... ,... , ...,,... ,... , ...,,... ,... , ...,,... ,... , ...,,... ,... , ...,,... ,... , ...,,... ,... , ...,,... ,... , ...,,... ,... , ...,,... ,... , ...,,... ,... , ...,,... ,... , ...,,... ,... , ...,,... ,... , ...,,... ,... , ...,,... ,... , ...,,... ,... , ...,,... ,... , ...,,... ,... , ...,,... ,... , ...,,... ,... , ...,,... ,... , ...,,... ,... , ...,,... ,... , ...,,... ,... , ...,,... ,... , ...,,... ,... , ...,,... ,... , ...,,... ,... , ...,,... ,... , ...,,... ,... , ...,
Trinidad and Tobago,... ,... , ...,"Estimates were not available at the time of publication.",... ,... , ...,"Estimates were not available at the time of publication.",... ,... , ...,"Estimates were not available at the time of publication.",... ,... , ...,"Estimates were not available at the time of publication.",... ,... , ...,"Estimates were not available at the time of publication.",... ,... , ...,"Estimates were not available at the time of publication.",... ,... , ...,"Estimates were not available at the time of publication.",... ,... , ...,"Estimates were not available at the time of publication.",... ,... , ...,"Estimates were not available at the time of publication.",... ,... , ...,"Estimates were not available at the time of publication.",... ,... , ...,"Estimates were not available at the time of publication.",... ,... , ...,"Estimates were not available at the time of publication.",... ,... , ...,"Estimates were not available at the time of publication.",... ,... , ...,"Estimates were not available at the time of publication.",... ,... , ...,"Estimates were not available at the time of publication.",... ,... , ...,"Estimates were not available at the time of publication.",... ,... , ...,"Estimates were not available at the time of publication.",... ,... , ...,"Estimates were not available at the time of publication.",... ,... , ...,"Estimates were not available at the time of publication.",... ,... , ...,"Estimates were not available at the time of publication.",... ,... , ...,"Estimates were not available at the time of publication.",... ,... , ...,"Estimates were not available at the time of publication.",... ,... , ...,"Estimates were not available at the time of publication.",... ,... , ...,"Estimates were not available at the time of publication.",... ,... , ...,"Estimates were not available at the time of publication.",... ,... , ...,"Estimates were not available at the time of publication.",... ,... , ...,"Estimates were not available at the time of publication.",... ,... , ...,"Estimates were not available at the time of publication.",... ,... , ...,"Estimates were not available at the time of publication.",... ,... , ...,"Estimates were not available at the time of publication.",... ,... , ...,"Estimates were not available at the time of publication.",... ,... , ...,"Estimates were not available at the time of publication.",... ,... , ...,"Estimates were not available at the time of publication.",... ,... , ...,"Estimates were not available at the time of publication.",... ,... , ...,"Estimates were not available at the time of publication."
Tunisia,<100 ,<100 , <100,,<100 ,<100 , <100,,<100 ,<100 , <100,,<100 ,<100 , <100,,<100 ,<100 , <100,,<100 ,<100 , <200,,<100 ,<100 , <200,,<100 ,<100 , <200,,<100 ,<100 , <200,,<100 ,<100 , <200,,<100 ,<100 , <200,,<100 ,<100 , <200,,<100 ,<100 , <200,,<100 ,<100 , <500,,<100 ,<100 , <500,,<100 ,<100 , <500,,<100 ,<100 , <500,,<100 ,<100 , <500,,<200 ,<100 , <500,,<200 ,<100 , <500,,<200 ,<100 , <500,,<200 ,<100 , <500,,<200 ,<100 , <500,,<200 ,<100 , <500,,<200 ,<200 , <500,,<200 ,<200 , <500,,<200 ,<200 , <500,,<200 ,<200 , <500,,<200 ,<200 , <500,,<200 ,<200 , <500,,<200 ,<200 , <500,,<200 ,<200 , <500,,<200 ,<200 , <500,,<200 ,<200 , <500,,<200 ,<200 , <500,
Turkmenistan,... ,... , ...,"Estimates were not available at the time of publication.",... ,... , ...,"Estimates were not available at the time of publication.",... ,... , ...,"Estimates were not available at the time of publication.",... ,... , ...,"Estimates were not available at the time of publication.",... ,... , ...,"Estimates were not available at the time of publication.",... ,... , ...,"Estimates were not available at the time of publication.",... ,... , ...,"Estimates were not available at the time of publication.",... ,... , ...,"Estimates were not available at the time of publication.",... ,... , ...,"Estimates were not available at the time of publication.",... ,... , ...,"Estimates were not available at the time of publication.",... ,... , ...,"Estimates were not available at the time of publication.",... ,... , ...,"Estimates were not available at the time of publication.",... ,... , ...,"Estimates were not available at the time of publication.",... ,... , ...,"Estimates were not available at the time of publication.",... ,... , ...,"Estimates were not available at the time of publication.",... ,... , ...,"Estimates were not available at the time of publication.",... ,... , ...,"Estimates were not available at the time of publication.",... ,... , ...,"Estimates were not available at the time of publication.",... ,... , ...,"Estimates were not available at the time of publication.",... ,... , ...,"Estimates were not available at the time of publication.",... ,... , ...,"Estimates were not available at the time of publication.",... ,... , ...,"Estimates were not available at the time of publication.",... ,... , ...,"Estimates were not available at the time of publication.",... ,... , ...,"Estimates were not available at the time of publication.",... ,... , ...,"Estimates were not available at the time of publication.",... ,... , ...,"Estimates were not available at the time of publication.",... ,... , ...,"Estimates were not available at the time of publication.",... ,... , ...,"Estimates were not available at the time of publication.",... ,... , ...,"Estimates were not available at the time of publication.",... ,... , ...,"Estimates were not available at the time of publication.",... ,... , ...,"Estimates were not available at the time of publication.",... ,... , ...,"Estimates were not available at the time of publication.",... ,... , ...,"Estimates were not available at the time of publication.",... ,... , ...,"Estimates were not available at the time of publication.",... ,... , ...,"Estimates were not available at the time of publication."
Tuvalu,... ,... , ...,"Estimates were not available at the time of publication.",... ,... , ...,"Estimates were not available at the time of publication.",... ,... , ...,"Estimates were not available at the time of publication.",... ,... , ...,"Estimates were not available at the time of publication.",... ,... , ...,"Estimates were not available at the time of publication.",... ,... , ...,"Estimates were not available at the time of publication.",... ,... , ...,"Estimates were not available at the time of publication.",... ,... , ...,"Estimates were not available at the time of publication.",... ,... , ...,"Estimates were not available at the time of publication.",... ,... , ...,"Estimates were not available at the time of publication.",... ,... , ...,"Estimates were not available at the time of publication.",... ,... , ...,"Estimates were not available at the time of publication.",... ,... , ...,"Estimates were not available at the time of publication.",... ,... , ...,"Estimates were not available at the time of publication.",... ,... , ...,"Estimates were not available at the time of publication.",... ,... , ...,"Estimates were not available at the time of publication.",... ,... , ...,"Estimates were not available at the time of publication.",... ,... , ...,"Estimates were not available at the time of publication.",... ,... , ...,"Estimates were not available at the time of publication.",... ,... , ...,"Estimates were not available at the time of publication.",... ,... , ...,"Estimates were not available at the time of publication.",... ,... , ...,"Estimates were not available at the time of publication.",... ,... , ...,"Estimates were not available at the time of publication.",... ,... , ...,"Estimates were not available at the time of publication.",... ,... , ...,"Estimates were not available at the time of publication.",... ,... , ...,"Estimates were not available at the time of publication.",... ,... , ...,"Estimates were not available at the time of publication.",... ,... , ...,"Estimates were not available at the time of publication.",... ,... , ...,"Estimates were not available at the time of publication.",... ,... , ...,"Estimates were not available at the time of publication.",... ,... , ...,"Estimates were not available at the time of publication.",... ,... , ...,"Estimates were not available at the time of publication.",... ,... , ...,"Estimates were not available at the time of publication.",... ,... , ...,"Estimates were not available at the time of publication.",... ,... , ...,"Estimates were not available at the time of publication."
Türkiye,... ,... , ...,"Estimates were not available at the time of publication.",... ,... , ...,"Estimates were not available at the time of publication.",... ,... , ...,"Estimates were not available at the time of publication.",... ,... , ...,"Estimates were not available at the time of publication.",... ,... , ...,"Estimates were not available at the time of publication.",... ,... , ...,"Estimates were not available at the time of publication.",... ,... , ...,"Estimates were not available at the time of publication.",... ,... , ...,"Estimates were not available at the time of publication.",... ,... , ...,"Estimates were not available at the time of publication.",... ,... , ...,"Estimates were not available at the time of publication.",... ,... , ...,"Estimates were not available at the time of publication.",... ,... , ...,"Estimates were not available at the time of publication.",... ,... , ...,"Estimates were not available at the time of publication.",... ,... , ...,"Estimates were not available at the time of publication.",... ,... , ...,"Estimates were not available at the time of publication.",... ,... , ...,"Estimates were not available at the time of publication.",... ,... , ...,"Estimates were not available at the time of publication.",... ,... , ...,"Estimates were not available at the time of publication.",... ,... , ...,"Estimates were not available at the time of publication.",... ,... , ...,"Estimates were not available at the time of publication.",... ,... , ...,"Estimates were not available at the time of publication.",... ,... , ...,"Estimates were not available at the time of publication.",... ,... , ...,"Estimates were not available at the time of publication.",... ,... , ...,"Estimates were not available at the time of publication.",... ,... , ...,"Estimates were not available at the time of publication.",... ,... , ...,"Estimates were not available at the time of publication.",... ,... , ...,"Estimates were not available at the time of publication.",... ,... , ...,"Estimates were not available at the time of publication.",... ,... , ...,"Estimates were not available at the time of publication.",... ,... , ...,"Estimates were not available at the time of publication.",... ,... , ...,"Estimates were not available at the time of publication.",... ,... , ...,"Estimates were not available at the time of publication.",... ,... , ...,"Estimates were not available at the time of publication.",... ,... , ...,"Estimates were not available at the time of publication.",... ,... , ...,"Estimates were not available at the time of publication."
Uganda,98 000 ,83 000 , 110 000,,110 000 ,93 000 , 120 000,,120 000 ,100 000 , 130 000,,130 000 ,110 000 , 140 000,,140 000 ,120 000 , 150 000,,140 000 ,120 000 , 160 000,,150 000 ,130 000 , 170 000,,150 000 ,140 000 , 170 000,,160 000 ,140 000 , 170 000,,160 000 ,140 000 , 180 000,,160 000 ,140 000 , 180 000,,160 000 ,140 000 , 180 000,,160 000 ,140 000 , 180 000,,160 000 ,140 000 , 170 000,,160 000 ,140 000 , 170 000,,160 000 ,140 000 , 170 000,,160 000 ,140 000 , 170 000,,150 000 ,140 000 , 170 000,,150 000 ,130 000 , 160 000,,150 000 ,130 000 , 160 000,,140 000 ,130 000 , 150 000,,140 000 ,120 000 , 150 000,,130 000 ,120 000 , 140 000,,130 000 ,110 000 , 140 000,,120 000 ,110 000 , 130 000,,120 000 ,110 000 , 130 000,,120 000 ,110 000 , 120 000,,110 000 ,100 000 , 120 000,,110 000 ,98 000 , 120 000,,100 000 ,93 000 , 110 000,,95 000 ,88 000 , 100 000,,89 000 ,82 000 , 96 000,,83 000 ,77 000 , 91 000,,77 000 ,72 000 , 85 000,,71 000 ,66 000 , 77 000,
Ukraine,... ,... , ...,"Estimates were not available at the time of publication.",... ,... , ...,"Estimates were not available at the time of publication.",... ,... , ...,"Estimates were not available at the time of publication.",... ,... , ...,"Estimates were not available at the time of publication.",... ,... , ...,"Estimates were not available at the time of publication.",... ,... , ...,"Estimates were not available at the time of publication.",... ,... , ...,"Estimates were not available at the time of publication.",... ,... , ...,"Estimates were not available at the time of publication.",... ,... , ...,"Estimates were not available at the time of publication.",... ,... , ...,"Estimates were not available at the time of publication.",... ,... , ...,"Estimates were not available at the time of publication.",... ,... , ...,"Estimates were not available at the time of publication.",... ,... , ...,"Estimates were not available at the time of publication.",... ,... , ...,"Estimates were not available at the time of publication.",... ,... , ...,"Estimates were not available at the time of publication.",... ,... , ...,"Estimates were not available at the time of publication.",... ,... , ...,"Estimates were not available at the time of publication.",... ,... , ...,"Estimates were not available at the time of publication.",... ,... , ...,"Estimates were not available at the time of publication.",... ,... , ...,"Estimates were not available at the time of publication.",... ,... , ...,"Estimates were not available at the time of publication.",... ,... , ...,"Estimates were not available at the time of publication.",... ,... , ...,"Estimates were not available at the time of publication.",... ,... , ...,"Estimates were not available at the time of publication.",... ,... , ...,"Estimates were not available at the time of publication.",... ,... , ...,"Estimates were not available at the time of publication.",... ,... , ...,"Estimates were not available at the time of publication.",... ,... , ...,"Estimates were not available at the time of publication.",... ,... , ...,"Estimates were not available at the time of publication.",... ,... , ...,"Estimates were not available at the time of publication.",... ,... , ...,"Estimates were not available at the time of publication.",... ,... , ...,"Estimates were not available at the time of publication.",... ,... , ...,"Estimates were not available at the time of publication.",... ,... , ...,"Estimates were not available at the time of publication.",... ,... , ...,"Estimates were not available at the time of publication."
United Arab Emirates,... ,... , ...,"Children estimates were not available at the time of publication.",... ,... , ...,"Children estimates were not available at the time of publication.",... ,... , ...,"Children estimates were not available at the time of publication.",... ,... , ...,"Children estimates were not available at the time of publication.",... ,... , ...,"Children estimates were not available at the time of publication.",... ,... , ...,"Children estimates were not available at the time of publication.",... ,... , ...,"Children estimates were not available at the time of publication.",... ,... , ...,"Children estimates were not available at the time of publication.",... ,... , ...,"Children estimates were not available at the time of publication.",... ,... , ...,"Children estimates were not available at the time of publication.",... ,... , ...,"Children estimates were not available at the time of publication.",... ,... , ...,"Children estimates were not available at the time of publication.",... ,... , ...,"Children estimates were not available at the time of publication.",... ,... , ...,"Children estimates were not available at the time of publication.",... ,... , ...,"Children estimates were not available at the time of publication.",... ,... , ...,"Children estimates were not available at the time of publication.",... ,... , ...,"Children estimates were not available at the time of publication.",... ,... , ...,"Children estimates were not available at the time of publication.",... ,... , ...,"Children estimates were not available at the time of publication.",... ,... , ...,"Children estimates were not available at the time of publication.",... ,... , ...,"Children estimates were not available at the time of publication.",... ,... , ...,"Children estimates were not available at the time of publication.",... ,... , ...,"Children estimates were not available at the time of publication.",... ,... , ...,"Children estimates were not available at the time of publication.",... ,... , ...,"Children estimates were not available at the time of publication.",... ,... , ...,"Children estimates were not available at the time of publication.",... ,... , ...,"Children estimates were not available at the time of publication.",... ,... , ...,"Children estimates were not available at the time of publication.",... ,... , ...,"Children estimates were not available at the time of publication.",... ,... , ...,"Children estimates were not available at the time of publication.",... ,... , ...,"Children estimates were not available at the time of publication.",... ,... , ...,"Children estimates were not available at the time of publication.",... ,... , ...,"Children estimates were not available at the time of publication.",... ,... , ...,"Children estimates were not available at the time of publication.",... ,... , ...,"Children estimates were not available at the time of publication."
United Kingdom,... ,... , ...,"Numbers are estimated by UNAIDS using the Spectrum model, based on the official national estimates (accessed May 2025). Any differences are within uncertainty margins of both sets of estimates, reflecting methodologies and assumptions. (https://www.gov.uk/government/statistics/hiv-annual-data-tables).",... ,... , ...,"Numbers are estimated by UNAIDS using the Spectrum model, based on the official national estimates (accessed May 2025). Any differences are within uncertainty margins of both sets of estimates, reflecting methodologies and assumptions. (https://www.gov.uk/government/statistics/hiv-annual-data-tables).",... ,... , ...,"Numbers are estimated by UNAIDS using the Spectrum model, based on the official national estimates (accessed May 2025). Any differences are within uncertainty margins of both sets of estimates, reflecting methodologies and assumptions. (https://www.gov.uk/government/statistics/hiv-annual-data-tables).",... ,... , ...,"Numbers are estimated by UNAIDS using the Spectrum model, based on the official national estimates (accessed May 2025). Any differences are within uncertainty margins of both sets of estimates, reflecting methodologies and assumptions. (https://www.gov.uk/government/statistics/hiv-annual-data-tables).",... ,... , ...,"Numbers are estimated by UNAIDS using the Spectrum model, based on the official national estimates (accessed May 2025). Any differences are within uncertainty margins of both sets of estimates, reflecting methodologies and assumptions. (https://www.gov.uk/government/statistics/hiv-annual-data-tables).",... ,... , ...,"Numbers are estimated by UNAIDS using the Spectrum model, based on the official national estimates (accessed May 2025). Any differences are within uncertainty margins of both sets of estimates, reflecting methodologies and assumptions. (https://www.gov.uk/government/statistics/hiv-annual-data-tables).",... ,... , ...,"Numbers are estimated by UNAIDS using the Spectrum model, based on the official national estimates (accessed May 2025). Any differences are within uncertainty margins of both sets of estimates, reflecting methodologies and assumptions. (https://www.gov.uk/government/statistics/hiv-annual-data-tables).",... ,... , ...,"Numbers are estimated by UNAIDS using the Spectrum model, based on the official national estimates (accessed May 2025). Any differences are within uncertainty margins of both sets of estimates, reflecting methodologies and assumptions. (https://www.gov.uk/government/statistics/hiv-annual-data-tables).",... ,... , ...,"Numbers are estimated by UNAIDS using the Spectrum model, based on the official national estimates (accessed May 2025). Any differences are within uncertainty margins of both sets of estimates, reflecting methodologies and assumptions. (https://www.gov.uk/government/statistics/hiv-annual-data-tables).",... ,... , ...,"Numbers are estimated by UNAIDS using the Spectrum model, based on the official national estimates (accessed May 2025). Any differences are within uncertainty margins of both sets of estimates, reflecting methodologies and assumptions. (https://www.gov.uk/government/statistics/hiv-annual-data-tables).",... ,... , ...,"Numbers are estimated by UNAIDS using the Spectrum model, based on the official national estimates (accessed May 2025). Any differences are within uncertainty margins of both sets of estimates, reflecting methodologies and assumptions. (https://www.gov.uk/government/statistics/hiv-annual-data-tables).",... ,... , ...,"Numbers are estimated by UNAIDS using the Spectrum model, based on the official national estimates (accessed May 2025). Any differences are within uncertainty margins of both sets of estimates, reflecting methodologies and assumptions. (https://www.gov.uk/government/statistics/hiv-annual-data-tables).",... ,... , ...,"Numbers are estimated by UNAIDS using the Spectrum model, based on the official national estimates (accessed May 2025). Any differences are within uncertainty margins of both sets of estimates, reflecting methodologies and assumptions. (https://www.gov.uk/government/statistics/hiv-annual-data-tables).",... ,... , ...,"Numbers are estimated by UNAIDS using the Spectrum model, based on the official national estimates (accessed May 2025). Any differences are within uncertainty margins of both sets of estimates, reflecting methodologies and assumptions. (https://www.gov.uk/government/statistics/hiv-annual-data-tables).",... ,... , ...,"Numbers are estimated by UNAIDS using the Spectrum model, based on the official national estimates (accessed May 2025). Any differences are within uncertainty margins of both sets of estimates, reflecting methodologies and assumptions. (https://www.gov.uk/government/statistics/hiv-annual-data-tables).",... ,... , ...,"Numbers are estimated by UNAIDS using the Spectrum model, based on the official national estimates (accessed May 2025). Any differences are within uncertainty margins of both sets of estimates, reflecting methodologies and assumptions. (https://www.gov.uk/government/statistics/hiv-annual-data-tables).",... ,... , ...,"Numbers are estimated by UNAIDS using the Spectrum model, based on the official national estimates (accessed May 2025). Any differences are within uncertainty margins of both sets of estimates, reflecting methodologies and assumptions. (https://www.gov.uk/government/statistics/hiv-annual-data-tables).",... ,... , ...,"Numbers are estimated by UNAIDS using the Spectrum model, based on the official national estimates (accessed May 2025). Any differences are within uncertainty margins of both sets of estimates, reflecting methodologies and assumptions. (https://www.gov.uk/government/statistics/hiv-annual-data-tables).",... ,... , ...,"Numbers are estimated by UNAIDS using the Spectrum model, based on the official national estimates (accessed May 2025). Any differences are within uncertainty margins of both sets of estimates, reflecting methodologies and assumptions. (https://www.gov.uk/government/statistics/hiv-annual-data-tables).",... ,... , ...,"Numbers are estimated by UNAIDS using the Spectrum model, based on the official national estimates (accessed May 2025). Any differences are within uncertainty margins of both sets of estimates, reflecting methodologies and assumptions. (https://www.gov.uk/government/statistics/hiv-annual-data-tables).",... ,... , ...,"Numbers are estimated by UNAIDS using the Spectrum model, based on the official national estimates (accessed May 2025). Any differences are within uncertainty margins of both sets of estimates, reflecting methodologies and assumptions. (https://www.gov.uk/government/statistics/hiv-annual-data-tables).",... ,... , ...,"Numbers are estimated by UNAIDS using the Spectrum model, based on the official national estimates (accessed May 2025). Any differences are within uncertainty margins of both sets of estimates, reflecting methodologies and assumptions. (https://www.gov.uk/government/statistics/hiv-annual-data-tables).",... ,... , ...,"Numbers are estimated by UNAIDS using the Spectrum model, based on the official national estimates (accessed May 2025). Any differences are within uncertainty margins of both sets of estimates, reflecting methodologies and assumptions. (https://www.gov.uk/government/statistics/hiv-annual-data-tables).",... ,... , ...,"Numbers are estimated by UNAIDS using the Spectrum model, based on the official national estimates (accessed May 2025). Any differences are within uncertainty margins of both sets of estimates, reflecting methodologies and assumptions. (https://www.gov.uk/government/statistics/hiv-annual-data-tables).",... ,... , ...,"Numbers are estimated by UNAIDS using the Spectrum model, based on the official national estimates (accessed May 2025). Any differences are within uncertainty margins of both sets of estimates, reflecting methodologies and assumptions. (https://www.gov.uk/government/statistics/hiv-annual-data-tables).",... ,... , ...,"Numbers are estimated by UNAIDS using the Spectrum model, based on the official national estimates (accessed May 2025). Any differences are within uncertainty margins of both sets of estimates, reflecting methodologies and assumptions. (https://www.gov.uk/government/statistics/hiv-annual-data-tables).",... ,... , ...,"Numbers are estimated by UNAIDS using the Spectrum model, based on the official national estimates (accessed May 2025). Any differences are within uncertainty margins of both sets of estimates, reflecting methodologies and assumptions. (https://www.gov.uk/government/statistics/hiv-annual-data-tables).",... ,... , ...,"Numbers are estimated by UNAIDS using the Spectrum model, based on the official national estimates (accessed May 2025). Any differences are within uncertainty margins of both sets of estimates, reflecting methodologies and assumptions. (https://www.gov.uk/government/statistics/hiv-annual-data-tables).",... ,... , ...,"Numbers are estimated by UNAIDS using the Spectrum model, based on the official national estimates (accessed May 2025). Any differences are within uncertainty margins of both sets of estimates, reflecting methodologies and assumptions. (https://www.gov.uk/government/statistics/hiv-annual-data-tables).",... ,... , ...,"Numbers are estimated by UNAIDS using the Spectrum model, based on the official national estimates (accessed May 2025). Any differences are within uncertainty margins of both sets of estimates, reflecting methodologies and assumptions. (https://www.gov.uk/government/statistics/hiv-annual-data-tables).",... ,... , ...,"Numbers are estimated by UNAIDS using the Spectrum model, based on the official national estimates (accessed May 2025). Any differences are within uncertainty margins of both sets of estimates, reflecting methodologies and assumptions. (https://www.gov.uk/government/statistics/hiv-annual-data-tables).",... ,... , ...,"Numbers are estimated by UNAIDS using the Spectrum model, based on the official national estimates (accessed May 2025). Any differences are within uncertainty margins of both sets of estimates, reflecting methodologies and assumptions. (https://www.gov.uk/government/statistics/hiv-annual-data-tables).",... ,... , ...,"Numbers are estimated by UNAIDS using the Spectrum model, based on the official national estimates (accessed May 2025). Any differences are within uncertainty margins of both sets of estimates, reflecting methodologies and assumptions. (https://www.gov.uk/government/statistics/hiv-annual-data-tables).",... ,... , ...,"Numbers are estimated by UNAIDS using the Spectrum model, based on the official national estimates (accessed May 2025). Any differences are within uncertainty margins of both sets of estimates, reflecting methodologies and assumptions. (https://www.gov.uk/government/statistics/hiv-annual-data-tables).",... ,... , ...,"Numbers are estimated by UNAIDS using the Spectrum model, based on the official national estimates (accessed May 2025). Any differences are within uncertainty margins of both sets of estimates, reflecting methodologies and assumptions. (https://www.gov.uk/government/statistics/hiv-annual-data-tables)."
United Republic of Tanzania,52 000 ,43 000 , 63 000,,63 000 ,53 000 , 74 000,,75 000 ,63 000 , 86 000,,86 000 ,74 000 , 99 000,,98 000 ,85 000 , 110 000,,110 000 ,95 000 , 120 000,,120 000 ,100 000 , 130 000,,130 000 ,110 000 , 140 000,,140 000 ,120 000 , 150 000,,150 000 ,130 000 , 160 000,,150 000 ,140 000 , 170 000,,160 000 ,140 000 , 170 000,,160 000 ,150 000 , 180 000,,170 000 ,150 000 , 180 000,,170 000 ,150 000 , 180 000,,170 000 ,150 000 , 180 000,,170 000 ,150 000 , 180 000,,160 000 ,140 000 , 170 000,,160 000 ,140 000 , 170 000,,150 000 ,130 000 , 160 000,,140 000 ,130 000 , 160 000,,140 000 ,120 000 , 150 000,,130 000 ,110 000 , 140 000,,120 000 ,110 000 , 130 000,,110 000 ,100 000 , 120 000,,110 000 ,98 000 , 120 000,,110 000 ,93 000 , 120 000,,100 000 ,88 000 , 110 000,,95 000 ,83 000 , 100 000,,89 000 ,77 000 , 99 000,,83 000 ,72 000 , 94 000,,79 000 ,68 000 , 89 000,,75 000 ,64 000 , 86 000,,71 000 ,59 000 , 81 000,,67 000 ,56 000 , 77 000,
United States,... ,... , ...,"Estimates were not available at the time of publication.",... ,... , ...,"Estimates were not available at the time of publication.",... ,... , ...,"Estimates were not available at the time of publication.",... ,... , ...,"Estimates were not available at the time of publication.",... ,... , ...,"Estimates were not available at the time of publication.",... ,... , ...,"Estimates were not available at the time of publication.",... ,... , ...,"Estimates were not available at the time of publication.",... ,... , ...,"Estimates were not available at the time of publication.",... ,... , ...,"Estimates were not available at the time of publication.",... ,... , ...,"Estimates were not available at the time of publication.",... ,... , ...,"Estimates were not available at the time of publication.",... ,... , ...,"Estimates were not available at the time of publication.",... ,... , ...,"Estimates were not available at the time of publication.",... ,... , ...,"Estimates were not available at the time of publication.",... ,... , ...,"Estimates were not available at the time of publication.",... ,... , ...,"Estimates were not available at the time of publication.",... ,... , ...,"Estimates were not available at the time of publication.",... ,... , ...,"Estimates were not available at the time of publication.",... ,... , ...,"Estimates were not available at the time of publication.",... ,... , ...,"Estimates were not available at the time of publication.",... ,... , ...,"Estimates were not available at the time of publication.",... ,... , ...,"Estimates were not available at the time of publication.",... ,... , ...,"Estimates were not available at the time of publication.",... ,... , ...,"Estimates were not available at the time of publication.",... ,... , ...,"Estimates were not available at the time of publication.",... ,... , ...,"Estimates were not available at the time of publication.",... ,... , ...,"Estimates were not available at the time of publication.",... ,... , ...,"Estimates were not available at the time of publication.",... ,... , ...,"Estimates were not available at the time of publication.",... ,... , ...,"Estimates were not available at the time of publication.",... ,... , ...,"Estimates were not available at the time of publication.",... ,... , ...,"Estimates were not available at the time of publication.",... ,... , ...,"Estimates were not available at the time of publication.",... ,... , ...,"Estimates were not available at the time of publication.",... ,... , ...,"Estimates were not available at the time of publication."
Uruguay,... ,... , ...,"Estimates were not available at the time of publication.",... ,... , ...,"Estimates were not available at the time of publication.",... ,... , ...,"Estimates were not available at the time of publication.",... ,... , ...,"Estimates were not available at the time of publication.",... ,... , ...,"Estimates were not available at the time of publication.",... ,... , ...,"Estimates were not available at the time of publication.",... ,... , ...,"Estimates were not available at the time of publication.",... ,... , ...,"Estimates were not available at the time of publication.",... ,... , ...,"Estimates were not available at the time of publication.",... ,... , ...,"Estimates were not available at the time of publication.",... ,... , ...,"Estimates were not available at the time of publication.",... ,... , ...,"Estimates were not available at the time of publication.",... ,... , ...,"Estimates were not available at the time of publication.",... ,... , ...,"Estimates were not available at the time of publication.",... ,... , ...,"Estimates were not available at the time of publication.",... ,... , ...,"Estimates were not available at the time of publication.",... ,... , ...,"Estimates were not available at the time of publication.",... ,... , ...,"Estimates were not available at the time of publication.",... ,... , ...,"Estimates were not available at the time of publication.",... ,... , ...,"Estimates were not available at the time of publication.",... ,... , ...,"Estimates were not available at the time of publication.",... ,... , ...,"Estimates were not available at the time of publication.",... ,... , ...,"Estimates were not available at the time of publication.",... ,... , ...,"Estimates were not available at the time of publication.",... ,... , ...,"Estimates were not available at the time of publication.",... ,... , ...,"Estimates were not available at the time of publication.",... ,... , ...,"Estimates were not available at the time of publication.",... ,... , ...,"Estimates were not available at the time of publication.",... ,... , ...,"Estimates were not available at the time of publication.",... ,... , ...,"Estimates were not available at the time of publication.",... ,... , ...,"Estimates were not available at the time of publication.",... ,... , ...,"Estimates were not available at the time of publication.",... ,... , ...,"Estimates were not available at the time of publication.",... ,... , ...,"Estimates were not available at the time of publication.",... ,... , ...,"Estimates were not available at the time of publication."
Uzbekistan,... ,... , ...,"Estimates were not available at the time of publication.",... ,... , ...,"Estimates were not available at the time of publication.",... ,... , ...,"Estimates were not available at the time of publication.",... ,... , ...,"Estimates were not available at the time of publication.",... ,... , ...,"Estimates were not available at the time of publication.",... ,... , ...,"Estimates were not available at the time of publication.",... ,... , ...,"Estimates were not available at the time of publication.",... ,... , ...,"Estimates were not available at the time of publication.",... ,... , ...,"Estimates were not available at the time of publication.",... ,... , ...,"Estimates were not available at the time of publication.",... ,... , ...,"Estimates were not available at the time of publication.",... ,... , ...,"Estimates were not available at the time of publication.",... ,... , ...,"Estimates were not available at the time of publication.",... ,... , ...,"Estimates were not available at the time of publication.",... ,... , ...,"Estimates were not available at the time of publication.",... ,... , ...,"Estimates were not available at the time of publication.",... ,... , ...,"Estimates were not available at the time of publication.",... ,... , ...,"Estimates were not available at the time of publication.",... ,... , ...,"Estimates were not available at the time of publication.",... ,... , ...,"Estimates were not available at the time of publication.",... ,... , ...,"Estimates were not available at the time of publication.",... ,... , ...,"Estimates were not available at the time of publication.",... ,... , ...,"Estimates were not available at the time of publication.",... ,... , ...,"Estimates were not available at the time of publication.",... ,... , ...,"Estimates were not available at the time of publication.",... ,... , ...,"Estimates were not available at the time of publication.",... ,... , ...,"Estimates were not available at the time of publication.",... ,... , ...,"Estimates were not available at the time of publication.",... ,... , ...,"Estimates were not available at the time of publication.",... ,... , ...,"Estimates were not available at the time of publication.",... ,... , ...,"Estimates were not available at the time of publication.",... ,... , ...,"Estimates were not available at the time of publication.",... ,... , ...,"Estimates were not available at the time of publication.",... ,... , ...,"Estimates were not available at the time of publication.",... ,... , ...,"Estimates were not available at the time of publication."
Vanuatu,... ,... , ...,"Estimates were not available at the time of publication.",... ,... , ...,"Estimates were not available at the time of publication.",... ,... , ...,"Estimates were not available at the time of publication.",... ,... , ...,"Estimates were not available at the time of publication.",... ,... , ...,"Estimates were not available at the time of publication.",... ,... , ...,"Estimates were not available at the time of publication.",... ,... , ...,"Estimates were not available at the time of publication.",... ,... , ...,"Estimates were not available at the time of publication.",... ,... , ...,"Estimates were not available at the time of publication.",... ,... , ...,"Estimates were not available at the time of publication.",... ,... , ...,"Estimates were not available at the time of publication.",... ,... , ...,"Estimates were not available at the time of publication.",... ,... , ...,"Estimates were not available at the time of publication.",... ,... , ...,"Estimates were not available at the time of publication.",... ,... , ...,"Estimates were not available at the time of publication.",... ,... , ...,"Estimates were not available at the time of publication.",... ,... , ...,"Estimates were not available at the time of publication.",... ,... , ...,"Estimates were not available at the time of publication.",... ,... , ...,"Estimates were not available at the time of publication.",... ,... , ...,"Estimates were not available at the time of publication.",... ,... , ...,"Estimates were not available at the time of publication.",... ,... , ...,"Estimates were not available at the time of publication.",... ,... , ...,"Estimates were not available at the time of publication.",... ,... , ...,"Estimates were not available at the time of publication.",... ,... , ...,"Estimates were not available at the time of publication.",... ,... , ...,"Estimates were not available at the time of publication.",... ,... , ...,"Estimates were not available at the time of publication.",... ,... , ...,"Estimates were not available at the time of publication.",... ,... , ...,"Estimates were not available at the time of publication.",... ,... , ...,"Estimates were not available at the time of publication.",... ,... , ...,"Estimates were not available at the time of publication.",... ,... , ...,"Estimates were not available at the time of publication.",... ,... , ...,"Estimates were not available at the time of publication.",... ,... , ...,"Estimates were not available at the time of publication.",... ,... , ...,"Estimates were not available at the time of publication."
Venezuela (Bolivarian Republic of),<200 ,<200 , <500,,<500 ,<200 , <500,,<500 ,<500 , <500,,<500 ,<500 , <500,,<500 ,<500 , 560,,560 ,<500 , 670,,680 ,580 , 810,,820 ,710 , 970,,1000 ,870 , 1100,,1200 ,1000 , 1400,,1400 ,1300 , 1600,,1700 ,1400 , 1900,,2000 ,1700 , 2200,,2400 ,2100 , 2600,,2800 ,2400 , 3100,,3100 ,2800 , 3500,,3400 ,3100 , 3700,,3600 ,3300 , 3900,,3800 ,3500 , 4100,,3900 ,3600 , 4300,,4000 ,3700 , 4400,,4200 ,3900 , 4600,,4200 ,3900 , 4600,,4200 ,3900 , 4600,,4200 ,3900 , 4600,,4200 ,3800 , 4600,,4100 ,3800 , 4500,,4000 ,3700 , 4500,,3800 ,3500 , 4300,,3600 ,3200 , 4100,,3400 ,3000 , 3900,,3300 ,2900 , 3800,,3200 ,2700 , 3700,,3100 ,2600 , 3600,,2900 ,2400 , 3500,
Viet Nam,<100 ,<100 , <100,,<100 ,<100 , <100,,<100 ,<100 , <100,,<100 ,<100 , <100,,<200 ,<100 , <200,,<200 ,<200 , <200,,<500 ,<500 , <500,,<500 ,<500 , <500,,<500 ,<500 , 540,,590 ,<500 , 690,,750 ,630 , 880,,930 ,790 , 1100,,1100 ,950 , 1300,,1300 ,1100 , 1500,,1500 ,1300 , 1800,,1700 ,1400 , 1900,,1800 ,1500 , 2100,,1900 ,1500 , 2200,,2000 ,1700 , 2400,,2200 ,1800 , 2700,,2400 ,2000 , 2900,,2700 ,2200 , 3200,,2900 ,2400 , 3500,,3100 ,2600 , 3800,,3400 ,2800 , 4200,,3700 ,3000 , 4500,,3800 ,3100 , 4700,,3900 ,3200 , 4900,,4000 ,3200 , 4900,,4000 ,3200 , 4900,,4000 ,3200 , 4900,,3900 ,3200 , 4900,,3800 ,3100 , 4700,,3700 ,3000 , 4500,,3500 ,2800 , 4200,
Yemen,<100 ,<100 , <100,,<100 ,<100 , <100,,<100 ,<100 , <100,,<100 ,<100 , <100,,<100 ,<100 , <100,,<100 ,<100 , <100,,<100 ,<100 , <100,,<100 ,<100 , <100,,<100 ,<100 , <100,,<100 ,<100 , <100,,<100 ,<100 , <100,,<200 ,<100 , <200,,<200 ,<200 , <200,,<200 ,<200 , <200,,<200 ,<200 , <200,,<200 ,<200 , <500,,<500 ,<500 , <500,,<500 ,<500 , <500,,<500 ,<500 , <500,,<500 ,<500 , <500,,<500 ,<500 , <500,,<500 ,<500 , <500,,<500 ,<500 , <500,,<500 ,<500 , <500,,<500 ,<500 , 520,,530 ,500 , 560,,570 ,540 , 600,,610 ,580 , 650,,660 ,620 , 700,,710 ,670 , 740,,750 ,710 , 790,,800 ,750 , 850,,830 ,780 , 890,,870 ,810 , 940,,910 ,830 , 990,
Zambia,31 000 ,26 000 , 37 000,,39 000 ,33 000 , 45 000,,46 000 ,41 000 , 53 000,,54 000 ,48 000 , 62 000,,62 000 ,55 000 , 70 000,,70 000 ,62 000 , 78 000,,77 000 ,70 000 , 85 000,,84 000 ,76 000 , 93 000,,91 000 ,82 000 , 99 000,,97 000 ,87 000 , 110 000,,100 000 ,92 000 , 110 000,,110 000 ,96 000 , 120 000,,110 000 ,99 000 , 120 000,,110 000 ,100 000 , 120 000,,110 000 ,100 000 , 120 000,,110 000 ,100 000 , 120 000,,110 000 ,100 000 , 120 000,,110 000 ,99 000 , 120 000,,110 000 ,95 000 , 110 000,,100 000 ,92 000 , 110 000,,100 000 ,91 000 , 110 000,,98 000 ,89 000 , 110 000,,96 000 ,86 000 , 100 000,,93 000 ,84 000 , 100 000,,91 000 ,81 000 , 99 000,,89 000 ,79 000 , 98 000,,88 000 ,78 000 , 96 000,,86 000 ,75 000 , 94 000,,84 000 ,73 000 , 91 000,,79 000 ,69 000 , 87 000,,74 000 ,65 000 , 82 000,,71 000 ,62 000 , 79 000,,68 000 ,59 000 , 76 000,,64 000 ,56 000 , 72 000,,60 000 ,52 000 , 67 000,
Zimbabwe,64 000 ,53 000 , 75 000,,81 000 ,70 000 , 93 000,,99 000 ,86 000 , 110 000,,120 000 ,100 000 , 130 000,,130 000 ,120 000 , 140 000,,150 000 ,130 000 , 160 000,,160 000 ,150 000 , 180 000,,180 000 ,160 000 , 190 000,,200 000 ,180 000 , 210 000,,210 000 ,190 000 , 230 000,,220 000 ,200 000 , 240 000,,230 000 ,210 000 , 240 000,,230 000 ,210 000 , 250 000,,230 000 ,210 000 , 250 000,,230 000 ,210 000 , 240 000,,220 000 ,200 000 , 240 000,,220 000 ,200 000 , 240 000,,220 000 ,190 000 , 230 000,,210 000 ,190 000 , 220 000,,200 000 ,180 000 , 210 000,,190 000 ,160 000 , 200 000,,170 000 ,150 000 , 190 000,,160 000 ,140 000 , 180 000,,150 000 ,130 000 , 160 000,,140 000 ,120 000 , 160 000,,130 000 ,110 000 , 150 000,,120 000 ,100 000 , 140 000,,120 000 ,96 000 , 130 000,,110 000 ,89 000 , 120 000,,100 000 ,83 000 , 110 000,,93 000 ,75 000 , 100 000,,86 000 ,68 000 , 97 000,,79 000 ,62 000 , 89 000,,72 000 ,56 000 , 82 000,,64 000 ,50 000 , 74 000,
Global,650 000 ,530 000,830 000,,810 000 ,660 000,1 000 000,,990 000 ,810 000,1 300 000,,1 200 000 ,960 000,1 500 000,,1 400 000 ,1 100 000,1 700 000,,1 600 000 ,1 300 000,2 000 000,,1 800 000 ,1 400 000,2 300 000,,2 000 000 ,1 600 000,2 500 000,,2 100 000 ,1 800 000,2 700 000,,2 300 000 ,1 900 000,3 000 000,,2 500 000 ,2 000 000,3 200 000,,2 600 000 ,2 100 000,3 300 000,,2 700 000 ,2 200 000,3 500 000,,2 800 000 ,2 300 000,3 600 000,,2 900 000 ,2 300 000,3 600 000,,2 900 000 ,2 400 000,3 700 000,,2 900 000 ,2 400 000,3 700 000,,2 900 000 ,2 300 000,3 700 000,,2 800 000 ,2 300 000,3 600 000,,2 700 000 ,2 200 000,3 500 000,,2 700 000 ,2 200 000,3 400 000,,2 600 000 ,2 100 000,3 300 000,,2 500 000 ,2 000 000,3 200 000,,2 400 000 ,1 900 000,3 000 000,,2 300 000 ,1 900 000,2 900 000,,2 200 000 ,1 800 000,2 800 000,,2 100 000 ,1 700 000,2 700 000,,2 000 000 ,1 600 000,2 600 000,,1 900 000 ,1 600 000,2 500 000,,1 800 000 ,1 500 000,2 300 000,,1 700 000 ,1 400 000,2 200 000,,1 600 000 ,1 300 000,2 100 000,,1 600 000 ,1 300 000,2 000 000,,1 500 000 ,1 200 000,1 900 000,,1 400 000 ,1 100 000,1 800 000,