Country,1990,1990_lower, 1990_upper, 1990_Footnote, 1991,1991_lower, 1991_upper, 1991_Footnote, 1992,1992_lower, 1992_upper, 1992_Footnote, 1993,1993_lower, 1993_upper, 1993_Footnote, 1994,1994_lower, 1994_upper, 1994_Footnote, 1995,1995_lower, 1995_upper, 1995_Footnote, 1996,1996_lower, 1996_upper, 1996_Footnote, 1997,1997_lower, 1997_upper, 1997_Footnote, 1998,1998_lower, 1998_upper, 1998_Footnote, 1999,1999_lower, 1999_upper, 1999_Footnote, 2000,2000_lower, 2000_upper, 2000_Footnote, 2001,2001_lower, 2001_upper, 2001_Footnote, 2002,2002_lower, 2002_upper, 2002_Footnote, 2003,2003_lower, 2003_upper, 2003_Footnote, 2004,2004_lower, 2004_upper, 2004_Footnote, 2005,2005_lower, 2005_upper, 2005_Footnote, 2006,2006_lower, 2006_upper, 2006_Footnote, 2007,2007_lower, 2007_upper, 2007_Footnote, 2008,2008_lower, 2008_upper, 2008_Footnote, 2009,2009_lower, 2009_upper, 2009_Footnote, 2010,2010_lower, 2010_upper, 2010_Footnote, 2011,2011_lower, 2011_upper, 2011_Footnote, 2012,2012_lower, 2012_upper, 2012_Footnote, 2013,2013_lower, 2013_upper, 2013_Footnote, 2014,2014_lower, 2014_upper, 2014_Footnote, 2015,2015_lower, 2015_upper, 2015_Footnote, 2016,2016_lower, 2016_upper, 2016_Footnote, 2017,2017_lower, 2017_upper, 2017_Footnote, 2018,2018_lower, 2018_upper, 2018_Footnote, 2019,2019_lower, 2019_upper, 2019_Footnote, 2020,2020_lower, 2020_upper, 2020_Footnote, 2021,2021_lower, 2021_upper, 2021_Footnote, 2022,2022_lower, 2022_upper, 2022_Footnote, 2023,2023_lower, 2023_upper, 2023_Footnote, 2024,2024_lower, 2024_upper, 2024_Footnote
Afghanistan,<100 ,<100 , <100,,<100 ,<100 , <200,,<100 ,<100 , <200,,<100 ,<100 , <200,,<200 ,<100 , <500,,<200 ,<100 , <500,,<200 ,<100 , <500,,<200 ,<100 , <500,,<200 ,<100 , <500,,<200 ,<100 , <500,,<200 ,<100 , <500,,<500 ,<100 , <500,,<500 ,<100 , 540,,<500 ,<200 , 600,,<500 ,<200 , 740,,<500 ,<200 , 900,,<500 ,<200 , 980,,<500 ,<200 , 1100,,<500 ,<200 , 1200,,<500 ,<200 , 1400,,510 ,<200 , 1600,,570 ,<200 , 1800,,610 ,<500 , 2000,,670 ,<500 , 2300,,740 ,<500 , 2700,,810 ,<500 , 3200,,880 ,<500 , 3600,,940 ,<500 , 4200,,1000 ,<500 , 4400,,1100 ,<500 , 5000,,1200 ,<500 , 5300,,1200 ,<500 , 5900,,1300 ,<500 , 6400,,1300 ,<500 , 7200,,1400 ,<500 , 8100,
Albania,<100 ,<100 , <100,"Children estimates were not available at the time of publication.",<100 ,<100 , <100,"Children estimates were not available at the time of publication.",<100 ,<100 , <100,"Children estimates were not available at the time of publication.",<100 ,<100 , <100,"Children estimates were not available at the time of publication.",<100 ,<100 , <100,"Children estimates were not available at the time of publication.",<100 ,<100 , <100,"Children estimates were not available at the time of publication.",<100 ,<100 , <100,"Children estimates were not available at the time of publication.",<100 ,<100 , <100,"Children estimates were not available at the time of publication.",<100 ,<100 , <100,"Children estimates were not available at the time of publication.",<100 ,<100 , <100,"Children estimates were not available at the time of publication.",<100 ,<100 , <100,"Children estimates were not available at the time of publication.",<100 ,<100 , <100,"Children estimates were not available at the time of publication.",<100 ,<100 , <100,"Children estimates were not available at the time of publication.",<100 ,<100 , <100,"Children estimates were not available at the time of publication.",<100 ,<100 , <100,"Children estimates were not available at the time of publication.",<100 ,<100 , <100,"Children estimates were not available at the time of publication.",<100 ,<100 , <100,"Children estimates were not available at the time of publication.",<100 ,<100 , <100,"Children estimates were not available at the time of publication.",<100 ,<100 , <100,"Children estimates were not available at the time of publication.",<100 ,<100 , <100,"Children estimates were not available at the time of publication.",<100 ,<100 , <100,"Children estimates were not available at the time of publication.",<100 ,<100 , <100,"Children estimates were not available at the time of publication.",<100 ,<100 , <100,"Children estimates were not available at the time of publication.",<100 ,<100 , <100,"Children estimates were not available at the time of publication.",<100 ,<100 , <100,"Children estimates were not available at the time of publication.",<100 ,<100 , <100,"Children estimates were not available at the time of publication.",<100 ,<100 , <100,"Children estimates were not available at the time of publication.",<100 ,<100 , <100,"Children estimates were not available at the time of publication.",<100 ,<100 , <100,"Children estimates were not available at the time of publication.",<100 ,<100 , <100,"Children estimates were not available at the time of publication.",<100 ,<100 , <100,"Children estimates were not available at the time of publication.",<100 ,<100 , <100,"Children estimates were not available at the time of publication.",<100 ,<100 , <200,"Children estimates were not available at the time of publication.",<100 ,<100 , <200,"Children estimates were not available at the time of publication.",<100 ,<100 , <200,"Children estimates were not available at the time of publication."
Algeria,<200 ,<200 , <200,,<200 ,<200 , <500,,<500 ,<200 , <500,,<500 ,<500 , <500,,<500 ,<500 , <500,,<500 ,<500 , <500,,<500 ,<500 , 500,,510 ,<500 , 590,,600 ,<500 , 700,,700 ,560 , 820,,820 ,660 , 960,,960 ,760 , 1100,,1100 ,890 , 1300,,1300 ,1000 , 1500,,1500 ,1200 , 1700,,1700 ,1300 , 1900,,1900 ,1500 , 2200,,2100 ,1700 , 2400,,2300 ,1800 , 2600,,2400 ,1900 , 2800,,2400 ,1900 , 2900,,2400 ,1900 , 2900,,2400 ,1800 , 2900,,2400 ,1800 , 2800,,2300 ,1700 , 2800,,2300 ,1700 , 2700,,2300 ,1700 , 2700,,2300 ,1800 , 2700,,2300 ,1800 , 2800,,2300 ,1800 , 2900,,2400 ,1900 , 3100,,2600 ,2000 , 3400,,2900 ,2200 , 3800,,3200 ,2400 , 4300,,3600 ,2700 , 4800,
Angola,7800 ,3500 , 14 000,,9100 ,3800 , 15 000,,11 000 ,4600 , 17 000,,12 000 ,5400 , 20 000,,14 000 ,6000 , 21 000,,15 000 ,6800 , 23 000,,17 000 ,7500 , 25 000,,18 000 ,8100 , 28 000,,20 000 ,8700 , 30 000,,21 000 ,9500 , 32 000,,23 000 ,10 000 , 34 000,,24 000 ,11 000 , 35 000,,25 000 ,12 000 , 38 000,,27 000 ,12 000 , 39 000,,29 000 ,13 000 , 41 000,,30 000 ,14 000 , 42 000,,32 000 ,15 000 , 43 000,,33 000 ,16 000 , 45 000,,35 000 ,17 000 , 47 000,,36 000 ,18 000 , 49 000,,37 000 ,19 000 , 51 000,,39 000 ,20 000 , 52 000,,40 000 ,20 000 , 53 000,,41 000 ,21 000 , 54 000,,41 000 ,22 000 , 54 000,,42 000 ,22 000 , 55 000,,42 000 ,23 000 , 55 000,,43 000 ,24 000 , 56 000,,43 000 ,24 000 , 57 000,,44 000 ,25 000 , 58 000,,45 000 ,26 000 , 59 000,,45 000 ,26 000 , 59 000,,46 000 ,26 000 , 59 000,,46 000 ,27 000 , 60 000,,46 000 ,27 000 , 60 000,
Antigua and Barbuda,<100 ,<100 , <100,"Countries with a UNAIDS-approved estimate and population less than 250000 in 2024; not included in regional or global totals",<100 ,<100 , <100,"Countries with a UNAIDS-approved estimate and population less than 250000 in 2024; not included in regional or global totals",<100 ,<100 , <100,"Countries with a UNAIDS-approved estimate and population less than 250000 in 2024; not included in regional or global totals",<100 ,<100 , <100,"Countries with a UNAIDS-approved estimate and population less than 250000 in 2024; not included in regional or global totals",<100 ,<100 , <100,"Countries with a UNAIDS-approved estimate and population less than 250000 in 2024; not included in regional or global totals",<100 ,<100 , <100,"Countries with a UNAIDS-approved estimate and population less than 250000 in 2024; not included in regional or global totals",<100 ,<100 , <100,"Countries with a UNAIDS-approved estimate and population less than 250000 in 2024; not included in regional or global totals",<100 ,<100 , <100,"Countries with a UNAIDS-approved estimate and population less than 250000 in 2024; not included in regional or global totals",<100 ,<100 , <100,"Countries with a UNAIDS-approved estimate and population less than 250000 in 2024; not included in regional or global totals",<100 ,<100 , <100,"Countries with a UNAIDS-approved estimate and population less than 250000 in 2024; not included in regional or global totals",<100 ,<100 , <100,"Countries with a UNAIDS-approved estimate and population less than 250000 in 2024; not included in regional or global totals",<100 ,<100 , <100,"Countries with a UNAIDS-approved estimate and population less than 250000 in 2024; not included in regional or global totals",<100 ,<100 , <100,"Countries with a UNAIDS-approved estimate and population less than 250000 in 2024; not included in regional or global totals",<100 ,<100 , <100,"Countries with a UNAIDS-approved estimate and population less than 250000 in 2024; not included in regional or global totals",<100 ,<100 , <100,"Countries with a UNAIDS-approved estimate and population less than 250000 in 2024; not included in regional or global totals",<100 ,<100 , <100,"Countries with a UNAIDS-approved estimate and population less than 250000 in 2024; not included in regional or global totals",<100 ,<100 , <100,"Countries with a UNAIDS-approved estimate and population less than 250000 in 2024; not included in regional or global totals",<100 ,<100 , <100,"Countries with a UNAIDS-approved estimate and population less than 250000 in 2024; not included in regional or global totals",<100 ,<100 , <100,"Countries with a UNAIDS-approved estimate and population less than 250000 in 2024; not included in regional or global totals",<100 ,<100 , <100,"Countries with a UNAIDS-approved estimate and population less than 250000 in 2024; not included in regional or global totals",<100 ,<100 , <100,"Countries with a UNAIDS-approved estimate and population less than 250000 in 2024; not included in regional or global totals",<100 ,<100 , <100,"Countries with a UNAIDS-approved estimate and population less than 250000 in 2024; not included in regional or global totals",<100 ,<100 , <100,"Countries with a UNAIDS-approved estimate and population less than 250000 in 2024; not included in regional or global totals",<100 ,<100 , <100,"Countries with a UNAIDS-approved estimate and population less than 250000 in 2024; not included in regional or global totals",<100 ,<100 , <100,"Countries with a UNAIDS-approved estimate and population less than 250000 in 2024; not included in regional or global totals",<100 ,<100 , <100,"Countries with a UNAIDS-approved estimate and population less than 250000 in 2024; not included in regional or global totals",<100 ,<100 , <100,"Countries with a UNAIDS-approved estimate and population less than 250000 in 2024; not included in regional or global totals",<100 ,<100 , <100,"Countries with a UNAIDS-approved estimate and population less than 250000 in 2024; not included in regional or global totals",<100 ,<100 , <100,"Countries with a UNAIDS-approved estimate and population less than 250000 in 2024; not included in regional or global totals",<100 ,<100 , <100,"Countries with a UNAIDS-approved estimate and population less than 250000 in 2024; not included in regional or global totals",<100 ,<100 , <100,"Countries with a UNAIDS-approved estimate and population less than 250000 in 2024; not included in regional or global totals",<100 ,<100 , <100,"Countries with a UNAIDS-approved estimate and population less than 250000 in 2024; not included in regional or global totals",<100 ,<100 , <100,"Countries with a UNAIDS-approved estimate and population less than 250000 in 2024; not included in regional or global totals",<100 ,<100 , <100,"Countries with a UNAIDS-approved estimate and population less than 250000 in 2024; not included in regional or global totals",<100 ,<100 , <100,"Countries with a UNAIDS-approved estimate and population less than 250000 in 2024; not included in regional or global totals"
Argentina,5000 ,3900 , 5900,,6100 ,4600 , 7300,,7000 ,5200 , 8600,,7700 ,5600 , 9600,,8200 ,6000 , 10 000,,8600 ,6200 , 11 000,,8900 ,6400 , 11 000,,9100 ,6500 , 12 000,,9300 ,6700 , 12 000,,9400 ,6800 , 12 000,,9400 ,6800 , 12 000,,9400 ,6800 , 12 000,,9300 ,6800 , 12 000,,9200 ,6700 , 12 000,,9100 ,6700 , 12 000,,9000 ,6600 , 11 000,,8900 ,6600 , 11 000,,8800 ,6500 , 11 000,,8800 ,6500 , 11 000,,8700 ,6500 , 11 000,,8700 ,6500 , 11 000,,8600 ,6500 , 11 000,,8500 ,6400 , 11 000,,8400 ,6300 , 10 000,,8200 ,6200 , 10 000,,8000 ,6000 , 9800,,7700 ,5800 , 9400,,7400 ,5600 , 9000,,7000 ,5400 , 8600,,6700 ,5100 , 8100,,6300 ,4800 , 7700,,6100 ,4600 , 7400,,5900 ,4400 , 7100,,5700 ,4200 , 7000,,5600 ,4100 , 6800,
Armenia,<100 ,<100 , <100,,<100 ,<100 , <100,,<100 ,<100 , <100,,<100 ,<100 , <100,,<100 ,<100 , <100,,<100 ,<100 , <100,,<100 ,<100 , <100,,<100 ,<100 , <100,,<100 ,<100 , <100,,<100 ,<100 , <100,,<100 ,<100 , <100,,<100 ,<100 , <100,,<100 ,<100 , <100,,<100 ,<100 , <100,,<100 ,<100 , <200,,<100 ,<100 , <200,,<200 ,<100 , <200,,<200 ,<100 , <200,,<200 ,<200 , <500,,<200 ,<200 , <500,,<200 ,<200 , <500,,<200 ,<200 , <500,,<200 ,<200 , <500,,<200 ,<200 , <500,,<200 ,<200 , <500,,<200 ,<200 , <500,,<200 ,<200 , <500,,<200 ,<200 , <500,,<200 ,<200 , <500,,<200 ,<200 , <500,,<200 ,<200 , <500,,<200 ,<200 , <500,,<200 ,<200 , <500,,<200 ,<200 , <500,,<200 ,<200 , <500,
Australia,<500 ,<200 , 510,,<500 ,<200 , <500,,<500 ,<200 , <500,,<500 ,<200 , <500,,<500 ,<200 , <500,,<500 ,<200 , <500,,<500 ,<200 , <500,,<200 ,<200 , <500,,<200 ,<200 , <500,,<200 ,<200 , <500,,<500 ,<200 , <500,,<500 ,<200 , <500,,<500 ,<200 , <500,,<500 ,<200 , <500,,<500 ,<200 , <500,,<500 ,<200 , <500,,<500 ,<200 , <500,,<500 ,<200 , <500,,<500 ,<200 , <500,,<500 ,<200 , <500,,<500 ,<200 , <500,,<500 ,<200 , <500,,<500 ,<200 , <500,,<500 ,<200 , <500,,<500 ,<200 , <500,,<500 ,<200 , <500,,<500 ,<200 , <500,,<500 ,<200 , <500,,<500 ,<200 , <500,,<500 ,<200 , <500,,<500 ,<200 , <500,,<500 ,<200 , <500,,<500 ,<200 , <500,,<500 ,<200 , <500,,<500 ,<200 , <500,
Austria,... ,... , ...,"Estimates were not available at the time of publication.",... ,... , ...,"Estimates were not available at the time of publication.",... ,... , ...,"Estimates were not available at the time of publication.",... ,... , ...,"Estimates were not available at the time of publication.",... ,... , ...,"Estimates were not available at the time of publication.",... ,... , ...,"Estimates were not available at the time of publication.",... ,... , ...,"Estimates were not available at the time of publication.",... ,... , ...,"Estimates were not available at the time of publication.",... ,... , ...,"Estimates were not available at the time of publication.",... ,... , ...,"Estimates were not available at the time of publication.",... ,... , ...,"Estimates were not available at the time of publication.",... ,... , ...,"Estimates were not available at the time of publication.",... ,... , ...,"Estimates were not available at the time of publication.",... ,... , ...,"Estimates were not available at the time of publication.",... ,... , ...,"Estimates were not available at the time of publication.",... ,... , ...,"Estimates were not available at the time of publication.",... ,... , ...,"Estimates were not available at the time of publication.",... ,... , ...,"Estimates were not available at the time of publication.",... ,... , ...,"Estimates were not available at the time of publication.",... ,... , ...,"Estimates were not available at the time of publication.",... ,... , ...,"Estimates were not available at the time of publication.",... ,... , ...,"Estimates were not available at the time of publication.",... ,... , ...,"Estimates were not available at the time of publication.",... ,... , ...,"Estimates were not available at the time of publication.",... ,... , ...,"Estimates were not available at the time of publication.",... ,... , ...,"Estimates were not available at the time of publication.",... ,... , ...,"Estimates were not available at the time of publication.",... ,... , ...,"Estimates were not available at the time of publication.",... ,... , ...,"Estimates were not available at the time of publication.",... ,... , ...,"Estimates were not available at the time of publication.",... ,... , ...,"Estimates were not available at the time of publication.",... ,... , ...,"Estimates were not available at the time of publication.",... ,... , ...,"Estimates were not available at the time of publication.",... ,... , ...,"Estimates were not available at the time of publication.",... ,... , ...,"Estimates were not available at the time of publication."
Azerbaijan,<100 ,<100 , <100,"Children estimates were not available at the time of publication.",<100 ,<100 , <100,"Children estimates were not available at the time of publication.",<100 ,<100 , <100,"Children estimates were not available at the time of publication.",<100 ,<100 , <200,"Children estimates were not available at the time of publication.",<100 ,<100 , <200,"Children estimates were not available at the time of publication.",<200 ,<100 , <500,"Children estimates were not available at the time of publication.",<200 ,<100 , <500,"Children estimates were not available at the time of publication.",<500 ,<200 , <500,"Children estimates were not available at the time of publication.",<500 ,<200 , <500,"Children estimates were not available at the time of publication.",<500 ,<500 , 620,"Children estimates were not available at the time of publication.",<500 ,<500 , 740,"Children estimates were not available at the time of publication.",550 ,<500 , 820,"Children estimates were not available at the time of publication.",590 ,<500 , 880,"Children estimates were not available at the time of publication.",620 ,<500 , 900,"Children estimates were not available at the time of publication.",620 ,<500 , 880,"Children estimates were not available at the time of publication.",620 ,<500 , 840,"Children estimates were not available at the time of publication.",610 ,<500 , 830,"Children estimates were not available at the time of publication.",610 ,<500 , 820,"Children estimates were not available at the time of publication.",610 ,<500 , 810,"Children estimates were not available at the time of publication.",610 ,<500 , 800,"Children estimates were not available at the time of publication.",610 ,<500 , 790,"Children estimates were not available at the time of publication.",590 ,<500 , 770,"Children estimates were not available at the time of publication.",570 ,<500 , 730,"Children estimates were not available at the time of publication.",540 ,<500 , 690,"Children estimates were not available at the time of publication.",510 ,<500 , 640,"Children estimates were not available at the time of publication.",<500 ,<500 , 600,"Children estimates were not available at the time of publication.",<500 ,<500 , 550,"Children estimates were not available at the time of publication.",<500 ,<500 , 520,"Children estimates were not available at the time of publication.",<500 ,<500 , <500,"Children estimates were not available at the time of publication.",<500 ,<500 , <500,"Children estimates were not available at the time of publication.",<500 ,<500 , <500,"Children estimates were not available at the time of publication.",<500 ,<500 , <500,"Children estimates were not available at the time of publication.",<500 ,<500 , <500,"Children estimates were not available at the time of publication.",<500 ,<500 , <500,"Children estimates were not available at the time of publication.",<500 ,<200 , <500,"Children estimates were not available at the time of publication."
Bahamas,820 ,590 , 1000,"Children estimates were not available at the time of publication.",890 ,650 , 1100,"Children estimates were not available at the time of publication.",920 ,670 , 1100,"Children estimates were not available at the time of publication.",920 ,680 , 1200,"Children estimates were not available at the time of publication.",900 ,650 , 1100,"Children estimates were not available at the time of publication.",860 ,630 , 1100,"Children estimates were not available at the time of publication.",810 ,600 , 1000,"Children estimates were not available at the time of publication.",760 ,560 , 960,"Children estimates were not available at the time of publication.",710 ,520 , 900,"Children estimates were not available at the time of publication.",660 ,<500 , 830,"Children estimates were not available at the time of publication.",620 ,<500 , 780,"Children estimates were not available at the time of publication.",580 ,<500 , 730,"Children estimates were not available at the time of publication.",540 ,<500 , 680,"Children estimates were not available at the time of publication.",520 ,<500 , 650,"Children estimates were not available at the time of publication.",500 ,<500 , 620,"Children estimates were not available at the time of publication.",<500 ,<500 , 600,"Children estimates were not available at the time of publication.",<500 ,<500 , 580,"Children estimates were not available at the time of publication.",<500 ,<500 , 560,"Children estimates were not available at the time of publication.",<500 ,<500 , 550,"Children estimates were not available at the time of publication.",<500 ,<500 , 530,"Children estimates were not available at the time of publication.",<500 ,<500 , 530,"Children estimates were not available at the time of publication.",<500 ,<500 , 510,"Children estimates were not available at the time of publication.",<500 ,<500 , <500,"Children estimates were not available at the time of publication.",<500 ,<500 , <500,"Children estimates were not available at the time of publication.",<500 ,<500 , <500,"Children estimates were not available at the time of publication.",<500 ,<500 , <500,"Children estimates were not available at the time of publication.",<500 ,<500 , <500,"Children estimates were not available at the time of publication.",<500 ,<500 , <500,"Children estimates were not available at the time of publication.",<500 ,<500 , <500,"Children estimates were not available at the time of publication.",<500 ,<500 , <500,"Children estimates were not available at the time of publication.",<500 ,<200 , <500,"Children estimates were not available at the time of publication.",<500 ,<200 , <500,"Children estimates were not available at the time of publication.",<200 ,<200 , <500,"Children estimates were not available at the time of publication.",<200 ,<200 , <500,"Children estimates were not available at the time of publication.",<200 ,<200 , <200,"Children estimates were not available at the time of publication."
Bahrain,<100 ,<100 , <100,"Children estimates were not available at the time of publication.",<100 ,<100 , <100,"Children estimates were not available at the time of publication.",<100 ,<100 , <100,"Children estimates were not available at the time of publication.",<100 ,<100 , <100,"Children estimates were not available at the time of publication.",<100 ,<100 , <100,"Children estimates were not available at the time of publication.",<100 ,<100 , <100,"Children estimates were not available at the time of publication.",<100 ,<100 , <100,"Children estimates were not available at the time of publication.",<100 ,<100 , <100,"Children estimates were not available at the time of publication.",<100 ,<100 , <100,"Children estimates were not available at the time of publication.",<100 ,<100 , <100,"Children estimates were not available at the time of publication.",<100 ,<100 , <100,"Children estimates were not available at the time of publication.",<100 ,<100 , <100,"Children estimates were not available at the time of publication.",<100 ,<100 , <100,"Children estimates were not available at the time of publication.",<100 ,<100 , <100,"Children estimates were not available at the time of publication.",<100 ,<100 , <100,"Children estimates were not available at the time of publication.",<100 ,<100 , <100,"Children estimates were not available at the time of publication.",<100 ,<100 , <100,"Children estimates were not available at the time of publication.",<100 ,<100 , <100,"Children estimates were not available at the time of publication.",<100 ,<100 , <100,"Children estimates were not available at the time of publication.",<100 ,<100 , <100,"Children estimates were not available at the time of publication.",<100 ,<100 , <100,"Children estimates were not available at the time of publication.",<100 ,<100 , <100,"Children estimates were not available at the time of publication.",<100 ,<100 , <100,"Children estimates were not available at the time of publication.",<100 ,<100 , <100,"Children estimates were not available at the time of publication.",<100 ,<100 , <100,"Children estimates were not available at the time of publication.",<100 ,<100 , <100,"Children estimates were not available at the time of publication.",<100 ,<100 , <100,"Children estimates were not available at the time of publication.",<100 ,<100 , <100,"Children estimates were not available at the time of publication.",<100 ,<100 , <100,"Children estimates were not available at the time of publication.",<100 ,<100 , <100,"Children estimates were not available at the time of publication.",<100 ,<100 , <100,"Children estimates were not available at the time of publication.",<100 ,<100 , <100,"Children estimates were not available at the time of publication.",<100 ,<100 , <100,"Children estimates were not available at the time of publication.",<100 ,<100 , <100,"Children estimates were not available at the time of publication.",<100 ,<100 , <100,"Children estimates were not available at the time of publication."
Bangladesh,<100 ,<100 , <100,,<100 ,<100 , <100,,<100 ,<100 , <100,,<100 ,<100 , <100,,<100 ,<100 , <100,,<100 ,<100 , <100,,<100 ,<100 , <100,,<100 ,<100 , <100,,<100 ,<100 , <200,,<200 ,<100 , <200,,<200 ,<200 , <500,,<500 ,<200 , <500,,<500 ,<500 , <500,,<500 ,<500 , 570,,540 ,<500 , 690,,620 ,<500 , 800,,680 ,<500 , 880,,710 ,<500 , 940,,740 ,510 , 980,,770 ,520 , 1000,,780 ,530 , 1000,,800 ,550 , 1100,,840 ,570 , 1100,,890 ,600 , 1200,,940 ,630 , 1200,,980 ,670 , 1300,,1000 ,690 , 1300,,1000 ,700 , 1300,,1000 ,710 , 1400,,1000 ,710 , 1400,,1100 ,710 , 1400,,1100 ,720 , 1400,,1100 ,720 , 1400,,1100 ,730 , 1400,,1100 ,730 , 1400,
Barbados,<100 ,<100 , <200,"Children estimates were not available at the time of publication.",<200 ,<100 , <200,"Children estimates were not available at the time of publication.",<200 ,<100 , <200,"Children estimates were not available at the time of publication.",<200 ,<200 , <500,"Children estimates were not available at the time of publication.",<500 ,<200 , <500,"Children estimates were not available at the time of publication.",<500 ,<200 , <500,"Children estimates were not available at the time of publication.",<500 ,<200 , <500,"Children estimates were not available at the time of publication.",<500 ,<500 , <500,"Children estimates were not available at the time of publication.",<500 ,<500 , <500,"Children estimates were not available at the time of publication.",<500 ,<500 , <500,"Children estimates were not available at the time of publication.",<500 ,<200 , <500,"Children estimates were not available at the time of publication.",<500 ,<200 , <500,"Children estimates were not available at the time of publication.",<500 ,<200 , <500,"Children estimates were not available at the time of publication.",<500 ,<200 , <500,"Children estimates were not available at the time of publication.",<500 ,<200 , <500,"Children estimates were not available at the time of publication.",<500 ,<200 , <500,"Children estimates were not available at the time of publication.",<500 ,<200 , <500,"Children estimates were not available at the time of publication.",<500 ,<200 , <500,"Children estimates were not available at the time of publication.",<200 ,<200 , <500,"Children estimates were not available at the time of publication.",<200 ,<200 , <500,"Children estimates were not available at the time of publication.",<200 ,<200 , <500,"Children estimates were not available at the time of publication.",<200 ,<200 , <500,"Children estimates were not available at the time of publication.",<200 ,<200 , <500,"Children estimates were not available at the time of publication.",<200 ,<200 , <500,"Children estimates were not available at the time of publication.",<200 ,<200 , <200,"Children estimates were not available at the time of publication.",<200 ,<200 , <200,"Children estimates were not available at the time of publication.",<200 ,<200 , <200,"Children estimates were not available at the time of publication.",<200 ,<200 , <200,"Children estimates were not available at the time of publication.",<200 ,<200 , <200,"Children estimates were not available at the time of publication.",<200 ,<200 , <200,"Children estimates were not available at the time of publication.",<200 ,<200 , <200,"Children estimates were not available at the time of publication.",<200 ,<200 , <200,"Children estimates were not available at the time of publication.",<200 ,<200 , <200,"Children estimates were not available at the time of publication.",<200 ,<200 , <200,"Children estimates were not available at the time of publication.",<200 ,<100 , <200,"Children estimates were not available at the time of publication."
Belarus,... ,... , ...,"Estimates were not available at the time of publication.",... ,... , ...,"Estimates were not available at the time of publication.",... ,... , ...,"Estimates were not available at the time of publication.",... ,... , ...,"Estimates were not available at the time of publication.",... ,... , ...,"Estimates were not available at the time of publication.",... ,... , ...,"Estimates were not available at the time of publication.",... ,... , ...,"Estimates were not available at the time of publication.",... ,... , ...,"Estimates were not available at the time of publication.",... ,... , ...,"Estimates were not available at the time of publication.",... ,... , ...,"Estimates were not available at the time of publication.",... ,... , ...,"Estimates were not available at the time of publication.",... ,... , ...,"Estimates were not available at the time of publication.",... ,... , ...,"Estimates were not available at the time of publication.",... ,... , ...,"Estimates were not available at the time of publication.",... ,... , ...,"Estimates were not available at the time of publication.",... ,... , ...,"Estimates were not available at the time of publication.",... ,... , ...,"Estimates were not available at the time of publication.",... ,... , ...,"Estimates were not available at the time of publication.",... ,... , ...,"Estimates were not available at the time of publication.",... ,... , ...,"Estimates were not available at the time of publication.",... ,... , ...,"Estimates were not available at the time of publication.",... ,... , ...,"Estimates were not available at the time of publication.",... ,... , ...,"Estimates were not available at the time of publication.",... ,... , ...,"Estimates were not available at the time of publication.",... ,... , ...,"Estimates were not available at the time of publication.",... ,... , ...,"Estimates were not available at the time of publication.",... ,... , ...,"Estimates were not available at the time of publication.",... ,... , ...,"Estimates were not available at the time of publication.",... ,... , ...,"Estimates were not available at the time of publication.",... ,... , ...,"Estimates were not available at the time of publication.",... ,... , ...,"Estimates were not available at the time of publication.",... ,... , ...,"Estimates were not available at the time of publication.",... ,... , ...,"Estimates were not available at the time of publication.",... ,... , ...,"Estimates were not available at the time of publication.",... ,... , ...,"Estimates were not available at the time of publication."
Belgium,... ,... , ...,,... ,... , ...,,... ,... , ...,,... ,... , ...,,... ,... , ...,,... ,... , ...,,... ,... , ...,,... ,... , ...,,... ,... , ...,,... ,... , ...,,... ,... , ...,,... ,... , ...,,... ,... , ...,,... ,... , ...,,... ,... , ...,,... ,... , ...,,... ,... , ...,,... ,... , ...,,... ,... , ...,,... ,... , ...,,... ,... , ...,,... ,... , ...,,... ,... , ...,,... ,... , ...,,... ,... , ...,,... ,... , ...,,... ,... , ...,,... ,... , ...,,... ,... , ...,,... ,... , ...,,... ,... , ...,,... ,... , ...,,... ,... , ...,,... ,... , ...,,... ,... , ...,
Belize,<100 ,<100 , <100,"Children estimates were not available at the time of publication.",<100 ,<100 , <100,"Children estimates were not available at the time of publication.",<100 ,<100 , <200,"Children estimates were not available at the time of publication.",<100 ,<100 , <200,"Children estimates were not available at the time of publication.",<200 ,<100 , <200,"Children estimates were not available at the time of publication.",<200 ,<100 , <200,"Children estimates were not available at the time of publication.",<200 ,<200 , <500,"Children estimates were not available at the time of publication.",<200 ,<200 , <500,"Children estimates were not available at the time of publication.",<500 ,<200 , <500,"Children estimates were not available at the time of publication.",<500 ,<200 , <500,"Children estimates were not available at the time of publication.",<500 ,<200 , <500,"Children estimates were not available at the time of publication.",<500 ,<500 , <500,"Children estimates were not available at the time of publication.",<500 ,<500 , <500,"Children estimates were not available at the time of publication.",<500 ,<500 , <500,"Children estimates were not available at the time of publication.",<500 ,<500 , <500,"Children estimates were not available at the time of publication.",<500 ,<500 , <500,"Children estimates were not available at the time of publication.",<500 ,<500 , <500,"Children estimates were not available at the time of publication.",<500 ,<500 , <500,"Children estimates were not available at the time of publication.",<500 ,<500 , <500,"Children estimates were not available at the time of publication.",<500 ,<200 , <500,"Children estimates were not available at the time of publication.",<500 ,<200 , <500,"Children estimates were not available at the time of publication.",<500 ,<200 , <500,"Children estimates were not available at the time of publication.",<500 ,<200 , <500,"Children estimates were not available at the time of publication.",<500 ,<200 , <500,"Children estimates were not available at the time of publication.",<500 ,<200 , <500,"Children estimates were not available at the time of publication.",<500 ,<200 , <500,"Children estimates were not available at the time of publication.",<500 ,<200 , <500,"Children estimates were not available at the time of publication.",<500 ,<200 , <500,"Children estimates were not available at the time of publication.",<500 ,<200 , <500,"Children estimates were not available at the time of publication.",<500 ,<200 , <500,"Children estimates were not available at the time of publication.",<500 ,<200 , <500,"Children estimates were not available at the time of publication.",<500 ,<200 , <500,"Children estimates were not available at the time of publication.",<500 ,<200 , <500,"Children estimates were not available at the time of publication.",<500 ,<200 , <500,"Children estimates were not available at the time of publication.",<500 ,<200 , <500,"Children estimates were not available at the time of publication."
Benin,2200 ,1000 , 3700,,3300 ,1600 , 5100,,4600 ,2200 , 7000,,6700 ,3200 , 9700,,8400 ,3900 , 12 000,,10 000 ,4700 , 14 000,,12 000 ,5200 , 16 000,,13 000 ,5500 , 18 000,,13 000 ,5600 , 18 000,,13 000 ,5400 , 18 000,,13 000 ,5000 , 18 000,,12 000 ,4700 , 18 000,,11 000 ,4500 , 17 000,,10 000 ,4200 , 16 000,,9900 ,4000 , 15 000,,9400 ,3900 , 14 000,,8900 ,3800 , 12 000,,8600 ,3800 , 12 000,,8500 ,3800 , 12 000,,8400 ,4000 , 12 000,,8300 ,4200 , 11 000,,8100 ,4400 , 11 000,,8100 ,4700 , 11 000,,8100 ,5000 , 11 000,,8100 ,5300 , 11 000,,8100 ,5600 , 10 000,,8100 ,5800 , 10 000,,8100 ,5900 , 10 000,,8000 ,5900 , 9800,,7900 ,5900 , 9600,,7700 ,5800 , 9400,,7400 ,5700 , 9100,,7200 ,5600 , 8900,,6900 ,5400 , 8600,,6700 ,5300 , 8400,
Bhutan,<100 ,<100 , <100,"Children estimates were not available at the time of publication.",<100 ,<100 , <100,"Children estimates were not available at the time of publication.",<100 ,<100 , <100,"Children estimates were not available at the time of publication.",<100 ,<100 , <100,"Children estimates were not available at the time of publication.",<100 ,<100 , <100,"Children estimates were not available at the time of publication.",<100 ,<100 , <100,"Children estimates were not available at the time of publication.",<100 ,<100 , <100,"Children estimates were not available at the time of publication.",<100 ,<100 , <100,"Children estimates were not available at the time of publication.",<100 ,<100 , <100,"Children estimates were not available at the time of publication.",<100 ,<100 , <100,"Children estimates were not available at the time of publication.",<100 ,<100 , <100,"Children estimates were not available at the time of publication.",<100 ,<100 , <100,"Children estimates were not available at the time of publication.",<100 ,<100 , <100,"Children estimates were not available at the time of publication.",<100 ,<100 , <100,"Children estimates were not available at the time of publication.",<100 ,<100 , <100,"Children estimates were not available at the time of publication.",<100 ,<100 , <100,"Children estimates were not available at the time of publication.",<100 ,<100 , <100,"Children estimates were not available at the time of publication.",<100 ,<100 , <100,"Children estimates were not available at the time of publication.",<100 ,<100 , <100,"Children estimates were not available at the time of publication.",<100 ,<100 , <100,"Children estimates were not available at the time of publication.",<100 ,<100 , <100,"Children estimates were not available at the time of publication.",<100 ,<100 , <100,"Children estimates were not available at the time of publication.",<100 ,<100 , <100,"Children estimates were not available at the time of publication.",<100 ,<100 , <100,"Children estimates were not available at the time of publication.",<100 ,<100 , <100,"Children estimates were not available at the time of publication.",<100 ,<100 , <100,"Children estimates were not available at the time of publication.",<100 ,<100 , <100,"Children estimates were not available at the time of publication.",<100 ,<100 , <100,"Children estimates were not available at the time of publication.",<100 ,<100 , <100,"Children estimates were not available at the time of publication.",<100 ,<100 , <100,"Children estimates were not available at the time of publication.",<100 ,<100 , <100,"Children estimates were not available at the time of publication.",<100 ,<100 , <100,"Children estimates were not available at the time of publication.",<100 ,<100 , <100,"Children estimates were not available at the time of publication.",<100 ,<100 , <100,"Children estimates were not available at the time of publication.",<100 ,<100 , <100,"Children estimates were not available at the time of publication."
Bolivia (Plurinational State of),<500 ,<100 , 800,,<500 ,<100 , 1000,,530 ,<200 , 1100,,750 ,<500 , 1300,,870 ,<500 , 1500,,890 ,<500 , 1500,,890 ,<500 , 1500,,870 ,520 , 1400,,860 ,550 , 1400,,870 ,580 , 1400,,880 ,600 , 1400,,880 ,590 , 1300,,890 ,610 , 1200,,900 ,610 , 1300,,920 ,610 , 1300,,940 ,630 , 1300,,960 ,650 , 1300,,980 ,660 , 1300,,1000 ,690 , 1400,,1000 ,720 , 1400,,1100 ,740 , 1400,,1100 ,770 , 1500,,1100 ,810 , 1500,,1200 ,850 , 1500,,1200 ,870 , 1600,,1200 ,900 , 1600,,1300 ,910 , 1700,,1300 ,930 , 1700,,1300 ,950 , 1700,,1300 ,950 , 1700,,1300 ,960 , 1700,,1300 ,980 , 1800,,1300 ,990 , 1800,,1300 ,980 , 1800,,1300 ,980 , 1800,
Bosnia and Herzegovina,... ,... , ...,"Estimates were not available at the time of publication.",... ,... , ...,"Estimates were not available at the time of publication.",... ,... , ...,"Estimates were not available at the time of publication.",... ,... , ...,"Estimates were not available at the time of publication.",... ,... , ...,"Estimates were not available at the time of publication.",... ,... , ...,"Estimates were not available at the time of publication.",... ,... , ...,"Estimates were not available at the time of publication.",... ,... , ...,"Estimates were not available at the time of publication.",... ,... , ...,"Estimates were not available at the time of publication.",... ,... , ...,"Estimates were not available at the time of publication.",... ,... , ...,"Estimates were not available at the time of publication.",... ,... , ...,"Estimates were not available at the time of publication.",... ,... , ...,"Estimates were not available at the time of publication.",... ,... , ...,"Estimates were not available at the time of publication.",... ,... , ...,"Estimates were not available at the time of publication.",... ,... , ...,"Estimates were not available at the time of publication.",... ,... , ...,"Estimates were not available at the time of publication.",... ,... , ...,"Estimates were not available at the time of publication.",... ,... , ...,"Estimates were not available at the time of publication.",... ,... , ...,"Estimates were not available at the time of publication.",... ,... , ...,"Estimates were not available at the time of publication.",... ,... , ...,"Estimates were not available at the time of publication.",... ,... , ...,"Estimates were not available at the time of publication.",... ,... , ...,"Estimates were not available at the time of publication.",... ,... , ...,"Estimates were not available at the time of publication.",... ,... , ...,"Estimates were not available at the time of publication.",... ,... , ...,"Estimates were not available at the time of publication.",... ,... , ...,"Estimates were not available at the time of publication.",... ,... , ...,"Estimates were not available at the time of publication.",... ,... , ...,"Estimates were not available at the time of publication.",... ,... , ...,"Estimates were not available at the time of publication.",... ,... , ...,"Estimates were not available at the time of publication.",... ,... , ...,"Estimates were not available at the time of publication.",... ,... , ...,"Estimates were not available at the time of publication.",... ,... , ...,"Estimates were not available at the time of publication."
Botswana,17 000 ,8900 , 22 000,,23 000 ,12 000 , 30 000,,29 000 ,15 000 , 40 000,,37 000 ,18 000 , 50 000,,44 000 ,21 000 , 59 000,,50 000 ,24 000 , 68 000,,55 000 ,26 000 , 75 000,,59 000 ,28 000 , 81 000,,61 000 ,28 000 , 84 000,,61 000 ,28 000 , 85 000,,60 000 ,27 000 , 84 000,,58 000 ,26 000 , 82 000,,55 000 ,25 000 , 78 000,,52 000 ,24 000 , 74 000,,49 000 ,22 000 , 69 000,,45 000 ,21 000 , 65 000,,42 000 ,20 000 , 60 000,,39 000 ,19 000 , 55 000,,37 000 ,18 000 , 52 000,,35 000 ,18 000 , 49 000,,34 000 ,18 000 , 47 000,,33 000 ,19 000 , 45 000,,33 000 ,19 000 , 44 000,,33 000 ,20 000 , 43 000,,33 000 ,20 000 , 42 000,,33 000 ,20 000 , 41 000,,33 000 ,21 000 , 41 000,,32 000 ,21 000 , 39 000,,31 000 ,20 000 , 37 000,,29 000 ,19 000 , 36 000,,27 000 ,18 000 , 33 000,,25 000 ,16 000 , 31 000,,23 000 ,15 000 , 28 000,,20 000 ,13 000 , 26 000,,18 000 ,11 000 , 23 000,
Brazil,... ,... , ...,,... ,... , ...,,... ,... , ...,,... ,... , ...,,... ,... , ...,,... ,... , ...,,... ,... , ...,,... ,... , ...,,... ,... , ...,,... ,... , ...,,... ,... , ...,,... ,... , ...,,... ,... , ...,,... ,... , ...,,... ,... , ...,,... ,... , ...,,... ,... , ...,,... ,... , ...,,... ,... , ...,,... ,... , ...,,... ,... , ...,,... ,... , ...,,... ,... , ...,,... ,... , ...,,... ,... , ...,,... ,... , ...,,... ,... , ...,,... ,... , ...,,... ,... , ...,,... ,... , ...,,... ,... , ...,,... ,... , ...,,... ,... , ...,,... ,... , ...,,... ,... , ...,
Brunei Darussalam,... ,... , ...,"Estimates were not available at the time of publication.",... ,... , ...,"Estimates were not available at the time of publication.",... ,... , ...,"Estimates were not available at the time of publication.",... ,... , ...,"Estimates were not available at the time of publication.",... ,... , ...,"Estimates were not available at the time of publication.",... ,... , ...,"Estimates were not available at the time of publication.",... ,... , ...,"Estimates were not available at the time of publication.",... ,... , ...,"Estimates were not available at the time of publication.",... ,... , ...,"Estimates were not available at the time of publication.",... ,... , ...,"Estimates were not available at the time of publication.",... ,... , ...,"Estimates were not available at the time of publication.",... ,... , ...,"Estimates were not available at the time of publication.",... ,... , ...,"Estimates were not available at the time of publication.",... ,... , ...,"Estimates were not available at the time of publication.",... ,... , ...,"Estimates were not available at the time of publication.",... ,... , ...,"Estimates were not available at the time of publication.",... ,... , ...,"Estimates were not available at the time of publication.",... ,... , ...,"Estimates were not available at the time of publication.",... ,... , ...,"Estimates were not available at the time of publication.",... ,... , ...,"Estimates were not available at the time of publication.",... ,... , ...,"Estimates were not available at the time of publication.",... ,... , ...,"Estimates were not available at the time of publication.",... ,... , ...,"Estimates were not available at the time of publication.",... ,... , ...,"Estimates were not available at the time of publication.",... ,... , ...,"Estimates were not available at the time of publication.",... ,... , ...,"Estimates were not available at the time of publication.",... ,... , ...,"Estimates were not available at the time of publication.",... ,... , ...,"Estimates were not available at the time of publication.",... ,... , ...,"Estimates were not available at the time of publication.",... ,... , ...,"Estimates were not available at the time of publication.",... ,... , ...,"Estimates were not available at the time of publication.",... ,... , ...,"Estimates were not available at the time of publication.",... ,... , ...,"Estimates were not available at the time of publication.",... ,... , ...,"Estimates were not available at the time of publication.",... ,... , ...,"Estimates were not available at the time of publication."
Bulgaria,<500 ,<200 , <500,"Children estimates were not available at the time of publication.",<500 ,<200 , <500,"Children estimates were not available at the time of publication.",<500 ,<200 , <500,"Children estimates were not available at the time of publication.",<500 ,<200 , <500,"Children estimates were not available at the time of publication.",<500 ,<500 , <500,"Children estimates were not available at the time of publication.",<500 ,<500 , 540,"Children estimates were not available at the time of publication.",<500 ,<500 , 590,"Children estimates were not available at the time of publication.",<500 ,<500 , 550,"Children estimates were not available at the time of publication.",<500 ,<500 , <500,"Children estimates were not available at the time of publication.",<500 ,<200 , <500,"Children estimates were not available at the time of publication.",<500 ,<200 , <500,"Children estimates were not available at the time of publication.",<500 ,<200 , <500,"Children estimates were not available at the time of publication.",<500 ,<200 , <500,"Children estimates were not available at the time of publication.",<500 ,<200 , <500,"Children estimates were not available at the time of publication.",<500 ,<200 , <500,"Children estimates were not available at the time of publication.",<500 ,<200 , <500,"Children estimates were not available at the time of publication.",<500 ,<200 , <500,"Children estimates were not available at the time of publication.",<500 ,<200 , <500,"Children estimates were not available at the time of publication.",<500 ,<200 , <500,"Children estimates were not available at the time of publication.",<500 ,<200 , <500,"Children estimates were not available at the time of publication.",<500 ,<200 , <500,"Children estimates were not available at the time of publication.",<500 ,<200 , <500,"Children estimates were not available at the time of publication.",<500 ,<200 , <500,"Children estimates were not available at the time of publication.",<500 ,<200 , <500,"Children estimates were not available at the time of publication.",<500 ,<200 , <500,"Children estimates were not available at the time of publication.",<500 ,<200 , <500,"Children estimates were not available at the time of publication.",<500 ,<200 , <500,"Children estimates were not available at the time of publication.",<500 ,<200 , <500,"Children estimates were not available at the time of publication.",<500 ,<200 , <500,"Children estimates were not available at the time of publication.",<500 ,<200 , <500,"Children estimates were not available at the time of publication.",<500 ,<500 , <500,"Children estimates were not available at the time of publication.",<500 ,<500 , <500,"Children estimates were not available at the time of publication.",<500 ,<500 , <500,"Children estimates were not available at the time of publication.",<500 ,<500 , <500,"Children estimates were not available at the time of publication.",<500 ,<500 , 520,"Children estimates were not available at the time of publication."
Burkina Faso,32 000 ,13 000 , 51 000,,33 000 ,12 000 , 49 000,,32 000 ,12 000 , 49 000,,31 000 ,11 000 , 47 000,,29 000 ,11 000 , 46 000,,27 000 ,11 000 , 46 000,,24 000 ,10 000 , 38 000,,22 000 ,9500 , 35 000,,20 000 ,9000 , 32 000,,19 000 ,8800 , 30 000,,18 000 ,8600 , 27 000,,17 000 ,8600 , 24 000,,16 000 ,8700 , 23 000,,16 000 ,8900 , 22 000,,16 000 ,9300 , 21 000,,16 000 ,9700 , 21 000,,16 000 ,11 000 , 21 000,,16 000 ,11 000 , 21 000,,16 000 ,12 000 , 21 000,,16 000 ,12 000 , 21 000,,16 000 ,12 000 , 21 000,,17 000 ,13 000 , 21 000,,16 000 ,13 000 , 20 000,,16 000 ,13 000 , 20 000,,16 000 ,13 000 , 19 000,,16 000 ,13 000 , 19 000,,15 000 ,13 000 , 18 000,,15 000 ,12 000 , 18 000,,14 000 ,12 000 , 17 000,,14 000 ,12 000 , 17 000,,14 000 ,11 000 , 16 000,,13 000 ,11 000 , 16 000,,13 000 ,11 000 , 16 000,,13 000 ,10 000 , 16 000,,12 000 ,9700 , 16 000,
Burundi,31 000 ,11 000 , 54 000,,32 000 ,12 000 , 53 000,,33 000 ,14 000 , 51 000,,23 000 ,8800 , 35 000,,31 000 ,14 000 , 46 000,,26 000 ,9600 , 41 000,,22 000 ,8100 , 37 000,,19 000 ,7100 , 33 000,,18 000 ,6800 , 31 000,,16 000 ,6200 , 28 000,,15 000 ,5800 , 24 000,,14 000 ,6300 , 22 000,,13 000 ,6700 , 20 000,,13 000 ,7200 , 19 000,,13 000 ,7800 , 18 000,,13 000 ,8100 , 17 000,,13 000 ,8800 , 17 000,,13 000 ,9300 , 17 000,,14 000 ,9800 , 17 000,,14 000 ,10 000 , 17 000,,14 000 ,11 000 , 17 000,,14 000 ,11 000 , 17 000,,14 000 ,11 000 , 17 000,,14 000 ,11 000 , 16 000,,13 000 ,11 000 , 16 000,,12 000 ,10 000 , 15 000,,11 000 ,9300 , 14 000,,11 000 ,8700 , 13 000,,10 000 ,8400 , 12 000,,9900 ,8100 , 12 000,,9300 ,7700 , 11 000,,8800 ,7200 , 11 000,,8400 ,6700 , 10 000,,7900 ,6400 , 9700,,7600 ,6100 , 9300,
Cabo Verde,<200 ,<100 , <200,,<200 ,<100 , <200,,<100 ,<100 , <200,,<100 ,<100 , <200,,<200 ,<100 , <200,,<200 ,<100 , <200,,<200 ,<100 , <200,,<200 ,<100 , <200,,<200 ,<100 , <200,,<200 ,<100 , <200,,<200 ,<100 , <200,,<200 ,<100 , <500,,<200 ,<100 , <500,,<200 ,<100 , <500,,<200 ,<100 , <500,,<200 ,<100 , <500,,<200 ,<100 , <500,,<200 ,<100 , <500,,<200 ,<100 , <500,,<200 ,<100 , <500,,<200 ,<100 , <500,,<200 ,<100 , <500,,<200 ,<100 , <500,,<200 ,<100 , <500,,<200 ,<100 , <500,,<200 ,<100 , <500,,<200 ,<100 , <500,,<200 ,<100 , <500,,<200 ,<100 , <500,,<200 ,<100 , <500,,<200 ,<100 , <500,,<200 ,<100 , <500,,<200 ,<100 , <500,,<200 ,<100 , <500,,<200 ,<100 , <500,
Cambodia,<200 ,<100 , <200,,<500 ,<500 , <500,,1100 ,860 , 1300,,2400 ,1900 , 2900,,4200 ,3300 , 5100,,6400 ,5000 , 7700,,8800 ,6700 , 11 000,,11 000 ,8400 , 14 000,,12 000 ,9000 , 15 000,,13 000 ,9100 , 16 000,,12 000 ,8800 , 16 000,,12 000 ,8200 , 15 000,,11 000 ,7900 , 15 000,,11 000 ,7500 , 14 000,,9900 ,7000 , 13 000,,8700 ,6100 , 11 000,,7600 ,5400 , 9700,,6700 ,4700 , 8400,,6100 ,4400 , 7600,,5700 ,4100 , 7100,,5400 ,3900 , 6700,,5300 ,3900 , 6500,,5400 ,4100 , 6600,,5500 ,4300 , 6700,,5800 ,4600 , 7000,,6100 ,4900 , 7300,,6400 ,5300 , 7600,,6600 ,5500 , 7800,,6700 ,5700 , 7800,,6800 ,5800 , 8000,,7000 ,5900 , 8100,,7000 ,5900 , 8100,,7000 ,5900 , 8100,,6900 ,5800 , 8000,,6700 ,5600 , 7900,
Cameroon,14 000 ,6600 , 19 000,,18 000 ,8800 , 25 000,,24 000 ,11 000 , 33 000,,32 000 ,15 000 , 43 000,,40 000 ,18 000 , 56 000,,50 000 ,22 000 , 67 000,,59 000 ,26 000 , 80 000,,66 000 ,29 000 , 91 000,,73 000 ,31 000 , 100 000,,77 000 ,33 000 , 110 000,,80 000 ,34 000 , 110 000,,80 000 ,33 000 , 110 000,,79 000 ,33 000 , 110 000,,76 000 ,31 000 , 110 000,,73 000 ,30 000 , 110 000,,69 000 ,29 000 , 100 000,,66 000 ,28 000 , 94 000,,63 000 ,27 000 , 90 000,,60 000 ,27 000 , 86 000,,58 000 ,27 000 , 83 000,,56 000 ,26 000 , 79 000,,54 000 ,26 000 , 76 000,,52 000 ,26 000 , 72 000,,50 000 ,26 000 , 67 000,,48 000 ,26 000 , 65 000,,47 000 ,26 000 , 63 000,,46 000 ,27 000 , 61 000,,45 000 ,27 000 , 58 000,,44 000 ,27 000 , 56 000,,43 000 ,28 000 , 53 000,,43 000 ,28 000 , 52 000,,42 000 ,29 000 , 51 000,,41 000 ,28 000 , 49 000,,39 000 ,28 000 , 46 000,,38 000 ,27 000 , 44 000,
Canada,2700 ,1700 , 3900,,2300 ,1500 , 3300,,2000 ,1300 , 2800,,1800 ,1200 , 2500,,1600 ,1100 , 2300,,1500 ,990 , 2100,,1400 ,920 , 2000,,1300 ,860 , 1800,,1200 ,810 , 1700,,1100 ,770 , 1600,,1100 ,730 , 1500,,1000 ,700 , 1400,,1000 ,680 , 1400,,980 ,670 , 1300,,970 ,660 , 1300,,960 ,660 , 1300,,970 ,660 , 1300,,970 ,660 , 1300,,980 ,670 , 1300,,970 ,670 , 1300,,960 ,650 , 1300,,930 ,630 , 1300,,910 ,610 , 1200,,880 ,600 , 1200,,870 ,590 , 1200,,850 ,580 , 1200,,850 ,570 , 1100,,860 ,590 , 1100,,880 ,600 , 1200,,870 ,600 , 1200,,830 ,570 , 1100,,810 ,560 , 1100,,830 ,570 , 1100,,... ,... , ...,,... ,... , ...,
Central African Republic,14 000 ,6400 , 23 000,,16 000 ,7200 , 27 000,,19 000 ,8400 , 30 000,,21 000 ,9000 , 33 000,,23 000 ,9300 , 36 000,,25 000 ,10 000 , 38 000,,25 000 ,9800 , 38 000,,25 000 ,9700 , 37 000,,24 000 ,9500 , 36 000,,23 000 ,9500 , 34 000,,22 000 ,9400 , 33 000,,21 000 ,9300 , 31 000,,20 000 ,9000 , 29 000,,19 000 ,8700 , 28 000,,19 000 ,8500 , 26 000,,18 000 ,8600 , 25 000,,18 000 ,8500 , 24 000,,18 000 ,8700 , 24 000,,17 000 ,8900 , 23 000,,18 000 ,9300 , 23 000,,17 000 ,9600 , 23 000,,17 000 ,9900 , 23 000,,17 000 ,10 000 , 22 000,,16 000 ,10 000 , 22 000,,16 000 ,9900 , 21 000,,16 000 ,10 000 , 21 000,,16 000 ,10 000 , 21 000,,15 000 ,10 000 , 21 000,,15 000 ,10 000 , 21 000,,15 000 ,9800 , 21 000,,14 000 ,9600 , 20 000,,14 000 ,9200 , 20 000,,13 000 ,8900 , 19 000,,13 000 ,8600 , 19 000,,12 000 ,8300 , 19 000,
Chad,11 000 ,4100 , 21 000,,14 000 ,5300 , 25 000,,17 000 ,6400 , 28 000,,18 000 ,6800 , 30 000,,20 000 ,7500 , 33 000,,22 000 ,8300 , 36 000,,23 000 ,8700 , 36 000,,23 000 ,9200 , 35 000,,22 000 ,9100 , 36 000,,22 000 ,8600 , 34 000,,20 000 ,8100 , 32 000,,19 000 ,7800 , 30 000,,19 000 ,7700 , 28 000,,18 000 ,7800 , 28 000,,18 000 ,8000 , 27 000,,17 000 ,8000 , 26 000,,17 000 ,8100 , 25 000,,17 000 ,8400 , 25 000,,17 000 ,8800 , 24 000,,17 000 ,9000 , 24 000,,17 000 ,9400 , 23 000,,17 000 ,9900 , 23 000,,17 000 ,10 000 , 23 000,,17 000 ,10 000 , 23 000,,17 000 ,11 000 , 23 000,,17 000 ,11 000 , 23 000,,17 000 ,11 000 , 23 000,,17 000 ,11 000 , 22 000,,17 000 ,11 000 , 21 000,,16 000 ,11 000 , 21 000,,16 000 ,11 000 , 21 000,,16 000 ,11 000 , 20 000,,15 000 ,11 000 , 20 000,,15 000 ,11 000 , 20 000,,15 000 ,11 000 , 20 000,
Chile,840 ,600 , 1100,,1100 ,770 , 1400,,1300 ,940 , 1700,,1500 ,1100 , 1900,,1700 ,1200 , 2200,,1800 ,1300 , 2500,,1900 ,1400 , 2600,,2000 ,1400 , 2700,,2100 ,1400 , 2800,,2100 ,1500 , 2900,,2100 ,1500 , 3000,,2200 ,1500 , 3000,,2200 ,1500 , 3100,,2300 ,1600 , 3200,,2400 ,1600 , 3400,,2500 ,1700 , 3500,,2700 ,1800 , 3700,,2800 ,1900 , 3900,,3000 ,2100 , 4200,,3200 ,2200 , 4400,,3400 ,2300 , 4600,,3500 ,2400 , 4800,,3700 ,2500 , 5000,,3800 ,2600 , 5200,,3900 ,2700 , 5400,,4000 ,2800 , 5500,,4100 ,2900 , 5600,,4200 ,3000 , 5700,,4500 ,3300 , 5900,,4700 ,3500 , 6100,,4800 ,3600 , 6200,,4800 ,3700 , 6200,,4900 ,3800 , 6300,,4900 ,3800 , 6300,,4900 ,3800 , 6300,
China,... ,... , ...,"Estimates were not available at the time of publication.",... ,... , ...,"Estimates were not available at the time of publication.",... ,... , ...,"Estimates were not available at the time of publication.",... ,... , ...,"Estimates were not available at the time of publication.",... ,... , ...,"Estimates were not available at the time of publication.",... ,... , ...,"Estimates were not available at the time of publication.",... ,... , ...,"Estimates were not available at the time of publication.",... ,... , ...,"Estimates were not available at the time of publication.",... ,... , ...,"Estimates were not available at the time of publication.",... ,... , ...,"Estimates were not available at the time of publication.",... ,... , ...,"Estimates were not available at the time of publication.",... ,... , ...,"Estimates were not available at the time of publication.",... ,... , ...,"Estimates were not available at the time of publication.",... ,... , ...,"Estimates were not available at the time of publication.",... ,... , ...,"Estimates were not available at the time of publication.",... ,... , ...,"Estimates were not available at the time of publication.",... ,... , ...,"Estimates were not available at the time of publication.",... ,... , ...,"Estimates were not available at the time of publication.",... ,... , ...,"Estimates were not available at the time of publication.",... ,... , ...,"Estimates were not available at the time of publication.",... ,... , ...,"Estimates were not available at the time of publication.",... ,... , ...,"Estimates were not available at the time of publication.",... ,... , ...,"Estimates were not available at the time of publication.",... ,... , ...,"Estimates were not available at the time of publication.",... ,... , ...,"Estimates were not available at the time of publication.",... ,... , ...,"Estimates were not available at the time of publication.",... ,... , ...,"Estimates were not available at the time of publication.",... ,... , ...,"Estimates were not available at the time of publication.",... ,... , ...,"Estimates were not available at the time of publication.",... ,... , ...,"Estimates were not available at the time of publication.",... ,... , ...,"Estimates were not available at the time of publication.",... ,... , ...,"Estimates were not available at the time of publication.",... ,... , ...,"Estimates were not available at the time of publication.",... ,... , ...,"Estimates were not available at the time of publication.",... ,... , ...,"Estimates were not available at the time of publication."
Colombia,3400 ,2200 , 4800,,4400 ,2900 , 6400,,5500 ,3600 , 8200,,6700 ,4300 , 10 000,,7800 ,4900 , 12 000,,8800 ,5400 , 13 000,,9600 ,5800 , 14 000,,10 000 ,6200 , 15 000,,11 000 ,6400 , 15 000,,11 000 ,6700 , 16 000,,11 000 ,6600 , 16 000,,11 000 ,6400 , 16 000,,11 000 ,6200 , 16 000,,10 000 ,6200 , 15 000,,10 000 ,6300 , 15 000,,10 000 ,6300 , 15 000,,10 000 ,6300 , 14 000,,10 000 ,6500 , 14 000,,10 000 ,6700 , 14 000,,10 000 ,6900 , 15 000,,10 000 ,7000 , 15 000,,10 000 ,7000 , 15 000,,10 000 ,6900 , 15 000,,10 000 ,6800 , 15 000,,10 000 ,6700 , 15 000,,11 000 ,6800 , 15 000,,11 000 ,7100 , 16 000,,11 000 ,7000 , 16 000,,11 000 ,7000 , 17 000,,11 000 ,7000 , 17 000,,11 000 ,6900 , 18 000,,11 000 ,6800 , 18 000,,11 000 ,6700 , 18 000,,11 000 ,6800 , 19 000,,11 000 ,6100 , 19 000,
Comoros,<100 ,<100 , <100,"Children estimates were not available at the time of publication.",<100 ,<100 , <100,"Children estimates were not available at the time of publication.",<100 ,<100 , <100,"Children estimates were not available at the time of publication.",<100 ,<100 , <100,"Children estimates were not available at the time of publication.",<100 ,<100 , <100,"Children estimates were not available at the time of publication.",<100 ,<100 , <100,"Children estimates were not available at the time of publication.",<100 ,<100 , <100,"Children estimates were not available at the time of publication.",<100 ,<100 , <100,"Children estimates were not available at the time of publication.",<100 ,<100 , <100,"Children estimates were not available at the time of publication.",<100 ,<100 , <100,"Children estimates were not available at the time of publication.",<100 ,<100 , <100,"Children estimates were not available at the time of publication.",<100 ,<100 , <100,"Children estimates were not available at the time of publication.",<100 ,<100 , <100,"Children estimates were not available at the time of publication.",<100 ,<100 , <100,"Children estimates were not available at the time of publication.",<100 ,<100 , <100,"Children estimates were not available at the time of publication.",<100 ,<100 , <100,"Children estimates were not available at the time of publication.",<100 ,<100 , <100,"Children estimates were not available at the time of publication.",<100 ,<100 , <100,"Children estimates were not available at the time of publication.",<100 ,<100 , <100,"Children estimates were not available at the time of publication.",<100 ,<100 , <100,"Children estimates were not available at the time of publication.",<100 ,<100 , <100,"Children estimates were not available at the time of publication.",<100 ,<100 , <100,"Children estimates were not available at the time of publication.",<100 ,<100 , <100,"Children estimates were not available at the time of publication.",<100 ,<100 , <100,"Children estimates were not available at the time of publication.",<100 ,<100 , <100,"Children estimates were not available at the time of publication.",<100 ,<100 , <100,"Children estimates were not available at the time of publication.",<100 ,<100 , <100,"Children estimates were not available at the time of publication.",<100 ,<100 , <100,"Children estimates were not available at the time of publication.",<100 ,<100 , <100,"Children estimates were not available at the time of publication.",<100 ,<100 , <100,"Children estimates were not available at the time of publication.",<100 ,<100 , <100,"Children estimates were not available at the time of publication.",<100 ,<100 , <100,"Children estimates were not available at the time of publication.",<100 ,<100 , <100,"Children estimates were not available at the time of publication.",<100 ,<100 , <100,"Children estimates were not available at the time of publication.",<100 ,<100 , <100,"Children estimates were not available at the time of publication."
Congo,16 000 ,7100 , 25 000,,16 000 ,7000 , 25 000,,16 000 ,6600 , 24 000,,15 000 ,6300 , 23 000,,14 000 ,5900 , 22 000,,14 000 ,5800 , 21 000,,13 000 ,5500 , 19 000,,12 000 ,5200 , 18 000,,12 000 ,5300 , 17 000,,11 000 ,5200 , 16 000,,12 000 ,5600 , 16 000,,11 000 ,5600 , 16 000,,11 000 ,5600 , 16 000,,12 000 ,5900 , 16 000,,12 000 ,6300 , 16 000,,12 000 ,6600 , 17 000,,13 000 ,6900 , 17 000,,13 000 ,7100 , 17 000,,13 000 ,7200 , 17 000,,13 000 ,7500 , 18 000,,14 000 ,7600 , 18 000,,14 000 ,7600 , 18 000,,14 000 ,7700 , 18 000,,14 000 ,7700 , 18 000,,14 000 ,7900 , 19 000,,14 000 ,8000 , 19 000,,15 000 ,8000 , 20 000,,15 000 ,8000 , 20 000,,16 000 ,8200 , 21 000,,16 000 ,8500 , 23 000,,17 000 ,8600 , 24 000,,18 000 ,8800 , 26 000,,18 000 ,8900 , 28 000,,19 000 ,9300 , 29 000,,20 000 ,9300 , 31 000,
Costa Rica,<200 ,<200 , <500,,<200 ,<200 , <500,,<200 ,<200 , <500,,<200 ,<200 , <500,,<200 ,<200 , <500,,<200 ,<200 , <500,,<200 ,<200 , <500,,<500 ,<200 , <500,,<500 ,<200 , <500,,<500 ,<200 , <500,,<500 ,<500 , <500,,<500 ,<500 , 520,,<500 ,<500 , 630,,570 ,<500 , 760,,680 ,<500 , 910,,800 ,570 , 1100,,920 ,660 , 1200,,1000 ,740 , 1400,,1200 ,820 , 1500,,1300 ,890 , 1700,,1400 ,960 , 1900,,1500 ,1000 , 2000,,1500 ,1100 , 2100,,1600 ,1100 , 2200,,1700 ,1200 , 2300,,1700 ,1200 , 2400,,1800 ,1200 , 2400,,1800 ,1200 , 2500,,1800 ,1300 , 2500,,1800 ,1300 , 2600,,1900 ,1300 , 2600,,1900 ,1300 , 2600,,1900 ,1300 , 2600,,1900 ,1300 , 2600,,1900 ,1300 , 2600,
Croatia,<100 ,<100 , <100,"Children estimates were not available at the time of publication.",<100 ,<100 , <100,"Children estimates were not available at the time of publication.",<100 ,<100 , <100,"Children estimates were not available at the time of publication.",<100 ,<100 , <100,"Children estimates were not available at the time of publication.",<100 ,<100 , <100,"Children estimates were not available at the time of publication.",<100 ,<100 , <100,"Children estimates were not available at the time of publication.",<100 ,<100 , <100,"Children estimates were not available at the time of publication.",<100 ,<100 , <100,"Children estimates were not available at the time of publication.",<100 ,<100 , <100,"Children estimates were not available at the time of publication.",<100 ,<100 , <100,"Children estimates were not available at the time of publication.",<100 ,<100 , <100,"Children estimates were not available at the time of publication.",<100 ,<100 , <100,"Children estimates were not available at the time of publication.",<100 ,<100 , <100,"Children estimates were not available at the time of publication.",<100 ,<100 , <100,"Children estimates were not available at the time of publication.",<100 ,<100 , <100,"Children estimates were not available at the time of publication.",<100 ,<100 , <100,"Children estimates were not available at the time of publication.",<100 ,<100 , <100,"Children estimates were not available at the time of publication.",<100 ,<100 , <100,"Children estimates were not available at the time of publication.",<100 ,<100 , <200,"Children estimates were not available at the time of publication.",<100 ,<100 , <200,"Children estimates were not available at the time of publication.",<100 ,<100 , <200,"Children estimates were not available at the time of publication.",<200 ,<100 , <200,"Children estimates were not available at the time of publication.",<200 ,<100 , <200,"Children estimates were not available at the time of publication.",<200 ,<100 , <200,"Children estimates were not available at the time of publication.",<200 ,<100 , <200,"Children estimates were not available at the time of publication.",<200 ,<100 , <200,"Children estimates were not available at the time of publication.",<200 ,<100 , <200,"Children estimates were not available at the time of publication.",<200 ,<100 , <200,"Children estimates were not available at the time of publication.",<200 ,<100 , <200,"Children estimates were not available at the time of publication.",<200 ,<100 , <200,"Children estimates were not available at the time of publication.",<200 ,<100 , <200,"Children estimates were not available at the time of publication.",<200 ,<100 , <200,"Children estimates were not available at the time of publication.",<200 ,<100 , <200,"Children estimates were not available at the time of publication.",<100 ,<100 , <200,"Children estimates were not available at the time of publication.",<100 ,<100 , <200,"Children estimates were not available at the time of publication."
Cuba,<500 ,<200 , <500,,<500 ,<200 , <500,,<500 ,<200 , <500,,<500 ,<200 , <500,,<500 ,<200 , <500,,<500 ,<200 , <500,,<500 ,<500 , <500,,<500 ,<500 , 590,,550 ,<500 , 730,,710 ,540 , 930,,920 ,690 , 1200,,1200 ,860 , 1500,,1400 ,1100 , 1900,,1700 ,1300 , 2300,,2100 ,1500 , 2800,,2400 ,1700 , 3200,,2700 ,1900 , 3600,,2900 ,2100 , 3900,,3100 ,2200 , 4200,,3200 ,2200 , 4400,,3300 ,2300 , 4500,,3400 ,2300 , 4600,,3400 ,2300 , 4500,,3300 ,2200 , 4400,,3200 ,2200 , 4300,,3000 ,2100 , 4200,,3000 ,2000 , 4100,,2900 ,2000 , 4000,,2900 ,1900 , 4000,,2900 ,2000 , 4000,,2900 ,2000 , 4000,,2900 ,2000 , 4000,,2900 ,2000 , 3900,,2800 ,1900 , 3800,,2700 ,1900 , 3700,
Cyprus,... ,... , ...,"Estimates were not available at the time of publication.",... ,... , ...,"Estimates were not available at the time of publication.",... ,... , ...,"Estimates were not available at the time of publication.",... ,... , ...,"Estimates were not available at the time of publication.",... ,... , ...,"Estimates were not available at the time of publication.",... ,... , ...,"Estimates were not available at the time of publication.",... ,... , ...,"Estimates were not available at the time of publication.",... ,... , ...,"Estimates were not available at the time of publication.",... ,... , ...,"Estimates were not available at the time of publication.",... ,... , ...,"Estimates were not available at the time of publication.",... ,... , ...,"Estimates were not available at the time of publication.",... ,... , ...,"Estimates were not available at the time of publication.",... ,... , ...,"Estimates were not available at the time of publication.",... ,... , ...,"Estimates were not available at the time of publication.",... ,... , ...,"Estimates were not available at the time of publication.",... ,... , ...,"Estimates were not available at the time of publication.",... ,... , ...,"Estimates were not available at the time of publication.",... ,... , ...,"Estimates were not available at the time of publication.",... ,... , ...,"Estimates were not available at the time of publication.",... ,... , ...,"Estimates were not available at the time of publication.",... ,... , ...,"Estimates were not available at the time of publication.",... ,... , ...,"Estimates were not available at the time of publication.",... ,... , ...,"Estimates were not available at the time of publication.",... ,... , ...,"Estimates were not available at the time of publication.",... ,... , ...,"Estimates were not available at the time of publication.",... ,... , ...,"Estimates were not available at the time of publication.",... ,... , ...,"Estimates were not available at the time of publication.",... ,... , ...,"Estimates were not available at the time of publication.",... ,... , ...,"Estimates were not available at the time of publication.",... ,... , ...,"Estimates were not available at the time of publication.",... ,... , ...,"Estimates were not available at the time of publication.",... ,... , ...,"Estimates were not available at the time of publication.",... ,... , ...,"Estimates were not available at the time of publication.",... ,... , ...,"Estimates were not available at the time of publication.",... ,... , ...,"Estimates were not available at the time of publication."
Czechia,... ,... , ...,"Estimates were not available at the time of publication.",... ,... , ...,"Estimates were not available at the time of publication.",... ,... , ...,"Estimates were not available at the time of publication.",... ,... , ...,"Estimates were not available at the time of publication.",... ,... , ...,"Estimates were not available at the time of publication.",... ,... , ...,"Estimates were not available at the time of publication.",... ,... , ...,"Estimates were not available at the time of publication.",... ,... , ...,"Estimates were not available at the time of publication.",... ,... , ...,"Estimates were not available at the time of publication.",... ,... , ...,"Estimates were not available at the time of publication.",... ,... , ...,"Estimates were not available at the time of publication.",... ,... , ...,"Estimates were not available at the time of publication.",... ,... , ...,"Estimates were not available at the time of publication.",... ,... , ...,"Estimates were not available at the time of publication.",... ,... , ...,"Estimates were not available at the time of publication.",... ,... , ...,"Estimates were not available at the time of publication.",... ,... , ...,"Estimates were not available at the time of publication.",... ,... , ...,"Estimates were not available at the time of publication.",... ,... , ...,"Estimates were not available at the time of publication.",... ,... , ...,"Estimates were not available at the time of publication.",... ,... , ...,"Estimates were not available at the time of publication.",... ,... , ...,"Estimates were not available at the time of publication.",... ,... , ...,"Estimates were not available at the time of publication.",... ,... , ...,"Estimates were not available at the time of publication.",... ,... , ...,"Estimates were not available at the time of publication.",... ,... , ...,"Estimates were not available at the time of publication.",... ,... , ...,"Estimates were not available at the time of publication.",... ,... , ...,"Estimates were not available at the time of publication.",... ,... , ...,"Estimates were not available at the time of publication.",... ,... , ...,"Estimates were not available at the time of publication.",... ,... , ...,"Estimates were not available at the time of publication.",... ,... , ...,"Estimates were not available at the time of publication.",... ,... , ...,"Estimates were not available at the time of publication.",... ,... , ...,"Estimates were not available at the time of publication.",... ,... , ...,"Estimates were not available at the time of publication."
Côte d'Ivoire,61 000 ,27 000 , 97 000,,72 000 ,31 000 , 110 000,,83 000 ,35 000 , 120 000,,91 000 ,40 000 , 130 000,,97 000 ,43 000 , 140 000,,100 000 ,44 000 , 140 000,,100 000 ,42 000 , 140 000,,97 000 ,40 000 , 140 000,,92 000 ,38 000 , 130 000,,85 000 ,37 000 , 120 000,,77 000 ,33 000 , 110 000,,69 000 ,30 000 , 100 000,,63 000 ,28 000 , 92 000,,58 000 ,27 000 , 83 000,,54 000 ,26 000 , 76 000,,52 000 ,27 000 , 72 000,,50 000 ,28 000 , 70 000,,50 000 ,29 000 , 68 000,,50 000 ,29 000 , 68 000,,50 000 ,31 000 , 67 000,,50 000 ,34 000 , 66 000,,50 000 ,35 000 , 65 000,,49 000 ,35 000 , 62 000,,47 000 ,35 000 , 59 000,,45 000 ,35 000 , 56 000,,45 000 ,35 000 , 55 000,,44 000 ,35 000 , 53 000,,42 000 ,34 000 , 51 000,,41 000 ,33 000 , 49 000,,40 000 ,32 000 , 48 000,,38 000 ,31 000 , 47 000,,37 000 ,30 000 , 46 000,,36 000 ,29 000 , 44 000,,34 000 ,27 000 , 42 000,,32 000 ,25 000 , 41 000,
Democratic People's Republic of Korea,... ,... , ...,"Estimates were not available at the time of publication.",... ,... , ...,"Estimates were not available at the time of publication.",... ,... , ...,"Estimates were not available at the time of publication.",... ,... , ...,"Estimates were not available at the time of publication.",... ,... , ...,"Estimates were not available at the time of publication.",... ,... , ...,"Estimates were not available at the time of publication.",... ,... , ...,"Estimates were not available at the time of publication.",... ,... , ...,"Estimates were not available at the time of publication.",... ,... , ...,"Estimates were not available at the time of publication.",... ,... , ...,"Estimates were not available at the time of publication.",... ,... , ...,"Estimates were not available at the time of publication.",... ,... , ...,"Estimates were not available at the time of publication.",... ,... , ...,"Estimates were not available at the time of publication.",... ,... , ...,"Estimates were not available at the time of publication.",... ,... , ...,"Estimates were not available at the time of publication.",... ,... , ...,"Estimates were not available at the time of publication.",... ,... , ...,"Estimates were not available at the time of publication.",... ,... , ...,"Estimates were not available at the time of publication.",... ,... , ...,"Estimates were not available at the time of publication.",... ,... , ...,"Estimates were not available at the time of publication.",... ,... , ...,"Estimates were not available at the time of publication.",... ,... , ...,"Estimates were not available at the time of publication.",... ,... , ...,"Estimates were not available at the time of publication.",... ,... , ...,"Estimates were not available at the time of publication.",... ,... , ...,"Estimates were not available at the time of publication.",... ,... , ...,"Estimates were not available at the time of publication.",... ,... , ...,"Estimates were not available at the time of publication.",... ,... , ...,"Estimates were not available at the time of publication.",... ,... , ...,"Estimates were not available at the time of publication.",... ,... , ...,"Estimates were not available at the time of publication.",... ,... , ...,"Estimates were not available at the time of publication.",... ,... , ...,"Estimates were not available at the time of publication.",... ,... , ...,"Estimates were not available at the time of publication.",... ,... , ...,"Estimates were not available at the time of publication.",... ,... , ...,"Estimates were not available at the time of publication."
Democratic Republic of the Congo,82 000 ,34 000 , 130 000,,85 000 ,36 000 , 130 000,,87 000 ,37 000 , 130 000,,89 000 ,35 000 , 130 000,,93 000 ,36 000 , 140 000,,90 000 ,37 000 , 140 000,,84 000 ,35 000 , 130 000,,80 000 ,33 000 , 120 000,,77 000 ,32 000 , 120 000,,75 000 ,32 000 , 110 000,,73 000 ,31 000 , 110 000,,72 000 ,31 000 , 100 000,,71 000 ,32 000 , 100 000,,71 000 ,33 000 , 100 000,,71 000 ,34 000 , 100 000,,72 000 ,36 000 , 100 000,,73 000 ,37 000 , 100 000,,73 000 ,39 000 , 99 000,,73 000 ,41 000 , 99 000,,74 000 ,43 000 , 99 000,,74 000 ,44 000 , 98 000,,74 000 ,46 000 , 98 000,,74 000 ,46 000 , 96 000,,73 000 ,47 000 , 95 000,,73 000 ,48 000 , 94 000,,72 000 ,48 000 , 94 000,,72 000 ,49 000 , 94 000,,71 000 ,48 000 , 92 000,,70 000 ,48 000 , 91 000,,70 000 ,47 000 , 90 000,,69 000 ,46 000 , 89 000,,67 000 ,45 000 , 88 000,,66 000 ,44 000 , 88 000,,64 000 ,43 000 , 89 000,,62 000 ,43 000 , 87 000,
Denmark,<500 ,<500 , <500,"Children estimates were not available at the time of publication.",<500 ,<500 , <500,"Children estimates were not available at the time of publication.",<500 ,<500 , <500,"Children estimates were not available at the time of publication.",<500 ,<500 , <500,"Children estimates were not available at the time of publication.",<500 ,<200 , <500,"Children estimates were not available at the time of publication.",<500 ,<200 , <500,"Children estimates were not available at the time of publication.",<500 ,<200 , <500,"Children estimates were not available at the time of publication.",<500 ,<200 , <500,"Children estimates were not available at the time of publication.",<500 ,<200 , <500,"Children estimates were not available at the time of publication.",<500 ,<200 , <500,"Children estimates were not available at the time of publication.",<500 ,<200 , <500,"Children estimates were not available at the time of publication.",<200 ,<200 , <500,"Children estimates were not available at the time of publication.",<200 ,<200 , <500,"Children estimates were not available at the time of publication.",<200 ,<200 , <500,"Children estimates were not available at the time of publication.",<200 ,<200 , <500,"Children estimates were not available at the time of publication.",<200 ,<200 , <200,"Children estimates were not available at the time of publication.",<200 ,<100 , <200,"Children estimates were not available at the time of publication.",<200 ,<100 , <200,"Children estimates were not available at the time of publication.",<200 ,<100 , <200,"Children estimates were not available at the time of publication.",<200 ,<100 , <200,"Children estimates were not available at the time of publication.",<200 ,<100 , <200,"Children estimates were not available at the time of publication.",<200 ,<100 , <200,"Children estimates were not available at the time of publication.",<200 ,<100 , <200,"Children estimates were not available at the time of publication.",<200 ,<100 , <200,"Children estimates were not available at the time of publication.",<200 ,<100 , <200,"Children estimates were not available at the time of publication.",<200 ,<100 , <200,"Children estimates were not available at the time of publication.",<200 ,<100 , <200,"Children estimates were not available at the time of publication.",<100 ,<100 , <200,"Children estimates were not available at the time of publication.",<100 ,<100 , <200,"Children estimates were not available at the time of publication.",<100 ,<100 , <200,"Children estimates were not available at the time of publication.",<100 ,<100 , <200,"Children estimates were not available at the time of publication.",<100 ,<100 , <200,"Children estimates were not available at the time of publication.",<100 ,<100 , <100,"Children estimates were not available at the time of publication.",<100 ,<100 , <100,"Children estimates were not available at the time of publication.",<100 ,<100 , <100,"Children estimates were not available at the time of publication."
Djibouti,<500 ,<200 , 680,,530 ,<500 , 940,,660 ,<500 , 1100,,810 ,<500 , 1300,,900 ,<500 , 1400,,1000 ,<500 , 1600,,1100 ,<500 , 1800,,1200 ,<500 , 1900,,1200 ,<500 , 2000,,1200 ,<500 , 2000,,1200 ,<500 , 2000,,1200 ,<500 , 2000,,1100 ,<500 , 1900,,1000 ,<500 , 1700,,930 ,<500 , 1500,,870 ,<500 , 1400,,830 ,<500 , 1300,,810 ,<500 , 1300,,810 ,<500 , 1300,,820 ,<500 , 1300,,830 ,<500 , 1300,,830 ,<500 , 1300,,830 ,<500 , 1300,,830 ,500 , 1200,,830 ,540 , 1200,,840 ,570 , 1200,,830 ,580 , 1100,,830 ,600 , 1100,,830 ,600 , 1100,,830 ,610 , 1100,,830 ,610 , 1100,,820 ,600 , 1100,,800 ,570 , 1100,,780 ,560 , 1100,,760 ,530 , 1100,
Dominica,<100 ,<100 , <100,"Countries with a UNAIDS-approved estimate and population less than 250000 in 2024; not included in regional or global totals",<100 ,<100 , <100,"Countries with a UNAIDS-approved estimate and population less than 250000 in 2024; not included in regional or global totals",<100 ,<100 , <100,"Countries with a UNAIDS-approved estimate and population less than 250000 in 2024; not included in regional or global totals",<100 ,<100 , <100,"Countries with a UNAIDS-approved estimate and population less than 250000 in 2024; not included in regional or global totals",<100 ,<100 , <100,"Countries with a UNAIDS-approved estimate and population less than 250000 in 2024; not included in regional or global totals",<100 ,<100 , <100,"Countries with a UNAIDS-approved estimate and population less than 250000 in 2024; not included in regional or global totals",<100 ,<100 , <100,"Countries with a UNAIDS-approved estimate and population less than 250000 in 2024; not included in regional or global totals",<100 ,<100 , <100,"Countries with a UNAIDS-approved estimate and population less than 250000 in 2024; not included in regional or global totals",<100 ,<100 , <100,"Countries with a UNAIDS-approved estimate and population less than 250000 in 2024; not included in regional or global totals",<100 ,<100 , <100,"Countries with a UNAIDS-approved estimate and population less than 250000 in 2024; not included in regional or global totals",<100 ,<100 , <100,"Countries with a UNAIDS-approved estimate and population less than 250000 in 2024; not included in regional or global totals",<100 ,<100 , <100,"Countries with a UNAIDS-approved estimate and population less than 250000 in 2024; not included in regional or global totals",<100 ,<100 , <100,"Countries with a UNAIDS-approved estimate and population less than 250000 in 2024; not included in regional or global totals",<100 ,<100 , <100,"Countries with a UNAIDS-approved estimate and population less than 250000 in 2024; not included in regional or global totals",<100 ,<100 , <100,"Countries with a UNAIDS-approved estimate and population less than 250000 in 2024; not included in regional or global totals",<100 ,<100 , <100,"Countries with a UNAIDS-approved estimate and population less than 250000 in 2024; not included in regional or global totals",<100 ,<100 , <100,"Countries with a UNAIDS-approved estimate and population less than 250000 in 2024; not included in regional or global totals",<100 ,<100 , <100,"Countries with a UNAIDS-approved estimate and population less than 250000 in 2024; not included in regional or global totals",<100 ,<100 , <100,"Countries with a UNAIDS-approved estimate and population less than 250000 in 2024; not included in regional or global totals",<100 ,<100 , <100,"Countries with a UNAIDS-approved estimate and population less than 250000 in 2024; not included in regional or global totals",<100 ,<100 , <100,"Countries with a UNAIDS-approved estimate and population less than 250000 in 2024; not included in regional or global totals",<100 ,<100 , <100,"Countries with a UNAIDS-approved estimate and population less than 250000 in 2024; not included in regional or global totals",<100 ,<100 , <100,"Countries with a UNAIDS-approved estimate and population less than 250000 in 2024; not included in regional or global totals",<100 ,<100 , <100,"Countries with a UNAIDS-approved estimate and population less than 250000 in 2024; not included in regional or global totals",<100 ,<100 , <100,"Countries with a UNAIDS-approved estimate and population less than 250000 in 2024; not included in regional or global totals",<100 ,<100 , <100,"Countries with a UNAIDS-approved estimate and population less than 250000 in 2024; not included in regional or global totals",<100 ,<100 , <100,"Countries with a UNAIDS-approved estimate and population less than 250000 in 2024; not included in regional or global totals",<100 ,<100 , <100,"Countries with a UNAIDS-approved estimate and population less than 250000 in 2024; not included in regional or global totals",<100 ,<100 , <100,"Countries with a UNAIDS-approved estimate and population less than 250000 in 2024; not included in regional or global totals",<100 ,<100 , <100,"Countries with a UNAIDS-approved estimate and population less than 250000 in 2024; not included in regional or global totals",<100 ,<100 , <100,"Countries with a UNAIDS-approved estimate and population less than 250000 in 2024; not included in regional or global totals",<100 ,<100 , <100,"Countries with a UNAIDS-approved estimate and population less than 250000 in 2024; not included in regional or global totals",<100 ,<100 , <100,"Countries with a UNAIDS-approved estimate and population less than 250000 in 2024; not included in regional or global totals",<100 ,<100 , <100,"Countries with a UNAIDS-approved estimate and population less than 250000 in 2024; not included in regional or global totals",<100 ,<100 , <100,"Countries with a UNAIDS-approved estimate and population less than 250000 in 2024; not included in regional or global totals"
Dominican Republic,6300 ,3800 , 12 000,,8400 ,5400 , 13 000,,11 000 ,7000 , 16 000,,13 000 ,8800 , 18 000,,14 000 ,9900 , 19 000,,15 000 ,11 000 , 20 000,,15 000 ,11 000 , 20 000,,15 000 ,11 000 , 19 000,,14 000 ,11 000 , 18 000,,14 000 ,10 000 , 17 000,,13 000 ,9500 , 16 000,,12 000 ,9000 , 15 000,,12 000 ,8700 , 15 000,,11 000 ,8400 , 14 000,,11 000 ,7900 , 13 000,,10 000 ,7500 , 12 000,,9900 ,7400 , 12 000,,9600 ,7200 , 12 000,,9300 ,7000 , 12 000,,9100 ,6900 , 12 000,,9000 ,6800 , 11 000,,8900 ,6600 , 11 000,,8700 ,6400 , 11 000,,8600 ,6000 , 11 000,,8400 ,5800 , 11 000,,8200 ,5600 , 10 000,,8000 ,5500 , 10 000,,8000 ,5300 , 10 000,,7900 ,5200 , 9900,,7900 ,5200 , 9800,,7900 ,5300 , 9900,,7900 ,5300 , 9900,,7800 ,5200 , 9800,,7700 ,5300 , 9800,,7600 ,5200 , 9600,
Ecuador,1800 ,970 , 3600,,2300 ,1300 , 4700,,2900 ,1600 , 5300,,3700 ,2100 , 6200,,4500 ,2600 , 7300,,5400 ,3300 , 8500,,6200 ,3900 , 9200,,6800 ,4500 , 9600,,7300 ,5000 , 10 000,,7600 ,5400 , 11 000,,7800 ,5600 , 11 000,,7900 ,5700 , 11 000,,7900 ,5700 , 11 000,,7800 ,5700 , 10 000,,7700 ,5600 , 9900,,7500 ,5500 , 9600,,7400 ,5500 , 9500,,7300 ,5400 , 9400,,7300 ,5500 , 9200,,7200 ,5400 , 9100,,7200 ,5400 , 9100,,7200 ,5400 , 9100,,7200 ,5400 , 9100,,7100 ,5400 , 8900,,7000 ,5300 , 8700,,6900 ,5200 , 8600,,6700 ,5000 , 8300,,6400 ,4900 , 8000,,6200 ,4700 , 7700,,6000 ,4500 , 7500,,5800 ,4300 , 7200,,5600 ,4200 , 7000,,5500 ,4100 , 7000,,5300 ,4000 , 6900,,5300 ,3900 , 6800,
Egypt,760 ,<500 , 1300,,810 ,<500 , 1400,,850 ,<500 , 1500,,890 ,520 , 1500,,920 ,550 , 1600,,970 ,600 , 1600,,990 ,600 , 1600,,1000 ,640 , 1600,,1100 ,670 , 1600,,1100 ,690 , 1500,,1100 ,720 , 1500,,1200 ,770 , 1600,,1200 ,820 , 1700,,1300 ,860 , 1800,,1300 ,900 , 1800,,1400 ,950 , 2000,,1500 ,980 , 2100,,1500 ,1000 , 2200,,1600 ,1100 , 2300,,1700 ,1100 , 2400,,1700 ,1100 , 2500,,1800 ,1200 , 2600,,1900 ,1300 , 2700,,2000 ,1300 , 2800,,2100 ,1400 , 3000,,2200 ,1400 , 3200,,2300 ,1500 , 3400,,2400 ,1600 , 3600,,2600 ,1600 , 3800,,2800 ,1800 , 4200,,3000 ,1900 , 4500,,3300 ,2000 , 5100,,3500 ,2100 , 5400,,3800 ,2200 , 5900,,4100 ,2400 , 6600,
El Salvador,590 ,<500 , 770,,850 ,620 , 1100,,1200 ,840 , 1500,,1500 ,1100 , 1900,,1900 ,1400 , 2400,,2300 ,1800 , 2800,,2700 ,2100 , 3300,,3100 ,2300 , 3800,,3400 ,2600 , 4300,,3600 ,2700 , 4600,,3800 ,2800 , 4800,,3900 ,2900 , 5000,,3800 ,2800 , 5000,,3800 ,2700 , 4900,,3600 ,2600 , 4700,,3300 ,2400 , 4400,,3100 ,2100 , 4100,,2800 ,1900 , 3800,,2500 ,1700 , 3500,,2200 ,1500 , 3100,,2000 ,1300 , 2700,,1800 ,1200 , 2400,,1600 ,1100 , 2200,,1500 ,1100 , 2000,,1400 ,1000 , 1900,,1400 ,1000 , 1900,,1400 ,1000 , 1900,,1400 ,1000 , 1900,,1500 ,1100 , 2000,,1500 ,1100 , 2000,,1500 ,1100 , 2000,,1600 ,1100 , 2100,,1600 ,1200 , 2100,,1600 ,1200 , 2100,,1600 ,1100 , 2100,
Equatorial Guinea,... ,... , ...,"Estimates were not available at the time of publication.",... ,... , ...,"Estimates were not available at the time of publication.",... ,... , ...,"Estimates were not available at the time of publication.",... ,... , ...,"Estimates were not available at the time of publication.",... ,... , ...,"Estimates were not available at the time of publication.",... ,... , ...,"Estimates were not available at the time of publication.",... ,... , ...,"Estimates were not available at the time of publication.",... ,... , ...,"Estimates were not available at the time of publication.",... ,... , ...,"Estimates were not available at the time of publication.",... ,... , ...,"Estimates were not available at the time of publication.",... ,... , ...,"Estimates were not available at the time of publication.",... ,... , ...,"Estimates were not available at the time of publication.",... ,... , ...,"Estimates were not available at the time of publication.",... ,... , ...,"Estimates were not available at the time of publication.",... ,... , ...,"Estimates were not available at the time of publication.",... ,... , ...,"Estimates were not available at the time of publication.",... ,... , ...,"Estimates were not available at the time of publication.",... ,... , ...,"Estimates were not available at the time of publication.",... ,... , ...,"Estimates were not available at the time of publication.",... ,... , ...,"Estimates were not available at the time of publication.",... ,... , ...,"Estimates were not available at the time of publication.",... ,... , ...,"Estimates were not available at the time of publication.",... ,... , ...,"Estimates were not available at the time of publication.",... ,... , ...,"Estimates were not available at the time of publication.",... ,... , ...,"Estimates were not available at the time of publication.",... ,... , ...,"Estimates were not available at the time of publication.",... ,... , ...,"Estimates were not available at the time of publication.",... ,... , ...,"Estimates were not available at the time of publication.",... ,... , ...,"Estimates were not available at the time of publication.",... ,... , ...,"Estimates were not available at the time of publication.",... ,... , ...,"Estimates were not available at the time of publication.",... ,... , ...,"Estimates were not available at the time of publication.",... ,... , ...,"Estimates were not available at the time of publication.",... ,... , ...,"Estimates were not available at the time of publication.",... ,... , ...,"Estimates were not available at the time of publication."
Eritrea,3400 ,1400 , 6600,,3200 ,1300 , 6000,,3500 ,1400 , 6200,,4000 ,1500 , 6600,,4000 ,1500 , 6400,,4800 ,1700 , 7400,,4300 ,1600 , 6700,,4000 ,1500 , 6300,,3700 ,1400 , 5600,,3500 ,1400 , 5200,,3200 ,1300 , 4800,,3000 ,1200 , 4500,,2600 ,1100 , 4000,,2500 ,1100 , 3800,,2200 ,970 , 3300,,1900 ,910 , 2800,,1600 ,830 , 2500,,1500 ,790 , 2300,,1500 ,810 , 2300,,1400 ,840 , 2100,,1400 ,870 , 1900,,1300 ,880 , 1800,,1300 ,900 , 1800,,1300 ,900 , 1700,,1300 ,900 , 1700,,1200 ,900 , 1700,,1200 ,900 , 1700,,1200 ,870 , 1600,,1200 ,880 , 1600,,1200 ,870 , 1600,,1200 ,830 , 1600,,1200 ,810 , 1600,,1100 ,790 , 1500,,1100 ,770 , 1500,,1000 ,740 , 1400,
Estonia,<100 ,<100 , <100,"Children estimates were not available at the time of publication.",<100 ,<100 , <100,"Children estimates were not available at the time of publication.",<100 ,<100 , <100,"Children estimates were not available at the time of publication.",<100 ,<100 , <100,"Children estimates were not available at the time of publication.",<100 ,<100 , <100,"Children estimates were not available at the time of publication.",<100 ,<100 , <100,"Children estimates were not available at the time of publication.",<100 ,<100 , <100,"Children estimates were not available at the time of publication.",<100 ,<100 , <100,"Children estimates were not available at the time of publication.",<100 ,<100 , <100,"Children estimates were not available at the time of publication.",<100 ,<100 , <100,"Children estimates were not available at the time of publication.",<100 ,<100 , <100,"Children estimates were not available at the time of publication.",<500 ,<500 , <500,"Children estimates were not available at the time of publication.",510 ,<500 , 600,"Children estimates were not available at the time of publication.",680 ,550 , 800,"Children estimates were not available at the time of publication.",790 ,630 , 940,"Children estimates were not available at the time of publication.",850 ,660 , 1000,"Children estimates were not available at the time of publication.",860 ,640 , 1100,"Children estimates were not available at the time of publication.",840 ,600 , 1000,"Children estimates were not available at the time of publication.",780 ,540 , 990,"Children estimates were not available at the time of publication.",710 ,<500 , 900,"Children estimates were not available at the time of publication.",620 ,<500 , 800,"Children estimates were not available at the time of publication.",530 ,<500 , 680,"Children estimates were not available at the time of publication.",<500 ,<500 , 570,"Children estimates were not available at the time of publication.",<500 ,<500 , <500,"Children estimates were not available at the time of publication.",<500 ,<200 , <500,"Children estimates were not available at the time of publication.",<500 ,<200 , <500,"Children estimates were not available at the time of publication.",<200 ,<200 , <500,"Children estimates were not available at the time of publication.",<200 ,<200 , <500,"Children estimates were not available at the time of publication.",<200 ,<100 , <500,"Children estimates were not available at the time of publication.",<200 ,<100 , <200,"Children estimates were not available at the time of publication.",<200 ,<100 , <200,"Children estimates were not available at the time of publication.",<200 ,<100 , <200,"Children estimates were not available at the time of publication.",<200 ,<100 , <200,"Children estimates were not available at the time of publication.",<200 ,<100 , <200,"Children estimates were not available at the time of publication.",<100 ,<100 , <200,"Children estimates were not available at the time of publication."
Eswatini,1500 ,630 , 2200,,3100 ,1300 , 4300,,5500 ,2400 , 7700,,8800 ,3900 , 12 000,,12 000 ,5200 , 16 000,,16 000 ,7400 , 22 000,,21 000 ,9600 , 28 000,,24 000 ,12 000 , 33 000,,27 000 ,13 000 , 36 000,,29 000 ,14 000 , 39 000,,30 000 ,14 000 , 41 000,,31 000 ,14 000 , 42 000,,31 000 ,14 000 , 42 000,,31 000 ,14 000 , 42 000,,30 000 ,14 000 , 42 000,,30 000 ,14 000 , 41 000,,29 000 ,14 000 , 41 000,,29 000 ,14 000 , 40 000,,29 000 ,14 000 , 39 000,,28 000 ,14 000 , 39 000,,28 000 ,14 000 , 38 000,,27 000 ,14 000 , 37 000,,27 000 ,14 000 , 37 000,,27 000 ,14 000 , 36 000,,26 000 ,14 000 , 35 000,,25 000 ,14 000 , 34 000,,23 000 ,13 000 , 31 000,,21 000 ,12 000 , 29 000,,20 000 ,12 000 , 27 000,,18 000 ,11 000 , 25 000,,17 000 ,11 000 , 23 000,,17 000 ,11 000 , 21 000,,16 000 ,10 000 , 19 000,,15 000 ,10 000 , 18 000,,15 000 ,10 000 , 17 000,
Ethiopia,110 000 ,84 000 , 150 000,,140 000 ,100 000 , 190 000,,160 000 ,120 000 , 210 000,,170 000 ,130 000 , 230 000,,180 000 ,130 000 , 240 000,,180 000 ,130 000 , 240 000,,170 000 ,120 000 , 220 000,,150 000 ,110 000 , 210 000,,140 000 ,100 000 , 190 000,,120 000 ,91 000 , 170 000,,110 000 ,81 000 , 150 000,,99 000 ,72 000 , 130 000,,90 000 ,66 000 , 120 000,,84 000 ,61 000 , 110 000,,79 000 ,58 000 , 110 000,,77 000 ,56 000 , 100 000,,76 000 ,56 000 , 100 000,,77 000 ,56 000 , 100 000,,79 000 ,58 000 , 110 000,,82 000 ,60 000 , 110 000,,85 000 ,62 000 , 110 000,,88 000 ,64 000 , 120 000,,90 000 ,66 000 , 120 000,,91 000 ,67 000 , 120 000,,91 000 ,66 000 , 120 000,,89 000 ,65 000 , 120 000,,86 000 ,63 000 , 120 000,,83 000 ,61 000 , 110 000,,79 000 ,58 000 , 110 000,,75 000 ,55 000 , 100 000,,70 000 ,51 000 , 94 000,,66 000 ,49 000 , 89 000,,62 000 ,45 000 , 83 000,,57 000 ,42 000 , 77 000,,53 000 ,39 000 , 72 000,
Fiji,<100 ,<100 , <100,,<100 ,<100 , <100,,<100 ,<100 , <100,,<100 ,<100 , <100,,<100 ,<100 , <100,,<100 ,<100 , <100,,<100 ,<100 , <100,,<100 ,<100 , <100,,<100 ,<100 , <100,,<100 ,<100 , <100,,<100 ,<100 , <100,,<100 ,<100 , <100,,<100 ,<100 , <100,,<100 ,<100 , <100,,<100 ,<100 , <100,,<100 ,<100 , <100,,<100 ,<100 , <100,,<100 ,<100 , <100,,<100 ,<100 , <100,,<100 ,<100 , <100,,<100 ,<100 , <100,,<100 ,<100 , <100,,<100 ,<100 , <100,,<100 ,<100 , <100,,<100 ,<100 , <100,,<100 ,<100 , <100,,<100 ,<100 , <100,,<100 ,<100 , <200,,<200 ,<100 , <200,,<200 ,<200 , <200,,<200 ,<200 , <500,,<500 ,<200 , <500,,<500 ,<500 , <500,,<500 ,<500 , 560,,<500 ,<500 , 750,
Finland,... ,... , ...,"Estimates were not available at the time of publication.",... ,... , ...,"Estimates were not available at the time of publication.",... ,... , ...,"Estimates were not available at the time of publication.",... ,... , ...,"Estimates were not available at the time of publication.",... ,... , ...,"Estimates were not available at the time of publication.",... ,... , ...,"Estimates were not available at the time of publication.",... ,... , ...,"Estimates were not available at the time of publication.",... ,... , ...,"Estimates were not available at the time of publication.",... ,... , ...,"Estimates were not available at the time of publication.",... ,... , ...,"Estimates were not available at the time of publication.",... ,... , ...,"Estimates were not available at the time of publication.",... ,... , ...,"Estimates were not available at the time of publication.",... ,... , ...,"Estimates were not available at the time of publication.",... ,... , ...,"Estimates were not available at the time of publication.",... ,... , ...,"Estimates were not available at the time of publication.",... ,... , ...,"Estimates were not available at the time of publication.",... ,... , ...,"Estimates were not available at the time of publication.",... ,... , ...,"Estimates were not available at the time of publication.",... ,... , ...,"Estimates were not available at the time of publication.",... ,... , ...,"Estimates were not available at the time of publication.",... ,... , ...,"Estimates were not available at the time of publication.",... ,... , ...,"Estimates were not available at the time of publication.",... ,... , ...,"Estimates were not available at the time of publication.",... ,... , ...,"Estimates were not available at the time of publication.",... ,... , ...,"Estimates were not available at the time of publication.",... ,... , ...,"Estimates were not available at the time of publication.",... ,... , ...,"Estimates were not available at the time of publication.",... ,... , ...,"Estimates were not available at the time of publication.",... ,... , ...,"Estimates were not available at the time of publication.",... ,... , ...,"Estimates were not available at the time of publication.",... ,... , ...,"Estimates were not available at the time of publication.",... ,... , ...,"Estimates were not available at the time of publication.",... ,... , ...,"Estimates were not available at the time of publication.",... ,... , ...,"Estimates were not available at the time of publication.",... ,... , ...,"Estimates were not available at the time of publication."
France,... ,... , ...,,... ,... , ...,,... ,... , ...,,... ,... , ...,,... ,... , ...,,... ,... , ...,,... ,... , ...,,... ,... , ...,,... ,... , ...,,... ,... , ...,,... ,... , ...,,... ,... , ...,,... ,... , ...,,... ,... , ...,,... ,... , ...,,... ,... , ...,,... ,... , ...,,... ,... , ...,,... ,... , ...,,... ,... , ...,,... ,... , ...,,... ,... , ...,,... ,... , ...,,... ,... , ...,,... ,... , ...,,... ,... , ...,,... ,... , ...,,... ,... , ...,,... ,... , ...,,... ,... , ...,,... ,... , ...,,... ,... , ...,,... ,... , ...,,... ,... , ...,,... ,... , ...,
Gabon,1700 ,680 , 3200,,2200 ,900 , 4200,,2800 ,1100 , 5200,,3500 ,1400 , 6300,,4300 ,1800 , 7500,,5100 ,2300 , 8700,,5800 ,2500 , 9500,,6400 ,2900 , 10 000,,6800 ,3100 , 11 000,,6900 ,3200 , 11 000,,6900 ,3200 , 11 000,,6900 ,3100 , 11 000,,6700 ,3100 , 10 000,,6500 ,2900 , 9600,,6300 ,2900 , 9100,,6100 ,2800 , 8500,,5900 ,2700 , 8200,,5700 ,2700 , 7900,,5600 ,2700 , 7800,,5500 ,2700 , 7800,,5400 ,2700 , 7800,,5400 ,2800 , 7700,,5300 ,2800 , 7700,,5200 ,2800 , 7500,,5100 ,2700 , 7400,,5000 ,2700 , 7200,,4900 ,2700 , 6800,,4800 ,2800 , 6900,,4700 ,2800 , 6900,,4700 ,2800 , 6800,,4600 ,2800 , 6700,,4500 ,2800 , 6800,,4400 ,2800 , 6800,,4300 ,2800 , 6700,,4200 ,2700 , 6500,
Gambia,<200 ,<100 , <500,,<200 ,<100 , <500,,<500 ,<200 , <500,,<500 ,<200 , 510,,<500 ,<500 , 630,,510 ,<500 , 740,,610 ,<500 , 870,,710 ,<500 , 970,,810 ,530 , 1100,,890 ,600 , 1200,,960 ,650 , 1300,,1000 ,700 , 1300,,1100 ,750 , 1400,,1100 ,770 , 1500,,1100 ,800 , 1500,,1200 ,830 , 1600,,1200 ,870 , 1600,,1300 ,900 , 1700,,1300 ,940 , 1800,,1300 ,970 , 1800,,1400 ,1000 , 1900,,1400 ,1000 , 1900,,1500 ,1100 , 2000,,1500 ,1100 , 2000,,1500 ,1100 , 2100,,1600 ,1100 , 2100,,1600 ,1100 , 2200,,1600 ,1100 , 2200,,1600 ,1200 , 2200,,1600 ,1200 , 2200,,1600 ,1200 , 2200,,1600 ,1100 , 2200,,1600 ,1100 , 2200,,1600 ,1100 , 2200,,1500 ,1100 , 2200,
Georgia,<100 ,<100 , <100,"Children estimates were not available at the time of publication.",<100 ,<100 , <100,"Children estimates were not available at the time of publication.",<100 ,<100 , <100,"Children estimates were not available at the time of publication.",<100 ,<100 , <100,"Children estimates were not available at the time of publication.",<100 ,<100 , <100,"Children estimates were not available at the time of publication.",<100 ,<100 , <100,"Children estimates were not available at the time of publication.",<100 ,<100 , <100,"Children estimates were not available at the time of publication.",<100 ,<100 , <100,"Children estimates were not available at the time of publication.",<100 ,<100 , <100,"Children estimates were not available at the time of publication.",<100 ,<100 , <100,"Children estimates were not available at the time of publication.",<100 ,<100 , <100,"Children estimates were not available at the time of publication.",<100 ,<100 , <100,"Children estimates were not available at the time of publication.",<100 ,<100 , <100,"Children estimates were not available at the time of publication.",<100 ,<100 , <100,"Children estimates were not available at the time of publication.",<100 ,<100 , <100,"Children estimates were not available at the time of publication.",<100 ,<100 , <100,"Children estimates were not available at the time of publication.",<100 ,<100 , <200,"Children estimates were not available at the time of publication.",<200 ,<100 , <200,"Children estimates were not available at the time of publication.",<200 ,<200 , <200,"Children estimates were not available at the time of publication.",<200 ,<200 , <200,"Children estimates were not available at the time of publication.",<200 ,<200 , <200,"Children estimates were not available at the time of publication.",<200 ,<200 , <200,"Children estimates were not available at the time of publication.",<200 ,<200 , <500,"Children estimates were not available at the time of publication.",<200 ,<200 , <500,"Children estimates were not available at the time of publication.",<200 ,<200 , <500,"Children estimates were not available at the time of publication.",<200 ,<200 , <500,"Children estimates were not available at the time of publication.",<200 ,<200 , <500,"Children estimates were not available at the time of publication.",<200 ,<200 , <500,"Children estimates were not available at the time of publication.",<200 ,<200 , <500,"Children estimates were not available at the time of publication.",<200 ,<200 , <500,"Children estimates were not available at the time of publication.",<200 ,<200 , <500,"Children estimates were not available at the time of publication.",<200 ,<200 , <500,"Children estimates were not available at the time of publication.",<200 ,<200 , <500,"Children estimates were not available at the time of publication.",<200 ,<200 , <500,"Children estimates were not available at the time of publication.",<200 ,<200 , <500,"Children estimates were not available at the time of publication."
Germany,... ,... , ...,,... ,... , ...,,... ,... , ...,,... ,... , ...,,... ,... , ...,,... ,... , ...,,... ,... , ...,,... ,... , ...,,... ,... , ...,,... ,... , ...,,... ,... , ...,,... ,... , ...,,... ,... , ...,,... ,... , ...,,... ,... , ...,,... ,... , ...,,... ,... , ...,,... ,... , ...,,... ,... , ...,,... ,... , ...,,... ,... , ...,,... ,... , ...,,... ,... , ...,,... ,... , ...,,... ,... , ...,,... ,... , ...,,... ,... , ...,,... ,... , ...,,... ,... , ...,,... ,... , ...,,... ,... , ...,,... ,... , ...,,... ,... , ...,,... ,... , ...,,... ,... , ...,
Ghana,26 000 ,12 000 , 41 000,,31 000 ,14 000 , 49 000,,36 000 ,17 000 , 55 000,,39 000 ,18 000 , 59 000,,43 000 ,20 000 , 62 000,,44 000 ,19 000 , 63 000,,45 000 ,19 000 , 65 000,,45 000 ,19 000 , 66 000,,44 000 ,18 000 , 65 000,,43 000 ,18 000 , 64 000,,41 000 ,17 000 , 62 000,,40 000 ,17 000 , 60 000,,39 000 ,17 000 , 57 000,,38 000 ,17 000 , 55 000,,37 000 ,17 000 , 53 000,,37 000 ,18 000 , 50 000,,37 000 ,18 000 , 50 000,,37 000 ,19 000 , 51 000,,37 000 ,19 000 , 50 000,,37 000 ,20 000 , 50 000,,38 000 ,21 000 , 50 000,,38 000 ,22 000 , 50 000,,38 000 ,23 000 , 51 000,,39 000 ,24 000 , 51 000,,39 000 ,25 000 , 52 000,,39 000 ,25 000 , 52 000,,40 000 ,26 000 , 52 000,,40 000 ,26 000 , 53 000,,40 000 ,26 000 , 52 000,,40 000 ,26 000 , 52 000,,40 000 ,25 000 , 52 000,,39 000 ,25 000 , 52 000,,39 000 ,24 000 , 52 000,,38 000 ,24 000 , 51 000,,37 000 ,23 000 , 50 000,
Greece,<500 ,<200 , <500,"Children estimates were not available at the time of publication.",<500 ,<200 , <500,"Children estimates were not available at the time of publication.",<500 ,<500 , <500,"Children estimates were not available at the time of publication.",<500 ,<500 , <500,"Children estimates were not available at the time of publication.",<500 ,<500 , 560,"Children estimates were not available at the time of publication.",<500 ,<500 , 620,"Children estimates were not available at the time of publication.",<500 ,<500 , 670,"Children estimates were not available at the time of publication.",510 ,<500 , 690,"Children estimates were not available at the time of publication.",510 ,<500 , 700,"Children estimates were not available at the time of publication.",<500 ,<500 , 680,"Children estimates were not available at the time of publication.",<500 ,<500 , 660,"Children estimates were not available at the time of publication.",<500 ,<500 , 630,"Children estimates were not available at the time of publication.",<500 ,<500 , 600,"Children estimates were not available at the time of publication.",<500 ,<500 , 610,"Children estimates were not available at the time of publication.",<500 ,<500 , 630,"Children estimates were not available at the time of publication.",530 ,<500 , 680,"Children estimates were not available at the time of publication.",570 ,<500 , 730,"Children estimates were not available at the time of publication.",610 ,<500 , 780,"Children estimates were not available at the time of publication.",640 ,<500 , 830,"Children estimates were not available at the time of publication.",660 ,<500 , 850,"Children estimates were not available at the time of publication.",670 ,<500 , 880,"Children estimates were not available at the time of publication.",680 ,<500 , 900,"Children estimates were not available at the time of publication.",680 ,<500 , 910,"Children estimates were not available at the time of publication.",680 ,<500 , 920,"Children estimates were not available at the time of publication.",680 ,<500 , 930,"Children estimates were not available at the time of publication.",670 ,<500 , 920,"Children estimates were not available at the time of publication.",670 ,<500 , 920,"Children estimates were not available at the time of publication.",660 ,<500 , 920,"Children estimates were not available at the time of publication.",660 ,<500 , 920,"Children estimates were not available at the time of publication.",670 ,<500 , 920,"Children estimates were not available at the time of publication.",670 ,<500 , 930,"Children estimates were not available at the time of publication.",670 ,<500 , 930,"Children estimates were not available at the time of publication.",670 ,<500 , 930,"Children estimates were not available at the time of publication.",670 ,<500 , 930,"Children estimates were not available at the time of publication.",670 ,<500 , 920,"Children estimates were not available at the time of publication."
Guatemala,2200 ,1200 , 4000,,2800 ,1600 , 4500,,3300 ,2000 , 5000,,3900 ,2500 , 5600,,4400 ,2800 , 6000,,4700 ,3200 , 6200,,4900 ,3300 , 6500,,4900 ,3300 , 6600,,4800 ,3100 , 6500,,4700 ,3000 , 6400,,4500 ,2900 , 6300,,4200 ,2800 , 5900,,4000 ,2600 , 5700,,3800 ,2500 , 5400,,3500 ,2300 , 4900,,3300 ,2200 , 4600,,3100 ,2200 , 4300,,3000 ,2100 , 4100,,2900 ,2000 , 4000,,2800 ,2000 , 3800,,2800 ,2000 , 3700,,2700 ,1900 , 3700,,2600 ,1900 , 3600,,2600 ,1900 , 3500,,2500 ,1900 , 3500,,2600 ,1900 , 3500,,2600 ,1900 , 3600,,2700 ,2000 , 3700,,2700 ,2000 , 3700,,2800 ,2100 , 3700,,2800 ,2100 , 3800,,2900 ,2200 , 3900,,2900 ,2200 , 4000,,2900 ,2200 , 4100,,2900 ,2200 , 4100,
Guinea,3400 ,1100 , 6300,,4300 ,1600 , 7600,,5400 ,2000 , 9300,,6700 ,2600 , 11 000,,8100 ,3500 , 13 000,,9600 ,4400 , 15 000,,11 000 ,5000 , 18 000,,12 000 ,5400 , 19 000,,13 000 ,6100 , 20 000,,14 000 ,6300 , 21 000,,15 000 ,6500 , 21 000,,15 000 ,6400 , 21 000,,16 000 ,6500 , 22 000,,16 000 ,6900 , 23 000,,17 000 ,7200 , 24 000,,17 000 ,7400 , 24 000,,17 000 ,7500 , 24 000,,17 000 ,7800 , 24 000,,18 000 ,8000 , 25 000,,18 000 ,8200 , 25 000,,18 000 ,8400 , 25 000,,18 000 ,8600 , 25 000,,18 000 ,8700 , 24 000,,18 000 ,8900 , 24 000,,18 000 ,9100 , 24 000,,18 000 ,9500 , 24 000,,18 000 ,9800 , 24 000,,18 000 ,10 000 , 24 000,,18 000 ,10 000 , 24 000,,18 000 ,10 000 , 23 000,,17 000 ,10 000 , 23 000,,17 000 ,10 000 , 22 000,,16 000 ,9900 , 22 000,,15 000 ,9700 , 21 000,,15 000 ,9300 , 20 000,
Guinea-Bissau,<500 ,<200 , <500,,<500 ,<200 , 640,,600 ,<500 , 930,,870 ,<500 , 1400,,1300 ,510 , 1900,,1800 ,720 , 2600,,2500 ,1000 , 3600,,3200 ,1400 , 4600,,4100 ,1800 , 5600,,4800 ,2300 , 6700,,5400 ,2600 , 7500,,5600 ,2600 , 7700,,5600 ,2500 , 7700,,5500 ,2300 , 7600,,5200 ,2100 , 7300,,4800 ,1900 , 7000,,4500 ,1800 , 6500,,4200 ,1700 , 6100,,3900 ,1600 , 5800,,3800 ,1500 , 5400,,3600 ,1500 , 5100,,3500 ,1600 , 4900,,3400 ,1600 , 4800,,3300 ,1700 , 4700,,3300 ,1800 , 4600,,3300 ,1900 , 4600,,3300 ,2000 , 4500,,3300 ,2100 , 4400,,3300 ,2200 , 4400,,3300 ,2200 , 4300,,3300 ,2300 , 4200,,3200 ,2300 , 4100,,3200 ,2400 , 3900,,3100 ,2400 , 3800,,3000 ,2400 , 3600,
Guyana,<100 ,<100 , <500,,<200 ,<100 , <500,,<200 ,<100 , <500,,<200 ,<200 , <500,,<500 ,<200 , <500,,<500 ,<200 , <500,,<500 ,<200 , <500,,<500 ,<200 , <500,,<500 ,<200 , <500,,<500 ,<500 , 500,,<500 ,<500 , 500,,<500 ,<500 , <500,,<500 ,<500 , <500,,<500 ,<500 , <500,,<500 ,<500 , <500,,<500 ,<200 , <500,,<500 ,<200 , <500,,<500 ,<200 , <500,,<500 ,<200 , <500,,<500 ,<200 , <500,,<500 ,<200 , 510,,<500 ,<200 , 520,,<500 ,<500 , 560,,<500 ,<500 , 600,,<500 ,<500 , 640,,<500 ,<500 , 690,,<500 ,<500 , 720,,<500 ,<500 , 750,,<500 ,<500 , 820,,<500 ,<500 , 790,,<500 ,<500 , 790,,<500 ,<500 , 800,,<500 ,<500 , 790,,<500 ,<500 , 760,,<500 ,<500 , 750,
Haiti,17 000 ,7200 , 26 000,,17 000 ,7100 , 27 000,,17 000 ,7000 , 27 000,,17 000 ,6800 , 27 000,,17 000 ,6500 , 25 000,,16 000 ,6400 , 25 000,,15 000 ,6200 , 24 000,,15 000 ,6000 , 23 000,,14 000 ,5700 , 21 000,,13 000 ,5600 , 20 000,,13 000 ,5600 , 20 000,,13 000 ,5700 , 19 000,,13 000 ,5900 , 19 000,,13 000 ,6100 , 18 000,,13 000 ,6300 , 18 000,,13 000 ,6500 , 18 000,,13 000 ,6800 , 18 000,,13 000 ,7200 , 18 000,,14 000 ,7600 , 18 000,,14 000 ,7900 , 18 000,,14 000 ,8200 , 18 000,,14 000 ,8500 , 18 000,,14 000 ,8600 , 18 000,,14 000 ,8600 , 18 000,,14 000 ,8700 , 18 000,,14 000 ,8600 , 18 000,,14 000 ,8600 , 18 000,,14 000 ,8700 , 18 000,,14 000 ,8600 , 17 000,,14 000 ,8600 , 18 000,,13 000 ,8400 , 18 000,,13 000 ,8100 , 17 000,,13 000 ,7800 , 17 000,,12 000 ,7400 , 17 000,,12 000 ,7000 , 16 000,
Honduras,1300 ,870 , 1700,,1500 ,1000 , 2000,,1700 ,1200 , 2200,,1900 ,1400 , 2500,,2100 ,1500 , 2700,,2300 ,1700 , 2900,,2400 ,1800 , 3000,,2400 ,1800 , 3000,,2400 ,1800 , 2900,,2300 ,1700 , 2900,,2200 ,1600 , 2700,,2000 ,1400 , 2500,,1800 ,1300 , 2300,,1600 ,1100 , 2000,,1400 ,980 , 1800,,1200 ,900 , 1600,,1200 ,880 , 1500,,1100 ,880 , 1400,,1100 ,900 , 1400,,1200 ,930 , 1400,,1300 ,1000 , 1500,,1400 ,1100 , 1600,,1400 ,1200 , 1700,,1500 ,1300 , 1800,,1600 ,1300 , 1900,,1600 ,1400 , 1900,,1700 ,1400 , 1900,,1700 ,1400 , 1900,,1600 ,1400 , 1900,,1600 ,1400 , 1800,,1500 ,1300 , 1700,,1400 ,1300 , 1600,,1400 ,1200 , 1600,,1300 ,1100 , 1500,,1200 ,1000 , 1400,
Hungary,... ,... , ...,"Estimates were not available at the time of publication.",... ,... , ...,"Estimates were not available at the time of publication.",... ,... , ...,"Estimates were not available at the time of publication.",... ,... , ...,"Estimates were not available at the time of publication.",... ,... , ...,"Estimates were not available at the time of publication.",... ,... , ...,"Estimates were not available at the time of publication.",... ,... , ...,"Estimates were not available at the time of publication.",... ,... , ...,"Estimates were not available at the time of publication.",... ,... , ...,"Estimates were not available at the time of publication.",... ,... , ...,"Estimates were not available at the time of publication.",... ,... , ...,"Estimates were not available at the time of publication.",... ,... , ...,"Estimates were not available at the time of publication.",... ,... , ...,"Estimates were not available at the time of publication.",... ,... , ...,"Estimates were not available at the time of publication.",... ,... , ...,"Estimates were not available at the time of publication.",... ,... , ...,"Estimates were not available at the time of publication.",... ,... , ...,"Estimates were not available at the time of publication.",... ,... , ...,"Estimates were not available at the time of publication.",... ,... , ...,"Estimates were not available at the time of publication.",... ,... , ...,"Estimates were not available at the time of publication.",... ,... , ...,"Estimates were not available at the time of publication.",... ,... , ...,"Estimates were not available at the time of publication.",... ,... , ...,"Estimates were not available at the time of publication.",... ,... , ...,"Estimates were not available at the time of publication.",... ,... , ...,"Estimates were not available at the time of publication.",... ,... , ...,"Estimates were not available at the time of publication.",... ,... , ...,"Estimates were not available at the time of publication.",... ,... , ...,"Estimates were not available at the time of publication.",... ,... , ...,"Estimates were not available at the time of publication.",... ,... , ...,"Estimates were not available at the time of publication.",... ,... , ...,"Estimates were not available at the time of publication.",... ,... , ...,"Estimates were not available at the time of publication.",... ,... , ...,"Estimates were not available at the time of publication.",... ,... , ...,"Estimates were not available at the time of publication.",... ,... , ...,"Estimates were not available at the time of publication."
Iceland,<100 ,<100 , <100,"Children estimates were not available at the time of publication.",<100 ,<100 , <100,"Children estimates were not available at the time of publication.",<100 ,<100 , <100,"Children estimates were not available at the time of publication.",<100 ,<100 , <100,"Children estimates were not available at the time of publication.",<100 ,<100 , <100,"Children estimates were not available at the time of publication.",<100 ,<100 , <100,"Children estimates were not available at the time of publication.",<100 ,<100 , <100,"Children estimates were not available at the time of publication.",<100 ,<100 , <100,"Children estimates were not available at the time of publication.",<100 ,<100 , <100,"Children estimates were not available at the time of publication.",<100 ,<100 , <100,"Children estimates were not available at the time of publication.",<100 ,<100 , <100,"Children estimates were not available at the time of publication.",<100 ,<100 , <100,"Children estimates were not available at the time of publication.",<100 ,<100 , <100,"Children estimates were not available at the time of publication.",<100 ,<100 , <100,"Children estimates were not available at the time of publication.",<100 ,<100 , <100,"Children estimates were not available at the time of publication.",<100 ,<100 , <100,"Children estimates were not available at the time of publication.",<100 ,<100 , <100,"Children estimates were not available at the time of publication.",<100 ,<100 , <100,"Children estimates were not available at the time of publication.",<100 ,<100 , <100,"Children estimates were not available at the time of publication.",<100 ,<100 , <100,"Children estimates were not available at the time of publication.",<100 ,<100 , <100,"Children estimates were not available at the time of publication.",<100 ,<100 , <100,"Children estimates were not available at the time of publication.",<100 ,<100 , <100,"Children estimates were not available at the time of publication.",<100 ,<100 , <100,"Children estimates were not available at the time of publication.",<100 ,<100 , <100,"Children estimates were not available at the time of publication.",<100 ,<100 , <100,"Children estimates were not available at the time of publication.",<100 ,<100 , <100,"Children estimates were not available at the time of publication.",<100 ,<100 , <100,"Children estimates were not available at the time of publication.",<100 ,<100 , <100,"Children estimates were not available at the time of publication.",<100 ,<100 , <100,"Children estimates were not available at the time of publication.",<100 ,<100 , <100,"Children estimates were not available at the time of publication.",<100 ,<100 , <100,"Children estimates were not available at the time of publication.",<100 ,<100 , <100,"Children estimates were not available at the time of publication.",<100 ,<100 , <100,"Children estimates were not available at the time of publication.",<100 ,<100 , <100,"Children estimates were not available at the time of publication."
India,,,,,,,,,,,,,,,,,,,,,,,,,,,,,,,,,,,,,,,,,,,,,,,,,,,,,,,,,,,,,,,,,,,,,,,,,,,,,,,,,,,,,,,,,,,,,,,,,,,,,,,,,,,,,,,,,,,,,,,,,,,,,,,,,,,,,,,,,150 000 ,120 000 , 210 000,
Indonesia,<200 ,<100 , <200,,<500 ,<200 , <500,,<500 ,<500 , 530,,720 ,<500 , 900,,1200 ,830 , 1500,,2000 ,1400 , 2500,,3100 ,2200 , 3900,,4900 ,3400 , 6200,,7400 ,5100 , 9400,,11 000 ,7700 , 14 000,,18 000 ,13 000 , 23 000,,33 000 ,23 000 , 41 000,,50 000 ,35 000 , 62 000,,63 000 ,44 000 , 79 000,,75 000 ,53 000 , 94 000,,85 000 ,60 000 , 110 000,,92 000 ,65 000 , 120 000,,96 000 ,67 000 , 120 000,,98 000 ,67 000 , 130 000,,98 000 ,67 000 , 130 000,,99 000 ,66 000 , 130 000,,99 000 ,65 000 , 130 000,,98 000 ,64 000 , 130 000,,95 000 ,62 000 , 120 000,,92 000 ,60 000 , 120 000,,89 000 ,58 000 , 110 000,,86 000 ,56 000 , 110 000,,82 000 ,53 000 , 110 000,,79 000 ,51 000 , 100 000,,75 000 ,49 000 , 98 000,,72 000 ,46 000 , 94 000,,68 000 ,44 000 , 89 000,,65 000 ,42 000 , 85 000,,62 000 ,40 000 , 81 000,,59 000 ,38 000 , 77 000,
Iran (Islamic Republic of),... ,... , ...,,... ,... , ...,,... ,... , ...,,... ,... , ...,,... ,... , ...,,... ,... , ...,,... ,... , ...,,... ,... , ...,,... ,... , ...,,... ,... , ...,,... ,... , ...,,... ,... , ...,,... ,... , ...,,... ,... , ...,,... ,... , ...,,... ,... , ...,,... ,... , ...,,... ,... , ...,,... ,... , ...,,... ,... , ...,,... ,... , ...,,... ,... , ...,,... ,... , ...,,... ,... , ...,,... ,... , ...,,... ,... , ...,,... ,... , ...,,... ,... , ...,,... ,... , ...,,... ,... , ...,,... ,... , ...,,... ,... , ...,,... ,... , ...,,... ,... , ...,,... ,... , ...,
Iraq,<100 ,<100 , <100,"Children estimates were not available at the time of publication.",<100 ,<100 , <100,"Children estimates were not available at the time of publication.",<100 ,<100 , <100,"Children estimates were not available at the time of publication.",<100 ,<100 , <100,"Children estimates were not available at the time of publication.",<100 ,<100 , <100,"Children estimates were not available at the time of publication.",<100 ,<100 , <100,"Children estimates were not available at the time of publication.",<100 ,<100 , <100,"Children estimates were not available at the time of publication.",<100 ,<100 , <100,"Children estimates were not available at the time of publication.",<100 ,<100 , <100,"Children estimates were not available at the time of publication.",<100 ,<100 , <100,"Children estimates were not available at the time of publication.",<100 ,<100 , <200,"Children estimates were not available at the time of publication.",<100 ,<100 , <200,"Children estimates were not available at the time of publication.",<100 ,<100 , <200,"Children estimates were not available at the time of publication.",<200 ,<100 , <200,"Children estimates were not available at the time of publication.",<200 ,<100 , <200,"Children estimates were not available at the time of publication.",<200 ,<100 , <200,"Children estimates were not available at the time of publication.",<200 ,<100 , <200,"Children estimates were not available at the time of publication.",<200 ,<100 , <200,"Children estimates were not available at the time of publication.",<200 ,<100 , <200,"Children estimates were not available at the time of publication.",<200 ,<100 , <200,"Children estimates were not available at the time of publication.",<200 ,<100 , <200,"Children estimates were not available at the time of publication.",<200 ,<100 , <200,"Children estimates were not available at the time of publication.",<200 ,<100 , <200,"Children estimates were not available at the time of publication.",<100 ,<100 , <200,"Children estimates were not available at the time of publication.",<100 ,<100 , <200,"Children estimates were not available at the time of publication.",<100 ,<100 , <200,"Children estimates were not available at the time of publication.",<100 ,<100 , <200,"Children estimates were not available at the time of publication.",<100 ,<100 , <200,"Children estimates were not available at the time of publication.",<100 ,<100 , <200,"Children estimates were not available at the time of publication.",<100 ,<100 , <200,"Children estimates were not available at the time of publication.",<100 ,<100 , <200,"Children estimates were not available at the time of publication.",<200 ,<100 , <200,"Children estimates were not available at the time of publication.",<200 ,<100 , <500,"Children estimates were not available at the time of publication.",<500 ,<200 , <500,"Children estimates were not available at the time of publication.",<500 ,<200 , <500,"Children estimates were not available at the time of publication."
Ireland,<100 ,<100 , <200,,<100 ,<100 , <200,,<200 ,<100 , <200,,<200 ,<100 , <200,,<200 ,<100 , <200,,<200 ,<200 , <200,,<200 ,<200 , <200,,<200 ,<200 , <200,,<200 ,<200 , <500,,<200 ,<200 , <500,,<200 ,<200 , <500,,<200 ,<200 , <500,,<200 ,<200 , <500,,<200 ,<200 , <500,,<500 ,<200 , <500,,<500 ,<200 , <500,,<500 ,<200 , <500,,<500 ,<200 , <500,,<500 ,<200 , <500,,<500 ,<200 , <500,,<500 ,<200 , <500,,<500 ,<200 , <500,,<500 ,<200 , <500,,<500 ,<200 , <500,,<500 ,<200 , <500,,<500 ,<200 , <500,,<200 ,<200 , <500,,<200 ,<200 , <500,,<200 ,<200 , <500,,<200 ,<200 , <500,,<200 ,<200 , <500,,<200 ,<200 , <500,,<200 ,<200 , <500,,<200 ,<200 , <500,,<500 ,<200 , <500,
Israel,... ,... , ...,"Estimates were not available at the time of publication.",... ,... , ...,"Estimates were not available at the time of publication.",... ,... , ...,"Estimates were not available at the time of publication.",... ,... , ...,"Estimates were not available at the time of publication.",... ,... , ...,"Estimates were not available at the time of publication.",... ,... , ...,"Estimates were not available at the time of publication.",... ,... , ...,"Estimates were not available at the time of publication.",... ,... , ...,"Estimates were not available at the time of publication.",... ,... , ...,"Estimates were not available at the time of publication.",... ,... , ...,"Estimates were not available at the time of publication.",... ,... , ...,"Estimates were not available at the time of publication.",... ,... , ...,"Estimates were not available at the time of publication.",... ,... , ...,"Estimates were not available at the time of publication.",... ,... , ...,"Estimates were not available at the time of publication.",... ,... , ...,"Estimates were not available at the time of publication.",... ,... , ...,"Estimates were not available at the time of publication.",... ,... , ...,"Estimates were not available at the time of publication.",... ,... , ...,"Estimates were not available at the time of publication.",... ,... , ...,"Estimates were not available at the time of publication.",... ,... , ...,"Estimates were not available at the time of publication.",... ,... , ...,"Estimates were not available at the time of publication.",... ,... , ...,"Estimates were not available at the time of publication.",... ,... , ...,"Estimates were not available at the time of publication.",... ,... , ...,"Estimates were not available at the time of publication.",... ,... , ...,"Estimates were not available at the time of publication.",... ,... , ...,"Estimates were not available at the time of publication.",... ,... , ...,"Estimates were not available at the time of publication.",... ,... , ...,"Estimates were not available at the time of publication.",... ,... , ...,"Estimates were not available at the time of publication.",... ,... , ...,"Estimates were not available at the time of publication.",... ,... , ...,"Estimates were not available at the time of publication.",... ,... , ...,"Estimates were not available at the time of publication.",... ,... , ...,"Estimates were not available at the time of publication.",... ,... , ...,"Estimates were not available at the time of publication.",... ,... , ...,"Estimates were not available at the time of publication."
Italy,8800 ,6000 , 12 000,,7600 ,5100 , 10 000,,6300 ,4300 , 8500,,5200 ,3600 , 7000,,4300 ,3000 , 5700,,3600 ,2500 , 4700,,3200 ,2300 , 4100,,3000 ,2100 , 3800,,2800 ,2000 , 3500,,2600 ,1800 , 3300,,2500 ,1700 , 3200,,2400 ,1700 , 3000,,2300 ,1600 , 2900,,2200 ,1600 , 2900,,2200 ,1500 , 2800,,2200 ,1500 , 2800,,2100 ,1500 , 2800,,2200 ,1500 , 2800,,2200 ,1500 , 2900,,2200 ,1500 , 2900,,2200 ,1500 , 2900,,2200 ,1500 , 2900,,2200 ,1500 , 3000,,2200 ,1500 , 2900,,2200 ,1500 , 2900,,2100 ,1500 , 2900,,2100 ,1400 , 2900,,2100 ,1400 , 2800,,2000 ,1400 , 2800,,2000 ,1300 , 2700,,2000 ,1300 , 2700,,2000 ,1300 , 2700,,2000 ,1300 , 2800,,2000 ,1300 , 2800,,2000 ,1400 , 2800,
Jamaica,1800 ,1100 , 2800,,2400 ,1600 , 3500,,3100 ,2200 , 4400,,3800 ,2700 , 5100,,4400 ,3200 , 5700,,4900 ,3600 , 6400,,5300 ,3900 , 6700,,5500 ,4000 , 6900,,5500 ,4100 , 7000,,5500 ,4100 , 7000,,5400 ,4000 , 6700,,5100 ,3800 , 6300,,4900 ,3700 , 6000,,4600 ,3500 , 5700,,4400 ,3300 , 5400,,4200 ,3100 , 5100,,3900 ,3000 , 4800,,3700 ,2800 , 4600,,3500 ,2700 , 4300,,3300 ,2500 , 4100,,3200 ,2400 , 3900,,3100 ,2400 , 3700,,3000 ,2400 , 3600,,2900 ,2300 , 3400,,2700 ,2200 , 3300,,2600 ,2100 , 3100,,2500 ,2000 , 2900,,2300 ,1900 , 2700,,2200 ,1800 , 2600,,2100 ,1800 , 2500,,2100 ,1700 , 2400,,2000 ,1600 , 2300,,1900 ,1600 , 2300,,1900 ,1500 , 2200,,1800 ,1500 , 2200,
Japan,... ,... , ...,"Estimates were not available at the time of publication.",... ,... , ...,"Estimates were not available at the time of publication.",... ,... , ...,"Estimates were not available at the time of publication.",... ,... , ...,"Estimates were not available at the time of publication.",... ,... , ...,"Estimates were not available at the time of publication.",... ,... , ...,"Estimates were not available at the time of publication.",... ,... , ...,"Estimates were not available at the time of publication.",... ,... , ...,"Estimates were not available at the time of publication.",... ,... , ...,"Estimates were not available at the time of publication.",... ,... , ...,"Estimates were not available at the time of publication.",... ,... , ...,"Estimates were not available at the time of publication.",... ,... , ...,"Estimates were not available at the time of publication.",... ,... , ...,"Estimates were not available at the time of publication.",... ,... , ...,"Estimates were not available at the time of publication.",... ,... , ...,"Estimates were not available at the time of publication.",... ,... , ...,"Estimates were not available at the time of publication.",... ,... , ...,"Estimates were not available at the time of publication.",... ,... , ...,"Estimates were not available at the time of publication.",... ,... , ...,"Estimates were not available at the time of publication.",... ,... , ...,"Estimates were not available at the time of publication.",... ,... , ...,"Estimates were not available at the time of publication.",... ,... , ...,"Estimates were not available at the time of publication.",... ,... , ...,"Estimates were not available at the time of publication.",... ,... , ...,"Estimates were not available at the time of publication.",... ,... , ...,"Estimates were not available at the time of publication.",... ,... , ...,"Estimates were not available at the time of publication.",... ,... , ...,"Estimates were not available at the time of publication.",... ,... , ...,"Estimates were not available at the time of publication.",... ,... , ...,"Estimates were not available at the time of publication.",... ,... , ...,"Estimates were not available at the time of publication.",... ,... , ...,"Estimates were not available at the time of publication.",... ,... , ...,"Estimates were not available at the time of publication.",... ,... , ...,"Estimates were not available at the time of publication.",... ,... , ...,"Estimates were not available at the time of publication.",... ,... , ...,"Estimates were not available at the time of publication."
Jordan,<100 ,<100 , <100,"Children estimates were not available at the time of publication.",<100 ,<100 , <100,"Children estimates were not available at the time of publication.",<100 ,<100 , <100,"Children estimates were not available at the time of publication.",<100 ,<100 , <100,"Children estimates were not available at the time of publication.",<100 ,<100 , <100,"Children estimates were not available at the time of publication.",<100 ,<100 , <100,"Children estimates were not available at the time of publication.",<100 ,<100 , <100,"Children estimates were not available at the time of publication.",<100 ,<100 , <100,"Children estimates were not available at the time of publication.",<100 ,<100 , <100,"Children estimates were not available at the time of publication.",<100 ,<100 , <100,"Children estimates were not available at the time of publication.",<100 ,<100 , <100,"Children estimates were not available at the time of publication.",<100 ,<100 , <100,"Children estimates were not available at the time of publication.",<100 ,<100 , <100,"Children estimates were not available at the time of publication.",<100 ,<100 , <100,"Children estimates were not available at the time of publication.",<100 ,<100 , <100,"Children estimates were not available at the time of publication.",<100 ,<100 , <100,"Children estimates were not available at the time of publication.",<100 ,<100 , <100,"Children estimates were not available at the time of publication.",<100 ,<100 , <100,"Children estimates were not available at the time of publication.",<100 ,<100 , <100,"Children estimates were not available at the time of publication.",<100 ,<100 , <100,"Children estimates were not available at the time of publication.",<100 ,<100 , <100,"Children estimates were not available at the time of publication.",<100 ,<100 , <100,"Children estimates were not available at the time of publication.",<100 ,<100 , <100,"Children estimates were not available at the time of publication.",<100 ,<100 , <100,"Children estimates were not available at the time of publication.",<100 ,<100 , <100,"Children estimates were not available at the time of publication.",<100 ,<100 , <100,"Children estimates were not available at the time of publication.",<100 ,<100 , <100,"Children estimates were not available at the time of publication.",<100 ,<100 , <100,"Children estimates were not available at the time of publication.",<100 ,<100 , <100,"Children estimates were not available at the time of publication.",<100 ,<100 , <100,"Children estimates were not available at the time of publication.",<100 ,<100 , <100,"Children estimates were not available at the time of publication.",<100 ,<100 , <100,"Children estimates were not available at the time of publication.",<100 ,<100 , <100,"Children estimates were not available at the time of publication.",<100 ,<100 , <100,"Children estimates were not available at the time of publication.",<100 ,<100 , <100,"Children estimates were not available at the time of publication."
Kazakhstan,<100 ,<100 , <100,,<100 ,<100 , <100,,<100 ,<100 , <100,,<100 ,<100 , <100,,<100 ,<100 , <100,,<100 ,<100 , <100,,<100 ,<100 , <100,,<100 ,<100 , <200,,<200 ,<200 , <200,,<200 ,<200 , <500,,<500 ,<500 , <500,,<500 ,<500 , <500,,<500 ,<500 , <500,,<500 ,<500 , 570,,620 ,540 , 710,,700 ,600 , 800,,800 ,680 , 900,,890 ,760 , 1000,,1000 ,850 , 1100,,1100 ,930 , 1200,,1200 ,1000 , 1300,,1200 ,1100 , 1400,,1300 ,1100 , 1400,,1300 ,1100 , 1500,,1300 ,1100 , 1500,,1300 ,1100 , 1500,,1300 ,1100 , 1500,,1300 ,1100 , 1500,,1300 ,1000 , 1400,,1200 ,990 , 1400,,1200 ,970 , 1400,,1200 ,980 , 1400,,1200 ,970 , 1500,,1200 ,1000 , 1500,,1300 ,1000 , 1500,
Kenya,210 000 ,170 000 , 250 000,,260 000 ,210 000 , 310 000,,310 000 ,250 000 , 370 000,,350 000 ,280 000 , 410 000,,370 000 ,290 000 , 430 000,,370 000 ,300 000 , 440 000,,360 000 ,290 000 , 430 000,,340 000 ,270 000 , 400 000,,320 000 ,260 000 , 380 000,,290 000 ,240 000 , 350 000,,270 000 ,220 000 , 320 000,,250 000 ,200 000 , 290 000,,230 000 ,180 000 , 270 000,,210 000 ,170 000 , 250 000,,200 000 ,160 000 , 240 000,,200 000 ,160 000 , 230 000,,200 000 ,160 000 , 230 000,,200 000 ,160 000 , 230 000,,200 000 ,160 000 , 230 000,,200 000 ,160 000 , 240 000,,200 000 ,160 000 , 240 000,,210 000 ,170 000 , 240 000,,210 000 ,170 000 , 240 000,,210 000 ,170 000 , 240 000,,200 000 ,160 000 , 240 000,,200 000 ,160 000 , 240 000,,190 000 ,150 000 , 230 000,,180 000 ,150 000 , 220 000,,180 000 ,140 000 , 210 000,,170 000 ,140 000 , 200 000,,160 000 ,130 000 , 190 000,,150 000 ,120 000 , 180 000,,150 000 ,120 000 , 170 000,,140 000 ,110 000 , 170 000,,130 000 ,110 000 , 160 000,
Kiribati,... ,... , ...,,... ,... , ...,,... ,... , ...,,... ,... , ...,,... ,... , ...,,... ,... , ...,,... ,... , ...,,... ,... , ...,,... ,... , ...,,... ,... , ...,,... ,... , ...,,... ,... , ...,,... ,... , ...,,... ,... , ...,,... ,... , ...,,... ,... , ...,,... ,... , ...,,... ,... , ...,,... ,... , ...,,... ,... , ...,,... ,... , ...,,... ,... , ...,,... ,... , ...,,... ,... , ...,,... ,... , ...,,... ,... , ...,,... ,... , ...,,... ,... , ...,,... ,... , ...,,... ,... , ...,,... ,... , ...,,... ,... , ...,,... ,... , ...,,... ,... , ...,,... ,... , ...,
Kuwait,<100 ,<100 , <100,"Children estimates were not available at the time of publication.",<100 ,<100 , <100,"Children estimates were not available at the time of publication.",<100 ,<100 , <100,"Children estimates were not available at the time of publication.",<100 ,<100 , <100,"Children estimates were not available at the time of publication.",<100 ,<100 , <100,"Children estimates were not available at the time of publication.",<100 ,<100 , <100,"Children estimates were not available at the time of publication.",<100 ,<100 , <100,"Children estimates were not available at the time of publication.",<100 ,<100 , <100,"Children estimates were not available at the time of publication.",<100 ,<100 , <100,"Children estimates were not available at the time of publication.",<100 ,<100 , <100,"Children estimates were not available at the time of publication.",<100 ,<100 , <100,"Children estimates were not available at the time of publication.",<100 ,<100 , <100,"Children estimates were not available at the time of publication.",<100 ,<100 , <100,"Children estimates were not available at the time of publication.",<100 ,<100 , <100,"Children estimates were not available at the time of publication.",<100 ,<100 , <100,"Children estimates were not available at the time of publication.",<100 ,<100 , <100,"Children estimates were not available at the time of publication.",<100 ,<100 , <100,"Children estimates were not available at the time of publication.",<100 ,<100 , <100,"Children estimates were not available at the time of publication.",<100 ,<100 , <100,"Children estimates were not available at the time of publication.",<100 ,<100 , <100,"Children estimates were not available at the time of publication.",<100 ,<100 , <100,"Children estimates were not available at the time of publication.",<100 ,<100 , <100,"Children estimates were not available at the time of publication.",<100 ,<100 , <100,"Children estimates were not available at the time of publication.",<100 ,<100 , <100,"Children estimates were not available at the time of publication.",<100 ,<100 , <100,"Children estimates were not available at the time of publication.",<100 ,<100 , <100,"Children estimates were not available at the time of publication.",<100 ,<100 , <100,"Children estimates were not available at the time of publication.",<100 ,<100 , <100,"Children estimates were not available at the time of publication.",<100 ,<100 , <100,"Children estimates were not available at the time of publication.",<100 ,<100 , <100,"Children estimates were not available at the time of publication.",<100 ,<100 , <100,"Children estimates were not available at the time of publication.",<100 ,<100 , <100,"Children estimates were not available at the time of publication.",<100 ,<100 , <100,"Children estimates were not available at the time of publication.",<100 ,<100 , <100,"Children estimates were not available at the time of publication.",<100 ,<100 , <100,"Children estimates were not available at the time of publication."
Kyrgyzstan,<100 ,<100 , <100,,<100 ,<100 , <100,,<100 ,<100 , <100,,<100 ,<100 , <100,,<100 ,<100 , <100,,<100 ,<100 , <100,,<100 ,<100 , <100,,<100 ,<100 , <100,,<100 ,<100 , <100,,<100 ,<100 , <100,,<100 ,<100 , <100,,<500 ,<200 , 820,,<500 ,<200 , 640,,<500 ,<200 , <500,,<500 ,<200 , <500,,<500 ,<500 , <500,,<500 ,<500 , <500,,<500 ,<500 , 540,,<500 ,<500 , 590,,510 ,<500 , 620,,520 ,<500 , 630,,510 ,<500 , 610,,<500 ,<500 , 570,,<500 ,<500 , 530,,<500 ,<500 , <500,,<500 ,<500 , <500,,<500 ,<500 , <500,,<500 ,<500 , <500,,<500 ,<500 , <500,,<500 ,<500 , 530,,510 ,<500 , 570,,550 ,<500 , 610,,600 ,510 , 670,,630 ,540 , 690,,650 ,560 , 730,
Lao People's Democratic Republic,<100 ,<100 , <100,,<100 ,<100 , <100,,<100 ,<100 , <100,,<100 ,<100 , <100,,<100 ,<100 , <100,,<200 ,<100 , <200,,<200 ,<200 , <500,,<500 ,<500 , <500,,<500 ,<500 , 570,,610 ,<500 , 740,,770 ,560 , 940,,950 ,690 , 1200,,1100 ,800 , 1400,,1200 ,890 , 1600,,1400 ,950 , 1700,,1500 ,1000 , 1800,,1600 ,1100 , 2000,,1700 ,1200 , 2100,,1700 ,1200 , 2200,,1800 ,1200 , 2300,,1800 ,1300 , 2300,,1900 ,1300 , 2300,,1900 ,1300 , 2400,,1900 ,1300 , 2400,,2000 ,1400 , 2500,,2000 ,1400 , 2600,,2100 ,1500 , 2700,,2200 ,1500 , 2800,,2300 ,1600 , 2900,,2400 ,1600 , 3000,,2400 ,1700 , 3000,,2400 ,1700 , 3100,,2500 ,1700 , 3100,,2500 ,1700 , 3200,,2500 ,1800 , 3200,
Latvia,<200 ,<100 , <200,"Children estimates were not available at the time of publication.",<200 ,<100 , <500,"Children estimates were not available at the time of publication.",<200 ,<100 , <500,"Children estimates were not available at the time of publication.",<200 ,<100 , <500,"Children estimates were not available at the time of publication.",<200 ,<200 , <500,"Children estimates were not available at the time of publication.",<500 ,<200 , <500,"Children estimates were not available at the time of publication.",<500 ,<200 , <500,"Children estimates were not available at the time of publication.",<500 ,<200 , <500,"Children estimates were not available at the time of publication.",<500 ,<500 , 540,"Children estimates were not available at the time of publication.",600 ,<500 , 760,"Children estimates were not available at the time of publication.",660 ,530 , 820,"Children estimates were not available at the time of publication.",710 ,590 , 830,"Children estimates were not available at the time of publication.",730 ,620 , 860,"Children estimates were not available at the time of publication.",750 ,630 , 890,"Children estimates were not available at the time of publication.",750 ,630 , 910,"Children estimates were not available at the time of publication.",740 ,620 , 900,"Children estimates were not available at the time of publication.",730 ,610 , 880,"Children estimates were not available at the time of publication.",710 ,580 , 830,"Children estimates were not available at the time of publication.",660 ,540 , 770,"Children estimates were not available at the time of publication.",590 ,<500 , 680,"Children estimates were not available at the time of publication.",510 ,<500 , 590,"Children estimates were not available at the time of publication.",<500 ,<500 , <500,"Children estimates were not available at the time of publication.",<500 ,<500 , <500,"Children estimates were not available at the time of publication.",<500 ,<500 , <500,"Children estimates were not available at the time of publication.",<500 ,<200 , <500,"Children estimates were not available at the time of publication.",<200 ,<200 , <500,"Children estimates were not available at the time of publication.",<200 ,<200 , <200,"Children estimates were not available at the time of publication.",<200 ,<200 , <200,"Children estimates were not available at the time of publication.",<100 ,<100 , <200,"Children estimates were not available at the time of publication.",<100 ,<100 , <100,"Children estimates were not available at the time of publication.",<100 ,<100 , <100,"Children estimates were not available at the time of publication.",<100 ,<100 , <100,"Children estimates were not available at the time of publication.",<100 ,<100 , <100,"Children estimates were not available at the time of publication.",<100 ,<100 , <100,"Children estimates were not available at the time of publication.",<100 ,<100 , <100,"Children estimates were not available at the time of publication."
Lebanon,<100 ,<100 , <100,"Children estimates were not available at the time of publication.",<100 ,<100 , <100,"Children estimates were not available at the time of publication.",<100 ,<100 , <100,"Children estimates were not available at the time of publication.",<100 ,<100 , <100,"Children estimates were not available at the time of publication.",<100 ,<100 , <100,"Children estimates were not available at the time of publication.",<100 ,<100 , <100,"Children estimates were not available at the time of publication.",<100 ,<100 , <100,"Children estimates were not available at the time of publication.",<100 ,<100 , <100,"Children estimates were not available at the time of publication.",<100 ,<100 , <100,"Children estimates were not available at the time of publication.",<100 ,<100 , <100,"Children estimates were not available at the time of publication.",<100 ,<100 , <100,"Children estimates were not available at the time of publication.",<100 ,<100 , <100,"Children estimates were not available at the time of publication.",<100 ,<100 , <100,"Children estimates were not available at the time of publication.",<100 ,<100 , <100,"Children estimates were not available at the time of publication.",<100 ,<100 , <100,"Children estimates were not available at the time of publication.",<100 ,<100 , <100,"Children estimates were not available at the time of publication.",<100 ,<100 , <100,"Children estimates were not available at the time of publication.",<100 ,<100 , <100,"Children estimates were not available at the time of publication.",<100 ,<100 , <100,"Children estimates were not available at the time of publication.",<100 ,<100 , <100,"Children estimates were not available at the time of publication.",<100 ,<100 , <100,"Children estimates were not available at the time of publication.",<100 ,<100 , <100,"Children estimates were not available at the time of publication.",<100 ,<100 , <100,"Children estimates were not available at the time of publication.",<100 ,<100 , <100,"Children estimates were not available at the time of publication.",<100 ,<100 , <100,"Children estimates were not available at the time of publication.",<100 ,<100 , <100,"Children estimates were not available at the time of publication.",<100 ,<100 , <100,"Children estimates were not available at the time of publication.",<100 ,<100 , <100,"Children estimates were not available at the time of publication.",<100 ,<100 , <200,"Children estimates were not available at the time of publication.",<100 ,<100 , <200,"Children estimates were not available at the time of publication.",<100 ,<100 , <200,"Children estimates were not available at the time of publication.",<200 ,<100 , <200,"Children estimates were not available at the time of publication.",<200 ,<100 , <200,"Children estimates were not available at the time of publication.",<200 ,<100 , <200,"Children estimates were not available at the time of publication.",<200 ,<100 , <500,"Children estimates were not available at the time of publication."
Lesotho,4800 ,2400 , 6800,,7900 ,4000 , 11 000,,12 000 ,5900 , 17 000,,18 000 ,8500 , 25 000,,24 000 ,11 000 , 33 000,,31 000 ,15 000 , 42 000,,36 000 ,17 000 , 49 000,,39 000 ,19 000 , 53 000,,42 000 ,19 000 , 57 000,,42 000 ,19 000 , 59 000,,42 000 ,19 000 , 60 000,,42 000 ,19 000 , 60 000,,40 000 ,18 000 , 59 000,,39 000 ,18 000 , 57 000,,38 000 ,17 000 , 55 000,,38 000 ,17 000 , 53 000,,37 000 ,17 000 , 52 000,,37 000 ,17 000 , 52 000,,37 000 ,17 000 , 52 000,,37 000 ,17 000 , 52 000,,36 000 ,17 000 , 51 000,,36 000 ,18 000 , 50 000,,36 000 ,18 000 , 49 000,,35 000 ,18 000 , 48 000,,34 000 ,18 000 , 47 000,,34 000 ,18 000 , 45 000,,32 000 ,18 000 , 42 000,,30 000 ,17 000 , 39 000,,28 000 ,16 000 , 36 000,,26 000 ,15 000 , 33 000,,24 000 ,15 000 , 30 000,,22 000 ,14 000 , 27 000,,20 000 ,14 000 , 25 000,,19 000 ,13 000 , 23 000,,18 000 ,12 000 , 22 000,
Liberia,5400 ,2000 , 10 000,,6700 ,2600 , 12 000,,7600 ,3100 , 13 000,,8100 ,3300 , 13 000,,7800 ,3100 , 12 000,,7800 ,3200 , 12 000,,7500 ,2900 , 11 000,,8300 ,3300 , 12 000,,8300 ,3300 , 12 000,,8000 ,3200 , 12 000,,7600 ,3100 , 11 000,,7300 ,3000 , 11 000,,6800 ,2900 , 9900,,6300 ,2700 , 9000,,6100 ,2700 , 8500,,6100 ,2900 , 8400,,6100 ,3100 , 8300,,6100 ,3300 , 8100,,6200 ,3500 , 8000,,6200 ,3700 , 7900,,6300 ,3900 , 8000,,6600 ,4200 , 8300,,6500 ,4400 , 8100,,6500 ,4500 , 8200,,6500 ,4500 , 8200,,6500 ,4600 , 8100,,6400 ,4600 , 8000,,6300 ,4600 , 7900,,6200 ,4600 , 7800,,6000 ,4500 , 7700,,5900 ,4500 , 7500,,5700 ,4400 , 7200,,5500 ,4200 , 7000,,5200 ,4000 , 6700,,4800 ,3800 , 6300,
Libya,<100 ,<100 , <100,,<100 ,<100 , <100,,<100 ,<100 , <100,,<100 ,<100 , <100,,<100 ,<100 , <100,,<100 ,<100 , <100,,<100 ,<100 , <200,,<200 ,<100 , <200,,<200 ,<200 , <200,,<200 ,<200 , <500,,<500 ,<200 , <500,,<500 ,<200 , <500,,<500 ,<500 , <500,,<500 ,<500 , <500,,<500 ,<500 , <500,,<500 ,<500 , <500,,<500 ,<500 , <500,,<500 ,<500 , <500,,<500 ,<500 , <500,,<500 ,<500 , 510,,<500 ,<500 , 520,,<500 ,<500 , <500,,<500 ,<500 , <500,,<500 ,<500 , <500,,<500 ,<500 , <500,,<500 ,<500 , <500,,<500 ,<500 , <500,,<500 ,<500 , <500,,<500 ,<500 , 510,,<500 ,<500 , 520,,<500 ,<500 , 540,,<500 ,<500 , 570,,<500 ,<500 , 610,,510 ,<500 , 650,,550 ,<500 , 700,
Lithuania,<100 ,<100 , <100,"Children estimates were not available at the time of publication.",<100 ,<100 , <200,"Children estimates were not available at the time of publication.",<100 ,<100 , <200,"Children estimates were not available at the time of publication.",<100 ,<100 , <200,"Children estimates were not available at the time of publication.",<100 ,<100 , <200,"Children estimates were not available at the time of publication.",<100 ,<100 , <200,"Children estimates were not available at the time of publication.",<100 ,<100 , <200,"Children estimates were not available at the time of publication.",<100 ,<100 , <200,"Children estimates were not available at the time of publication.",<200 ,<100 , <200,"Children estimates were not available at the time of publication.",<200 ,<100 , <200,"Children estimates were not available at the time of publication.",<200 ,<100 , <200,"Children estimates were not available at the time of publication.",<200 ,<200 , <200,"Children estimates were not available at the time of publication.",<200 ,<200 , <200,"Children estimates were not available at the time of publication.",<200 ,<200 , <200,"Children estimates were not available at the time of publication.",<200 ,<200 , <200,"Children estimates were not available at the time of publication.",<200 ,<200 , <200,"Children estimates were not available at the time of publication.",<200 ,<200 , <500,"Children estimates were not available at the time of publication.",<200 ,<200 , <500,"Children estimates were not available at the time of publication.",<200 ,<200 , <500,"Children estimates were not available at the time of publication.",<500 ,<200 , <500,"Children estimates were not available at the time of publication.",<200 ,<200 , <500,"Children estimates were not available at the time of publication.",<200 ,<200 , <500,"Children estimates were not available at the time of publication.",<200 ,<200 , <500,"Children estimates were not available at the time of publication.",<200 ,<200 , <500,"Children estimates were not available at the time of publication.",<200 ,<200 , <500,"Children estimates were not available at the time of publication.",<200 ,<200 , <500,"Children estimates were not available at the time of publication.",<200 ,<200 , <500,"Children estimates were not available at the time of publication.",<200 ,<200 , <200,"Children estimates were not available at the time of publication.",<200 ,<200 , <200,"Children estimates were not available at the time of publication.",<200 ,<200 , <200,"Children estimates were not available at the time of publication.",<200 ,<100 , <200,"Children estimates were not available at the time of publication.",<200 ,<100 , <200,"Children estimates were not available at the time of publication.",<200 ,<100 , <200,"Children estimates were not available at the time of publication.",<200 ,<100 , <200,"Children estimates were not available at the time of publication.",<200 ,<100 , <200,"Children estimates were not available at the time of publication."
Luxembourg,<100 ,<100 , <100,"Children estimates were not available at the time of publication.",<100 ,<100 , <100,"Children estimates were not available at the time of publication.",<100 ,<100 , <100,"Children estimates were not available at the time of publication.",<100 ,<100 , <100,"Children estimates were not available at the time of publication.",<100 ,<100 , <100,"Children estimates were not available at the time of publication.",<100 ,<100 , <100,"Children estimates were not available at the time of publication.",<100 ,<100 , <100,"Children estimates were not available at the time of publication.",<100 ,<100 , <100,"Children estimates were not available at the time of publication.",<100 ,<100 , <100,"Children estimates were not available at the time of publication.",<100 ,<100 , <100,"Children estimates were not available at the time of publication.",<100 ,<100 , <100,"Children estimates were not available at the time of publication.",<100 ,<100 , <100,"Children estimates were not available at the time of publication.",<100 ,<100 , <100,"Children estimates were not available at the time of publication.",<100 ,<100 , <100,"Children estimates were not available at the time of publication.",<100 ,<100 , <100,"Children estimates were not available at the time of publication.",<100 ,<100 , <100,"Children estimates were not available at the time of publication.",<100 ,<100 , <100,"Children estimates were not available at the time of publication.",<100 ,<100 , <100,"Children estimates were not available at the time of publication.",<100 ,<100 , <100,"Children estimates were not available at the time of publication.",<100 ,<100 , <100,"Children estimates were not available at the time of publication.",<100 ,<100 , <100,"Children estimates were not available at the time of publication.",<100 ,<100 , <100,"Children estimates were not available at the time of publication.",<100 ,<100 , <100,"Children estimates were not available at the time of publication.",<100 ,<100 , <100,"Children estimates were not available at the time of publication.",<100 ,<100 , <100,"Children estimates were not available at the time of publication.",<100 ,<100 , <100,"Children estimates were not available at the time of publication.",<100 ,<100 , <100,"Children estimates were not available at the time of publication.",<100 ,<100 , <100,"Children estimates were not available at the time of publication.",<100 ,<100 , <100,"Children estimates were not available at the time of publication.",<100 ,<100 , <100,"Children estimates were not available at the time of publication.",<100 ,<100 , <100,"Children estimates were not available at the time of publication.",<100 ,<100 , <100,"Children estimates were not available at the time of publication.",<100 ,<100 , <100,"Children estimates were not available at the time of publication.",<100 ,<100 , <100,"Children estimates were not available at the time of publication.",<100 ,<100 , <100,"Children estimates were not available at the time of publication."
Madagascar,<100 ,<100 , <200,,<100 ,<100 , <200,,<100 ,<100 , <200,,<100 ,<100 , <500,,<200 ,<100 , <500,,<200 ,<100 , <500,,<200 ,<100 , <500,,<500 ,<100 , 520,,<500 ,<200 , 640,,<500 ,<200 , 780,,<500 ,<500 , 910,,550 ,<500 , 1100,,690 ,<500 , 1300,,850 ,530 , 1500,,1000 ,670 , 1700,,1200 ,850 , 1900,,1400 ,1000 , 2100,,1600 ,1200 , 2300,,1800 ,1300 , 2500,,2000 ,1400 , 2700,,2200 ,1500 , 2900,,2300 ,1700 , 3100,,2500 ,1800 , 3400,,2600 ,1900 , 3600,,2800 ,2000 , 3800,,3000 ,2100 , 4000,,3200 ,2300 , 4400,,3500 ,2500 , 4800,,3800 ,2700 , 5200,,4100 ,2800 , 5700,,4500 ,3100 , 6200,,4900 ,3400 , 6800,,5300 ,3600 , 7600,,6500 ,4400 , 9000,,7700 ,5400 , 10 000,
Malawi,110 000 ,57 000 , 140 000,,120 000 ,67 000 , 170 000,,140 000 ,76 000 , 200 000,,150 000 ,81 000 , 210 000,,150 000 ,81 000 , 220 000,,150 000 ,83 000 , 220 000,,150 000 ,82 000 , 230 000,,150 000 ,81 000 , 230 000,,150 000 ,80 000 , 230 000,,150 000 ,77 000 , 220 000,,140 000 ,77 000 , 220 000,,140 000 ,76 000 , 210 000,,140 000 ,76 000 , 200 000,,130 000 ,76 000 , 200 000,,130 000 ,76 000 , 190 000,,130 000 ,76 000 , 180 000,,130 000 ,76 000 , 180 000,,130 000 ,77 000 , 170 000,,130 000 ,79 000 , 170 000,,130 000 ,80 000 , 170 000,,130 000 ,82 000 , 170 000,,130 000 ,84 000 , 170 000,,130 000 ,87 000 , 170 000,,130 000 ,89 000 , 170 000,,130 000 ,91 000 , 170 000,,130 000 ,91 000 , 170 000,,130 000 ,91 000 , 170 000,,130 000 ,89 000 , 160 000,,120 000 ,87 000 , 150 000,,120 000 ,85 000 , 140 000,,110 000 ,82 000 , 140 000,,110 000 ,80 000 , 130 000,,100 000 ,78 000 , 120 000,,96 000 ,75 000 , 110 000,,91 000 ,72 000 , 100 000,
Malaysia,3900 ,3100 , 4900,,4300 ,3400 , 5400,,4300 ,3300 , 5400,,4200 ,3200 , 5300,,4000 ,3100 , 5200,,3900 ,3000 , 5000,,3800 ,3000 , 4900,,3800 ,3000 , 4900,,3800 ,3000 , 4900,,3900 ,3100 , 4900,,3900 ,3100 , 4900,,4000 ,3200 , 5000,,4100 ,3300 , 5100,,4200 ,3400 , 5300,,4300 ,3500 , 5400,,4500 ,3600 , 5500,,4600 ,3700 , 5600,,4600 ,3800 , 5600,,4700 ,3900 , 5600,,4700 ,3900 , 5600,,4600 ,3900 , 5500,,4500 ,3800 , 5300,,4400 ,3700 , 5200,,4200 ,3600 , 5000,,4100 ,3400 , 4800,,3900 ,3300 , 4600,,3600 ,3000 , 4300,,3300 ,2800 , 4000,,3100 ,2500 , 3700,,2800 ,2400 , 3400,,2600 ,2200 , 3200,,2500 ,2100 , 3000,,2300 ,2000 , 2800,,2200 ,1900 , 2700,,2100 ,1800 , 2500,
Maldives,<100 ,<100 , <100,"Children estimates were not available at the time of publication.",<100 ,<100 , <100,"Children estimates were not available at the time of publication.",<100 ,<100 , <100,"Children estimates were not available at the time of publication.",<100 ,<100 , <100,"Children estimates were not available at the time of publication.",<100 ,<100 , <100,"Children estimates were not available at the time of publication.",<100 ,<100 , <100,"Children estimates were not available at the time of publication.",<100 ,<100 , <100,"Children estimates were not available at the time of publication.",<100 ,<100 , <100,"Children estimates were not available at the time of publication.",<100 ,<100 , <100,"Children estimates were not available at the time of publication.",<100 ,<100 , <100,"Children estimates were not available at the time of publication.",<100 ,<100 , <100,"Children estimates were not available at the time of publication.",<100 ,<100 , <100,"Children estimates were not available at the time of publication.",<100 ,<100 , <100,"Children estimates were not available at the time of publication.",<100 ,<100 , <100,"Children estimates were not available at the time of publication.",<100 ,<100 , <100,"Children estimates were not available at the time of publication.",<100 ,<100 , <100,"Children estimates were not available at the time of publication.",<100 ,<100 , <100,"Children estimates were not available at the time of publication.",<100 ,<100 , <100,"Children estimates were not available at the time of publication.",<100 ,<100 , <100,"Children estimates were not available at the time of publication.",<100 ,<100 , <100,"Children estimates were not available at the time of publication.",<100 ,<100 , <100,"Children estimates were not available at the time of publication.",<100 ,<100 , <100,"Children estimates were not available at the time of publication.",<100 ,<100 , <100,"Children estimates were not available at the time of publication.",<100 ,<100 , <100,"Children estimates were not available at the time of publication.",<100 ,<100 , <100,"Children estimates were not available at the time of publication.",<100 ,<100 , <100,"Children estimates were not available at the time of publication.",<100 ,<100 , <100,"Children estimates were not available at the time of publication.",<100 ,<100 , <100,"Children estimates were not available at the time of publication.",<100 ,<100 , <100,"Children estimates were not available at the time of publication.",<100 ,<100 , <100,"Children estimates were not available at the time of publication.",<100 ,<100 , <100,"Children estimates were not available at the time of publication.",<100 ,<100 , <100,"Children estimates were not available at the time of publication.",<100 ,<100 , <100,"Children estimates were not available at the time of publication.",<100 ,<100 , <100,"Children estimates were not available at the time of publication.",<100 ,<100 , <100,"Children estimates were not available at the time of publication."
Mali,16 000 ,8100 , 28 000,,19 000 ,11 000 , 31 000,,22 000 ,13 000 , 32 000,,24 000 ,16 000 , 34 000,,26 000 ,19 000 , 35 000,,27 000 ,21 000 , 36 000,,28 000 ,21 000 , 36 000,,28 000 ,21 000 , 35 000,,27 000 ,20 000 , 35 000,,26 000 ,20 000 , 34 000,,25 000 ,20 000 , 32 000,,24 000 ,19 000 , 30 000,,23 000 ,18 000 , 29 000,,22 000 ,17 000 , 28 000,,22 000 ,17 000 , 27 000,,21 000 ,16 000 , 26 000,,21 000 ,16 000 , 25 000,,21 000 ,16 000 , 25 000,,20 000 ,16 000 , 25 000,,20 000 ,16 000 , 25 000,,20 000 ,16 000 , 24 000,,20 000 ,15 000 , 24 000,,19 000 ,15 000 , 23 000,,19 000 ,15 000 , 23 000,,19 000 ,15 000 , 23 000,,18 000 ,14 000 , 22 000,,18 000 ,14 000 , 22 000,,18 000 ,14 000 , 22 000,,17 000 ,14 000 , 22 000,,17 000 ,13 000 , 22 000,,16 000 ,13 000 , 21 000,,16 000 ,13 000 , 21 000,,16 000 ,12 000 , 21 000,,15 000 ,12 000 , 20 000,,14 000 ,11 000 , 19 000,
Malta,<100 ,<100 , <100,"Children estimates were not available at the time of publication.",<100 ,<100 , <100,"Children estimates were not available at the time of publication.",<100 ,<100 , <100,"Children estimates were not available at the time of publication.",<100 ,<100 , <100,"Children estimates were not available at the time of publication.",<100 ,<100 , <100,"Children estimates were not available at the time of publication.",<100 ,<100 , <100,"Children estimates were not available at the time of publication.",<100 ,<100 , <100,"Children estimates were not available at the time of publication.",<100 ,<100 , <100,"Children estimates were not available at the time of publication.",<100 ,<100 , <100,"Children estimates were not available at the time of publication.",<100 ,<100 , <100,"Children estimates were not available at the time of publication.",<100 ,<100 , <100,"Children estimates were not available at the time of publication.",<100 ,<100 , <100,"Children estimates were not available at the time of publication.",<100 ,<100 , <100,"Children estimates were not available at the time of publication.",<100 ,<100 , <100,"Children estimates were not available at the time of publication.",<100 ,<100 , <100,"Children estimates were not available at the time of publication.",<100 ,<100 , <100,"Children estimates were not available at the time of publication.",<100 ,<100 , <100,"Children estimates were not available at the time of publication.",<100 ,<100 , <100,"Children estimates were not available at the time of publication.",<100 ,<100 , <100,"Children estimates were not available at the time of publication.",<100 ,<100 , <100,"Children estimates were not available at the time of publication.",<100 ,<100 , <100,"Children estimates were not available at the time of publication.",<100 ,<100 , <100,"Children estimates were not available at the time of publication.",<100 ,<100 , <100,"Children estimates were not available at the time of publication.",<100 ,<100 , <100,"Children estimates were not available at the time of publication.",<100 ,<100 , <100,"Children estimates were not available at the time of publication.",<100 ,<100 , <100,"Children estimates were not available at the time of publication.",<100 ,<100 , <100,"Children estimates were not available at the time of publication.",<100 ,<100 , <100,"Children estimates were not available at the time of publication.",<100 ,<100 , <100,"Children estimates were not available at the time of publication.",<100 ,<100 , <100,"Children estimates were not available at the time of publication.",<100 ,<100 , <100,"Children estimates were not available at the time of publication.",<100 ,<100 , <100,"Children estimates were not available at the time of publication.",<100 ,<100 , <100,"Children estimates were not available at the time of publication.",<100 ,<100 , <100,"Children estimates were not available at the time of publication.",<100 ,<100 , <100,"Children estimates were not available at the time of publication."
Marshall Islands,... ,... , ...,,... ,... , ...,,... ,... , ...,,... ,... , ...,,... ,... , ...,,... ,... , ...,,... ,... , ...,,... ,... , ...,,... ,... , ...,,... ,... , ...,,... ,... , ...,,... ,... , ...,,... ,... , ...,,... ,... , ...,,... ,... , ...,,... ,... , ...,,... ,... , ...,,... ,... , ...,,... ,... , ...,,... ,... , ...,,... ,... , ...,,... ,... , ...,,... ,... , ...,,... ,... , ...,,... ,... , ...,,... ,... , ...,,... ,... , ...,,... ,... , ...,,... ,... , ...,,... ,... , ...,,... ,... , ...,,... ,... , ...,,... ,... , ...,,... ,... , ...,,... ,... , ...,
Mauritania,<500 ,<200 , 530,,<500 ,<200 , 560,,<500 ,<500 , 630,,<500 ,<500 , 700,,530 ,<500 , 780,,600 ,<500 , 850,,660 ,<500 , 900,,730 ,510 , 940,,780 ,560 , 980,,820 ,590 , 1000,,840 ,600 , 1000,,830 ,590 , 1000,,800 ,590 , 980,,760 ,550 , 930,,710 ,500 , 870,,660 ,<500 , 820,,610 ,<500 , 780,,560 ,<500 , 730,,510 ,<500 , 670,,<500 ,<500 , 620,,<500 ,<500 , 580,,<500 ,<500 , 560,,<500 ,<500 , 550,,<500 ,<500 , 560,,<500 ,<500 , 580,,<500 ,<500 , 590,,<500 ,<500 , 620,,510 ,<500 , 630,,520 ,<500 , 660,,540 ,<500 , 660,,550 ,<500 , 670,,560 ,<500 , 670,,560 ,<500 , 670,,570 ,<500 , 670,,560 ,<500 , 670,
Mauritius,... ,... , ...,"Estimates were not available at the time of publication.",... ,... , ...,"Estimates were not available at the time of publication.",... ,... , ...,"Estimates were not available at the time of publication.",... ,... , ...,"Estimates were not available at the time of publication.",... ,... , ...,"Estimates were not available at the time of publication.",... ,... , ...,"Estimates were not available at the time of publication.",... ,... , ...,"Estimates were not available at the time of publication.",... ,... , ...,"Estimates were not available at the time of publication.",... ,... , ...,"Estimates were not available at the time of publication.",... ,... , ...,"Estimates were not available at the time of publication.",... ,... , ...,"Estimates were not available at the time of publication.",... ,... , ...,"Estimates were not available at the time of publication.",... ,... , ...,"Estimates were not available at the time of publication.",... ,... , ...,"Estimates were not available at the time of publication.",... ,... , ...,"Estimates were not available at the time of publication.",... ,... , ...,"Estimates were not available at the time of publication.",... ,... , ...,"Estimates were not available at the time of publication.",... ,... , ...,"Estimates were not available at the time of publication.",... ,... , ...,"Estimates were not available at the time of publication.",... ,... , ...,"Estimates were not available at the time of publication.",... ,... , ...,"Estimates were not available at the time of publication.",... ,... , ...,"Estimates were not available at the time of publication.",... ,... , ...,"Estimates were not available at the time of publication.",... ,... , ...,"Estimates were not available at the time of publication.",... ,... , ...,"Estimates were not available at the time of publication.",... ,... , ...,"Estimates were not available at the time of publication.",... ,... , ...,"Estimates were not available at the time of publication.",... ,... , ...,"Estimates were not available at the time of publication.",... ,... , ...,"Estimates were not available at the time of publication.",... ,... , ...,"Estimates were not available at the time of publication.",... ,... , ...,"Estimates were not available at the time of publication.",... ,... , ...,"Estimates were not available at the time of publication.",... ,... , ...,"Estimates were not available at the time of publication.",... ,... , ...,"Estimates were not available at the time of publication.",... ,... , ...,"Estimates were not available at the time of publication."
Mexico,4800 ,3500 , 6300,,6100 ,4500 , 7800,,7300 ,5200 , 9300,,8600 ,6000 , 11 000,,9900 ,7000 , 13 000,,11 000 ,8000 , 16 000,,13 000 ,9200 , 18 000,,15 000 ,10 000 , 20 000,,16 000 ,12 000 , 23 000,,18 000 ,13 000 , 25 000,,20 000 ,14 000 , 27 000,,21 000 ,15 000 , 30 000,,23 000 ,16 000 , 32 000,,24 000 ,17 000 , 34 000,,26 000 ,18 000 , 36 000,,27 000 ,19 000 , 38 000,,29 000 ,20 000 , 40 000,,30 000 ,21 000 , 42 000,,32 000 ,22 000 , 44 000,,33 000 ,23 000 , 46 000,,34 000 ,24 000 , 48 000,,35 000 ,25 000 , 49 000,,37 000 ,26 000 , 51 000,,38 000 ,27 000 , 53 000,,38 000 ,27 000 , 54 000,,39 000 ,28 000 , 55 000,,39 000 ,28 000 , 55 000,,40 000 ,28 000 , 55 000,,40 000 ,28 000 , 56 000,,40 000 ,28 000 , 56 000,,40 000 ,28 000 , 57 000,,41 000 ,28 000 , 57 000,,41 000 ,28 000 , 58 000,,41 000 ,27 000 , 59 000,,41 000 ,27 000 , 60 000,
Mongolia,<100 ,<100 , <100,"Children estimates were not available at the time of publication.",<100 ,<100 , <100,"Children estimates were not available at the time of publication.",<100 ,<100 , <100,"Children estimates were not available at the time of publication.",<100 ,<100 , <100,"Children estimates were not available at the time of publication.",<100 ,<100 , <100,"Children estimates were not available at the time of publication.",<100 ,<100 , <100,"Children estimates were not available at the time of publication.",<100 ,<100 , <100,"Children estimates were not available at the time of publication.",<100 ,<100 , <100,"Children estimates were not available at the time of publication.",<100 ,<100 , <100,"Children estimates were not available at the time of publication.",<100 ,<100 , <100,"Children estimates were not available at the time of publication.",<100 ,<100 , <100,"Children estimates were not available at the time of publication.",<100 ,<100 , <100,"Children estimates were not available at the time of publication.",<100 ,<100 , <100,"Children estimates were not available at the time of publication.",<100 ,<100 , <100,"Children estimates were not available at the time of publication.",<100 ,<100 , <100,"Children estimates were not available at the time of publication.",<100 ,<100 , <100,"Children estimates were not available at the time of publication.",<100 ,<100 , <100,"Children estimates were not available at the time of publication.",<100 ,<100 , <100,"Children estimates were not available at the time of publication.",<100 ,<100 , <100,"Children estimates were not available at the time of publication.",<100 ,<100 , <100,"Children estimates were not available at the time of publication.",<100 ,<100 , <100,"Children estimates were not available at the time of publication.",<100 ,<100 , <100,"Children estimates were not available at the time of publication.",<100 ,<100 , <100,"Children estimates were not available at the time of publication.",<100 ,<100 , <100,"Children estimates were not available at the time of publication.",<100 ,<100 , <100,"Children estimates were not available at the time of publication.",<100 ,<100 , <100,"Children estimates were not available at the time of publication.",<100 ,<100 , <100,"Children estimates were not available at the time of publication.",<100 ,<100 , <100,"Children estimates were not available at the time of publication.",<100 ,<100 , <100,"Children estimates were not available at the time of publication.",<100 ,<100 , <100,"Children estimates were not available at the time of publication.",<100 ,<100 , <100,"Children estimates were not available at the time of publication.",<100 ,<100 , <100,"Children estimates were not available at the time of publication.",<100 ,<100 , <100,"Children estimates were not available at the time of publication.",<100 ,<100 , <100,"Children estimates were not available at the time of publication.",<100 ,<100 , <100,"Children estimates were not available at the time of publication."
Montenegro,<100 ,<100 , <100,"Children estimates were not available at the time of publication.",<100 ,<100 , <100,"Children estimates were not available at the time of publication.",<100 ,<100 , <100,"Children estimates were not available at the time of publication.",<100 ,<100 , <100,"Children estimates were not available at the time of publication.",<100 ,<100 , <100,"Children estimates were not available at the time of publication.",<100 ,<100 , <100,"Children estimates were not available at the time of publication.",<100 ,<100 , <100,"Children estimates were not available at the time of publication.",<100 ,<100 , <100,"Children estimates were not available at the time of publication.",<100 ,<100 , <100,"Children estimates were not available at the time of publication.",<100 ,<100 , <100,"Children estimates were not available at the time of publication.",<100 ,<100 , <100,"Children estimates were not available at the time of publication.",<100 ,<100 , <100,"Children estimates were not available at the time of publication.",<100 ,<100 , <100,"Children estimates were not available at the time of publication.",<100 ,<100 , <100,"Children estimates were not available at the time of publication.",<100 ,<100 , <100,"Children estimates were not available at the time of publication.",<100 ,<100 , <100,"Children estimates were not available at the time of publication.",<100 ,<100 , <100,"Children estimates were not available at the time of publication.",<100 ,<100 , <100,"Children estimates were not available at the time of publication.",<100 ,<100 , <100,"Children estimates were not available at the time of publication.",<100 ,<100 , <100,"Children estimates were not available at the time of publication.",<100 ,<100 , <100,"Children estimates were not available at the time of publication.",<100 ,<100 , <100,"Children estimates were not available at the time of publication.",<100 ,<100 , <100,"Children estimates were not available at the time of publication.",<100 ,<100 , <100,"Children estimates were not available at the time of publication.",<100 ,<100 , <100,"Children estimates were not available at the time of publication.",<100 ,<100 , <100,"Children estimates were not available at the time of publication.",<100 ,<100 , <100,"Children estimates were not available at the time of publication.",<100 ,<100 , <100,"Children estimates were not available at the time of publication.",<100 ,<100 , <100,"Children estimates were not available at the time of publication.",<100 ,<100 , <100,"Children estimates were not available at the time of publication.",<100 ,<100 , <100,"Children estimates were not available at the time of publication.",<100 ,<100 , <100,"Children estimates were not available at the time of publication.",<100 ,<100 , <100,"Children estimates were not available at the time of publication.",<100 ,<100 , <100,"Children estimates were not available at the time of publication.",<100 ,<100 , <100,"Children estimates were not available at the time of publication."
Morocco,<500 ,<200 , <500,,<500 ,<200 , <500,,<500 ,<500 , 540,,<500 ,<500 , 610,,<500 ,<500 , 680,,550 ,<500 , 740,,610 ,<500 , 810,,670 ,<500 , 850,,720 ,530 , 900,,780 ,580 , 960,,840 ,620 , 1000,,880 ,660 , 1100,,920 ,690 , 1100,,950 ,720 , 1100,,960 ,730 , 1200,,970 ,720 , 1200,,960 ,720 , 1100,,940 ,720 , 1100,,930 ,710 , 1100,,910 ,690 , 1100,,900 ,680 , 1100,,890 ,670 , 1100,,860 ,660 , 1000,,830 ,640 , 1000,,810 ,620 , 990,,790 ,610 , 970,,780 ,600 , 960,,770 ,610 , 950,,780 ,620 , 960,,790 ,630 , 960,,800 ,640 , 970,,810 ,660 , 980,,810 ,660 , 990,,820 ,660 , 1000,,830 ,670 , 1000,
Mozambique,38 000 ,17 000 , 57 000,,49 000 ,22 000 , 73 000,,63 000 ,28 000 , 92 000,,79 000 ,37 000 , 110 000,,100 000 ,47 000 , 150 000,,120 000 ,56 000 , 170 000,,150 000 ,67 000 , 200 000,,170 000 ,75 000 , 230 000,,190 000 ,84 000 , 260 000,,210 000 ,92 000 , 290 000,,230 000 ,100 000 , 320 000,,240 000 ,110 000 , 340 000,,260 000 ,110 000 , 350 000,,260 000 ,110 000 , 360 000,,270 000 ,120 000 , 360 000,,270 000 ,120 000 , 380 000,,280 000 ,120 000 , 390 000,,280 000 ,130 000 , 390 000,,290 000 ,130 000 , 400 000,,290 000 ,140 000 , 410 000,,300 000 ,140 000 , 420 000,,310 000 ,150 000 , 430 000,,320 000 ,160 000 , 450 000,,330 000 ,170 000 , 460 000,,340 000 ,170 000 , 470 000,,340 000 ,180 000 , 470 000,,350 000 ,180 000 , 470 000,,340 000 ,180 000 , 470 000,,340 000 ,180 000 , 460 000,,340 000 ,190 000 , 450 000,,340 000 ,190 000 , 440 000,,340 000 ,190 000 , 440 000,,330 000 ,190 000 , 430 000,,320 000 ,190 000 , 420 000,,300 000 ,180 000 , 400 000,
Myanmar,9200 ,6100 , 12 000,,18 000 ,12 000 , 23 000,,26 000 ,17 000 , 33 000,,30 000 ,19 000 , 39 000,,33 000 ,21 000 , 44 000,,35 000 ,23 000 , 48 000,,37 000 ,25 000 , 52 000,,40 000 ,27 000 , 56 000,,44 000 ,30 000 , 60 000,,50 000 ,34 000 , 65 000,,55 000 ,38 000 , 70 000,,59 000 ,41 000 , 75 000,,62 000 ,43 000 , 79 000,,63 000 ,44 000 , 81 000,,64 000 ,44 000 , 82 000,,64 000 ,44 000 , 82 000,,62 000 ,43 000 , 80 000,,60 000 ,41 000 , 77 000,,58 000 ,39 000 , 73 000,,55 000 ,37 000 , 69 000,,52 000 ,35 000 , 66 000,,50 000 ,33 000 , 62 000,,48 000 ,32 000 , 61 000,,47 000 ,32 000 , 59 000,,46 000 ,31 000 , 57 000,,44 000 ,31 000 , 56 000,,43 000 ,30 000 , 54 000,,41 000 ,29 000 , 52 000,,40 000 ,28 000 , 51 000,,38 000 ,27 000 , 48 000,,36 000 ,26 000 , 46 000,,35 000 ,25 000 , 44 000,,34 000 ,24 000 , 42 000,,33 000 ,24 000 , 41 000,,32 000 ,24 000 , 40 000,
Namibia,4200 ,2300 , 5500,,5800 ,3000 , 7600,,8000 ,3900 , 10 000,,11 000 ,5200 , 14 000,,14 000 ,6800 , 18 000,,17 000 ,8500 , 22 000,,20 000 ,9600 , 26 000,,22 000 ,10 000 , 30 000,,23 000 ,11 000 , 32 000,,24 000 ,11 000 , 33 000,,24 000 ,10 000 , 34 000,,23 000 ,9900 , 34 000,,23 000 ,9400 , 33 000,,22 000 ,9000 , 32 000,,21 000 ,8700 , 30 000,,20 000 ,8400 , 29 000,,19 000 ,8300 , 28 000,,19 000 ,8400 , 28 000,,19 000 ,8500 , 27 000,,18 000 ,8800 , 27 000,,19 000 ,9200 , 26 000,,19 000 ,9700 , 26 000,,19 000 ,10 000 , 26 000,,19 000 ,11 000 , 25 000,,19 000 ,11 000 , 25 000,,18 000 ,11 000 , 24 000,,18 000 ,12 000 , 23 000,,18 000 ,12 000 , 22 000,,18 000 ,12 000 , 21 000,,17 000 ,12 000 , 20 000,,17 000 ,12 000 , 19 000,,16 000 ,12 000 , 19 000,,16 000 ,12 000 , 18 000,,16 000 ,12 000 , 18 000,,15 000 ,12 000 , 17 000,
Nepal,<100 ,<100 , <100,,<100 ,<100 , <100,,<100 ,<100 , <100,,<100 ,<100 , <100,,<100 ,<100 , <200,,<200 ,<200 , <500,,<500 ,<500 , <500,,730 ,<500 , 930,,1200 ,780 , 1500,,1700 ,1100 , 2200,,2100 ,1400 , 2800,,2400 ,1500 , 3100,,2500 ,1700 , 3400,,2600 ,1700 , 3500,,2600 ,1700 , 3600,,2600 ,1700 , 3600,,2500 ,1600 , 3400,,2400 ,1500 , 3300,,2200 ,1400 , 3100,,2100 ,1300 , 2800,,1900 ,1200 , 2600,,1800 ,1200 , 2400,,1600 ,1100 , 2200,,1500 ,1000 , 2000,,1400 ,940 , 1900,,1400 ,900 , 1700,,1300 ,880 , 1700,,1300 ,870 , 1600,,1200 ,850 , 1500,,1200 ,840 , 1500,,1200 ,840 , 1500,,1200 ,840 , 1400,,1200 ,850 , 1400,,1200 ,870 , 1400,,1200 ,910 , 1400,
Netherlands,930 ,540 , 1300,,800 ,<500 , 1200,,700 ,<500 , 1000,,630 ,<500 , 920,,580 ,<500 , 810,,540 ,<500 , 750,,540 ,<500 , 740,,570 ,<500 , 750,,600 ,<500 , 800,,650 ,<500 , 860,,690 ,<500 , 920,,720 ,<500 , 970,,770 ,<500 , 1000,,810 ,<500 , 1100,,870 ,530 , 1100,,900 ,540 , 1200,,940 ,550 , 1200,,980 ,570 , 1300,,1000 ,590 , 1300,,1000 ,600 , 1400,,1000 ,600 , 1400,,1000 ,580 , 1300,,980 ,570 , 1300,,940 ,550 , 1200,,890 ,530 , 1200,,820 ,500 , 1100,,750 ,<500 , 1000,,690 ,<500 , 900,,630 ,<500 , 810,,580 ,<500 , 750,,530 ,<500 , 700,,510 ,<500 , 670,,<500 ,<500 , 670,,<500 ,<500 , 680,,... ,... , ...,
New Zealand,<100 ,<100 , <100,"Children estimates were not available at the time of publication.",<100 ,<100 , <100,"Children estimates were not available at the time of publication.",<100 ,<100 , <100,"Children estimates were not available at the time of publication.",<100 ,<100 , <100,"Children estimates were not available at the time of publication.",<100 ,<100 , <100,"Children estimates were not available at the time of publication.",<100 ,<100 , <100,"Children estimates were not available at the time of publication.",<100 ,<100 , <100,"Children estimates were not available at the time of publication.",<100 ,<100 , <100,"Children estimates were not available at the time of publication.",<100 ,<100 , <100,"Children estimates were not available at the time of publication.",<100 ,<100 , <100,"Children estimates were not available at the time of publication.",<100 ,<100 , <100,"Children estimates were not available at the time of publication.",<100 ,<100 , <100,"Children estimates were not available at the time of publication.",<100 ,<100 , <100,"Children estimates were not available at the time of publication.",<100 ,<100 , <100,"Children estimates were not available at the time of publication.",<100 ,<100 , <100,"Children estimates were not available at the time of publication.",<100 ,<100 , <100,"Children estimates were not available at the time of publication.",<100 ,<100 , <200,"Children estimates were not available at the time of publication.",<100 ,<100 , <200,"Children estimates were not available at the time of publication.",<100 ,<100 , <200,"Children estimates were not available at the time of publication.",<100 ,<100 , <200,"Children estimates were not available at the time of publication.",<100 ,<100 , <200,"Children estimates were not available at the time of publication.",<100 ,<100 , <200,"Children estimates were not available at the time of publication.",<100 ,<100 , <200,"Children estimates were not available at the time of publication.",<100 ,<100 , <200,"Children estimates were not available at the time of publication.",<100 ,<100 , <200,"Children estimates were not available at the time of publication.",<100 ,<100 , <200,"Children estimates were not available at the time of publication.",<200 ,<100 , <200,"Children estimates were not available at the time of publication.",<100 ,<100 , <200,"Children estimates were not available at the time of publication.",<100 ,<100 , <200,"Children estimates were not available at the time of publication.",<100 ,<100 , <200,"Children estimates were not available at the time of publication.",<100 ,<100 , <200,"Children estimates were not available at the time of publication.",<100 ,<100 , <200,"Children estimates were not available at the time of publication.",<100 ,<100 , <200,"Children estimates were not available at the time of publication.",<100 ,<100 , <200,"Children estimates were not available at the time of publication.",<100 ,<100 , <200,"Children estimates were not available at the time of publication."
Nicaragua,... ,... , ...,"Estimates were not available at the time of publication.",... ,... , ...,"Estimates were not available at the time of publication.",... ,... , ...,"Estimates were not available at the time of publication.",... ,... , ...,"Estimates were not available at the time of publication.",... ,... , ...,"Estimates were not available at the time of publication.",... ,... , ...,"Estimates were not available at the time of publication.",... ,... , ...,"Estimates were not available at the time of publication.",... ,... , ...,"Estimates were not available at the time of publication.",... ,... , ...,"Estimates were not available at the time of publication.",... ,... , ...,"Estimates were not available at the time of publication.",... ,... , ...,"Estimates were not available at the time of publication.",... ,... , ...,"Estimates were not available at the time of publication.",... ,... , ...,"Estimates were not available at the time of publication.",... ,... , ...,"Estimates were not available at the time of publication.",... ,... , ...,"Estimates were not available at the time of publication.",... ,... , ...,"Estimates were not available at the time of publication.",... ,... , ...,"Estimates were not available at the time of publication.",... ,... , ...,"Estimates were not available at the time of publication.",... ,... , ...,"Estimates were not available at the time of publication.",... ,... , ...,"Estimates were not available at the time of publication.",... ,... , ...,"Estimates were not available at the time of publication.",... ,... , ...,"Estimates were not available at the time of publication.",... ,... , ...,"Estimates were not available at the time of publication.",... ,... , ...,"Estimates were not available at the time of publication.",... ,... , ...,"Estimates were not available at the time of publication.",... ,... , ...,"Estimates were not available at the time of publication.",... ,... , ...,"Estimates were not available at the time of publication.",... ,... , ...,"Estimates were not available at the time of publication.",... ,... , ...,"Estimates were not available at the time of publication.",... ,... , ...,"Estimates were not available at the time of publication.",... ,... , ...,"Estimates were not available at the time of publication.",... ,... , ...,"Estimates were not available at the time of publication.",... ,... , ...,"Estimates were not available at the time of publication.",... ,... , ...,"Estimates were not available at the time of publication.",... ,... , ...,"Estimates were not available at the time of publication."
Niger,1300 ,870 , 1800,,1700 ,1200 , 2400,,2100 ,1600 , 2800,,2600 ,1900 , 3300,,3000 ,2100 , 3800,,3200 ,2400 , 4100,,3400 ,2500 , 4200,,3300 ,2400 , 4100,,3200 ,2400 , 4000,,3000 ,2200 , 3800,,2800 ,2100 , 3500,,2600 ,1900 , 3200,,2400 ,1800 , 3000,,2200 ,1600 , 2800,,2100 ,1600 , 2600,,2000 ,1500 , 2500,,1900 ,1500 , 2400,,1900 ,1500 , 2400,,2000 ,1500 , 2500,,2100 ,1700 , 2500,,2200 ,1800 , 2700,,2400 ,2000 , 2900,,2600 ,2200 , 3100,,2800 ,2400 , 3300,,3000 ,2600 , 3500,,3200 ,2800 , 3700,,3400 ,2900 , 3900,,3500 ,3000 , 4000,,3600 ,3100 , 4100,,3600 ,3200 , 4100,,3600 ,3200 , 4100,,3600 ,3200 , 4100,,3500 ,3100 , 4000,,3400 ,3000 , 3900,,3300 ,2900 , 3800,
Nigeria,100 000 ,45 000 , 140 000,,120 000 ,52 000 , 170 000,,140 000 ,62 000 , 200 000,,160 000 ,72 000 , 230 000,,180 000 ,77 000 , 250 000,,200 000 ,84 000 , 280 000,,210 000 ,88 000 , 290 000,,220 000 ,93 000 , 310 000,,230 000 ,95 000 , 320 000,,230 000 ,95 000 , 320 000,,230 000 ,94 000 , 320 000,,230 000 ,92 000 , 310 000,,220 000 ,90 000 , 310 000,,210 000 ,89 000 , 300 000,,210 000 ,88 000 , 290 000,,200 000 ,87 000 , 290 000,,200 000 ,88 000 , 280 000,,200 000 ,90 000 , 280 000,,200 000 ,93 000 , 280 000,,200 000 ,95 000 , 280 000,,200 000 ,99 000 , 280 000,,200 000 ,100 000 , 290 000,,200 000 ,100 000 , 290 000,,200 000 ,110 000 , 280 000,,200 000 ,110 000 , 280 000,,200 000 ,110 000 , 280 000,,200 000 ,110 000 , 270 000,,190 000 ,110 000 , 260 000,,190 000 ,110 000 , 260 000,,190 000 ,120 000 , 250 000,,180 000 ,110 000 , 240 000,,180 000 ,110 000 , 230 000,,170 000 ,110 000 , 220 000,,160 000 ,110 000 , 220 000,,160 000 ,100 000 , 200 000,
North Macedonia,<100 ,<100 , <100,"Children estimates were not available at the time of publication.",<100 ,<100 , <100,"Children estimates were not available at the time of publication.",<100 ,<100 , <100,"Children estimates were not available at the time of publication.",<100 ,<100 , <100,"Children estimates were not available at the time of publication.",<100 ,<100 , <100,"Children estimates were not available at the time of publication.",<100 ,<100 , <100,"Children estimates were not available at the time of publication.",<100 ,<100 , <100,"Children estimates were not available at the time of publication.",<100 ,<100 , <100,"Children estimates were not available at the time of publication.",<100 ,<100 , <100,"Children estimates were not available at the time of publication.",<100 ,<100 , <100,"Children estimates were not available at the time of publication.",<100 ,<100 , <100,"Children estimates were not available at the time of publication.",<100 ,<100 , <100,"Children estimates were not available at the time of publication.",<100 ,<100 , <100,"Children estimates were not available at the time of publication.",<100 ,<100 , <100,"Children estimates were not available at the time of publication.",<100 ,<100 , <100,"Children estimates were not available at the time of publication.",<100 ,<100 , <100,"Children estimates were not available at the time of publication.",<100 ,<100 , <100,"Children estimates were not available at the time of publication.",<100 ,<100 , <100,"Children estimates were not available at the time of publication.",<100 ,<100 , <100,"Children estimates were not available at the time of publication.",<100 ,<100 , <100,"Children estimates were not available at the time of publication.",<100 ,<100 , <100,"Children estimates were not available at the time of publication.",<100 ,<100 , <100,"Children estimates were not available at the time of publication.",<100 ,<100 , <100,"Children estimates were not available at the time of publication.",<100 ,<100 , <100,"Children estimates were not available at the time of publication.",<100 ,<100 , <100,"Children estimates were not available at the time of publication.",<100 ,<100 , <100,"Children estimates were not available at the time of publication.",<100 ,<100 , <100,"Children estimates were not available at the time of publication.",<100 ,<100 , <100,"Children estimates were not available at the time of publication.",<100 ,<100 , <100,"Children estimates were not available at the time of publication.",<100 ,<100 , <100,"Children estimates were not available at the time of publication.",<100 ,<100 , <100,"Children estimates were not available at the time of publication.",<100 ,<100 , <100,"Children estimates were not available at the time of publication.",<100 ,<100 , <100,"Children estimates were not available at the time of publication.",<100 ,<100 , <100,"Children estimates were not available at the time of publication.",<100 ,<100 , <100,"Children estimates were not available at the time of publication."
Norway,<100 ,<100 , <100,"Children estimates were not available at the time of publication.",<100 ,<100 , <100,"Children estimates were not available at the time of publication.",<100 ,<100 , <100,"Children estimates were not available at the time of publication.",<100 ,<100 , <100,"Children estimates were not available at the time of publication.",<100 ,<100 , <100,"Children estimates were not available at the time of publication.",<100 ,<100 , <100,"Children estimates were not available at the time of publication.",<100 ,<100 , <100,"Children estimates were not available at the time of publication.",<100 ,<100 , <100,"Children estimates were not available at the time of publication.",<100 ,<100 , <100,"Children estimates were not available at the time of publication.",<100 ,<100 , <100,"Children estimates were not available at the time of publication.",<100 ,<100 , <100,"Children estimates were not available at the time of publication.",<100 ,<100 , <100,"Children estimates were not available at the time of publication.",<100 ,<100 , <100,"Children estimates were not available at the time of publication.",<100 ,<100 , <100,"Children estimates were not available at the time of publication.",<100 ,<100 , <100,"Children estimates were not available at the time of publication.",<100 ,<100 , <100,"Children estimates were not available at the time of publication.",<100 ,<100 , <200,"Children estimates were not available at the time of publication.",<100 ,<100 , <200,"Children estimates were not available at the time of publication.",<100 ,<100 , <200,"Children estimates were not available at the time of publication.",<100 ,<100 , <200,"Children estimates were not available at the time of publication.",<100 ,<100 , <200,"Children estimates were not available at the time of publication.",<100 ,<100 , <200,"Children estimates were not available at the time of publication.",<100 ,<100 , <200,"Children estimates were not available at the time of publication.",<100 ,<100 , <200,"Children estimates were not available at the time of publication.",<100 ,<100 , <200,"Children estimates were not available at the time of publication.",<100 ,<100 , <100,"Children estimates were not available at the time of publication.",<100 ,<100 , <100,"Children estimates were not available at the time of publication.",<100 ,<100 , <100,"Children estimates were not available at the time of publication.",<100 ,<100 , <100,"Children estimates were not available at the time of publication.",<100 ,<100 , <100,"Children estimates were not available at the time of publication.",<100 ,<100 , <100,"Children estimates were not available at the time of publication.",<100 ,<100 , <100,"Children estimates were not available at the time of publication.",<100 ,<100 , <100,"Children estimates were not available at the time of publication.",<100 ,<100 , <100,"Children estimates were not available at the time of publication.",<100 ,<100 , <100,"Children estimates were not available at the time of publication."
Oman,<100 ,<100 , <100,"Children estimates were not available at the time of publication.",<100 ,<100 , <100,"Children estimates were not available at the time of publication.",<100 ,<100 , <200,"Children estimates were not available at the time of publication.",<100 ,<100 , <200,"Children estimates were not available at the time of publication.",<200 ,<100 , <200,"Children estimates were not available at the time of publication.",<100 ,<100 , <200,"Children estimates were not available at the time of publication.",<100 ,<100 , <200,"Children estimates were not available at the time of publication.",<100 ,<100 , <200,"Children estimates were not available at the time of publication.",<100 ,<100 , <200,"Children estimates were not available at the time of publication.",<100 ,<100 , <200,"Children estimates were not available at the time of publication.",<100 ,<100 , <200,"Children estimates were not available at the time of publication.",<100 ,<100 , <200,"Children estimates were not available at the time of publication.",<100 ,<100 , <200,"Children estimates were not available at the time of publication.",<100 ,<100 , <200,"Children estimates were not available at the time of publication.",<100 ,<100 , <200,"Children estimates were not available at the time of publication.",<100 ,<100 , <200,"Children estimates were not available at the time of publication.",<100 ,<100 , <200,"Children estimates were not available at the time of publication.",<100 ,<100 , <200,"Children estimates were not available at the time of publication.",<200 ,<100 , <200,"Children estimates were not available at the time of publication.",<200 ,<100 , <200,"Children estimates were not available at the time of publication.",<200 ,<100 , <200,"Children estimates were not available at the time of publication.",<200 ,<200 , <200,"Children estimates were not available at the time of publication.",<200 ,<200 , <200,"Children estimates were not available at the time of publication.",<200 ,<200 , <500,"Children estimates were not available at the time of publication.",<200 ,<200 , <500,"Children estimates were not available at the time of publication.",<200 ,<200 , <500,"Children estimates were not available at the time of publication.",<500 ,<200 , <500,"Children estimates were not available at the time of publication.",<500 ,<200 , <500,"Children estimates were not available at the time of publication.",<500 ,<200 , <500,"Children estimates were not available at the time of publication.",<200 ,<200 , <500,"Children estimates were not available at the time of publication.",<200 ,<200 , <500,"Children estimates were not available at the time of publication.",<200 ,<200 , <500,"Children estimates were not available at the time of publication.",<500 ,<200 , <500,"Children estimates were not available at the time of publication.",<500 ,<200 , <500,"Children estimates were not available at the time of publication.",<500 ,<200 , <500,"Children estimates were not available at the time of publication."
Pakistan,<100 ,<100 , <100,,<100 ,<100 , <100,,<100 ,<100 , <100,,<100 ,<100 , <100,,<100 ,<100 , <100,,<100 ,<100 , <100,,<100 ,<100 , <100,,<100 ,<100 , <100,,<100 ,<100 , <100,,<100 ,<100 , <200,,<200 ,<100 , <200,,<200 ,<100 , <200,,<200 ,<200 , <500,,<500 ,<500 , 520,,1800 ,1200 , 2400,,4100 ,2600 , 5300,,6100 ,3900 , 7900,,8100 ,5200 , 11 000,,10 000 ,6400 , 14 000,,12 000 ,7300 , 16 000,,13 000 ,8000 , 17 000,,13 000 ,8400 , 19 000,,14 000 ,9000 , 20 000,,15 000 ,9600 , 21 000,,16 000 ,10 000 , 22 000,,17 000 ,11 000 , 23 000,,18 000 ,11 000 , 25 000,,19 000 ,12 000 , 26 000,,20 000 ,13 000 , 28 000,,22 000 ,14 000 , 30 000,,24 000 ,16 000 , 32 000,,26 000 ,17 000 , 35 000,,29 000 ,19 000 , 38 000,,31 000 ,21 000 , 42 000,,34 000 ,22 000 , 46 000,
Panama,1900 ,1400 , 2300,,2200 ,1600 , 2800,,2500 ,1700 , 3200,,2700 ,1800 , 3500,,2800 ,1900 , 3600,,2800 ,2000 , 3700,,2800 ,2000 , 3700,,2800 ,2000 , 3700,,2700 ,2000 , 3600,,2700 ,2000 , 3500,,2700 ,2000 , 3500,,2700 ,2000 , 3500,,2700 ,2000 , 3500,,2700 ,2000 , 3500,,2800 ,2000 , 3500,,2800 ,2100 , 3600,,2800 ,2100 , 3600,,2900 ,2100 , 3600,,2900 ,2100 , 3700,,2900 ,2200 , 3700,,3000 ,2200 , 3800,,3000 ,2200 , 3800,,3100 ,2300 , 3800,,3100 ,2300 , 3900,,3100 ,2300 , 3900,,3200 ,2400 , 4000,,3200 ,2400 , 4000,,3300 ,2400 , 4100,,3300 ,2500 , 4200,,3400 ,2500 , 4200,,3400 ,2500 , 4300,,3400 ,2500 , 4300,,3500 ,2500 , 4400,,3500 ,2600 , 4400,,3500 ,2600 , 4500,
Papua New Guinea,1100 ,<500 , 1700,,1300 ,<500 , 2000,,1500 ,520 , 2300,,1700 ,580 , 2500,,1900 ,650 , 3000,,2100 ,790 , 3300,,2300 ,930 , 3600,,2600 ,1000 , 3900,,2800 ,1200 , 4300,,3100 ,1300 , 4700,,3400 ,1500 , 5100,,3700 ,1600 , 5500,,4000 ,1700 , 5800,,4300 ,1900 , 6300,,4500 ,2000 , 6700,,4800 ,2100 , 7100,,5000 ,2200 , 7500,,5300 ,2400 , 7800,,5500 ,2500 , 8000,,5700 ,2600 , 8200,,6000 ,2800 , 8400,,6200 ,3000 , 8500,,6500 ,3200 , 8900,,6800 ,3400 , 9200,,7000 ,3600 , 9400,,7300 ,3800 , 9800,,7600 ,4100 , 10 000,,8000 ,4400 , 11 000,,8600 ,4800 , 11 000,,9300 ,5300 , 12 000,,10 000 ,5800 , 13 000,,11 000 ,6200 , 14 000,,11 000 ,6600 , 15 000,,12 000 ,7000 , 16 000,,13 000 ,7400 , 17 000,
Paraguay,<100 ,<100 , <100,,<100 ,<100 , <100,,<100 ,<100 , <200,,<200 ,<200 , <500,,<500 ,<200 , <500,,<500 ,<500 , <500,,520 ,<500 , 650,,680 ,520 , 840,,820 ,620 , 1000,,960 ,710 , 1200,,1100 ,800 , 1400,,1200 ,880 , 1500,,1300 ,960 , 1700,,1400 ,1000 , 1800,,1500 ,1100 , 1900,,1600 ,1200 , 2000,,1600 ,1200 , 2100,,1700 ,1300 , 2200,,1800 ,1300 , 2200,,1800 ,1300 , 2300,,1900 ,1400 , 2400,,1900 ,1400 , 2400,,1900 ,1400 , 2400,,1900 ,1400 , 2500,,1900 ,1400 , 2500,,1900 ,1400 , 2400,,1900 ,1400 , 2400,,1900 ,1400 , 2400,,1900 ,1400 , 2400,,1800 ,1400 , 2400,,1800 ,1400 , 2300,,1800 ,1300 , 2200,,1700 ,1300 , 2200,,1700 ,1200 , 2100,,1600 ,1200 , 2000,
Peru,2800 ,1600 , 4300,,2800 ,1600 , 4400,,2800 ,1600 , 4400,,2800 ,1700 , 4500,,2800 ,1600 , 4500,,2700 ,1600 , 4300,,2700 ,1700 , 4100,,2700 ,1700 , 4000,,2600 ,1700 , 3800,,2600 ,1700 , 3700,,2600 ,1800 , 3600,,2500 ,1700 , 3500,,2500 ,1700 , 3400,,2500 ,1700 , 3300,,2500 ,1700 , 3300,,2500 ,1700 , 3300,,2500 ,1700 , 3300,,2500 ,1700 , 3200,,2400 ,1700 , 3200,,2400 ,1600 , 3100,,2300 ,1600 , 3000,,2300 ,1600 , 3000,,2300 ,1600 , 3000,,2300 ,1600 , 3100,,2400 ,1700 , 3300,,2500 ,1800 , 3400,,2700 ,1900 , 3600,,2800 ,2000 , 3700,,3000 ,2100 , 3900,,3100 ,2200 , 4000,,3200 ,2200 , 4100,,3200 ,2300 , 4200,,3200 ,2300 , 4200,,3300 ,2300 , 4300,,3300 ,2300 , 4400,
Philippines,<100 ,<100 , <100,,<100 ,<100 , <100,,<100 ,<100 , <100,,<100 ,<100 , <100,,<100 ,<100 , <200,,<200 ,<100 , <200,,<200 ,<200 , <200,,<200 ,<200 , <500,,<500 ,<200 , <500,,<500 ,<500 , <500,,<500 ,<500 , 540,,530 ,<500 , 710,,690 ,<500 , 940,,910 ,590 , 1200,,1200 ,770 , 1700,,1600 ,1000 , 2200,,2100 ,1300 , 2900,,2800 ,1700 , 3900,,4000 ,2600 , 5300,,5400 ,3500 , 7100,,6800 ,4200 , 9100,,8300 ,5100 , 11 000,,10 000 ,6100 , 14 000,,12 000 ,7300 , 17 000,,14 000 ,8500 , 20 000,,17 000 ,9800 , 24 000,,19 000 ,11 000 , 27 000,,22 000 ,13 000 , 31 000,,25 000 ,14 000 , 35 000,,28 000 ,16 000 , 40 000,,31 000 ,18 000 , 44 000,,34 000 ,20 000 , 49 000,,38 000 ,22 000 , 55 000,,43 000 ,25 000 , 62 000,,49 000 ,28 000 , 70 000,
Poland,... ,... , ...,"Estimates were not available at the time of publication.",... ,... , ...,"Estimates were not available at the time of publication.",... ,... , ...,"Estimates were not available at the time of publication.",... ,... , ...,"Estimates were not available at the time of publication.",... ,... , ...,"Estimates were not available at the time of publication.",... ,... , ...,"Estimates were not available at the time of publication.",... ,... , ...,"Estimates were not available at the time of publication.",... ,... , ...,"Estimates were not available at the time of publication.",... ,... , ...,"Estimates were not available at the time of publication.",... ,... , ...,"Estimates were not available at the time of publication.",... ,... , ...,"Estimates were not available at the time of publication.",... ,... , ...,"Estimates were not available at the time of publication.",... ,... , ...,"Estimates were not available at the time of publication.",... ,... , ...,"Estimates were not available at the time of publication.",... ,... , ...,"Estimates were not available at the time of publication.",... ,... , ...,"Estimates were not available at the time of publication.",... ,... , ...,"Estimates were not available at the time of publication.",... ,... , ...,"Estimates were not available at the time of publication.",... ,... , ...,"Estimates were not available at the time of publication.",... ,... , ...,"Estimates were not available at the time of publication.",... ,... , ...,"Estimates were not available at the time of publication.",... ,... , ...,"Estimates were not available at the time of publication.",... ,... , ...,"Estimates were not available at the time of publication.",... ,... , ...,"Estimates were not available at the time of publication.",... ,... , ...,"Estimates were not available at the time of publication.",... ,... , ...,"Estimates were not available at the time of publication.",... ,... , ...,"Estimates were not available at the time of publication.",... ,... , ...,"Estimates were not available at the time of publication.",... ,... , ...,"Estimates were not available at the time of publication.",... ,... , ...,"Estimates were not available at the time of publication.",... ,... , ...,"Estimates were not available at the time of publication.",... ,... , ...,"Estimates were not available at the time of publication.",... ,... , ...,"Estimates were not available at the time of publication.",... ,... , ...,"Estimates were not available at the time of publication.",... ,... , ...,"Estimates were not available at the time of publication."
Portugal,4100 ,3100 , 5000,,4800 ,3600 , 5900,,5400 ,3900 , 6600,,5700 ,4100 , 7200,,5800 ,4200 , 7600,,5800 ,4100 , 7600,,5400 ,3800 , 7300,,5000 ,3500 , 6800,,4500 ,3100 , 6200,,4000 ,2800 , 5400,,3400 ,2400 , 4700,,2900 ,2000 , 3900,,2400 ,1700 , 3300,,2000 ,1400 , 2700,,1700 ,1200 , 2300,,1400 ,1000 , 1900,,1200 ,870 , 1700,,1100 ,760 , 1400,,940 ,670 , 1300,,840 ,590 , 1100,,770 ,540 , 1000,,720 ,510 , 980,,680 ,<500 , 920,,650 ,<500 , 870,,620 ,<500 , 830,,590 ,<500 , 790,,570 ,<500 , 770,,560 ,<500 , 750,,550 ,<500 , 730,,560 ,<500 , 730,,580 ,<500 , 740,,580 ,<500 , 730,,570 ,<500 , 720,,620 ,<500 , 780,,620 ,<500 , 770,
Qatar,<100 ,<100 , <100,"Children estimates were not available at the time of publication.",<100 ,<100 , <100,"Children estimates were not available at the time of publication.",<100 ,<100 , <100,"Children estimates were not available at the time of publication.",<100 ,<100 , <100,"Children estimates were not available at the time of publication.",<100 ,<100 , <100,"Children estimates were not available at the time of publication.",<100 ,<100 , <100,"Children estimates were not available at the time of publication.",<100 ,<100 , <100,"Children estimates were not available at the time of publication.",<100 ,<100 , <100,"Children estimates were not available at the time of publication.",<100 ,<100 , <100,"Children estimates were not available at the time of publication.",<100 ,<100 , <100,"Children estimates were not available at the time of publication.",<100 ,<100 , <100,"Children estimates were not available at the time of publication.",<100 ,<100 , <100,"Children estimates were not available at the time of publication.",<100 ,<100 , <100,"Children estimates were not available at the time of publication.",<100 ,<100 , <100,"Children estimates were not available at the time of publication.",<100 ,<100 , <100,"Children estimates were not available at the time of publication.",<100 ,<100 , <100,"Children estimates were not available at the time of publication.",<100 ,<100 , <100,"Children estimates were not available at the time of publication.",<100 ,<100 , <100,"Children estimates were not available at the time of publication.",<100 ,<100 , <100,"Children estimates were not available at the time of publication.",<100 ,<100 , <100,"Children estimates were not available at the time of publication.",<100 ,<100 , <100,"Children estimates were not available at the time of publication.",<100 ,<100 , <100,"Children estimates were not available at the time of publication.",<100 ,<100 , <100,"Children estimates were not available at the time of publication.",<100 ,<100 , <100,"Children estimates were not available at the time of publication.",<100 ,<100 , <100,"Children estimates were not available at the time of publication.",<100 ,<100 , <100,"Children estimates were not available at the time of publication.",<100 ,<100 , <100,"Children estimates were not available at the time of publication.",<100 ,<100 , <100,"Children estimates were not available at the time of publication.",<100 ,<100 , <100,"Children estimates were not available at the time of publication.",<100 ,<100 , <100,"Children estimates were not available at the time of publication.",<100 ,<100 , <100,"Children estimates were not available at the time of publication.",<100 ,<100 , <100,"Children estimates were not available at the time of publication.",<100 ,<100 , <100,"Children estimates were not available at the time of publication.",<100 ,<100 , <100,"Children estimates were not available at the time of publication.",<100 ,<100 , <100,"Children estimates were not available at the time of publication."
Republic of Korea,... ,... , ...,"Estimates were not available at the time of publication.",... ,... , ...,"Estimates were not available at the time of publication.",... ,... , ...,"Estimates were not available at the time of publication.",... ,... , ...,"Estimates were not available at the time of publication.",... ,... , ...,"Estimates were not available at the time of publication.",... ,... , ...,"Estimates were not available at the time of publication.",... ,... , ...,"Estimates were not available at the time of publication.",... ,... , ...,"Estimates were not available at the time of publication.",... ,... , ...,"Estimates were not available at the time of publication.",... ,... , ...,"Estimates were not available at the time of publication.",... ,... , ...,"Estimates were not available at the time of publication.",... ,... , ...,"Estimates were not available at the time of publication.",... ,... , ...,"Estimates were not available at the time of publication.",... ,... , ...,"Estimates were not available at the time of publication.",... ,... , ...,"Estimates were not available at the time of publication.",... ,... , ...,"Estimates were not available at the time of publication.",... ,... , ...,"Estimates were not available at the time of publication.",... ,... , ...,"Estimates were not available at the time of publication.",... ,... , ...,"Estimates were not available at the time of publication.",... ,... , ...,"Estimates were not available at the time of publication.",... ,... , ...,"Estimates were not available at the time of publication.",... ,... , ...,"Estimates were not available at the time of publication.",... ,... , ...,"Estimates were not available at the time of publication.",... ,... , ...,"Estimates were not available at the time of publication.",... ,... , ...,"Estimates were not available at the time of publication.",... ,... , ...,"Estimates were not available at the time of publication.",... ,... , ...,"Estimates were not available at the time of publication.",... ,... , ...,"Estimates were not available at the time of publication.",... ,... , ...,"Estimates were not available at the time of publication.",... ,... , ...,"Estimates were not available at the time of publication.",... ,... , ...,"Estimates were not available at the time of publication.",... ,... , ...,"Estimates were not available at the time of publication.",... ,... , ...,"Estimates were not available at the time of publication.",... ,... , ...,"Estimates were not available at the time of publication.",... ,... , ...,"Estimates were not available at the time of publication."
Republic of Moldova,<100 ,<100 , <100,,<100 ,<100 , <100,,<200 ,<100 , <200,,<200 ,<200 , <500,,<500 ,<200 , <500,,<500 ,<500 , 510,,540 ,<500 , 710,,710 ,520 , 950,,890 ,650 , 1200,,1100 ,780 , 1400,,1200 ,890 , 1600,,1300 ,970 , 1800,,1400 ,1000 , 1900,,1500 ,1100 , 2000,,1500 ,1100 , 2000,,1500 ,1100 , 2100,,1600 ,1100 , 2100,,1500 ,1100 , 2000,,1500 ,1100 , 2000,,1500 ,1100 , 1900,,1400 ,1000 , 1900,,1300 ,960 , 1700,,1200 ,890 , 1600,,1100 ,810 , 1500,,1000 ,740 , 1300,,920 ,680 , 1200,,830 ,610 , 1100,,750 ,550 , 1000,,690 ,500 , 910,,620 ,<500 , 830,,570 ,<500 , 750,,520 ,<500 , 690,,<500 ,<500 , 640,,<500 ,<500 , 600,,<500 ,<500 , 580,
Romania,<500 ,<200 , 750,,550 ,<500 , 960,,780 ,<500 , 1100,,1000 ,700 , 1300,,1200 ,920 , 1500,,1300 ,1000 , 1600,,1400 ,1100 , 1700,,1500 ,1100 , 1800,,1500 ,1100 , 1800,,1400 ,1000 , 1800,,1400 ,1000 , 1800,,1600 ,1200 , 1900,,1900 ,1700 , 2200,,2500 ,2300 , 2600,,3100 ,2900 , 3200,,3700 ,3500 , 3900,,4200 ,4000 , 4300,,4500 ,4300 , 4700,,4700 ,4500 , 4800,,4800 ,4600 , 4900,,4700 ,4500 , 4900,,4500 ,4300 , 4700,,4200 ,4000 , 4300,,3600 ,3500 , 3800,,3000 ,2900 , 3200,,2500 ,2300 , 2600,,2000 ,1800 , 2200,,1700 ,1500 , 1900,,1500 ,1300 , 1700,,1300 ,1100 , 1600,,1200 ,1000 , 1500,,1200 ,960 , 1400,,1100 ,910 , 1400,,1100 ,830 , 1300,,980 ,750 , 1300,
Russian Federation,... ,... , ...,"Estimates were not available at the time of publication.",... ,... , ...,"Estimates were not available at the time of publication.",... ,... , ...,"Estimates were not available at the time of publication.",... ,... , ...,"Estimates were not available at the time of publication.",... ,... , ...,"Estimates were not available at the time of publication.",... ,... , ...,"Estimates were not available at the time of publication.",... ,... , ...,"Estimates were not available at the time of publication.",... ,... , ...,"Estimates were not available at the time of publication.",... ,... , ...,"Estimates were not available at the time of publication.",... ,... , ...,"Estimates were not available at the time of publication.",... ,... , ...,"Estimates were not available at the time of publication.",... ,... , ...,"Estimates were not available at the time of publication.",... ,... , ...,"Estimates were not available at the time of publication.",... ,... , ...,"Estimates were not available at the time of publication.",... ,... , ...,"Estimates were not available at the time of publication.",... ,... , ...,"Estimates were not available at the time of publication.",... ,... , ...,"Estimates were not available at the time of publication.",... ,... , ...,"Estimates were not available at the time of publication.",... ,... , ...,"Estimates were not available at the time of publication.",... ,... , ...,"Estimates were not available at the time of publication.",... ,... , ...,"Estimates were not available at the time of publication.",... ,... , ...,"Estimates were not available at the time of publication.",... ,... , ...,"Estimates were not available at the time of publication.",... ,... , ...,"Estimates were not available at the time of publication.",... ,... , ...,"Estimates were not available at the time of publication.",... ,... , ...,"Estimates were not available at the time of publication.",... ,... , ...,"Estimates were not available at the time of publication.",... ,... , ...,"Estimates were not available at the time of publication.",... ,... , ...,"Estimates were not available at the time of publication.",... ,... , ...,"Estimates were not available at the time of publication.",... ,... , ...,"Estimates were not available at the time of publication.",... ,... , ...,"Estimates were not available at the time of publication.",... ,... , ...,"Estimates were not available at the time of publication.",... ,... , ...,"Estimates were not available at the time of publication.",... ,... , ...,"Estimates were not available at the time of publication."
Rwanda,23 000 ,9800 , 41 000,,28 000 ,11 000 , 47 000,,33 000 ,14 000 , 51 000,,38 000 ,16 000 , 57 000,,26 000 ,11 000 , 39 000,,31 000 ,13 000 , 45 000,,39 000 ,16 000 , 55 000,,41 000 ,17 000 , 59 000,,41 000 ,17 000 , 57 000,,39 000 ,16 000 , 57 000,,38 000 ,16 000 , 55 000,,36 000 ,15 000 , 53 000,,34 000 ,15 000 , 51 000,,33 000 ,14 000 , 48 000,,31 000 ,14 000 , 46 000,,30 000 ,14 000 , 44 000,,29 000 ,15 000 , 42 000,,28 000 ,15 000 , 41 000,,28 000 ,16 000 , 39 000,,27 000 ,16 000 , 37 000,,27 000 ,18 000 , 36 000,,27 000 ,19 000 , 35 000,,28 000 ,20 000 , 34 000,,28 000 ,21 000 , 33 000,,28 000 ,21 000 , 33 000,,27 000 ,22 000 , 32 000,,27 000 ,22 000 , 31 000,,26 000 ,22 000 , 29 000,,25 000 ,21 000 , 28 000,,24 000 ,21 000 , 27 000,,23 000 ,20 000 , 26 000,,23 000 ,20 000 , 24 000,,22 000 ,19 000 , 23 000,,20 000 ,18 000 , 22 000,,19 000 ,17 000 , 21 000,
Saint Kitts and Nevis,<100 ,<100 , <100,"Countries with a UNAIDS-approved estimate and population less than 250000 in 2024; not included in regional or global totals",<100 ,<100 , <100,"Countries with a UNAIDS-approved estimate and population less than 250000 in 2024; not included in regional or global totals",<100 ,<100 , <100,"Countries with a UNAIDS-approved estimate and population less than 250000 in 2024; not included in regional or global totals",<100 ,<100 , <100,"Countries with a UNAIDS-approved estimate and population less than 250000 in 2024; not included in regional or global totals",<100 ,<100 , <100,"Countries with a UNAIDS-approved estimate and population less than 250000 in 2024; not included in regional or global totals",<100 ,<100 , <100,"Countries with a UNAIDS-approved estimate and population less than 250000 in 2024; not included in regional or global totals",<100 ,<100 , <100,"Countries with a UNAIDS-approved estimate and population less than 250000 in 2024; not included in regional or global totals",<100 ,<100 , <100,"Countries with a UNAIDS-approved estimate and population less than 250000 in 2024; not included in regional or global totals",<100 ,<100 , <100,"Countries with a UNAIDS-approved estimate and population less than 250000 in 2024; not included in regional or global totals",<100 ,<100 , <100,"Countries with a UNAIDS-approved estimate and population less than 250000 in 2024; not included in regional or global totals",<100 ,<100 , <100,"Countries with a UNAIDS-approved estimate and population less than 250000 in 2024; not included in regional or global totals",<100 ,<100 , <100,"Countries with a UNAIDS-approved estimate and population less than 250000 in 2024; not included in regional or global totals",<100 ,<100 , <100,"Countries with a UNAIDS-approved estimate and population less than 250000 in 2024; not included in regional or global totals",<100 ,<100 , <100,"Countries with a UNAIDS-approved estimate and population less than 250000 in 2024; not included in regional or global totals",<100 ,<100 , <100,"Countries with a UNAIDS-approved estimate and population less than 250000 in 2024; not included in regional or global totals",<100 ,<100 , <100,"Countries with a UNAIDS-approved estimate and population less than 250000 in 2024; not included in regional or global totals",<100 ,<100 , <100,"Countries with a UNAIDS-approved estimate and population less than 250000 in 2024; not included in regional or global totals",<100 ,<100 , <100,"Countries with a UNAIDS-approved estimate and population less than 250000 in 2024; not included in regional or global totals",<100 ,<100 , <100,"Countries with a UNAIDS-approved estimate and population less than 250000 in 2024; not included in regional or global totals",<100 ,<100 , <100,"Countries with a UNAIDS-approved estimate and population less than 250000 in 2024; not included in regional or global totals",<100 ,<100 , <100,"Countries with a UNAIDS-approved estimate and population less than 250000 in 2024; not included in regional or global totals",<100 ,<100 , <100,"Countries with a UNAIDS-approved estimate and population less than 250000 in 2024; not included in regional or global totals",<100 ,<100 , <100,"Countries with a UNAIDS-approved estimate and population less than 250000 in 2024; not included in regional or global totals",<100 ,<100 , <100,"Countries with a UNAIDS-approved estimate and population less than 250000 in 2024; not included in regional or global totals",<100 ,<100 , <100,"Countries with a UNAIDS-approved estimate and population less than 250000 in 2024; not included in regional or global totals",<100 ,<100 , <100,"Countries with a UNAIDS-approved estimate and population less than 250000 in 2024; not included in regional or global totals",<100 ,<100 , <100,"Countries with a UNAIDS-approved estimate and population less than 250000 in 2024; not included in regional or global totals",<100 ,<100 , <100,"Countries with a UNAIDS-approved estimate and population less than 250000 in 2024; not included in regional or global totals",<100 ,<100 , <100,"Countries with a UNAIDS-approved estimate and population less than 250000 in 2024; not included in regional or global totals",<100 ,<100 , <100,"Countries with a UNAIDS-approved estimate and population less than 250000 in 2024; not included in regional or global totals",<100 ,<100 , <100,"Countries with a UNAIDS-approved estimate and population less than 250000 in 2024; not included in regional or global totals",<100 ,<100 , <100,"Countries with a UNAIDS-approved estimate and population less than 250000 in 2024; not included in regional or global totals",<100 ,<100 , <100,"Countries with a UNAIDS-approved estimate and population less than 250000 in 2024; not included in regional or global totals",<100 ,<100 , <100,"Countries with a UNAIDS-approved estimate and population less than 250000 in 2024; not included in regional or global totals",<100 ,<100 , <100,"Countries with a UNAIDS-approved estimate and population less than 250000 in 2024; not included in regional or global totals"
Saint Lucia,<100 ,<100 , <100,"Countries with a UNAIDS-approved estimate and population less than 250000 in 2024; not included in regional or global totals",<100 ,<100 , <100,"Countries with a UNAIDS-approved estimate and population less than 250000 in 2024; not included in regional or global totals",<100 ,<100 , <100,"Countries with a UNAIDS-approved estimate and population less than 250000 in 2024; not included in regional or global totals",<100 ,<100 , <100,"Countries with a UNAIDS-approved estimate and population less than 250000 in 2024; not included in regional or global totals",<100 ,<100 , <100,"Countries with a UNAIDS-approved estimate and population less than 250000 in 2024; not included in regional or global totals",<100 ,<100 , <100,"Countries with a UNAIDS-approved estimate and population less than 250000 in 2024; not included in regional or global totals",<100 ,<100 , <100,"Countries with a UNAIDS-approved estimate and population less than 250000 in 2024; not included in regional or global totals",<100 ,<100 , <100,"Countries with a UNAIDS-approved estimate and population less than 250000 in 2024; not included in regional or global totals",<100 ,<100 , <100,"Countries with a UNAIDS-approved estimate and population less than 250000 in 2024; not included in regional or global totals",<100 ,<100 , <100,"Countries with a UNAIDS-approved estimate and population less than 250000 in 2024; not included in regional or global totals",<100 ,<100 , <100,"Countries with a UNAIDS-approved estimate and population less than 250000 in 2024; not included in regional or global totals",<100 ,<100 , <100,"Countries with a UNAIDS-approved estimate and population less than 250000 in 2024; not included in regional or global totals",<100 ,<100 , <100,"Countries with a UNAIDS-approved estimate and population less than 250000 in 2024; not included in regional or global totals",<100 ,<100 , <100,"Countries with a UNAIDS-approved estimate and population less than 250000 in 2024; not included in regional or global totals",<100 ,<100 , <100,"Countries with a UNAIDS-approved estimate and population less than 250000 in 2024; not included in regional or global totals",<100 ,<100 , <100,"Countries with a UNAIDS-approved estimate and population less than 250000 in 2024; not included in regional or global totals",<100 ,<100 , <100,"Countries with a UNAIDS-approved estimate and population less than 250000 in 2024; not included in regional or global totals",<100 ,<100 , <100,"Countries with a UNAIDS-approved estimate and population less than 250000 in 2024; not included in regional or global totals",<100 ,<100 , <100,"Countries with a UNAIDS-approved estimate and population less than 250000 in 2024; not included in regional or global totals",<100 ,<100 , <100,"Countries with a UNAIDS-approved estimate and population less than 250000 in 2024; not included in regional or global totals",<100 ,<100 , <100,"Countries with a UNAIDS-approved estimate and population less than 250000 in 2024; not included in regional or global totals",<100 ,<100 , <100,"Countries with a UNAIDS-approved estimate and population less than 250000 in 2024; not included in regional or global totals",<100 ,<100 , <100,"Countries with a UNAIDS-approved estimate and population less than 250000 in 2024; not included in regional or global totals",<100 ,<100 , <100,"Countries with a UNAIDS-approved estimate and population less than 250000 in 2024; not included in regional or global totals",<100 ,<100 , <100,"Countries with a UNAIDS-approved estimate and population less than 250000 in 2024; not included in regional or global totals",<100 ,<100 , <100,"Countries with a UNAIDS-approved estimate and population less than 250000 in 2024; not included in regional or global totals",<100 ,<100 , <100,"Countries with a UNAIDS-approved estimate and population less than 250000 in 2024; not included in regional or global totals",<100 ,<100 , <100,"Countries with a UNAIDS-approved estimate and population less than 250000 in 2024; not included in regional or global totals",<100 ,<100 , <100,"Countries with a UNAIDS-approved estimate and population less than 250000 in 2024; not included in regional or global totals",<100 ,<100 , <100,"Countries with a UNAIDS-approved estimate and population less than 250000 in 2024; not included in regional or global totals",<100 ,<100 , <100,"Countries with a UNAIDS-approved estimate and population less than 250000 in 2024; not included in regional or global totals",<100 ,<100 , <100,"Countries with a UNAIDS-approved estimate and population less than 250000 in 2024; not included in regional or global totals",<100 ,<100 , <100,"Countries with a UNAIDS-approved estimate and population less than 250000 in 2024; not included in regional or global totals",<100 ,<100 , <100,"Countries with a UNAIDS-approved estimate and population less than 250000 in 2024; not included in regional or global totals",<100 ,<100 , <100,"Countries with a UNAIDS-approved estimate and population less than 250000 in 2024; not included in regional or global totals"
Saint Vincent and the Grenadines,<100 ,<100 , <100,"Countries with a UNAIDS-approved estimate and population less than 250000 in 2024; not included in regional or global totals",<100 ,<100 , <100,"Countries with a UNAIDS-approved estimate and population less than 250000 in 2024; not included in regional or global totals",<100 ,<100 , <100,"Countries with a UNAIDS-approved estimate and population less than 250000 in 2024; not included in regional or global totals",<100 ,<100 , <200,"Countries with a UNAIDS-approved estimate and population less than 250000 in 2024; not included in regional or global totals",<100 ,<100 , <200,"Countries with a UNAIDS-approved estimate and population less than 250000 in 2024; not included in regional or global totals",<100 ,<100 , <200,"Countries with a UNAIDS-approved estimate and population less than 250000 in 2024; not included in regional or global totals",<100 ,<100 , <200,"Countries with a UNAIDS-approved estimate and population less than 250000 in 2024; not included in regional or global totals",<100 ,<100 , <200,"Countries with a UNAIDS-approved estimate and population less than 250000 in 2024; not included in regional or global totals",<100 ,<100 , <200,"Countries with a UNAIDS-approved estimate and population less than 250000 in 2024; not included in regional or global totals",<100 ,<100 , <200,"Countries with a UNAIDS-approved estimate and population less than 250000 in 2024; not included in regional or global totals",<100 ,<100 , <200,"Countries with a UNAIDS-approved estimate and population less than 250000 in 2024; not included in regional or global totals",<100 ,<100 , <200,"Countries with a UNAIDS-approved estimate and population less than 250000 in 2024; not included in regional or global totals",<100 ,<100 , <200,"Countries with a UNAIDS-approved estimate and population less than 250000 in 2024; not included in regional or global totals",<100 ,<100 , <200,"Countries with a UNAIDS-approved estimate and population less than 250000 in 2024; not included in regional or global totals",<100 ,<100 , <200,"Countries with a UNAIDS-approved estimate and population less than 250000 in 2024; not included in regional or global totals",<100 ,<100 , <200,"Countries with a UNAIDS-approved estimate and population less than 250000 in 2024; not included in regional or global totals",<100 ,<100 , <200,"Countries with a UNAIDS-approved estimate and population less than 250000 in 2024; not included in regional or global totals",<100 ,<100 , <100,"Countries with a UNAIDS-approved estimate and population less than 250000 in 2024; not included in regional or global totals",<100 ,<100 , <100,"Countries with a UNAIDS-approved estimate and population less than 250000 in 2024; not included in regional or global totals",<100 ,<100 , <100,"Countries with a UNAIDS-approved estimate and population less than 250000 in 2024; not included in regional or global totals",<100 ,<100 , <100,"Countries with a UNAIDS-approved estimate and population less than 250000 in 2024; not included in regional or global totals",<100 ,<100 , <100,"Countries with a UNAIDS-approved estimate and population less than 250000 in 2024; not included in regional or global totals",<100 ,<100 , <100,"Countries with a UNAIDS-approved estimate and population less than 250000 in 2024; not included in regional or global totals",<100 ,<100 , <100,"Countries with a UNAIDS-approved estimate and population less than 250000 in 2024; not included in regional or global totals",<100 ,<100 , <100,"Countries with a UNAIDS-approved estimate and population less than 250000 in 2024; not included in regional or global totals",<100 ,<100 , <100,"Countries with a UNAIDS-approved estimate and population less than 250000 in 2024; not included in regional or global totals",<100 ,<100 , <100,"Countries with a UNAIDS-approved estimate and population less than 250000 in 2024; not included in regional or global totals",<100 ,<100 , <100,"Countries with a UNAIDS-approved estimate and population less than 250000 in 2024; not included in regional or global totals",<100 ,<100 , <100,"Countries with a UNAIDS-approved estimate and population less than 250000 in 2024; not included in regional or global totals",<100 ,<100 , <100,"Countries with a UNAIDS-approved estimate and population less than 250000 in 2024; not included in regional or global totals",<100 ,<100 , <100,"Countries with a UNAIDS-approved estimate and population less than 250000 in 2024; not included in regional or global totals",<100 ,<100 , <100,"Countries with a UNAIDS-approved estimate and population less than 250000 in 2024; not included in regional or global totals",<100 ,<100 , <100,"Countries with a UNAIDS-approved estimate and population less than 250000 in 2024; not included in regional or global totals",<100 ,<100 , <100,"Countries with a UNAIDS-approved estimate and population less than 250000 in 2024; not included in regional or global totals",<100 ,<100 , <100,"Countries with a UNAIDS-approved estimate and population less than 250000 in 2024; not included in regional or global totals"
Sao Tome and Principe,... ,... , ...,"Estimates were not available at the time of publication.",... ,... , ...,"Estimates were not available at the time of publication.",... ,... , ...,"Estimates were not available at the time of publication.",... ,... , ...,"Estimates were not available at the time of publication.",... ,... , ...,"Estimates were not available at the time of publication.",... ,... , ...,"Estimates were not available at the time of publication.",... ,... , ...,"Estimates were not available at the time of publication.",... ,... , ...,"Estimates were not available at the time of publication.",... ,... , ...,"Estimates were not available at the time of publication.",... ,... , ...,"Estimates were not available at the time of publication.",... ,... , ...,"Estimates were not available at the time of publication.",... ,... , ...,"Estimates were not available at the time of publication.",... ,... , ...,"Estimates were not available at the time of publication.",... ,... , ...,"Estimates were not available at the time of publication.",... ,... , ...,"Estimates were not available at the time of publication.",... ,... , ...,"Estimates were not available at the time of publication.",... ,... , ...,"Estimates were not available at the time of publication.",... ,... , ...,"Estimates were not available at the time of publication.",... ,... , ...,"Estimates were not available at the time of publication.",... ,... , ...,"Estimates were not available at the time of publication.",... ,... , ...,"Estimates were not available at the time of publication.",... ,... , ...,"Estimates were not available at the time of publication.",... ,... , ...,"Estimates were not available at the time of publication.",... ,... , ...,"Estimates were not available at the time of publication.",... ,... , ...,"Estimates were not available at the time of publication.",... ,... , ...,"Estimates were not available at the time of publication.",... ,... , ...,"Estimates were not available at the time of publication.",... ,... , ...,"Estimates were not available at the time of publication.",... ,... , ...,"Estimates were not available at the time of publication.",... ,... , ...,"Estimates were not available at the time of publication.",... ,... , ...,"Estimates were not available at the time of publication.",... ,... , ...,"Estimates were not available at the time of publication.",... ,... , ...,"Estimates were not available at the time of publication.",... ,... , ...,"Estimates were not available at the time of publication.",... ,... , ...,"Estimates were not available at the time of publication."
Saudi Arabia,<500 ,<500 , 600,"Children estimates were not available at the time of publication.",<500 ,<500 , 670,"Children estimates were not available at the time of publication.",550 ,<500 , 740,"Children estimates were not available at the time of publication.",620 ,<500 , 810,"Children estimates were not available at the time of publication.",680 ,510 , 880,"Children estimates were not available at the time of publication.",740 ,570 , 930,"Children estimates were not available at the time of publication.",800 ,640 , 980,"Children estimates were not available at the time of publication.",910 ,740 , 1100,"Children estimates were not available at the time of publication.",1000 ,820 , 1200,"Children estimates were not available at the time of publication.",1100 ,870 , 1300,"Children estimates were not available at the time of publication.",1200 ,920 , 1400,"Children estimates were not available at the time of publication.",1200 ,920 , 1500,"Children estimates were not available at the time of publication.",1200 ,870 , 1500,"Children estimates were not available at the time of publication.",1100 ,800 , 1400,"Children estimates were not available at the time of publication.",960 ,710 , 1300,"Children estimates were not available at the time of publication.",820 ,610 , 1100,"Children estimates were not available at the time of publication.",670 ,500 , 870,"Children estimates were not available at the time of publication.",540 ,<500 , 670,"Children estimates were not available at the time of publication.",<500 ,<500 , 520,"Children estimates were not available at the time of publication.",<500 ,<500 , <500,"Children estimates were not available at the time of publication.",<500 ,<500 , <500,"Children estimates were not available at the time of publication.",<500 ,<500 , <500,"Children estimates were not available at the time of publication.",<500 ,<500 , <500,"Children estimates were not available at the time of publication.",<500 ,<500 , <500,"Children estimates were not available at the time of publication.",<500 ,<500 , <500,"Children estimates were not available at the time of publication.",<500 ,<500 , <500,"Children estimates were not available at the time of publication.",<500 ,<500 , <500,"Children estimates were not available at the time of publication.",<500 ,<500 , <500,"Children estimates were not available at the time of publication.",<500 ,<500 , <500,"Children estimates were not available at the time of publication.",<500 ,<500 , 560,"Children estimates were not available at the time of publication.",570 ,500 , 650,"Children estimates were not available at the time of publication.",670 ,580 , 770,"Children estimates were not available at the time of publication.",800 ,690 , 950,"Children estimates were not available at the time of publication.",970 ,810 , 1200,"Children estimates were not available at the time of publication.",1100 ,920 , 1400,"Children estimates were not available at the time of publication."
Senegal,670 ,550 , 790,,850 ,710 , 1000,,1100 ,900 , 1300,,1400 ,1100 , 1600,,1700 ,1400 , 2000,,2100 ,1700 , 2400,,2400 ,2000 , 2800,,2900 ,2300 , 3300,,3300 ,2700 , 3800,,3600 ,2900 , 4200,,3900 ,3100 , 4500,,3900 ,3100 , 4600,,3800 ,2900 , 4400,,3400 ,2600 , 4100,,3100 ,2300 , 3700,,2800 ,2100 , 3400,,2500 ,1900 , 3100,,2300 ,1700 , 2800,,2100 ,1600 , 2500,,2000 ,1600 , 2400,,1900 ,1600 , 2300,,1900 ,1600 , 2300,,1900 ,1600 , 2300,,2000 ,1700 , 2400,,2100 ,1900 , 2500,,2300 ,2000 , 2600,,2500 ,2200 , 2800,,2600 ,2400 , 2900,,2900 ,2600 , 3100,,3000 ,2800 , 3300,,3200 ,3000 , 3500,,3400 ,3200 , 3700,,3700 ,3400 , 4100,,3800 ,3500 , 4200,,3900 ,3500 , 4200,
Serbia,<100 ,<100 , <100,"Children estimates were not available at the time of publication.",<100 ,<100 , <100,"Children estimates were not available at the time of publication.",<100 ,<100 , <100,"Children estimates were not available at the time of publication.",<100 ,<100 , <100,"Children estimates were not available at the time of publication.",<100 ,<100 , <100,"Children estimates were not available at the time of publication.",<100 ,<100 , <100,"Children estimates were not available at the time of publication.",<100 ,<100 , <100,"Children estimates were not available at the time of publication.",<100 ,<100 , <100,"Children estimates were not available at the time of publication.",<100 ,<100 , <100,"Children estimates were not available at the time of publication.",<100 ,<100 , <100,"Children estimates were not available at the time of publication.",<100 ,<100 , <100,"Children estimates were not available at the time of publication.",<100 ,<100 , <100,"Children estimates were not available at the time of publication.",<100 ,<100 , <200,"Children estimates were not available at the time of publication.",<100 ,<100 , <200,"Children estimates were not available at the time of publication.",<100 ,<100 , <200,"Children estimates were not available at the time of publication.",<200 ,<100 , <200,"Children estimates were not available at the time of publication.",<200 ,<100 , <200,"Children estimates were not available at the time of publication.",<200 ,<100 , <200,"Children estimates were not available at the time of publication.",<200 ,<100 , <200,"Children estimates were not available at the time of publication.",<200 ,<200 , <500,"Children estimates were not available at the time of publication.",<200 ,<200 , <500,"Children estimates were not available at the time of publication.",<200 ,<200 , <500,"Children estimates were not available at the time of publication.",<200 ,<200 , <500,"Children estimates were not available at the time of publication.",<200 ,<200 , <500,"Children estimates were not available at the time of publication.",<200 ,<200 , <500,"Children estimates were not available at the time of publication.",<200 ,<200 , <500,"Children estimates were not available at the time of publication.",<200 ,<200 , <500,"Children estimates were not available at the time of publication.",<200 ,<200 , <500,"Children estimates were not available at the time of publication.",<200 ,<200 , <500,"Children estimates were not available at the time of publication.",<200 ,<200 , <500,"Children estimates were not available at the time of publication.",<200 ,<200 , <500,"Children estimates were not available at the time of publication.",<200 ,<200 , <500,"Children estimates were not available at the time of publication.",<500 ,<200 , <500,"Children estimates were not available at the time of publication.",<500 ,<200 , <500,"Children estimates were not available at the time of publication.",<500 ,<200 , <500,"Children estimates were not available at the time of publication."
Sierra Leone,5100 ,2000 , 9100,,5800 ,2300 , 9700,,6600 ,2700 , 11 000,,7600 ,3100 , 12 000,,8500 ,3400 , 13 000,,9200 ,3500 , 14 000,,9900 ,3900 , 15 000,,11 000 ,4100 , 15 000,,11 000 ,4200 , 16 000,,11 000 ,4400 , 17 000,,11 000 ,4600 , 17 000,,12 000 ,5000 , 18 000,,12 000 ,5200 , 18 000,,12 000 ,5300 , 18 000,,13 000 ,5400 , 18 000,,13 000 ,5500 , 18 000,,13 000 ,5600 , 18 000,,13 000 ,5800 , 18 000,,13 000 ,6000 , 18 000,,13 000 ,6300 , 18 000,,13 000 ,6600 , 19 000,,13 000 ,6900 , 19 000,,14 000 ,7200 , 19 000,,14 000 ,7500 , 19 000,,14 000 ,7900 , 19 000,,14 000 ,8300 , 19 000,,15 000 ,8700 , 20 000,,15 000 ,8900 , 20 000,,15 000 ,9000 , 20 000,,15 000 ,9000 , 20 000,,15 000 ,9000 , 20 000,,14 000 ,8800 , 19 000,,14 000 ,8500 , 18 000,,13 000 ,8000 , 18 000,,12 000 ,7500 , 17 000,
Singapore,<100 ,<100 , <100,"Children estimates were not available at the time of publication.",<100 ,<100 , <100,"Children estimates were not available at the time of publication.",<100 ,<100 , <100,"Children estimates were not available at the time of publication.",<100 ,<100 , <100,"Children estimates were not available at the time of publication.",<100 ,<100 , <100,"Children estimates were not available at the time of publication.",<100 ,<100 , <100,"Children estimates were not available at the time of publication.",<100 ,<100 , <100,"Children estimates were not available at the time of publication.",<100 ,<100 , <100,"Children estimates were not available at the time of publication.",<100 ,<100 , <100,"Children estimates were not available at the time of publication.",<100 ,<100 , <100,"Children estimates were not available at the time of publication.",<100 ,<100 , <100,"Children estimates were not available at the time of publication.",<100 ,<100 , <100,"Children estimates were not available at the time of publication.",<100 ,<100 , <100,"Children estimates were not available at the time of publication.",<100 ,<100 , <200,"Children estimates were not available at the time of publication.",<100 ,<100 , <200,"Children estimates were not available at the time of publication.",<100 ,<100 , <200,"Children estimates were not available at the time of publication.",<200 ,<100 , <200,"Children estimates were not available at the time of publication.",<200 ,<100 , <200,"Children estimates were not available at the time of publication.",<200 ,<100 , <200,"Children estimates were not available at the time of publication.",<200 ,<200 , <200,"Children estimates were not available at the time of publication.",<200 ,<200 , <200,"Children estimates were not available at the time of publication.",<200 ,<200 , <500,"Children estimates were not available at the time of publication.",<200 ,<200 , <500,"Children estimates were not available at the time of publication.",<200 ,<200 , <500,"Children estimates were not available at the time of publication.",<200 ,<200 , <500,"Children estimates were not available at the time of publication.",<200 ,<200 , <500,"Children estimates were not available at the time of publication.",<200 ,<200 , <500,"Children estimates were not available at the time of publication.",<200 ,<200 , <500,"Children estimates were not available at the time of publication.",<200 ,<200 , <500,"Children estimates were not available at the time of publication.",<200 ,<100 , <200,"Children estimates were not available at the time of publication.",<200 ,<100 , <200,"Children estimates were not available at the time of publication.",<200 ,<100 , <200,"Children estimates were not available at the time of publication.",<100 ,<100 , <200,"Children estimates were not available at the time of publication.",<100 ,<100 , <200,"Children estimates were not available at the time of publication.",<100 ,<100 , <200,"Children estimates were not available at the time of publication."
Slovakia,<100 ,<100 , <100,"Children estimates were not available at the time of publication.",<100 ,<100 , <100,"Children estimates were not available at the time of publication.",<100 ,<100 , <100,"Children estimates were not available at the time of publication.",<100 ,<100 , <100,"Children estimates were not available at the time of publication.",<100 ,<100 , <100,"Children estimates were not available at the time of publication.",<100 ,<100 , <100,"Children estimates were not available at the time of publication.",<100 ,<100 , <100,"Children estimates were not available at the time of publication.",<100 ,<100 , <100,"Children estimates were not available at the time of publication.",<100 ,<100 , <100,"Children estimates were not available at the time of publication.",<100 ,<100 , <100,"Children estimates were not available at the time of publication.",<100 ,<100 , <100,"Children estimates were not available at the time of publication.",<100 ,<100 , <100,"Children estimates were not available at the time of publication.",<100 ,<100 , <100,"Children estimates were not available at the time of publication.",<100 ,<100 , <100,"Children estimates were not available at the time of publication.",<100 ,<100 , <100,"Children estimates were not available at the time of publication.",<100 ,<100 , <100,"Children estimates were not available at the time of publication.",<100 ,<100 , <100,"Children estimates were not available at the time of publication.",<100 ,<100 , <100,"Children estimates were not available at the time of publication.",<100 ,<100 , <100,"Children estimates were not available at the time of publication.",<100 ,<100 , <100,"Children estimates were not available at the time of publication.",<100 ,<100 , <100,"Children estimates were not available at the time of publication.",<100 ,<100 , <100,"Children estimates were not available at the time of publication.",<100 ,<100 , <100,"Children estimates were not available at the time of publication.",<100 ,<100 , <100,"Children estimates were not available at the time of publication.",<100 ,<100 , <100,"Children estimates were not available at the time of publication.",<100 ,<100 , <100,"Children estimates were not available at the time of publication.",<100 ,<100 , <100,"Children estimates were not available at the time of publication.",<100 ,<100 , <100,"Children estimates were not available at the time of publication.",<100 ,<100 , <100,"Children estimates were not available at the time of publication.",<100 ,<100 , <100,"Children estimates were not available at the time of publication.",<100 ,<100 , <100,"Children estimates were not available at the time of publication.",<100 ,<100 , <100,"Children estimates were not available at the time of publication.",<100 ,<100 , <100,"Children estimates were not available at the time of publication.",<100 ,<100 , <100,"Children estimates were not available at the time of publication.",<100 ,<100 , <100,"Children estimates were not available at the time of publication."
Slovenia,<100 ,<100 , <100,"Children estimates were not available at the time of publication.",<100 ,<100 , <100,"Children estimates were not available at the time of publication.",<100 ,<100 , <100,"Children estimates were not available at the time of publication.",<100 ,<100 , <100,"Children estimates were not available at the time of publication.",<100 ,<100 , <100,"Children estimates were not available at the time of publication.",<100 ,<100 , <100,"Children estimates were not available at the time of publication.",<100 ,<100 , <100,"Children estimates were not available at the time of publication.",<100 ,<100 , <100,"Children estimates were not available at the time of publication.",<100 ,<100 , <100,"Children estimates were not available at the time of publication.",<100 ,<100 , <100,"Children estimates were not available at the time of publication.",<100 ,<100 , <100,"Children estimates were not available at the time of publication.",<100 ,<100 , <100,"Children estimates were not available at the time of publication.",<100 ,<100 , <100,"Children estimates were not available at the time of publication.",<100 ,<100 , <100,"Children estimates were not available at the time of publication.",<100 ,<100 , <100,"Children estimates were not available at the time of publication.",<100 ,<100 , <100,"Children estimates were not available at the time of publication.",<100 ,<100 , <100,"Children estimates were not available at the time of publication.",<100 ,<100 , <100,"Children estimates were not available at the time of publication.",<100 ,<100 , <100,"Children estimates were not available at the time of publication.",<100 ,<100 , <100,"Children estimates were not available at the time of publication.",<100 ,<100 , <100,"Children estimates were not available at the time of publication.",<100 ,<100 , <100,"Children estimates were not available at the time of publication.",<100 ,<100 , <100,"Children estimates were not available at the time of publication.",<100 ,<100 , <100,"Children estimates were not available at the time of publication.",<100 ,<100 , <100,"Children estimates were not available at the time of publication.",<100 ,<100 , <100,"Children estimates were not available at the time of publication.",<100 ,<100 , <100,"Children estimates were not available at the time of publication.",<100 ,<100 , <100,"Children estimates were not available at the time of publication.",<100 ,<100 , <100,"Children estimates were not available at the time of publication.",<100 ,<100 , <100,"Children estimates were not available at the time of publication.",<100 ,<100 , <100,"Children estimates were not available at the time of publication.",<100 ,<100 , <100,"Children estimates were not available at the time of publication.",<100 ,<100 , <100,"Children estimates were not available at the time of publication.",<100 ,<100 , <100,"Children estimates were not available at the time of publication.",<100 ,<100 , <100,"Children estimates were not available at the time of publication."
Solomon Islands,... ,... , ...,"Estimates were not available at the time of publication.",... ,... , ...,"Estimates were not available at the time of publication.",... ,... , ...,"Estimates were not available at the time of publication.",... ,... , ...,"Estimates were not available at the time of publication.",... ,... , ...,"Estimates were not available at the time of publication.",... ,... , ...,"Estimates were not available at the time of publication.",... ,... , ...,"Estimates were not available at the time of publication.",... ,... , ...,"Estimates were not available at the time of publication.",... ,... , ...,"Estimates were not available at the time of publication.",... ,... , ...,"Estimates were not available at the time of publication.",... ,... , ...,"Estimates were not available at the time of publication.",... ,... , ...,"Estimates were not available at the time of publication.",... ,... , ...,"Estimates were not available at the time of publication.",... ,... , ...,"Estimates were not available at the time of publication.",... ,... , ...,"Estimates were not available at the time of publication.",... ,... , ...,"Estimates were not available at the time of publication.",... ,... , ...,"Estimates were not available at the time of publication.",... ,... , ...,"Estimates were not available at the time of publication.",... ,... , ...,"Estimates were not available at the time of publication.",... ,... , ...,"Estimates were not available at the time of publication.",... ,... , ...,"Estimates were not available at the time of publication.",... ,... , ...,"Estimates were not available at the time of publication.",... ,... , ...,"Estimates were not available at the time of publication.",... ,... , ...,"Estimates were not available at the time of publication.",... ,... , ...,"Estimates were not available at the time of publication.",... ,... , ...,"Estimates were not available at the time of publication.",... ,... , ...,"Estimates were not available at the time of publication.",... ,... , ...,"Estimates were not available at the time of publication.",... ,... , ...,"Estimates were not available at the time of publication.",... ,... , ...,"Estimates were not available at the time of publication.",... ,... , ...,"Estimates were not available at the time of publication.",... ,... , ...,"Estimates were not available at the time of publication.",... ,... , ...,"Estimates were not available at the time of publication.",... ,... , ...,"Estimates were not available at the time of publication.",... ,... , ...,"Estimates were not available at the time of publication."
Somalia,850 ,<500 , 1600,,850 ,<500 , 1500,,860 ,<500 , 1500,,920 ,540 , 1600,,920 ,570 , 1500,,940 ,600 , 1500,,920 ,620 , 1400,,900 ,640 , 1300,,880 ,620 , 1300,,870 ,610 , 1200,,860 ,610 , 1200,,850 ,600 , 1200,,850 ,600 , 1100,,850 ,600 , 1100,,860 ,610 , 1100,,860 ,610 , 1100,,860 ,610 , 1100,,880 ,620 , 1100,,890 ,630 , 1200,,890 ,650 , 1200,,900 ,660 , 1200,,890 ,660 , 1200,,890 ,670 , 1200,,890 ,670 , 1200,,890 ,690 , 1100,,900 ,700 , 1100,,920 ,730 , 1100,,910 ,740 , 1100,,900 ,740 , 1100,,880 ,740 , 1100,,860 ,720 , 1000,,830 ,700 , 980,,800 ,680 , 940,,770 ,650 , 900,,740 ,620 , 850,
South Africa,77 000 ,35 000 , 100 000,,130 000 ,61 000 , 170 000,,210 000 ,99 000 , 280 000,,310 000 ,150 000 , 420 000,,440 000 ,210 000 , 590 000,,580 000 ,280 000 , 780 000,,720 000 ,340 000 , 980 000,,840 000 ,400 000 , 1 200 000,,950 000 ,440 000 , 1 300 000,,1 000 000 ,470 000 , 1 500 000,,1 100 000 ,490 000 , 1 600 000,,1 100 000 ,500 000 , 1 600 000,,1 100 000 ,500 000 , 1 700 000,,1 100 000 ,500 000 , 1 700 000,,1 100 000 ,490 000 , 1 700 000,,1 100 000 ,480 000 , 1 600 000,,1 100 000 ,470 000 , 1 600 000,,1 000 000 ,460 000 , 1 500 000,,1 000 000 ,450 000 , 1 500 000,,980 000 ,440 000 , 1 400 000,,950 000 ,430 000 , 1 400 000,,920 000 ,420 000 , 1 300 000,,900 000 ,420 000 , 1 300 000,,880 000 ,410 000 , 1 300 000,,860 000 ,410 000 , 1 300 000,,850 000 ,420 000 , 1 200 000,,840 000 ,420 000 , 1 200 000,,820 000 ,420 000 , 1 200 000,,800 000 ,430 000 , 1 100 000,,780 000 ,430 000 , 1 100 000,,760 000 ,430 000 , 1 100 000,,740 000 ,420 000 , 1 000 000,,730 000 ,410 000 , 1 000 000,,710 000 ,400 000 , 970 000,,700 000 ,390 000 , 940 000,
South Sudan,5900 ,2000 , 11 000,,7400 ,2700 , 13 000,,8900 ,3300 , 15 000,,10 000 ,3900 , 17 000,,12 000 ,4800 , 20 000,,13 000 ,5300 , 22 000,,14 000 ,5800 , 23 000,,15 000 ,6200 , 24 000,,15 000 ,6200 , 26 000,,15 000 ,6300 , 26 000,,16 000 ,6400 , 26 000,,15 000 ,6400 , 25 000,,15 000 ,6400 , 25 000,,15 000 ,6400 , 24 000,,15 000 ,6600 , 24 000,,15 000 ,6700 , 23 000,,15 000 ,6900 , 24 000,,15 000 ,7200 , 24 000,,16 000 ,7400 , 25 000,,16 000 ,7600 , 25 000,,17 000 ,8200 , 26 000,,18 000 ,8700 , 26 000,,19 000 ,9500 , 28 000,,20 000 ,10 000 , 29 000,,19 000 ,9800 , 27 000,,19 000 ,9800 , 27 000,,17 000 ,9400 , 24 000,,16 000 ,8700 , 22 000,,17 000 ,9100 , 23 000,,17 000 ,9800 , 24 000,,18 000 ,10 000 , 24 000,,18 000 ,11 000 , 24 000,,18 000 ,11 000 , 25 000,,19 000 ,12 000 , 25 000,,18 000 ,12 000 , 25 000,
Spain,17 000 ,12 000 , 21 000,,17 000 ,12 000 , 22 000,,17 000 ,12 000 , 22 000,,15 000 ,11 000 , 21 000,,14 000 ,9200 , 20 000,,12 000 ,7700 , 18 000,,10 000 ,6400 , 15 000,,8500 ,5300 , 13 000,,7100 ,4400 , 11 000,,6000 ,3700 , 9400,,5000 ,3200 , 7900,,4300 ,2800 , 6700,,3800 ,2500 , 5900,,3400 ,2300 , 5200,,3200 ,2100 , 4600,,3000 ,2000 , 4300,,2800 ,1900 , 4000,,2800 ,1900 , 3900,,2700 ,1800 , 3700,,2500 ,1700 , 3500,,2400 ,1700 , 3400,,2300 ,1600 , 3200,,2200 ,1500 , 3100,,2200 ,1500 , 3000,,2100 ,1400 , 2900,,2000 ,1300 , 2800,,1900 ,1300 , 2700,,1900 ,1200 , 2600,,1800 ,1200 , 2500,,1700 ,1100 , 2500,,1700 ,1100 , 2400,,1700 ,1100 , 2300,,1700 ,1100 , 2300,,1700 ,1100 , 2300,,1700 ,1100 , 2400,
Sri Lanka,<100 ,<100 , <100,"Children estimates were not available at the time of publication.",<100 ,<100 , <100,"Children estimates were not available at the time of publication.",<100 ,<100 , <100,"Children estimates were not available at the time of publication.",<100 ,<100 , <100,"Children estimates were not available at the time of publication.",<100 ,<100 , <100,"Children estimates were not available at the time of publication.",<100 ,<100 , <100,"Children estimates were not available at the time of publication.",<100 ,<100 , <200,"Children estimates were not available at the time of publication.",<200 ,<100 , <200,"Children estimates were not available at the time of publication.",<200 ,<100 , <200,"Children estimates were not available at the time of publication.",<200 ,<100 , <500,"Children estimates were not available at the time of publication.",<200 ,<200 , <500,"Children estimates were not available at the time of publication.",<200 ,<200 , <500,"Children estimates were not available at the time of publication.",<500 ,<200 , <500,"Children estimates were not available at the time of publication.",<500 ,<200 , <500,"Children estimates were not available at the time of publication.",<500 ,<200 , <500,"Children estimates were not available at the time of publication.",<200 ,<200 , <500,"Children estimates were not available at the time of publication.",<200 ,<200 , <500,"Children estimates were not available at the time of publication.",<200 ,<100 , <500,"Children estimates were not available at the time of publication.",<200 ,<100 , <500,"Children estimates were not available at the time of publication.",<200 ,<100 , <200,"Children estimates were not available at the time of publication.",<200 ,<100 , <200,"Children estimates were not available at the time of publication.",<200 ,<100 , <200,"Children estimates were not available at the time of publication.",<200 ,<100 , <200,"Children estimates were not available at the time of publication.",<200 ,<100 , <200,"Children estimates were not available at the time of publication.",<200 ,<100 , <200,"Children estimates were not available at the time of publication.",<200 ,<100 , <200,"Children estimates were not available at the time of publication.",<200 ,<100 , <200,"Children estimates were not available at the time of publication.",<200 ,<100 , <200,"Children estimates were not available at the time of publication.",<200 ,<100 , <200,"Children estimates were not available at the time of publication.",<200 ,<100 , <200,"Children estimates were not available at the time of publication.",<200 ,<100 , <500,"Children estimates were not available at the time of publication.",<200 ,<200 , <500,"Children estimates were not available at the time of publication.",<200 ,<200 , <500,"Children estimates were not available at the time of publication.",<200 ,<200 , <500,"Children estimates were not available at the time of publication.",<200 ,<200 , <500,"Children estimates were not available at the time of publication."
Sudan,920 ,<500 , 1800,,1000 ,<500 , 2000,,1200 ,<500 , 2300,,1300 ,520 , 2500,,1500 ,580 , 2700,,1600 ,650 , 2800,,1700 ,690 , 2800,,1700 ,740 , 2900,,1800 ,790 , 3000,,2000 ,840 , 3200,,2100 ,900 , 3300,,2200 ,950 , 3400,,2200 ,980 , 3500,,2300 ,1000 , 3600,,2400 ,1000 , 3600,,2400 ,1100 , 3700,,2400 ,1100 , 3600,,2500 ,1100 , 3700,,2500 ,1100 , 3800,,2700 ,1200 , 4000,,2800 ,1300 , 4100,,2900 ,1300 , 4200,,3000 ,1400 , 4400,,3100 ,1500 , 4600,,3400 ,1600 , 4900,,3600 ,1700 , 5400,,3800 ,1700 , 5700,,4000 ,1800 , 6100,,4100 ,1800 , 6400,,4200 ,1900 , 6800,,4400 ,1900 , 7300,,4700 ,2100 , 8000,,5200 ,2200 , 8900,,5600 ,2400 , 9900,,6000 ,2600 , 11 000,
Suriname,<500 ,<200 , <500,,<500 ,<200 , <500,,<500 ,<200 , <500,,<500 ,<500 , <500,,<500 ,<500 , <500,,<500 ,<500 , <500,,<500 ,<500 , 550,,<500 ,<500 , 610,,530 ,<500 , 660,,580 ,<500 , 720,,630 ,<500 , 770,,670 ,<500 , 820,,700 ,510 , 860,,720 ,530 , 900,,720 ,530 , 890,,720 ,540 , 880,,710 ,530 , 870,,690 ,510 , 850,,670 ,<500 , 830,,650 ,<500 , 800,,630 ,<500 , 780,,620 ,<500 , 760,,610 ,<500 , 750,,600 ,<500 , 750,,590 ,<500 , 750,,590 ,<500 , 740,,590 ,<500 , 740,,600 ,<500 , 760,,610 ,<500 , 770,,630 ,<500 , 800,,660 ,520 , 820,,670 ,530 , 820,,680 ,530 , 820,,690 ,530 , 830,,690 ,530 , 840,
Sweden,... ,... , ...,"Numbers are estimated by UNAIDS using the Spectrum model, based on the official national estimates. Any differences are within uncertainty margins of both sets of estimates, reflecting methodologies and assumptions. (https://pubmed.ncbi.nlm.nih.gov/39421951/).",... ,... , ...,"Numbers are estimated by UNAIDS using the Spectrum model, based on the official national estimates. Any differences are within uncertainty margins of both sets of estimates, reflecting methodologies and assumptions. (https://pubmed.ncbi.nlm.nih.gov/39421951/).",... ,... , ...,"Numbers are estimated by UNAIDS using the Spectrum model, based on the official national estimates. Any differences are within uncertainty margins of both sets of estimates, reflecting methodologies and assumptions. (https://pubmed.ncbi.nlm.nih.gov/39421951/).",... ,... , ...,"Numbers are estimated by UNAIDS using the Spectrum model, based on the official national estimates. Any differences are within uncertainty margins of both sets of estimates, reflecting methodologies and assumptions. (https://pubmed.ncbi.nlm.nih.gov/39421951/).",... ,... , ...,"Numbers are estimated by UNAIDS using the Spectrum model, based on the official national estimates. Any differences are within uncertainty margins of both sets of estimates, reflecting methodologies and assumptions. (https://pubmed.ncbi.nlm.nih.gov/39421951/).",... ,... , ...,"Numbers are estimated by UNAIDS using the Spectrum model, based on the official national estimates. Any differences are within uncertainty margins of both sets of estimates, reflecting methodologies and assumptions. (https://pubmed.ncbi.nlm.nih.gov/39421951/).",... ,... , ...,"Numbers are estimated by UNAIDS using the Spectrum model, based on the official national estimates. Any differences are within uncertainty margins of both sets of estimates, reflecting methodologies and assumptions. (https://pubmed.ncbi.nlm.nih.gov/39421951/).",... ,... , ...,"Numbers are estimated by UNAIDS using the Spectrum model, based on the official national estimates. Any differences are within uncertainty margins of both sets of estimates, reflecting methodologies and assumptions. (https://pubmed.ncbi.nlm.nih.gov/39421951/).",... ,... , ...,"Numbers are estimated by UNAIDS using the Spectrum model, based on the official national estimates. Any differences are within uncertainty margins of both sets of estimates, reflecting methodologies and assumptions. (https://pubmed.ncbi.nlm.nih.gov/39421951/).",... ,... , ...,"Numbers are estimated by UNAIDS using the Spectrum model, based on the official national estimates. Any differences are within uncertainty margins of both sets of estimates, reflecting methodologies and assumptions. (https://pubmed.ncbi.nlm.nih.gov/39421951/).",... ,... , ...,"Numbers are estimated by UNAIDS using the Spectrum model, based on the official national estimates. Any differences are within uncertainty margins of both sets of estimates, reflecting methodologies and assumptions. (https://pubmed.ncbi.nlm.nih.gov/39421951/).",... ,... , ...,"Numbers are estimated by UNAIDS using the Spectrum model, based on the official national estimates. Any differences are within uncertainty margins of both sets of estimates, reflecting methodologies and assumptions. (https://pubmed.ncbi.nlm.nih.gov/39421951/).",... ,... , ...,"Numbers are estimated by UNAIDS using the Spectrum model, based on the official national estimates. Any differences are within uncertainty margins of both sets of estimates, reflecting methodologies and assumptions. (https://pubmed.ncbi.nlm.nih.gov/39421951/).",... ,... , ...,"Numbers are estimated by UNAIDS using the Spectrum model, based on the official national estimates. Any differences are within uncertainty margins of both sets of estimates, reflecting methodologies and assumptions. (https://pubmed.ncbi.nlm.nih.gov/39421951/).",... ,... , ...,"Numbers are estimated by UNAIDS using the Spectrum model, based on the official national estimates. Any differences are within uncertainty margins of both sets of estimates, reflecting methodologies and assumptions. (https://pubmed.ncbi.nlm.nih.gov/39421951/).",... ,... , ...,"Numbers are estimated by UNAIDS using the Spectrum model, based on the official national estimates. Any differences are within uncertainty margins of both sets of estimates, reflecting methodologies and assumptions. (https://pubmed.ncbi.nlm.nih.gov/39421951/).",... ,... , ...,"Numbers are estimated by UNAIDS using the Spectrum model, based on the official national estimates. Any differences are within uncertainty margins of both sets of estimates, reflecting methodologies and assumptions. (https://pubmed.ncbi.nlm.nih.gov/39421951/).",... ,... , ...,"Numbers are estimated by UNAIDS using the Spectrum model, based on the official national estimates. Any differences are within uncertainty margins of both sets of estimates, reflecting methodologies and assumptions. (https://pubmed.ncbi.nlm.nih.gov/39421951/).",... ,... , ...,"Numbers are estimated by UNAIDS using the Spectrum model, based on the official national estimates. Any differences are within uncertainty margins of both sets of estimates, reflecting methodologies and assumptions. (https://pubmed.ncbi.nlm.nih.gov/39421951/).",... ,... , ...,"Numbers are estimated by UNAIDS using the Spectrum model, based on the official national estimates. Any differences are within uncertainty margins of both sets of estimates, reflecting methodologies and assumptions. (https://pubmed.ncbi.nlm.nih.gov/39421951/).",... ,... , ...,"Numbers are estimated by UNAIDS using the Spectrum model, based on the official national estimates. Any differences are within uncertainty margins of both sets of estimates, reflecting methodologies and assumptions. (https://pubmed.ncbi.nlm.nih.gov/39421951/).",... ,... , ...,"Numbers are estimated by UNAIDS using the Spectrum model, based on the official national estimates. Any differences are within uncertainty margins of both sets of estimates, reflecting methodologies and assumptions. (https://pubmed.ncbi.nlm.nih.gov/39421951/).",... ,... , ...,"Numbers are estimated by UNAIDS using the Spectrum model, based on the official national estimates. Any differences are within uncertainty margins of both sets of estimates, reflecting methodologies and assumptions. (https://pubmed.ncbi.nlm.nih.gov/39421951/).",... ,... , ...,"Numbers are estimated by UNAIDS using the Spectrum model, based on the official national estimates. Any differences are within uncertainty margins of both sets of estimates, reflecting methodologies and assumptions. (https://pubmed.ncbi.nlm.nih.gov/39421951/).",... ,... , ...,"Numbers are estimated by UNAIDS using the Spectrum model, based on the official national estimates. Any differences are within uncertainty margins of both sets of estimates, reflecting methodologies and assumptions. (https://pubmed.ncbi.nlm.nih.gov/39421951/).",... ,... , ...,"Numbers are estimated by UNAIDS using the Spectrum model, based on the official national estimates. Any differences are within uncertainty margins of both sets of estimates, reflecting methodologies and assumptions. (https://pubmed.ncbi.nlm.nih.gov/39421951/).",... ,... , ...,"Numbers are estimated by UNAIDS using the Spectrum model, based on the official national estimates. Any differences are within uncertainty margins of both sets of estimates, reflecting methodologies and assumptions. (https://pubmed.ncbi.nlm.nih.gov/39421951/).",... ,... , ...,"Numbers are estimated by UNAIDS using the Spectrum model, based on the official national estimates. Any differences are within uncertainty margins of both sets of estimates, reflecting methodologies and assumptions. (https://pubmed.ncbi.nlm.nih.gov/39421951/).",... ,... , ...,"Numbers are estimated by UNAIDS using the Spectrum model, based on the official national estimates. Any differences are within uncertainty margins of both sets of estimates, reflecting methodologies and assumptions. (https://pubmed.ncbi.nlm.nih.gov/39421951/).",... ,... , ...,"Numbers are estimated by UNAIDS using the Spectrum model, based on the official national estimates. Any differences are within uncertainty margins of both sets of estimates, reflecting methodologies and assumptions. (https://pubmed.ncbi.nlm.nih.gov/39421951/).",... ,... , ...,"Numbers are estimated by UNAIDS using the Spectrum model, based on the official national estimates. Any differences are within uncertainty margins of both sets of estimates, reflecting methodologies and assumptions. (https://pubmed.ncbi.nlm.nih.gov/39421951/).",... ,... , ...,"Numbers are estimated by UNAIDS using the Spectrum model, based on the official national estimates. Any differences are within uncertainty margins of both sets of estimates, reflecting methodologies and assumptions. (https://pubmed.ncbi.nlm.nih.gov/39421951/).",... ,... , ...,"Numbers are estimated by UNAIDS using the Spectrum model, based on the official national estimates. Any differences are within uncertainty margins of both sets of estimates, reflecting methodologies and assumptions. (https://pubmed.ncbi.nlm.nih.gov/39421951/).",... ,... , ...,"Numbers are estimated by UNAIDS using the Spectrum model, based on the official national estimates. Any differences are within uncertainty margins of both sets of estimates, reflecting methodologies and assumptions. (https://pubmed.ncbi.nlm.nih.gov/39421951/).",... ,... , ...,"Numbers are estimated by UNAIDS using the Spectrum model, based on the official national estimates. Any differences are within uncertainty margins of both sets of estimates, reflecting methodologies and assumptions. (https://pubmed.ncbi.nlm.nih.gov/39421951/)."
Switzerland,630 ,<500 , 780,"Children estimates were not available at the time of publication.",650 ,<500 , 810,"Children estimates were not available at the time of publication.",660 ,<500 , 820,"Children estimates were not available at the time of publication.",650 ,<500 , 810,"Children estimates were not available at the time of publication.",630 ,<500 , 790,"Children estimates were not available at the time of publication.",590 ,<500 , 760,"Children estimates were not available at the time of publication.",550 ,<500 , 720,"Children estimates were not available at the time of publication.",510 ,<500 , 690,"Children estimates were not available at the time of publication.",<500 ,<500 , 640,"Children estimates were not available at the time of publication.",<500 ,<500 , 590,"Children estimates were not available at the time of publication.",<500 ,<500 , 550,"Children estimates were not available at the time of publication.",<500 ,<500 , 500,"Children estimates were not available at the time of publication.",<500 ,<500 , <500,"Children estimates were not available at the time of publication.",<500 ,<500 , <500,"Children estimates were not available at the time of publication.",<500 ,<200 , <500,"Children estimates were not available at the time of publication.",<500 ,<200 , <500,"Children estimates were not available at the time of publication.",<500 ,<200 , <500,"Children estimates were not available at the time of publication.",<500 ,<200 , <500,"Children estimates were not available at the time of publication.",<500 ,<200 , <500,"Children estimates were not available at the time of publication.",<500 ,<200 , <500,"Children estimates were not available at the time of publication.",<500 ,<200 , <500,"Children estimates were not available at the time of publication.",<500 ,<200 , <500,"Children estimates were not available at the time of publication.",<500 ,<200 , <500,"Children estimates were not available at the time of publication.",<500 ,<200 , <500,"Children estimates were not available at the time of publication.",<500 ,<200 , <500,"Children estimates were not available at the time of publication.",<500 ,<200 , <500,"Children estimates were not available at the time of publication.",<500 ,<200 , <500,"Children estimates were not available at the time of publication.",<500 ,<200 , <500,"Children estimates were not available at the time of publication.",<500 ,<200 , <500,"Children estimates were not available at the time of publication.",<500 ,<200 , <500,"Children estimates were not available at the time of publication.",<200 ,<200 , <500,"Children estimates were not available at the time of publication.",<200 ,<200 , <500,"Children estimates were not available at the time of publication.",<200 ,<200 , <500,"Children estimates were not available at the time of publication.",<200 ,<200 , <500,"Children estimates were not available at the time of publication.",<200 ,<100 , <200,"Children estimates were not available at the time of publication."
Syrian Arab Republic,<100 ,<100 , <100,"Children estimates were not available at the time of publication.",<100 ,<100 , <100,"Children estimates were not available at the time of publication.",<100 ,<100 , <100,"Children estimates were not available at the time of publication.",<100 ,<100 , <100,"Children estimates were not available at the time of publication.",<100 ,<100 , <100,"Children estimates were not available at the time of publication.",<100 ,<100 , <100,"Children estimates were not available at the time of publication.",<100 ,<100 , <100,"Children estimates were not available at the time of publication.",<100 ,<100 , <100,"Children estimates were not available at the time of publication.",<100 ,<100 , <100,"Children estimates were not available at the time of publication.",<100 ,<100 , <100,"Children estimates were not available at the time of publication.",<100 ,<100 , <100,"Children estimates were not available at the time of publication.",<100 ,<100 , <100,"Children estimates were not available at the time of publication.",<100 ,<100 , <100,"Children estimates were not available at the time of publication.",<100 ,<100 , <100,"Children estimates were not available at the time of publication.",<100 ,<100 , <100,"Children estimates were not available at the time of publication.",<100 ,<100 , <100,"Children estimates were not available at the time of publication.",<100 ,<100 , <100,"Children estimates were not available at the time of publication.",<100 ,<100 , <100,"Children estimates were not available at the time of publication.",<100 ,<100 , <100,"Children estimates were not available at the time of publication.",<100 ,<100 , <100,"Children estimates were not available at the time of publication.",<100 ,<100 , <100,"Children estimates were not available at the time of publication.",<100 ,<100 , <100,"Children estimates were not available at the time of publication.",<100 ,<100 , <100,"Children estimates were not available at the time of publication.",<100 ,<100 , <100,"Children estimates were not available at the time of publication.",<100 ,<100 , <100,"Children estimates were not available at the time of publication.",<100 ,<100 , <100,"Children estimates were not available at the time of publication.",<100 ,<100 , <100,"Children estimates were not available at the time of publication.",<100 ,<100 , <100,"Children estimates were not available at the time of publication.",<100 ,<100 , <200,"Children estimates were not available at the time of publication.",<100 ,<100 , <200,"Children estimates were not available at the time of publication.",<100 ,<100 , <200,"Children estimates were not available at the time of publication.",<100 ,<100 , <200,"Children estimates were not available at the time of publication.",<200 ,<100 , <200,"Children estimates were not available at the time of publication.",<200 ,<100 , <200,"Children estimates were not available at the time of publication.",<200 ,<100 , <200,"Children estimates were not available at the time of publication."
Tajikistan,<100 ,<100 , <100,,<100 ,<100 , <100,,<100 ,<100 , <100,,<100 ,<100 , <100,,<100 ,<100 , <200,,<200 ,<100 , <200,,<200 ,<100 , <200,,<200 ,<100 , <200,,<500 ,<200 , <500,,<500 ,<500 , <500,,<500 ,<500 , <500,,<500 ,<500 , <500,,510 ,<500 , 510,,580 ,510 , 590,,650 ,570 , 650,,690 ,600 , 700,,740 ,640 , 750,,760 ,660 , 770,,790 ,680 , 800,,820 ,700 , 820,,830 ,710 , 840,,830 ,700 , 840,,820 ,680 , 840,,830 ,680 , 850,,830 ,670 , 850,,810 ,650 , 830,,800 ,650 , 820,,800 ,640 , 820,,800 ,650 , 820,,810 ,660 , 830,,790 ,650 , 810,,800 ,660 , 820,,800 ,670 , 820,,800 ,670 , 830,,790 ,670 , 820,
Thailand,160 000 ,120 000 , 200 000,,230 000 ,160 000 , 290 000,,280 000 ,200 000 , 360 000,,300 000 ,210 000 , 390 000,,300 000 ,210 000 , 400 000,,290 000 ,200 000 , 380 000,,260 000 ,180 000 , 360 000,,230 000 ,150 000 , 320 000,,200 000 ,130 000 , 270 000,,170 000 ,110 000 , 230 000,,140 000 ,97 000 , 190 000,,120 000 ,85 000 , 160 000,,110 000 ,75 000 , 140 000,,97 000 ,67 000 , 120 000,,87 000 ,60 000 , 110 000,,78 000 ,53 000 , 97 000,,70 000 ,47 000 , 87 000,,64 000 ,43 000 , 78 000,,58 000 ,39 000 , 72 000,,54 000 ,36 000 , 67 000,,52 000 ,35 000 , 63 000,,50 000 ,35 000 , 61 000,,49 000 ,34 000 , 59 000,,48 000 ,34 000 , 58 000,,48 000 ,34 000 , 57 000,,47 000 ,34 000 , 56 000,,46 000 ,34 000 , 55 000,,44 000 ,33 000 , 53 000,,42 000 ,32 000 , 51 000,,40 000 ,30 000 , 48 000,,38 000 ,28 000 , 45 000,,35 000 ,26 000 , 42 000,,33 000 ,25 000 , 40 000,,31 000 ,23 000 , 37 000,,29 000 ,21 000 , 35 000,
Timor-Leste,<100 ,<100 , <100,"Children estimates were not available at the time of publication.",<100 ,<100 , <100,"Children estimates were not available at the time of publication.",<100 ,<100 , <100,"Children estimates were not available at the time of publication.",<100 ,<100 , <100,"Children estimates were not available at the time of publication.",<100 ,<100 , <100,"Children estimates were not available at the time of publication.",<100 ,<100 , <100,"Children estimates were not available at the time of publication.",<100 ,<100 , <100,"Children estimates were not available at the time of publication.",<100 ,<100 , <100,"Children estimates were not available at the time of publication.",<100 ,<100 , <100,"Children estimates were not available at the time of publication.",<100 ,<100 , <100,"Children estimates were not available at the time of publication.",<100 ,<100 , <100,"Children estimates were not available at the time of publication.",<100 ,<100 , <100,"Children estimates were not available at the time of publication.",<100 ,<100 , <100,"Children estimates were not available at the time of publication.",<100 ,<100 , <100,"Children estimates were not available at the time of publication.",<100 ,<100 , <100,"Children estimates were not available at the time of publication.",<100 ,<100 , <200,"Children estimates were not available at the time of publication.",<100 ,<100 , <200,"Children estimates were not available at the time of publication.",<100 ,<100 , <200,"Children estimates were not available at the time of publication.",<100 ,<100 , <200,"Children estimates were not available at the time of publication.",<100 ,<100 , <200,"Children estimates were not available at the time of publication.",<100 ,<100 , <200,"Children estimates were not available at the time of publication.",<100 ,<100 , <200,"Children estimates were not available at the time of publication.",<200 ,<100 , <200,"Children estimates were not available at the time of publication.",<200 ,<100 , <200,"Children estimates were not available at the time of publication.",<200 ,<100 , <200,"Children estimates were not available at the time of publication.",<200 ,<100 , <200,"Children estimates were not available at the time of publication.",<200 ,<100 , <200,"Children estimates were not available at the time of publication.",<200 ,<100 , <200,"Children estimates were not available at the time of publication.",<200 ,<200 , <200,"Children estimates were not available at the time of publication.",<200 ,<200 , <200,"Children estimates were not available at the time of publication.",<200 ,<200 , <200,"Children estimates were not available at the time of publication.",<200 ,<200 , <500,"Children estimates were not available at the time of publication.",<200 ,<200 , <500,"Children estimates were not available at the time of publication.",<200 ,<200 , <500,"Children estimates were not available at the time of publication.",<200 ,<200 , <500,"Children estimates were not available at the time of publication."
Togo,4200 ,2000 , 6100,,5600 ,2700 , 8200,,7400 ,3600 , 11 000,,8900 ,4200 , 13 000,,11 000 ,5400 , 16 000,,14 000 ,6500 , 19 000,,16 000 ,7500 , 23 000,,18 000 ,8200 , 26 000,,19 000 ,8400 , 28 000,,19 000 ,8200 , 28 000,,18 000 ,7600 , 28 000,,17 000 ,6900 , 26 000,,16 000 ,6300 , 24 000,,14 000 ,5900 , 22 000,,13 000 ,5400 , 21 000,,12 000 ,5200 , 19 000,,11 000 ,5100 , 17 000,,11 000 ,5100 , 16 000,,10 000 ,5300 , 15 000,,10 000 ,5500 , 14 000,,10 000 ,5800 , 14 000,,10 000 ,6000 , 14 000,,10 000 ,6200 , 13 000,,10 000 ,6400 , 13 000,,10 000 ,6700 , 13 000,,10 000 ,7000 , 13 000,,10 000 ,7200 , 13 000,,10 000 ,7400 , 13 000,,10 000 ,7500 , 13 000,,10 000 ,7600 , 13 000,,10 000 ,7700 , 13 000,,10 000 ,7700 , 13 000,,10 000 ,7700 , 14 000,,10 000 ,7600 , 13 000,,10 000 ,7400 , 13 000,
Tonga,... ,... , ...,,... ,... , ...,,... ,... , ...,,... ,... , ...,,... ,... , ...,,... ,... , ...,,... ,... , ...,,... ,... , ...,,... ,... , ...,,... ,... , ...,,... ,... , ...,,... ,... , ...,,... ,... , ...,,... ,... , ...,,... ,... , ...,,... ,... , ...,,... ,... , ...,,... ,... , ...,,... ,... , ...,,... ,... , ...,,... ,... , ...,,... ,... , ...,,... ,... , ...,,... ,... , ...,,... ,... , ...,,... ,... , ...,,... ,... , ...,,... ,... , ...,,... ,... , ...,,... ,... , ...,,... ,... , ...,,... ,... , ...,,... ,... , ...,,... ,... , ...,,... ,... , ...,
Trinidad and Tobago,... ,... , ...,"Estimates were not available at the time of publication.",... ,... , ...,"Estimates were not available at the time of publication.",... ,... , ...,"Estimates were not available at the time of publication.",... ,... , ...,"Estimates were not available at the time of publication.",... ,... , ...,"Estimates were not available at the time of publication.",... ,... , ...,"Estimates were not available at the time of publication.",... ,... , ...,"Estimates were not available at the time of publication.",... ,... , ...,"Estimates were not available at the time of publication.",... ,... , ...,"Estimates were not available at the time of publication.",... ,... , ...,"Estimates were not available at the time of publication.",... ,... , ...,"Estimates were not available at the time of publication.",... ,... , ...,"Estimates were not available at the time of publication.",... ,... , ...,"Estimates were not available at the time of publication.",... ,... , ...,"Estimates were not available at the time of publication.",... ,... , ...,"Estimates were not available at the time of publication.",... ,... , ...,"Estimates were not available at the time of publication.",... ,... , ...,"Estimates were not available at the time of publication.",... ,... , ...,"Estimates were not available at the time of publication.",... ,... , ...,"Estimates were not available at the time of publication.",... ,... , ...,"Estimates were not available at the time of publication.",... ,... , ...,"Estimates were not available at the time of publication.",... ,... , ...,"Estimates were not available at the time of publication.",... ,... , ...,"Estimates were not available at the time of publication.",... ,... , ...,"Estimates were not available at the time of publication.",... ,... , ...,"Estimates were not available at the time of publication.",... ,... , ...,"Estimates were not available at the time of publication.",... ,... , ...,"Estimates were not available at the time of publication.",... ,... , ...,"Estimates were not available at the time of publication.",... ,... , ...,"Estimates were not available at the time of publication.",... ,... , ...,"Estimates were not available at the time of publication.",... ,... , ...,"Estimates were not available at the time of publication.",... ,... , ...,"Estimates were not available at the time of publication.",... ,... , ...,"Estimates were not available at the time of publication.",... ,... , ...,"Estimates were not available at the time of publication.",... ,... , ...,"Estimates were not available at the time of publication."
Tunisia,<100 ,<100 , <500,,<100 ,<100 , <500,,<200 ,<100 , 530,,<200 ,<100 , 640,,<200 ,<100 , 690,,<200 ,<200 , 740,,<500 ,<200 , 770,,<500 ,<200 , 790,,<500 ,<200 , 800,,<500 ,<200 , 810,,<500 ,<500 , 860,,<500 ,<500 , 900,,520 ,<500 , 920,,580 ,<500 , 980,,640 ,<500 , 1000,,700 ,<500 , 1100,,740 ,<500 , 1200,,780 ,<500 , 1200,,800 ,<500 , 1200,,810 ,500 , 1200,,810 ,<500 , 1300,,810 ,<500 , 1200,,800 ,<500 , 1200,,810 ,<500 , 1300,,820 ,<500 , 1300,,810 ,<500 , 1300,,810 ,<500 , 1300,,800 ,<500 , 1300,,790 ,<500 , 1300,,780 ,<500 , 1400,,790 ,<500 , 1400,,800 ,<500 , 1400,,820 ,<500 , 1500,,850 ,<500 , 1600,,890 ,<500 , 1700,
Turkmenistan,... ,... , ...,"Estimates were not available at the time of publication.",... ,... , ...,"Estimates were not available at the time of publication.",... ,... , ...,"Estimates were not available at the time of publication.",... ,... , ...,"Estimates were not available at the time of publication.",... ,... , ...,"Estimates were not available at the time of publication.",... ,... , ...,"Estimates were not available at the time of publication.",... ,... , ...,"Estimates were not available at the time of publication.",... ,... , ...,"Estimates were not available at the time of publication.",... ,... , ...,"Estimates were not available at the time of publication.",... ,... , ...,"Estimates were not available at the time of publication.",... ,... , ...,"Estimates were not available at the time of publication.",... ,... , ...,"Estimates were not available at the time of publication.",... ,... , ...,"Estimates were not available at the time of publication.",... ,... , ...,"Estimates were not available at the time of publication.",... ,... , ...,"Estimates were not available at the time of publication.",... ,... , ...,"Estimates were not available at the time of publication.",... ,... , ...,"Estimates were not available at the time of publication.",... ,... , ...,"Estimates were not available at the time of publication.",... ,... , ...,"Estimates were not available at the time of publication.",... ,... , ...,"Estimates were not available at the time of publication.",... ,... , ...,"Estimates were not available at the time of publication.",... ,... , ...,"Estimates were not available at the time of publication.",... ,... , ...,"Estimates were not available at the time of publication.",... ,... , ...,"Estimates were not available at the time of publication.",... ,... , ...,"Estimates were not available at the time of publication.",... ,... , ...,"Estimates were not available at the time of publication.",... ,... , ...,"Estimates were not available at the time of publication.",... ,... , ...,"Estimates were not available at the time of publication.",... ,... , ...,"Estimates were not available at the time of publication.",... ,... , ...,"Estimates were not available at the time of publication.",... ,... , ...,"Estimates were not available at the time of publication.",... ,... , ...,"Estimates were not available at the time of publication.",... ,... , ...,"Estimates were not available at the time of publication.",... ,... , ...,"Estimates were not available at the time of publication.",... ,... , ...,"Estimates were not available at the time of publication."
Tuvalu,... ,... , ...,"Estimates were not available at the time of publication.",... ,... , ...,"Estimates were not available at the time of publication.",... ,... , ...,"Estimates were not available at the time of publication.",... ,... , ...,"Estimates were not available at the time of publication.",... ,... , ...,"Estimates were not available at the time of publication.",... ,... , ...,"Estimates were not available at the time of publication.",... ,... , ...,"Estimates were not available at the time of publication.",... ,... , ...,"Estimates were not available at the time of publication.",... ,... , ...,"Estimates were not available at the time of publication.",... ,... , ...,"Estimates were not available at the time of publication.",... ,... , ...,"Estimates were not available at the time of publication.",... ,... , ...,"Estimates were not available at the time of publication.",... ,... , ...,"Estimates were not available at the time of publication.",... ,... , ...,"Estimates were not available at the time of publication.",... ,... , ...,"Estimates were not available at the time of publication.",... ,... , ...,"Estimates were not available at the time of publication.",... ,... , ...,"Estimates were not available at the time of publication.",... ,... , ...,"Estimates were not available at the time of publication.",... ,... , ...,"Estimates were not available at the time of publication.",... ,... , ...,"Estimates were not available at the time of publication.",... ,... , ...,"Estimates were not available at the time of publication.",... ,... , ...,"Estimates were not available at the time of publication.",... ,... , ...,"Estimates were not available at the time of publication.",... ,... , ...,"Estimates were not available at the time of publication.",... ,... , ...,"Estimates were not available at the time of publication.",... ,... , ...,"Estimates were not available at the time of publication.",... ,... , ...,"Estimates were not available at the time of publication.",... ,... , ...,"Estimates were not available at the time of publication.",... ,... , ...,"Estimates were not available at the time of publication.",... ,... , ...,"Estimates were not available at the time of publication.",... ,... , ...,"Estimates were not available at the time of publication.",... ,... , ...,"Estimates were not available at the time of publication.",... ,... , ...,"Estimates were not available at the time of publication.",... ,... , ...,"Estimates were not available at the time of publication.",... ,... , ...,"Estimates were not available at the time of publication."
Türkiye,... ,... , ...,"Estimates were not available at the time of publication.",... ,... , ...,"Estimates were not available at the time of publication.",... ,... , ...,"Estimates were not available at the time of publication.",... ,... , ...,"Estimates were not available at the time of publication.",... ,... , ...,"Estimates were not available at the time of publication.",... ,... , ...,"Estimates were not available at the time of publication.",... ,... , ...,"Estimates were not available at the time of publication.",... ,... , ...,"Estimates were not available at the time of publication.",... ,... , ...,"Estimates were not available at the time of publication.",... ,... , ...,"Estimates were not available at the time of publication.",... ,... , ...,"Estimates were not available at the time of publication.",... ,... , ...,"Estimates were not available at the time of publication.",... ,... , ...,"Estimates were not available at the time of publication.",... ,... , ...,"Estimates were not available at the time of publication.",... ,... , ...,"Estimates were not available at the time of publication.",... ,... , ...,"Estimates were not available at the time of publication.",... ,... , ...,"Estimates were not available at the time of publication.",... ,... , ...,"Estimates were not available at the time of publication.",... ,... , ...,"Estimates were not available at the time of publication.",... ,... , ...,"Estimates were not available at the time of publication.",... ,... , ...,"Estimates were not available at the time of publication.",... ,... , ...,"Estimates were not available at the time of publication.",... ,... , ...,"Estimates were not available at the time of publication.",... ,... , ...,"Estimates were not available at the time of publication.",... ,... , ...,"Estimates were not available at the time of publication.",... ,... , ...,"Estimates were not available at the time of publication.",... ,... , ...,"Estimates were not available at the time of publication.",... ,... , ...,"Estimates were not available at the time of publication.",... ,... , ...,"Estimates were not available at the time of publication.",... ,... , ...,"Estimates were not available at the time of publication.",... ,... , ...,"Estimates were not available at the time of publication.",... ,... , ...,"Estimates were not available at the time of publication.",... ,... , ...,"Estimates were not available at the time of publication.",... ,... , ...,"Estimates were not available at the time of publication.",... ,... , ...,"Estimates were not available at the time of publication."
Uganda,190 000 ,74 000 , 280 000,,180 000 ,69 000 , 270 000,,170 000 ,65 000 , 250 000,,160 000 ,63 000 , 240 000,,160 000 ,62 000 , 230 000,,150 000 ,64 000 , 230 000,,150 000 ,65 000 , 220 000,,150 000 ,67 000 , 220 000,,150 000 ,69 000 , 210 000,,150 000 ,73 000 , 210 000,,160 000 ,77 000 , 210 000,,160 000 ,82 000 , 220 000,,170 000 ,86 000 , 220 000,,170 000 ,91 000 , 220 000,,180 000 ,96 000 , 230 000,,180 000 ,100 000 , 240 000,,190 000 ,100 000 , 240 000,,190 000 ,110 000 , 250 000,,200 000 ,110 000 , 250 000,,200 000 ,120 000 , 260 000,,200 000 ,120 000 , 270 000,,210 000 ,120 000 , 270 000,,210 000 ,120 000 , 280 000,,210 000 ,120 000 , 280 000,,200 000 ,120 000 , 270 000,,200 000 ,120 000 , 270 000,,200 000 ,120 000 , 260 000,,190 000 ,120 000 , 250 000,,180 000 ,110 000 , 240 000,,180 000 ,110 000 , 230 000,,170 000 ,110 000 , 220 000,,170 000 ,110 000 , 220 000,,160 000 ,110 000 , 210 000,,160 000 ,110 000 , 200 000,,150 000 ,110 000 , 190 000,
Ukraine,... ,... , ...,"Estimates were not available at the time of publication.",... ,... , ...,"Estimates were not available at the time of publication.",... ,... , ...,"Estimates were not available at the time of publication.",... ,... , ...,"Estimates were not available at the time of publication.",... ,... , ...,"Estimates were not available at the time of publication.",... ,... , ...,"Estimates were not available at the time of publication.",... ,... , ...,"Estimates were not available at the time of publication.",... ,... , ...,"Estimates were not available at the time of publication.",... ,... , ...,"Estimates were not available at the time of publication.",... ,... , ...,"Estimates were not available at the time of publication.",... ,... , ...,"Estimates were not available at the time of publication.",... ,... , ...,"Estimates were not available at the time of publication.",... ,... , ...,"Estimates were not available at the time of publication.",... ,... , ...,"Estimates were not available at the time of publication.",... ,... , ...,"Estimates were not available at the time of publication.",... ,... , ...,"Estimates were not available at the time of publication.",... ,... , ...,"Estimates were not available at the time of publication.",... ,... , ...,"Estimates were not available at the time of publication.",... ,... , ...,"Estimates were not available at the time of publication.",... ,... , ...,"Estimates were not available at the time of publication.",... ,... , ...,"Estimates were not available at the time of publication.",... ,... , ...,"Estimates were not available at the time of publication.",... ,... , ...,"Estimates were not available at the time of publication.",... ,... , ...,"Estimates were not available at the time of publication.",... ,... , ...,"Estimates were not available at the time of publication.",... ,... , ...,"Estimates were not available at the time of publication.",... ,... , ...,"Estimates were not available at the time of publication.",... ,... , ...,"Estimates were not available at the time of publication.",... ,... , ...,"Estimates were not available at the time of publication.",... ,... , ...,"Estimates were not available at the time of publication.",... ,... , ...,"Estimates were not available at the time of publication.",... ,... , ...,"Estimates were not available at the time of publication.",... ,... , ...,"Estimates were not available at the time of publication.",... ,... , ...,"Estimates were not available at the time of publication.",... ,... , ...,"Estimates were not available at the time of publication."
United Arab Emirates,<100 ,<100 , <100,"Children estimates were not available at the time of publication.",<100 ,<100 , <100,"Children estimates were not available at the time of publication.",<100 ,<100 , <100,"Children estimates were not available at the time of publication.",<100 ,<100 , <100,"Children estimates were not available at the time of publication.",<100 ,<100 , <100,"Children estimates were not available at the time of publication.",<100 ,<100 , <100,"Children estimates were not available at the time of publication.",<100 ,<100 , <100,"Children estimates were not available at the time of publication.",<100 ,<100 , <100,"Children estimates were not available at the time of publication.",<100 ,<100 , <100,"Children estimates were not available at the time of publication.",<100 ,<100 , <100,"Children estimates were not available at the time of publication.",<100 ,<100 , <100,"Children estimates were not available at the time of publication.",<100 ,<100 , <100,"Children estimates were not available at the time of publication.",<100 ,<100 , <100,"Children estimates were not available at the time of publication.",<100 ,<100 , <100,"Children estimates were not available at the time of publication.",<100 ,<100 , <100,"Children estimates were not available at the time of publication.",<100 ,<100 , <100,"Children estimates were not available at the time of publication.",<100 ,<100 , <100,"Children estimates were not available at the time of publication.",<100 ,<100 , <100,"Children estimates were not available at the time of publication.",<100 ,<100 , <100,"Children estimates were not available at the time of publication.",<100 ,<100 , <100,"Children estimates were not available at the time of publication.",<100 ,<100 , <100,"Children estimates were not available at the time of publication.",<100 ,<100 , <100,"Children estimates were not available at the time of publication.",<100 ,<100 , <100,"Children estimates were not available at the time of publication.",<100 ,<100 , <100,"Children estimates were not available at the time of publication.",<100 ,<100 , <100,"Children estimates were not available at the time of publication.",<100 ,<100 , <100,"Children estimates were not available at the time of publication.",<100 ,<100 , <100,"Children estimates were not available at the time of publication.",<100 ,<100 , <100,"Children estimates were not available at the time of publication.",<100 ,<100 , <100,"Children estimates were not available at the time of publication.",<100 ,<100 , <100,"Children estimates were not available at the time of publication.",<100 ,<100 , <100,"Children estimates were not available at the time of publication.",<100 ,<100 , <100,"Children estimates were not available at the time of publication.",<100 ,<100 , <100,"Children estimates were not available at the time of publication.",<100 ,<100 , <200,"Children estimates were not available at the time of publication.",<200 ,<100 , <200,"Children estimates were not available at the time of publication."
United Kingdom,... ,... , ...,"Numbers are estimated by UNAIDS using the Spectrum model, based on the official national estimates (accessed May 2025). Any differences are within uncertainty margins of both sets of estimates, reflecting methodologies and assumptions. (https://www.gov.uk/government/statistics/hiv-annual-data-tables).",... ,... , ...,"Numbers are estimated by UNAIDS using the Spectrum model, based on the official national estimates (accessed May 2025). Any differences are within uncertainty margins of both sets of estimates, reflecting methodologies and assumptions. (https://www.gov.uk/government/statistics/hiv-annual-data-tables).",... ,... , ...,"Numbers are estimated by UNAIDS using the Spectrum model, based on the official national estimates (accessed May 2025). Any differences are within uncertainty margins of both sets of estimates, reflecting methodologies and assumptions. (https://www.gov.uk/government/statistics/hiv-annual-data-tables).",... ,... , ...,"Numbers are estimated by UNAIDS using the Spectrum model, based on the official national estimates (accessed May 2025). Any differences are within uncertainty margins of both sets of estimates, reflecting methodologies and assumptions. (https://www.gov.uk/government/statistics/hiv-annual-data-tables).",... ,... , ...,"Numbers are estimated by UNAIDS using the Spectrum model, based on the official national estimates (accessed May 2025). Any differences are within uncertainty margins of both sets of estimates, reflecting methodologies and assumptions. (https://www.gov.uk/government/statistics/hiv-annual-data-tables).",... ,... , ...,"Numbers are estimated by UNAIDS using the Spectrum model, based on the official national estimates (accessed May 2025). Any differences are within uncertainty margins of both sets of estimates, reflecting methodologies and assumptions. (https://www.gov.uk/government/statistics/hiv-annual-data-tables).",... ,... , ...,"Numbers are estimated by UNAIDS using the Spectrum model, based on the official national estimates (accessed May 2025). Any differences are within uncertainty margins of both sets of estimates, reflecting methodologies and assumptions. (https://www.gov.uk/government/statistics/hiv-annual-data-tables).",... ,... , ...,"Numbers are estimated by UNAIDS using the Spectrum model, based on the official national estimates (accessed May 2025). Any differences are within uncertainty margins of both sets of estimates, reflecting methodologies and assumptions. (https://www.gov.uk/government/statistics/hiv-annual-data-tables).",... ,... , ...,"Numbers are estimated by UNAIDS using the Spectrum model, based on the official national estimates (accessed May 2025). Any differences are within uncertainty margins of both sets of estimates, reflecting methodologies and assumptions. (https://www.gov.uk/government/statistics/hiv-annual-data-tables).",... ,... , ...,"Numbers are estimated by UNAIDS using the Spectrum model, based on the official national estimates (accessed May 2025). Any differences are within uncertainty margins of both sets of estimates, reflecting methodologies and assumptions. (https://www.gov.uk/government/statistics/hiv-annual-data-tables).",... ,... , ...,"Numbers are estimated by UNAIDS using the Spectrum model, based on the official national estimates (accessed May 2025). Any differences are within uncertainty margins of both sets of estimates, reflecting methodologies and assumptions. (https://www.gov.uk/government/statistics/hiv-annual-data-tables).",... ,... , ...,"Numbers are estimated by UNAIDS using the Spectrum model, based on the official national estimates (accessed May 2025). Any differences are within uncertainty margins of both sets of estimates, reflecting methodologies and assumptions. (https://www.gov.uk/government/statistics/hiv-annual-data-tables).",... ,... , ...,"Numbers are estimated by UNAIDS using the Spectrum model, based on the official national estimates (accessed May 2025). Any differences are within uncertainty margins of both sets of estimates, reflecting methodologies and assumptions. (https://www.gov.uk/government/statistics/hiv-annual-data-tables).",... ,... , ...,"Numbers are estimated by UNAIDS using the Spectrum model, based on the official national estimates (accessed May 2025). Any differences are within uncertainty margins of both sets of estimates, reflecting methodologies and assumptions. (https://www.gov.uk/government/statistics/hiv-annual-data-tables).",... ,... , ...,"Numbers are estimated by UNAIDS using the Spectrum model, based on the official national estimates (accessed May 2025). Any differences are within uncertainty margins of both sets of estimates, reflecting methodologies and assumptions. (https://www.gov.uk/government/statistics/hiv-annual-data-tables).",... ,... , ...,"Numbers are estimated by UNAIDS using the Spectrum model, based on the official national estimates (accessed May 2025). Any differences are within uncertainty margins of both sets of estimates, reflecting methodologies and assumptions. (https://www.gov.uk/government/statistics/hiv-annual-data-tables).",... ,... , ...,"Numbers are estimated by UNAIDS using the Spectrum model, based on the official national estimates (accessed May 2025). Any differences are within uncertainty margins of both sets of estimates, reflecting methodologies and assumptions. (https://www.gov.uk/government/statistics/hiv-annual-data-tables).",... ,... , ...,"Numbers are estimated by UNAIDS using the Spectrum model, based on the official national estimates (accessed May 2025). Any differences are within uncertainty margins of both sets of estimates, reflecting methodologies and assumptions. (https://www.gov.uk/government/statistics/hiv-annual-data-tables).",... ,... , ...,"Numbers are estimated by UNAIDS using the Spectrum model, based on the official national estimates (accessed May 2025). Any differences are within uncertainty margins of both sets of estimates, reflecting methodologies and assumptions. (https://www.gov.uk/government/statistics/hiv-annual-data-tables).",... ,... , ...,"Numbers are estimated by UNAIDS using the Spectrum model, based on the official national estimates (accessed May 2025). Any differences are within uncertainty margins of both sets of estimates, reflecting methodologies and assumptions. (https://www.gov.uk/government/statistics/hiv-annual-data-tables).",... ,... , ...,"Numbers are estimated by UNAIDS using the Spectrum model, based on the official national estimates (accessed May 2025). Any differences are within uncertainty margins of both sets of estimates, reflecting methodologies and assumptions. (https://www.gov.uk/government/statistics/hiv-annual-data-tables).",... ,... , ...,"Numbers are estimated by UNAIDS using the Spectrum model, based on the official national estimates (accessed May 2025). Any differences are within uncertainty margins of both sets of estimates, reflecting methodologies and assumptions. (https://www.gov.uk/government/statistics/hiv-annual-data-tables).",... ,... , ...,"Numbers are estimated by UNAIDS using the Spectrum model, based on the official national estimates (accessed May 2025). Any differences are within uncertainty margins of both sets of estimates, reflecting methodologies and assumptions. (https://www.gov.uk/government/statistics/hiv-annual-data-tables).",... ,... , ...,"Numbers are estimated by UNAIDS using the Spectrum model, based on the official national estimates (accessed May 2025). Any differences are within uncertainty margins of both sets of estimates, reflecting methodologies and assumptions. (https://www.gov.uk/government/statistics/hiv-annual-data-tables).",... ,... , ...,"Numbers are estimated by UNAIDS using the Spectrum model, based on the official national estimates (accessed May 2025). Any differences are within uncertainty margins of both sets of estimates, reflecting methodologies and assumptions. (https://www.gov.uk/government/statistics/hiv-annual-data-tables).",... ,... , ...,"Numbers are estimated by UNAIDS using the Spectrum model, based on the official national estimates (accessed May 2025). Any differences are within uncertainty margins of both sets of estimates, reflecting methodologies and assumptions. (https://www.gov.uk/government/statistics/hiv-annual-data-tables).",... ,... , ...,"Numbers are estimated by UNAIDS using the Spectrum model, based on the official national estimates (accessed May 2025). Any differences are within uncertainty margins of both sets of estimates, reflecting methodologies and assumptions. (https://www.gov.uk/government/statistics/hiv-annual-data-tables).",... ,... , ...,"Numbers are estimated by UNAIDS using the Spectrum model, based on the official national estimates (accessed May 2025). Any differences are within uncertainty margins of both sets of estimates, reflecting methodologies and assumptions. (https://www.gov.uk/government/statistics/hiv-annual-data-tables).",... ,... , ...,"Numbers are estimated by UNAIDS using the Spectrum model, based on the official national estimates (accessed May 2025). Any differences are within uncertainty margins of both sets of estimates, reflecting methodologies and assumptions. (https://www.gov.uk/government/statistics/hiv-annual-data-tables).",... ,... , ...,"Numbers are estimated by UNAIDS using the Spectrum model, based on the official national estimates (accessed May 2025). Any differences are within uncertainty margins of both sets of estimates, reflecting methodologies and assumptions. (https://www.gov.uk/government/statistics/hiv-annual-data-tables).",... ,... , ...,"Numbers are estimated by UNAIDS using the Spectrum model, based on the official national estimates (accessed May 2025). Any differences are within uncertainty margins of both sets of estimates, reflecting methodologies and assumptions. (https://www.gov.uk/government/statistics/hiv-annual-data-tables).",... ,... , ...,"Numbers are estimated by UNAIDS using the Spectrum model, based on the official national estimates (accessed May 2025). Any differences are within uncertainty margins of both sets of estimates, reflecting methodologies and assumptions. (https://www.gov.uk/government/statistics/hiv-annual-data-tables).",... ,... , ...,"Numbers are estimated by UNAIDS using the Spectrum model, based on the official national estimates (accessed May 2025). Any differences are within uncertainty margins of both sets of estimates, reflecting methodologies and assumptions. (https://www.gov.uk/government/statistics/hiv-annual-data-tables).",... ,... , ...,"Numbers are estimated by UNAIDS using the Spectrum model, based on the official national estimates (accessed May 2025). Any differences are within uncertainty margins of both sets of estimates, reflecting methodologies and assumptions. (https://www.gov.uk/government/statistics/hiv-annual-data-tables).",... ,... , ...,"Numbers are estimated by UNAIDS using the Spectrum model, based on the official national estimates (accessed May 2025). Any differences are within uncertainty margins of both sets of estimates, reflecting methodologies and assumptions. (https://www.gov.uk/government/statistics/hiv-annual-data-tables)."
United Republic of Tanzania,180 000 ,78 000 , 250 000,,200 000 ,85 000 , 270 000,,210 000 ,92 000 , 300 000,,230 000 ,98 000 , 330 000,,240 000 ,100 000 , 340 000,,240 000 ,100 000 , 340 000,,230 000 ,95 000 , 320 000,,220 000 ,94 000 , 310 000,,210 000 ,90 000 , 300 000,,210 000 ,88 000 , 290 000,,200 000 ,86 000 , 280 000,,190 000 ,85 000 , 270 000,,180 000 ,83 000 , 260 000,,180 000 ,84 000 , 250 000,,170 000 ,85 000 , 240 000,,170 000 ,86 000 , 240 000,,170 000 ,88 000 , 240 000,,170 000 ,90 000 , 230 000,,170 000 ,92 000 , 230 000,,160 000 ,93 000 , 220 000,,160 000 ,94 000 , 210 000,,160 000 ,96 000 , 210 000,,160 000 ,97 000 , 200 000,,160 000 ,96 000 , 200 000,,150 000 ,93 000 , 190 000,,140 000 ,89 000 , 180 000,,130 000 ,84 000 , 170 000,,130 000 ,80 000 , 160 000,,130 000 ,79 000 , 160 000,,130 000 ,81 000 , 160 000,,130 000 ,83 000 , 170 000,,140 000 ,86 000 , 170 000,,140 000 ,90 000 , 180 000,,150 000 ,91 000 , 180 000,,140 000 ,90 000 , 180 000,
United States,... ,... , ...,"Estimates were not available at the time of publication.",... ,... , ...,"Estimates were not available at the time of publication.",... ,... , ...,"Estimates were not available at the time of publication.",... ,... , ...,"Estimates were not available at the time of publication.",... ,... , ...,"Estimates were not available at the time of publication.",... ,... , ...,"Estimates were not available at the time of publication.",... ,... , ...,"Estimates were not available at the time of publication.",... ,... , ...,"Estimates were not available at the time of publication.",... ,... , ...,"Estimates were not available at the time of publication.",... ,... , ...,"Estimates were not available at the time of publication.",... ,... , ...,"Estimates were not available at the time of publication.",... ,... , ...,"Estimates were not available at the time of publication.",... ,... , ...,"Estimates were not available at the time of publication.",... ,... , ...,"Estimates were not available at the time of publication.",... ,... , ...,"Estimates were not available at the time of publication.",... ,... , ...,"Estimates were not available at the time of publication.",... ,... , ...,"Estimates were not available at the time of publication.",... ,... , ...,"Estimates were not available at the time of publication.",... ,... , ...,"Estimates were not available at the time of publication.",... ,... , ...,"Estimates were not available at the time of publication.",... ,... , ...,"Estimates were not available at the time of publication.",... ,... , ...,"Estimates were not available at the time of publication.",... ,... , ...,"Estimates were not available at the time of publication.",... ,... , ...,"Estimates were not available at the time of publication.",... ,... , ...,"Estimates were not available at the time of publication.",... ,... , ...,"Estimates were not available at the time of publication.",... ,... , ...,"Estimates were not available at the time of publication.",... ,... , ...,"Estimates were not available at the time of publication.",... ,... , ...,"Estimates were not available at the time of publication.",... ,... , ...,"Estimates were not available at the time of publication.",... ,... , ...,"Estimates were not available at the time of publication.",... ,... , ...,"Estimates were not available at the time of publication.",... ,... , ...,"Estimates were not available at the time of publication.",... ,... , ...,"Estimates were not available at the time of publication.",... ,... , ...,"Estimates were not available at the time of publication."
Uruguay,... ,... , ...,"Estimates were not available at the time of publication.",... ,... , ...,"Estimates were not available at the time of publication.",... ,... , ...,"Estimates were not available at the time of publication.",... ,... , ...,"Estimates were not available at the time of publication.",... ,... , ...,"Estimates were not available at the time of publication.",... ,... , ...,"Estimates were not available at the time of publication.",... ,... , ...,"Estimates were not available at the time of publication.",... ,... , ...,"Estimates were not available at the time of publication.",... ,... , ...,"Estimates were not available at the time of publication.",... ,... , ...,"Estimates were not available at the time of publication.",... ,... , ...,"Estimates were not available at the time of publication.",... ,... , ...,"Estimates were not available at the time of publication.",... ,... , ...,"Estimates were not available at the time of publication.",... ,... , ...,"Estimates were not available at the time of publication.",... ,... , ...,"Estimates were not available at the time of publication.",... ,... , ...,"Estimates were not available at the time of publication.",... ,... , ...,"Estimates were not available at the time of publication.",... ,... , ...,"Estimates were not available at the time of publication.",... ,... , ...,"Estimates were not available at the time of publication.",... ,... , ...,"Estimates were not available at the time of publication.",... ,... , ...,"Estimates were not available at the time of publication.",... ,... , ...,"Estimates were not available at the time of publication.",... ,... , ...,"Estimates were not available at the time of publication.",... ,... , ...,"Estimates were not available at the time of publication.",... ,... , ...,"Estimates were not available at the time of publication.",... ,... , ...,"Estimates were not available at the time of publication.",... ,... , ...,"Estimates were not available at the time of publication.",... ,... , ...,"Estimates were not available at the time of publication.",... ,... , ...,"Estimates were not available at the time of publication.",... ,... , ...,"Estimates were not available at the time of publication.",... ,... , ...,"Estimates were not available at the time of publication.",... ,... , ...,"Estimates were not available at the time of publication.",... ,... , ...,"Estimates were not available at the time of publication.",... ,... , ...,"Estimates were not available at the time of publication.",... ,... , ...,"Estimates were not available at the time of publication."
Uzbekistan,... ,... , ...,"Estimates were not available at the time of publication.",... ,... , ...,"Estimates were not available at the time of publication.",... ,... , ...,"Estimates were not available at the time of publication.",... ,... , ...,"Estimates were not available at the time of publication.",... ,... , ...,"Estimates were not available at the time of publication.",... ,... , ...,"Estimates were not available at the time of publication.",... ,... , ...,"Estimates were not available at the time of publication.",... ,... , ...,"Estimates were not available at the time of publication.",... ,... , ...,"Estimates were not available at the time of publication.",... ,... , ...,"Estimates were not available at the time of publication.",... ,... , ...,"Estimates were not available at the time of publication.",... ,... , ...,"Estimates were not available at the time of publication.",... ,... , ...,"Estimates were not available at the time of publication.",... ,... , ...,"Estimates were not available at the time of publication.",... ,... , ...,"Estimates were not available at the time of publication.",... ,... , ...,"Estimates were not available at the time of publication.",... ,... , ...,"Estimates were not available at the time of publication.",... ,... , ...,"Estimates were not available at the time of publication.",... ,... , ...,"Estimates were not available at the time of publication.",... ,... , ...,"Estimates were not available at the time of publication.",... ,... , ...,"Estimates were not available at the time of publication.",... ,... , ...,"Estimates were not available at the time of publication.",... ,... , ...,"Estimates were not available at the time of publication.",... ,... , ...,"Estimates were not available at the time of publication.",... ,... , ...,"Estimates were not available at the time of publication.",... ,... , ...,"Estimates were not available at the time of publication.",... ,... , ...,"Estimates were not available at the time of publication.",... ,... , ...,"Estimates were not available at the time of publication.",... ,... , ...,"Estimates were not available at the time of publication.",... ,... , ...,"Estimates were not available at the time of publication.",... ,... , ...,"Estimates were not available at the time of publication.",... ,... , ...,"Estimates were not available at the time of publication.",... ,... , ...,"Estimates were not available at the time of publication.",... ,... , ...,"Estimates were not available at the time of publication.",... ,... , ...,"Estimates were not available at the time of publication."
Vanuatu,... ,... , ...,"Estimates were not available at the time of publication.",... ,... , ...,"Estimates were not available at the time of publication.",... ,... , ...,"Estimates were not available at the time of publication.",... ,... , ...,"Estimates were not available at the time of publication.",... ,... , ...,"Estimates were not available at the time of publication.",... ,... , ...,"Estimates were not available at the time of publication.",... ,... , ...,"Estimates were not available at the time of publication.",... ,... , ...,"Estimates were not available at the time of publication.",... ,... , ...,"Estimates were not available at the time of publication.",... ,... , ...,"Estimates were not available at the time of publication.",... ,... , ...,"Estimates were not available at the time of publication.",... ,... , ...,"Estimates were not available at the time of publication.",... ,... , ...,"Estimates were not available at the time of publication.",... ,... , ...,"Estimates were not available at the time of publication.",... ,... , ...,"Estimates were not available at the time of publication.",... ,... , ...,"Estimates were not available at the time of publication.",... ,... , ...,"Estimates were not available at the time of publication.",... ,... , ...,"Estimates were not available at the time of publication.",... ,... , ...,"Estimates were not available at the time of publication.",... ,... , ...,"Estimates were not available at the time of publication.",... ,... , ...,"Estimates were not available at the time of publication.",... ,... , ...,"Estimates were not available at the time of publication.",... ,... , ...,"Estimates were not available at the time of publication.",... ,... , ...,"Estimates were not available at the time of publication.",... ,... , ...,"Estimates were not available at the time of publication.",... ,... , ...,"Estimates were not available at the time of publication.",... ,... , ...,"Estimates were not available at the time of publication.",... ,... , ...,"Estimates were not available at the time of publication.",... ,... , ...,"Estimates were not available at the time of publication.",... ,... , ...,"Estimates were not available at the time of publication.",... ,... , ...,"Estimates were not available at the time of publication.",... ,... , ...,"Estimates were not available at the time of publication.",... ,... , ...,"Estimates were not available at the time of publication.",... ,... , ...,"Estimates were not available at the time of publication.",... ,... , ...,"Estimates were not available at the time of publication."
Venezuela (Bolivarian Republic of),1500 ,1100 , 2100,,1900 ,1400 , 2600,,2400 ,1700 , 3200,,3000 ,2100 , 4000,,3700 ,2600 , 4900,,4600 ,3300 , 6100,,5600 ,4200 , 7500,,6900 ,5100 , 9100,,8500 ,6300 , 11 000,,10 000 ,7800 , 13 000,,13 000 ,9300 , 16 000,,15 000 ,11 000 , 20 000,,18 000 ,14 000 , 23 000,,21 000 ,16 000 , 27 000,,24 000 ,17 000 , 31 000,,25 000 ,18 000 , 32 000,,22 000 ,15 000 , 30 000,,19 000 ,12 000 , 26 000,,16 000 ,9500 , 23 000,,13 000 ,7500 , 19 000,,11 000 ,6100 , 16 000,,9000 ,5200 , 14 000,,7800 ,5000 , 12 000,,7100 ,4800 , 11 000,,7100 ,5000 , 11 000,,7600 ,5400 , 11 000,,8400 ,6000 , 12 000,,9000 ,6400 , 13 000,,9300 ,6700 , 13 000,,9800 ,7100 , 14 000,,11 000 ,7800 , 15 000,,12 000 ,8700 , 16 000,,14 000 ,9700 , 18 000,,15 000 ,11 000 , 21 000,,17 000 ,12 000 , 23 000,
Viet Nam,940 ,610 , 1200,,2000 ,1300 , 2600,,3900 ,2500 , 5100,,7100 ,4500 , 9300,,12 000 ,7600 , 16 000,,18 000 ,11 000 , 23 000,,24 000 ,15 000 , 32 000,,29 000 ,19 000 , 40 000,,34 000 ,22 000 , 47 000,,38 000 ,25 000 , 53 000,,42 000 ,27 000 , 57 000,,44 000 ,29 000 , 62 000,,46 000 ,30 000 , 64 000,,48 000 ,31 000 , 66 000,,48 000 ,32 000 , 66 000,,48 000 ,31 000 , 65 000,,47 000 ,31 000 , 64 000,,46 000 ,30 000 , 62 000,,44 000 ,28 000 , 60 000,,42 000 ,27 000 , 57 000,,40 000 ,26 000 , 55 000,,39 000 ,24 000 , 52 000,,37 000 ,24 000 , 50 000,,36 000 ,23 000 , 48 000,,34 000 ,22 000 , 45 000,,33 000 ,21 000 , 43 000,,31 000 ,19 000 , 40 000,,29 000 ,18 000 , 38 000,,27 000 ,17 000 , 35 000,,25 000 ,16 000 , 33 000,,23 000 ,15 000 , 31 000,,22 000 ,14 000 , 29 000,,21 000 ,13 000 , 28 000,,20 000 ,12 000 , 27 000,,19 000 ,12 000 , 26 000,
Yemen,<100 ,<100 , <100,,<100 ,<100 , <100,,<100 ,<100 , <100,,<100 ,<100 , <100,,<100 ,<100 , <100,,<100 ,<100 , <200,,<200 ,<100 , <200,,<200 ,<200 , <200,,<200 ,<200 , <500,,<500 ,<200 , <500,,<500 ,<500 , <500,,<500 ,<500 , 520,,510 ,<500 , 650,,630 ,<500 , 800,,780 ,590 , 980,,940 ,720 , 1200,,1100 ,860 , 1400,,1300 ,1000 , 1700,,1500 ,1100 , 1900,,1600 ,1100 , 2000,,1600 ,1100 , 2100,,1500 ,1100 , 2100,,1500 ,1000 , 1900,,1400 ,990 , 1900,,1400 ,1000 , 1900,,1500 ,1100 , 1900,,1600 ,1200 , 2000,,1700 ,1200 , 2100,,1700 ,1300 , 2200,,1900 ,1400 , 2400,,1900 ,1400 , 2500,,2100 ,1500 , 2700,,2200 ,1600 , 2900,,2300 ,1600 , 3000,,2400 ,1700 , 3200,
Zambia,110 000 ,52 000 , 150 000,,120 000 ,58 000 , 170 000,,140 000 ,62 000 , 190 000,,140 000 ,64 000 , 190 000,,150 000 ,65 000 , 200 000,,150 000 ,65 000 , 200 000,,150 000 ,64 000 , 200 000,,140 000 ,63 000 , 200 000,,140 000 ,61 000 , 200 000,,140 000 ,60 000 , 190 000,,130 000 ,58 000 , 190 000,,130 000 ,58 000 , 190 000,,130 000 ,58 000 , 180 000,,130 000 ,59 000 , 180 000,,130 000 ,60 000 , 180 000,,130 000 ,63 000 , 180 000,,130 000 ,65 000 , 180 000,,130 000 ,68 000 , 180 000,,130 000 ,70 000 , 180 000,,130 000 ,73 000 , 180 000,,140 000 ,77 000 , 180 000,,140 000 ,81 000 , 190 000,,150 000 ,85 000 , 190 000,,150 000 ,89 000 , 200 000,,150 000 ,89 000 , 190 000,,140 000 ,85 000 , 190 000,,130 000 ,79 000 , 170 000,,130 000 ,79 000 , 170 000,,140 000 ,82 000 , 180 000,,140 000 ,83 000 , 180 000,,130 000 ,81 000 , 170 000,,130 000 ,77 000 , 170 000,,120 000 ,75 000 , 160 000,,120 000 ,72 000 , 150 000,,110 000 ,70 000 , 150 000,
Zimbabwe,320 000 ,150 000 , 420 000,,370 000 ,180 000 , 490 000,,400 000 ,200 000 , 540 000,,420 000 ,210 000 , 570 000,,430 000 ,210 000 , 600 000,,430 000 ,200 000 , 610 000,,410 000 ,190 000 , 590 000,,390 000 ,170 000 , 570 000,,360 000 ,160 000 , 530 000,,340 000 ,140 000 , 490 000,,310 000 ,130 000 , 440 000,,280 000 ,120 000 , 400 000,,260 000 ,120 000 , 370 000,,240 000 ,110 000 , 340 000,,230 000 ,110 000 , 310 000,,220 000 ,120 000 , 300 000,,220 000 ,120 000 , 290 000,,210 000 ,120 000 , 280 000,,210 000 ,130 000 , 270 000,,200 000 ,130 000 , 260 000,,200 000 ,130 000 , 250 000,,190 000 ,130 000 , 230 000,,180 000 ,130 000 , 220 000,,170 000 ,120 000 , 210 000,,160 000 ,120 000 , 200 000,,150 000 ,120 000 , 190 000,,150 000 ,110 000 , 180 000,,140 000 ,110 000 , 170 000,,140 000 ,110 000 , 160 000,,130 000 ,100 000 , 150 000,,120 000 ,95 000 , 140 000,,120 000 ,91 000 , 130 000,,110 000 ,88 000 , 130 000,,110 000 ,85 000 , 120 000,,100 000 ,83 000 , 120 000,
Global,2 500 000 ,1 700 000,3 300 000,,3 000 000 ,2 000 000,3 900 000,,3 400 000 ,2 300 000,4 400 000,,3 800 000 ,2 600 000,4 900 000,,4 200 000 ,2 800 000,5 400 000,,4 500 000 ,3 000 000,5 800 000,,4 700 000 ,3 200 000,6 100 000,,4 800 000 ,3 300 000,6 200 000,,4 900 000 ,3 300 000,6 300 000,,4 900 000 ,3 300 000,6 300 000,,4 800 000 ,3 200 000,6 200 000,,4 700 000 ,3 200 000,6 100 000,,4 600 000 ,3 100 000,6 000 000,,4 500 000 ,3 100 000,5 800 000,,4 400 000 ,3 000 000,5 700 000,,4 400 000 ,2 900 000,5 600 000,,4 300 000 ,2 900 000,5 500 000,,4 200 000 ,2 900 000,5 500 000,,4 200 000 ,2 800 000,5 400 000,,4 200 000 ,2 800 000,5 400 000,,4 100 000 ,2 800 000,5 300 000,,4 100 000 ,2 800 000,5 300 000,,4 100 000 ,2 800 000,5 300 000,,4 100 000 ,2 700 000,5 200 000,,4 000 000 ,2 700 000,5 200 000,,3 900 000 ,2 700 000,5 100 000,,3 900 000 ,2 600 000,5 000 000,,3 800 000 ,2 500 000,4 900 000,,3 700 000 ,2 500 000,4 800 000,,3 600 000 ,2 400 000,4 700 000,,3 500 000 ,2 400 000,4 600 000,,3 500 000 ,2 300 000,4 500 000,,3 400 000 ,2 300 000,4 300 000,,3 300 000 ,2 200 000,4 200 000,,3 200 000 ,2 200 000,4 100 000,