Country,2010,2010_Footnote, 2011,2011_Footnote, 2012,2012_Footnote, 2013,2013_Footnote, 2014,2014_Footnote, 2015,2015_Footnote, 2016,2016_Footnote, 2017,2017_Footnote, 2018,2018_Footnote, 2019,2019_Footnote, 2020,2020_Footnote, 2021,2021_Footnote, 2022,2022_Footnote, 2023,2023_Footnote, 2024,2024_Footnote
Afghanistan,<100,,<200,,<200,,<500,,<500,,<500,,550,,850,,920,,1000,,1100,,1100,,1100,,1200,,1400,
Albania,<200,"Children estimates were not available at the time of publication.",<200,"Children estimates were not available at the time of publication.",<500,"Children estimates were not available at the time of publication.",<500,"Children estimates were not available at the time of publication.",<500,"Children estimates were not available at the time of publication.",<500,"Children estimates were not available at the time of publication.",510,"Children estimates were not available at the time of publication.",570,"Children estimates were not available at the time of publication.",580,"Children estimates were not available at the time of publication.",610,"Children estimates were not available at the time of publication.",680,"Children estimates were not available at the time of publication.",760,"Children estimates were not available at the time of publication.",840,"Children estimates were not available at the time of publication.",860,"Children estimates were not available at the time of publication.",960,"Children estimates were not available at the time of publication."
Algeria,2200,,2700,,3400,,4600,,6000,,7700,,9600,,11 000,,13 000,,14 000,,16 000,,17 000,,18 000,,20 000,,20 000,
Angola,22 000,,27 000,,32 000,,48 000,,63 000,,72 000,,70 000,,79 000,,89 000,,93 000,,110 000,,130 000,,140 000,,160 000,,180 000,
Antigua and Barbuda,<100,"Countries with a UNAIDS-approved estimate and population less than 250000 in 2024; not included in regional or global totals",<200,"Countries with a UNAIDS-approved estimate and population less than 250000 in 2024; not included in regional or global totals",<200,"Countries with a UNAIDS-approved estimate and population less than 250000 in 2024; not included in regional or global totals",<200,"Countries with a UNAIDS-approved estimate and population less than 250000 in 2024; not included in regional or global totals",<500,"Countries with a UNAIDS-approved estimate and population less than 250000 in 2024; not included in regional or global totals",<500,"Countries with a UNAIDS-approved estimate and population less than 250000 in 2024; not included in regional or global totals",<500,"Countries with a UNAIDS-approved estimate and population less than 250000 in 2024; not included in regional or global totals",<500,"Countries with a UNAIDS-approved estimate and population less than 250000 in 2024; not included in regional or global totals",<500,"Countries with a UNAIDS-approved estimate and population less than 250000 in 2024; not included in regional or global totals",<500,"Countries with a UNAIDS-approved estimate and population less than 250000 in 2024; not included in regional or global totals",<500,"Countries with a UNAIDS-approved estimate and population less than 250000 in 2024; not included in regional or global totals",<500,"Countries with a UNAIDS-approved estimate and population less than 250000 in 2024; not included in regional or global totals",510,"Countries with a UNAIDS-approved estimate and population less than 250000 in 2024; not included in regional or global totals",570,"Countries with a UNAIDS-approved estimate and population less than 250000 in 2024; not included in regional or global totals",590,"Countries with a UNAIDS-approved estimate and population less than 250000 in 2024; not included in regional or global totals"
Argentina,43 000,,47 000,,52 000,,57 000,,62 000,,67 000,,73 000,,78 000,,83 000,,87 000,,92 000,,97 000,,100 000,,110 000,,110 000,
Armenia,<500,,<500,,<500,,570,,730,,930,,1200,,1500,,1900,,2200,,2300,,2600,,3100,,3400,,3800,
Australia,12 000,,14 000,,15 000,,17 000,,18 000,,19 000,,20 000,,22 000,,22 000,,23 000,,24 000,,25 000,,25 000,,27 000,,...,
Austria,...,"Estimates were not available at the time of publication.",...,"Estimates were not available at the time of publication.",...,"Estimates were not available at the time of publication.",...,"Estimates were not available at the time of publication.",...,"Estimates were not available at the time of publication.",...,"Estimates were not available at the time of publication.",...,"Estimates were not available at the time of publication.",...,"Estimates were not available at the time of publication.",...,"Estimates were not available at the time of publication.",...,"Estimates were not available at the time of publication.",...,"Estimates were not available at the time of publication.",...,"Estimates were not available at the time of publication.",...,"Estimates were not available at the time of publication.",...,"Estimates were not available at the time of publication.",...,"Estimates were not available at the time of publication."
Azerbaijan,<500,"Children estimates were not available at the time of publication.",710,"Children estimates were not available at the time of publication.",910,"Children estimates were not available at the time of publication.",1300,"Children estimates were not available at the time of publication.",1800,"Children estimates were not available at the time of publication.",2300,"Children estimates were not available at the time of publication.",2800,"Children estimates were not available at the time of publication.",3400,"Children estimates were not available at the time of publication.",4100,"Children estimates were not available at the time of publication.",5100,"Children estimates were not available at the time of publication.",5600,"Children estimates were not available at the time of publication.",6200,"Children estimates were not available at the time of publication.",6400,"Children estimates were not available at the time of publication.",7500,"Children estimates were not available at the time of publication.",8500,"Children estimates were not available at the time of publication."
Bahamas,1400,"Children estimates were not available at the time of publication.",1300,"Children estimates were not available at the time of publication.",1700,"Children estimates were not available at the time of publication.",2000,"Children estimates were not available at the time of publication.",2400,"Children estimates were not available at the time of publication.",2300,"Children estimates were not available at the time of publication.",2300,"Children estimates were not available at the time of publication.",3000,"Children estimates were not available at the time of publication.",3100,"Children estimates were not available at the time of publication.",3000,"Children estimates were not available at the time of publication.",3000,"Children estimates were not available at the time of publication.",3000,"Children estimates were not available at the time of publication.",3000,"Children estimates were not available at the time of publication.",2800,"Children estimates were not available at the time of publication.",3000,"Children estimates were not available at the time of publication."
Bahrain,<100,"Children estimates were not available at the time of publication.",<100,"Children estimates were not available at the time of publication.",<100,"Children estimates were not available at the time of publication.",<100,"Children estimates were not available at the time of publication.",<100,"Children estimates were not available at the time of publication.",<200,"Children estimates were not available at the time of publication.",<200,"Children estimates were not available at the time of publication.",<200,"Children estimates were not available at the time of publication.",<200,"Children estimates were not available at the time of publication.",<500,"Children estimates were not available at the time of publication.",<500,"Children estimates were not available at the time of publication.",<500,"Children estimates were not available at the time of publication.",<500,"Children estimates were not available at the time of publication.",<500,"Children estimates were not available at the time of publication.",<500,"Children estimates were not available at the time of publication."
Bangladesh,<500,,660,,830,,1100,,1300,,1500,,1800,,2500,,3000,,3300,,4200,,4600,,5200,,6200,,7000,
Barbados,870,"Children estimates were not available at the time of publication.",930,"Children estimates were not available at the time of publication.",1000,"Children estimates were not available at the time of publication.",1100,"Children estimates were not available at the time of publication.",1100,"Children estimates were not available at the time of publication.",1100,"Children estimates were not available at the time of publication.",1200,"Children estimates were not available at the time of publication.",1300,"Children estimates were not available at the time of publication.",1300,"Children estimates were not available at the time of publication.",1400,"Children estimates were not available at the time of publication.",1400,"Children estimates were not available at the time of publication.",1400,"Children estimates were not available at the time of publication.",1400,"Children estimates were not available at the time of publication.",1400,"Children estimates were not available at the time of publication.",1500,"Children estimates were not available at the time of publication."
Belarus,...,"Estimates were not available at the time of publication.",...,"Estimates were not available at the time of publication.",...,"Estimates were not available at the time of publication.",...,"Estimates were not available at the time of publication.",...,"Estimates were not available at the time of publication.",...,"Estimates were not available at the time of publication.",...,"Estimates were not available at the time of publication.",...,"Estimates were not available at the time of publication.",...,"Estimates were not available at the time of publication.",...,"Estimates were not available at the time of publication.",...,"Estimates were not available at the time of publication.",...,"Estimates were not available at the time of publication.",...,"Estimates were not available at the time of publication.",...,"Estimates were not available at the time of publication.",...,"Estimates were not available at the time of publication."
Belgium,9300,,10 000,,11 000,,12 000,,12 000,,13 000,,14 000,,15 000,,15 000,,15 000,,15 000,,16 000,,16 000,,17 000,,...,
Belize,780,"Children estimates were not available at the time of publication.",910,"Children estimates were not available at the time of publication.",970,"Children estimates were not available at the time of publication.",1100,"Children estimates were not available at the time of publication.",1100,"Children estimates were not available at the time of publication.",1200,"Children estimates were not available at the time of publication.",1300,"Children estimates were not available at the time of publication.",1400,"Children estimates were not available at the time of publication.",1500,"Children estimates were not available at the time of publication.",1500,"Children estimates were not available at the time of publication.",1500,"Children estimates were not available at the time of publication.",1500,"Children estimates were not available at the time of publication.",1600,"Children estimates were not available at the time of publication.",1800,"Children estimates were not available at the time of publication.",1900,"Children estimates were not available at the time of publication."
Benin,20 000,,26 000,,28 000,,25 000,,29 000,,26 000,,24 000,,38 000,,41 000,,45 000,,51 000,,56 000,,61 000,,57 000,,61 000,
Bhutan,<100,"Children estimates were not available at the time of publication.",<100,"Children estimates were not available at the time of publication.",<200,"Children estimates were not available at the time of publication.",<200,"Children estimates were not available at the time of publication.",<200,"Children estimates were not available at the time of publication.",<500,"Children estimates were not available at the time of publication.",<500,"Children estimates were not available at the time of publication.",<500,"Children estimates were not available at the time of publication.",<500,"Children estimates were not available at the time of publication.",<500,"Children estimates were not available at the time of publication.",540,"Children estimates were not available at the time of publication.",580,"Children estimates were not available at the time of publication.",640,"Children estimates were not available at the time of publication.",700,"Children estimates were not available at the time of publication.",770,"Children estimates were not available at the time of publication."
Bolivia (Plurinational State of),1300,,1300,,2300,,3000,,3800,,5400,,6600,,8200,,10 000,,12 000,,13 000,,15 000,,15 000,,18 000,,19 000,
Bosnia and Herzegovina,...,"Estimates were not available at the time of publication.",...,"Estimates were not available at the time of publication.",...,"Estimates were not available at the time of publication.",...,"Estimates were not available at the time of publication.",...,"Estimates were not available at the time of publication.",...,"Estimates were not available at the time of publication.",...,"Estimates were not available at the time of publication.",...,"Estimates were not available at the time of publication.",...,"Estimates were not available at the time of publication.",...,"Estimates were not available at the time of publication.",...,"Estimates were not available at the time of publication.",...,"Estimates were not available at the time of publication.",...,"Estimates were not available at the time of publication.",...,"Estimates were not available at the time of publication.",...,"Estimates were not available at the time of publication."
Botswana,160 000,,180 000,,210 000,,220 000,,230 000,,260 000,,270 000,,290 000,,310 000,,310 000,,320 000,,330 000,,340 000,,340 000,,340 000,
Brazil,240 000,,270 000,,300 000,,340 000,,390 000,,450 000,,490 000,,540 000,,590 000,,640 000,,660 000,,700 000,,740 000,,780 000,,830 000,
Brunei Darussalam,...,"Estimates were not available at the time of publication.",...,"Estimates were not available at the time of publication.",...,"Estimates were not available at the time of publication.",...,"Estimates were not available at the time of publication.",...,"Estimates were not available at the time of publication.",...,"Estimates were not available at the time of publication.",...,"Estimates were not available at the time of publication.",...,"Estimates were not available at the time of publication.",...,"Estimates were not available at the time of publication.",...,"Estimates were not available at the time of publication.",...,"Estimates were not available at the time of publication.",...,"Estimates were not available at the time of publication.",...,"Estimates were not available at the time of publication.",...,"Estimates were not available at the time of publication.",...,"Estimates were not available at the time of publication."
Bulgaria,<500,"Children estimates were not available at the time of publication.",<500,"Children estimates were not available at the time of publication.",540,"Children estimates were not available at the time of publication.",640,"Children estimates were not available at the time of publication.",730,"Children estimates were not available at the time of publication.",840,"Children estimates were not available at the time of publication.",980,"Children estimates were not available at the time of publication.",1200,"Children estimates were not available at the time of publication.",1500,"Children estimates were not available at the time of publication.",1700,"Children estimates were not available at the time of publication.",1800,"Children estimates were not available at the time of publication.",1900,"Children estimates were not available at the time of publication.",2200,"Children estimates were not available at the time of publication.",2300,"Children estimates were not available at the time of publication.",2500,"Children estimates were not available at the time of publication."
Burkina Faso,32 000,,36 000,,39 000,,42 000,,47 000,,52 000,,57 000,,62 000,,60 000,,69 000,,63 000,,67 000,,71 000,,74 000,,77 000,
Burundi,23 000,,26 000,,29 000,,33 000,,37 000,,42 000,,51 000,,57 000,,62 000,,68 000,,69 000,,71 000,,72 000,,73 000,,74 000,
Cabo Verde,770,,890,,1100,,1300,,1500,,1500,,1600,,1900,,2200,,2400,,2600,,2800,,2800,,2900,,3100,
Cambodia,41 000,,44 000,,46 000,,48 000,,50 000,,52 000,,55 000,,57 000,,59 000,,61 000,,62 000,,63 000,,65 000,,68 000,,70 000,
Cameroon,84 000,,100 000,,120 000,,120 000,,140 000,,160 000,,190 000,,240 000,,270 000,,300 000,,340 000,,380 000,,410 000,,440 000,,450 000,
Canada,23 000,,24 000,,25 000,,33 000,,35 000,,38 000,,41 000,,43 000,,45 000,,47 000,,49 000,,49 000,,50 000,,...,,...,
Central African Republic,15 000,,14 000,,17 000,,17 000,,24 000,,27 000,,32 000,,37 000,,40 000,,47 000,,51 000,,56 000,,61 000,,64 000,,67 000,
Chad,20 000,,24 000,,27 000,,30 000,,34 000,,37 000,,41 000,,44 000,,48 000,,50 000,,55 000,,59 000,,62 000,,69 000,,79 000,
Chile,14 000,,16 000,,19 000,,22 000,,25 000,,28 000,,33 000,,39 000,,45 000,,50 000,,54 000,,57 000,,62 000,,64 000,,65 000,
China,...,"Estimates were not available at the time of publication.",...,"Estimates were not available at the time of publication.",...,"Estimates were not available at the time of publication.",...,"Estimates were not available at the time of publication.",...,"Estimates were not available at the time of publication.",...,"Estimates were not available at the time of publication.",...,"Estimates were not available at the time of publication.",...,"Estimates were not available at the time of publication.",...,"Estimates were not available at the time of publication.",...,"Estimates were not available at the time of publication.",...,"Estimates were not available at the time of publication.",...,"Estimates were not available at the time of publication.",...,"Estimates were not available at the time of publication.",...,"Estimates were not available at the time of publication.",...,"Estimates were not available at the time of publication."
Colombia,23 000,,33 000,,40 000,,48 000,,55 000,,67 000,,76 000,,78 000,,92 000,,110 000,,120 000,,130 000,,140 000,,150 000,,...,
Comoros,<100,"Children estimates were not available at the time of publication.",<100,"Children estimates were not available at the time of publication.",<100,"Children estimates were not available at the time of publication.",<100,"Children estimates were not available at the time of publication.",<100,"Children estimates were not available at the time of publication.",<100,"Children estimates were not available at the time of publication.",<100,"Children estimates were not available at the time of publication.",<100,"Children estimates were not available at the time of publication.",<100,"Children estimates were not available at the time of publication.",<100,"Children estimates were not available at the time of publication.",<100,"Children estimates were not available at the time of publication.",<100,"Children estimates were not available at the time of publication.",<100,"Children estimates were not available at the time of publication.",<200,"Children estimates were not available at the time of publication.",<200,"Children estimates were not available at the time of publication."
Congo,15 000,,17 000,,17 000,,20 000,,19 000,,21 000,,22 000,,23 000,,25 000,,26 000,,27 000,,29 000,,34 000,,38 000,,44 000,
Costa Rica,3300,,3700,,4000,,4300,,4700,,5600,,6200,,7000,,8100,,9100,,9200,,11 000,,12 000,,13 000,,13 000,
Croatia,500,"Children estimates were not available at the time of publication.",570,"Children estimates were not available at the time of publication.",630,"Children estimates were not available at the time of publication.",720,"Children estimates were not available at the time of publication.",800,"Children estimates were not available at the time of publication.",920,"Children estimates were not available at the time of publication.",1000,"Children estimates were not available at the time of publication.",1100,"Children estimates were not available at the time of publication.",1200,"Children estimates were not available at the time of publication.",1300,"Children estimates were not available at the time of publication.",1300,"Children estimates were not available at the time of publication.",1300,"Children estimates were not available at the time of publication.",1400,"Children estimates were not available at the time of publication.",1500,"Children estimates were not available at the time of publication.",1500,"Children estimates were not available at the time of publication."
Cuba,6000,,7500,,8700,,10 000,,13 000,,15 000,,17 000,,19 000,,22 000,,25 000,,25 000,,26 000,,28 000,,28 000,,29 000,
Cyprus,...,"Estimates were not available at the time of publication.",...,"Estimates were not available at the time of publication.",...,"Estimates were not available at the time of publication.",...,"Estimates were not available at the time of publication.",...,"Estimates were not available at the time of publication.",...,"Estimates were not available at the time of publication.",...,"Estimates were not available at the time of publication.",...,"Estimates were not available at the time of publication.",...,"Estimates were not available at the time of publication.",...,"Estimates were not available at the time of publication.",...,"Estimates were not available at the time of publication.",...,"Estimates were not available at the time of publication.",...,"Estimates were not available at the time of publication.",...,"Estimates were not available at the time of publication.",...,"Estimates were not available at the time of publication."
Czechia,...,"Estimates were not available at the time of publication.",...,"Estimates were not available at the time of publication.",...,"Estimates were not available at the time of publication.",...,"Estimates were not available at the time of publication.",...,"Estimates were not available at the time of publication.",...,"Estimates were not available at the time of publication.",...,"Estimates were not available at the time of publication.",...,"Estimates were not available at the time of publication.",...,"Estimates were not available at the time of publication.",...,"Estimates were not available at the time of publication.",...,"Estimates were not available at the time of publication.",...,"Estimates were not available at the time of publication.",...,"Estimates were not available at the time of publication.",...,"Estimates were not available at the time of publication.",...,"Estimates were not available at the time of publication."
Côte d'Ivoire,81 000,,98 000,,110 000,,120 000,,140 000,,160 000,,190 000,,230 000,,250 000,,270 000,,280 000,,290 000,,290 000,,310 000,,320 000,
Democratic People's Republic of Korea,...,"Estimates were not available at the time of publication.",...,"Estimates were not available at the time of publication.",...,"Estimates were not available at the time of publication.",...,"Estimates were not available at the time of publication.",...,"Estimates were not available at the time of publication.",...,"Estimates were not available at the time of publication.",...,"Estimates were not available at the time of publication.",...,"Estimates were not available at the time of publication.",...,"Estimates were not available at the time of publication.",...,"Estimates were not available at the time of publication.",...,"Estimates were not available at the time of publication.",...,"Estimates were not available at the time of publication.",...,"Estimates were not available at the time of publication.",...,"Estimates were not available at the time of publication.",...,"Estimates were not available at the time of publication."
Democratic Republic of the Congo,44 000,,53 000,,66 000,,80 000,,100 000,,120 000,,160 000,,210 000,,210 000,,230 000,,310 000,,360 000,,400 000,,440 000,,440 000,
Denmark,3600,"Children estimates were not available at the time of publication.",3900,"Children estimates were not available at the time of publication.",4100,"Children estimates were not available at the time of publication.",4200,"Children estimates were not available at the time of publication.",4700,"Children estimates were not available at the time of publication.",4800,"Children estimates were not available at the time of publication.",4900,"Children estimates were not available at the time of publication.",5100,"Children estimates were not available at the time of publication.",5200,"Children estimates were not available at the time of publication.",5300,"Children estimates were not available at the time of publication.",5400,"Children estimates were not available at the time of publication.",5600,"Children estimates were not available at the time of publication.",5700,"Children estimates were not available at the time of publication.",5800,"Children estimates were not available at the time of publication.",...,"Children estimates were not available at the time of publication."
Djibouti,970,,1000,,1300,,1400,,1600,,1900,,2200,,2500,,2700,,1900,,2100,,1900,,2100,,2300,,2100,
Dominica,...,"Countries with a UNAIDS-approved estimate and population less than 250000 in 2024; not included in regional or global totals",...,"Countries with a UNAIDS-approved estimate and population less than 250000 in 2024; not included in regional or global totals",<100,"Countries with a UNAIDS-approved estimate and population less than 250000 in 2024; not included in regional or global totals",<100,"Countries with a UNAIDS-approved estimate and population less than 250000 in 2024; not included in regional or global totals",<100,"Countries with a UNAIDS-approved estimate and population less than 250000 in 2024; not included in regional or global totals",<100,"Countries with a UNAIDS-approved estimate and population less than 250000 in 2024; not included in regional or global totals",<100,"Countries with a UNAIDS-approved estimate and population less than 250000 in 2024; not included in regional or global totals",<100,"Countries with a UNAIDS-approved estimate and population less than 250000 in 2024; not included in regional or global totals",<100,"Countries with a UNAIDS-approved estimate and population less than 250000 in 2024; not included in regional or global totals",<100,"Countries with a UNAIDS-approved estimate and population less than 250000 in 2024; not included in regional or global totals",<200,"Countries with a UNAIDS-approved estimate and population less than 250000 in 2024; not included in regional or global totals",<200,"Countries with a UNAIDS-approved estimate and population less than 250000 in 2024; not included in regional or global totals",<200,"Countries with a UNAIDS-approved estimate and population less than 250000 in 2024; not included in regional or global totals",<200,"Countries with a UNAIDS-approved estimate and population less than 250000 in 2024; not included in regional or global totals",<200,"Countries with a UNAIDS-approved estimate and population less than 250000 in 2024; not included in regional or global totals"
Dominican Republic,15 000,,17 000,,19 000,,21 000,,23 000,,25 000,,27 000,,30 000,,32 000,,35 000,,38 000,,43 000,,50 000,,52 000,,57 000,
Ecuador,7200,,8900,,9400,,11 000,,13 000,,15 000,,18 000,,22 000,,25 000,,31 000,,34 000,,35 000,,38 000,,41 000,,43 000,
Egypt,580,,740,,940,,1200,,1800,,2200,,3200,,4800,,6700,,8400,,10 000,,12 000,,16 000,,19 000,,25 000,
El Salvador,8500,,8900,,9300,,10 000,,11 000,,11 000,,12 000,,12 000,,12 000,,13 000,,14 000,,15 000,,15 000,,16 000,,16 000,
Equatorial Guinea,...,"Estimates were not available at the time of publication.",...,"Estimates were not available at the time of publication.",...,"Estimates were not available at the time of publication.",...,"Estimates were not available at the time of publication.",...,"Estimates were not available at the time of publication.",...,"Estimates were not available at the time of publication.",...,"Estimates were not available at the time of publication.",...,"Estimates were not available at the time of publication.",...,"Estimates were not available at the time of publication.",...,"Estimates were not available at the time of publication.",...,"Estimates were not available at the time of publication.",...,"Estimates were not available at the time of publication.",...,"Estimates were not available at the time of publication.",...,"Estimates were not available at the time of publication.",...,"Estimates were not available at the time of publication."
Eritrea,4700,,5600,,6400,,7100,,7900,,8400,,8700,,8800,,8900,,8800,,9100,,8800,,8800,,8900,,8900,
Estonia,1800,"Children estimates were not available at the time of publication.",2200,"Children estimates were not available at the time of publication.",2500,"Children estimates were not available at the time of publication.",2700,"Children estimates were not available at the time of publication.",3000,"Children estimates were not available at the time of publication.",3500,"Children estimates were not available at the time of publication.",3900,"Children estimates were not available at the time of publication.",4100,"Children estimates were not available at the time of publication.",4400,"Children estimates were not available at the time of publication.",4500,"Children estimates were not available at the time of publication.",4400,"Children estimates were not available at the time of publication.",4400,"Children estimates were not available at the time of publication.",4400,"Children estimates were not available at the time of publication.",...,"Children estimates were not available at the time of publication.",...,"Children estimates were not available at the time of publication."
Eswatini,61 000,,69 000,,80 000,,92 000,,110 000,,150 000,,170 000,,170 000,,180 000,,190 000,,210 000,,200 000,,200 000,,200 000,,210 000,
Ethiopia,220 000,,260 000,,290 000,,310 000,,360 000,,380 000,,420 000,,440 000,,450 000,,470 000,,480 000,,480 000,,500 000,,510 000,,530 000,
Fiji,<100,,<100,,<200,,<200,,<200,,<500,,<500,,<500,,<500,,<500,,510,,650,,570,,710,,1400,
Finland,...,"Estimates were not available at the time of publication.",...,"Estimates were not available at the time of publication.",...,"Estimates were not available at the time of publication.",...,"Estimates were not available at the time of publication.",...,"Estimates were not available at the time of publication.",...,"Estimates were not available at the time of publication.",...,"Estimates were not available at the time of publication.",...,"Estimates were not available at the time of publication.",...,"Estimates were not available at the time of publication.",...,"Estimates were not available at the time of publication.",...,"Estimates were not available at the time of publication.",...,"Estimates were not available at the time of publication.",...,"Estimates were not available at the time of publication.",...,"Estimates were not available at the time of publication.",...,"Estimates were not available at the time of publication."
France,110 000,,110 000,,110 000,,120 000,,120 000,,130 000,,130 000,,140 000,,140 000,,150 000,,150 000,,160 000,,160 000,,...,,...,
Gabon,11 000,,14 000,,17 000,,20 000,,21 000,,22 000,,22 000,,23 000,,23 000,,24 000,,24 000,,25 000,,29 000,,30 000,,33 000,
Gambia,2000,,3100,,3800,,4000,,4400,,5000,,6100,,6800,,7500,,8200,,8300,,8700,,9600,,10 000,,11 000,
Georgia,830,"Children estimates were not available at the time of publication.",1100,"Children estimates were not available at the time of publication.",1700,"Children estimates were not available at the time of publication.",2100,"Children estimates were not available at the time of publication.",2500,"Children estimates were not available at the time of publication.",3000,"Children estimates were not available at the time of publication.",3600,"Children estimates were not available at the time of publication.",4100,"Children estimates were not available at the time of publication.",4600,"Children estimates were not available at the time of publication.",5100,"Children estimates were not available at the time of publication.",5400,"Children estimates were not available at the time of publication.",5700,"Children estimates were not available at the time of publication.",6100,"Children estimates were not available at the time of publication.",6400,"Children estimates were not available at the time of publication.",6900,"Children estimates were not available at the time of publication."
Germany,45 000,,48 000,,51 000,,54 000,,58 000,,61 000,,64 000,,68 000,,72 000,,75 000,,78 000,,82 000,,85 000,,88 000,,...,
Ghana,41 000,,59 000,,70 000,,76 000,,84 000,,82 000,,92 000,,100 000,,110 000,,110 000,,120 000,,130 000,,150 000,,150 000,,160 000,
Greece,4500,"Children estimates were not available at the time of publication.",5000,"Children estimates were not available at the time of publication.",5500,"Children estimates were not available at the time of publication.",6300,"Children estimates were not available at the time of publication.",7000,"Children estimates were not available at the time of publication.",7800,"Children estimates were not available at the time of publication.",8700,"Children estimates were not available at the time of publication.",9200,"Children estimates were not available at the time of publication.",9500,"Children estimates were not available at the time of publication.",9800,"Children estimates were not available at the time of publication.",10 000,"Children estimates were not available at the time of publication.",10 000,"Children estimates were not available at the time of publication.",11 000,"Children estimates were not available at the time of publication.",11 000,"Children estimates were not available at the time of publication.",11 000,"Children estimates were not available at the time of publication."
Guatemala,12 000,,14 000,,15 000,,16 000,,17 000,,16 000,,17 000,,18 000,,20 000,,21 000,,21 000,,22 000,,24 000,,25 000,,26 000,
Guinea,20 000,,23 000,,28 000,,28 000,,32 000,,33 000,,37 000,,42 000,,43 000,,55 000,,62 000,,70 000,,82 000,,88 000,,99 000,
Guinea-Bissau,3800,,5100,,6500,,6900,,8100,,9500,,12 000,,12 000,,15 000,,17 000,,18 000,,20 000,,22 000,,22 000,,27 000,
Guyana,3100,,3400,,3700,,4100,,4300,,4500,,4900,,5200,,5600,,6000,,5900,,6100,,6400,,6800,,7300,
Haiti,15 000,,19 000,,24 000,,29 000,,34 000,,38 000,,36 000,,60 000,,62 000,,81 000,,100 000,,110 000,,110 000,,120 000,,130 000,
Honduras,7700,,8400,,9000,,9600,,9900,,10 000,,11 000,,12 000,,12 000,,12 000,,12 000,,12 000,,13 000,,13 000,,14 000,
Hungary,...,"Estimates were not available at the time of publication.",...,"Estimates were not available at the time of publication.",...,"Estimates were not available at the time of publication.",...,"Estimates were not available at the time of publication.",...,"Estimates were not available at the time of publication.",...,"Estimates were not available at the time of publication.",...,"Estimates were not available at the time of publication.",...,"Estimates were not available at the time of publication.",...,"Estimates were not available at the time of publication.",...,"Estimates were not available at the time of publication.",...,"Estimates were not available at the time of publication.",...,"Estimates were not available at the time of publication.",...,"Estimates were not available at the time of publication.",...,"Estimates were not available at the time of publication.",...,"Estimates were not available at the time of publication."
Iceland,<200,"Children estimates were not available at the time of publication.",<200,"Children estimates were not available at the time of publication.",<200,"Children estimates were not available at the time of publication.",<200,"Children estimates were not available at the time of publication.",<200,"Children estimates were not available at the time of publication.",<200,"Children estimates were not available at the time of publication.",<200,"Children estimates were not available at the time of publication.",<500,"Children estimates were not available at the time of publication.",<500,"Children estimates were not available at the time of publication.",<500,"Children estimates were not available at the time of publication.",<500,"Children estimates were not available at the time of publication.",<500,"Children estimates were not available at the time of publication.",<500,"Children estimates were not available at the time of publication.",<500,"Children estimates were not available at the time of publication.",<500,"Children estimates were not available at the time of publication."
India,,,,,,,,,,,,,,,,,,,,,,,,,1 700 000,,1 800 000,,1 800 000,
Indonesia,20 000,,25 000,,31 000,,38 000,,50 000,,63 000,,78 000,,91 000,,110 000,,130 000,,140 000,,150 000,,160 000,,180 000,,230 000,
Iran (Islamic Republic of),...,,...,,...,,...,,...,,...,,...,,...,,...,,...,,...,,...,,...,,...,,20 000,
Iraq,<200,"Children estimates were not available at the time of publication.",<200,"Children estimates were not available at the time of publication.",<200,"Children estimates were not available at the time of publication.",<500,"Children estimates were not available at the time of publication.",<500,"Children estimates were not available at the time of publication.",<500,"Children estimates were not available at the time of publication.",<500,"Children estimates were not available at the time of publication.",<500,"Children estimates were not available at the time of publication.",<500,"Children estimates were not available at the time of publication.",570,"Children estimates were not available at the time of publication.",660,"Children estimates were not available at the time of publication.",880,"Children estimates were not available at the time of publication.",1200,"Children estimates were not available at the time of publication.",1600,"Children estimates were not available at the time of publication.",2200,"Children estimates were not available at the time of publication."
Ireland,2900,,3200,,3500,,3900,,4200,,4600,,4900,,5300,,5500,,5900,,6300,,6500,,7100,,7700,,...,
Israel,...,"Estimates were not available at the time of publication.",...,"Estimates were not available at the time of publication.",...,"Estimates were not available at the time of publication.",...,"Estimates were not available at the time of publication.",...,"Estimates were not available at the time of publication.",...,"Estimates were not available at the time of publication.",...,"Estimates were not available at the time of publication.",...,"Estimates were not available at the time of publication.",...,"Estimates were not available at the time of publication.",...,"Estimates were not available at the time of publication.",...,"Estimates were not available at the time of publication.",...,"Estimates were not available at the time of publication.",...,"Estimates were not available at the time of publication.",...,"Estimates were not available at the time of publication.",...,"Estimates were not available at the time of publication."
Italy,72 000,,77 000,,82 000,,87 000,,92 000,,96 000,,100 000,,110 000,,120 000,,120 000,,120 000,,130 000,,130 000,,130 000,,...,
Jamaica,5800,,6700,,7500,,8800,,9500,,10 000,,11 000,,12 000,,13 000,,14 000,,13 000,,14 000,,15 000,,15 000,,15 000,
Japan,...,"Estimates were not available at the time of publication.",...,"Estimates were not available at the time of publication.",...,"Estimates were not available at the time of publication.",...,"Estimates were not available at the time of publication.",...,"Estimates were not available at the time of publication.",...,"Estimates were not available at the time of publication.",...,"Estimates were not available at the time of publication.",...,"Estimates were not available at the time of publication.",...,"Estimates were not available at the time of publication.",...,"Estimates were not available at the time of publication.",...,"Estimates were not available at the time of publication.",...,"Estimates were not available at the time of publication.",...,"Estimates were not available at the time of publication.",...,"Estimates were not available at the time of publication.",...,"Estimates were not available at the time of publication."
Jordan,<200,"Children estimates were not available at the time of publication.",<200,"Children estimates were not available at the time of publication.",<200,"Children estimates were not available at the time of publication.",<200,"Children estimates were not available at the time of publication.",<200,"Children estimates were not available at the time of publication.",<200,"Children estimates were not available at the time of publication.",<500,"Children estimates were not available at the time of publication.",<500,"Children estimates were not available at the time of publication.",<500,"Children estimates were not available at the time of publication.",<500,"Children estimates were not available at the time of publication.",<500,"Children estimates were not available at the time of publication.",<500,"Children estimates were not available at the time of publication.",<500,"Children estimates were not available at the time of publication.",<500,"Children estimates were not available at the time of publication.",<500,"Children estimates were not available at the time of publication."
Kazakhstan,1200,,1800,,2600,,3500,,4600,,6200,,7900,,11 000,,15 000,,17 000,,20 000,,23 000,,26 000,,29 000,,32 000,
Kenya,430 000,,540 000,,600 000,,660 000,,760 000,,900 000,,1 000 000,,1 100 000,,1 100 000,,1 000 000,,1 100 000,,1 100 000,,1 100 000,,1 100 000,,1 200 000,
Kiribati,...,,...,,...,,...,,...,,...,,...,,...,,...,,...,,...,,...,,...,,...,,...,
Kuwait,<200,"Children estimates were not available at the time of publication.",<200,"Children estimates were not available at the time of publication.",<500,"Children estimates were not available at the time of publication.",<500,"Children estimates were not available at the time of publication.",<500,"Children estimates were not available at the time of publication.",<500,"Children estimates were not available at the time of publication.",<500,"Children estimates were not available at the time of publication.",<500,"Children estimates were not available at the time of publication.",<500,"Children estimates were not available at the time of publication.",<500,"Children estimates were not available at the time of publication.",540,"Children estimates were not available at the time of publication.",660,"Children estimates were not available at the time of publication.",750,"Children estimates were not available at the time of publication.",910,"Children estimates were not available at the time of publication.",1200,"Children estimates were not available at the time of publication."
Kyrgyzstan,<500,,<500,,660,,1100,,1700,,2100,,2600,,3200,,3700,,4100,,4400,,5000,,5800,,6400,,6900,
Lao People's Democratic Republic,1700,,2000,,2400,,2800,,3300,,3900,,4600,,5600,,6500,,7300,,8200,,8900,,10 000,,12 000,,13 000,
Latvia,510,"Children estimates were not available at the time of publication.",590,"Children estimates were not available at the time of publication.",680,"Children estimates were not available at the time of publication.",770,"Children estimates were not available at the time of publication.",850,"Children estimates were not available at the time of publication.",950,"Children estimates were not available at the time of publication.",1700,"Children estimates were not available at the time of publication.",2100,"Children estimates were not available at the time of publication.",2500,"Children estimates were not available at the time of publication.",2900,"Children estimates were not available at the time of publication.",3000,"Children estimates were not available at the time of publication.",3100,"Children estimates were not available at the time of publication.",3200,"Children estimates were not available at the time of publication.",3200,"Children estimates were not available at the time of publication.",3200,"Children estimates were not available at the time of publication."
Lebanon,<500,"Children estimates were not available at the time of publication.",510,"Children estimates were not available at the time of publication.",590,"Children estimates were not available at the time of publication.",690,"Children estimates were not available at the time of publication.",800,"Children estimates were not available at the time of publication.",910,"Children estimates were not available at the time of publication.",1100,"Children estimates were not available at the time of publication.",1200,"Children estimates were not available at the time of publication.",1400,"Children estimates were not available at the time of publication.",1600,"Children estimates were not available at the time of publication.",1700,"Children estimates were not available at the time of publication.",1800,"Children estimates were not available at the time of publication.",2000,"Children estimates were not available at the time of publication.",2200,"Children estimates were not available at the time of publication.",2400,"Children estimates were not available at the time of publication."
Lesotho,94 000,,98 000,,110 000,,120 000,,130 000,,150 000,,180 000,,200 000,,210 000,,220 000,,230 000,,230 000,,230 000,,240 000,,250 000,
Liberia,4400,,5800,,5500,,6400,,6900,,7400,,8100,,12 000,,14 000,,15 000,,19 000,,21 000,,25 000,,27 000,,31 000,
Libya,1800,,2000,,2200,,2400,,2700,,3100,,3300,,3600,,4100,,3300,,3200,,3300,,3300,,3600,,...,
Lithuania,<200,"Children estimates were not available at the time of publication.",<500,"Children estimates were not available at the time of publication.",<500,"Children estimates were not available at the time of publication.",<500,"Children estimates were not available at the time of publication.",<500,"Children estimates were not available at the time of publication.",570,"Children estimates were not available at the time of publication.",650,"Children estimates were not available at the time of publication.",780,"Children estimates were not available at the time of publication.",1100,"Children estimates were not available at the time of publication.",1200,"Children estimates were not available at the time of publication.",1200,"Children estimates were not available at the time of publication.",1300,"Children estimates were not available at the time of publication.",1500,"Children estimates were not available at the time of publication.",1700,"Children estimates were not available at the time of publication.",1900,"Children estimates were not available at the time of publication."
Luxembourg,<500,"Children estimates were not available at the time of publication.",<500,"Children estimates were not available at the time of publication.",530,"Children estimates were not available at the time of publication.",560,"Children estimates were not available at the time of publication.",640,"Children estimates were not available at the time of publication.",700,"Children estimates were not available at the time of publication.",760,"Children estimates were not available at the time of publication.",830,"Children estimates were not available at the time of publication.",880,"Children estimates were not available at the time of publication.",930,"Children estimates were not available at the time of publication.",960,"Children estimates were not available at the time of publication.",1000,"Children estimates were not available at the time of publication.",1200,"Children estimates were not available at the time of publication.",1300,"Children estimates were not available at the time of publication.",1400,"Children estimates were not available at the time of publication."
Madagascar,<500,,<500,,<500,,520,,770,,1200,,1700,,2300,,3500,,5200,,5900,,9000,,12 000,,17 000,,26 000,
Malawi,250 000,,320 000,,400 000,,470 000,,540 000,,600 000,,680 000,,750 000,,810 000,,830 000,,860 000,,880 000,,890 000,,900 000,,900 000,
Malaysia,13 000,,14 000,,15 000,,17 000,,21 000,,26 000,,36 000,,39 000,,41 000,,44 000,,47 000,,47 000,,47 000,,49 000,,51 000,
Maldives,<100,"Children estimates were not available at the time of publication.",<100,"Children estimates were not available at the time of publication.",<100,"Children estimates were not available at the time of publication.",<100,"Children estimates were not available at the time of publication.",<100,"Children estimates were not available at the time of publication.",<100,"Children estimates were not available at the time of publication.",<100,"Children estimates were not available at the time of publication.",<100,"Children estimates were not available at the time of publication.",<100,"Children estimates were not available at the time of publication.",<100,"Children estimates were not available at the time of publication.",<100,"Children estimates were not available at the time of publication.",<100,"Children estimates were not available at the time of publication.",<100,"Children estimates were not available at the time of publication.",<100,"Children estimates were not available at the time of publication.",<100,"Children estimates were not available at the time of publication."
Mali,25 000,,29 000,,29 000,,29 000,,31 000,,35 000,,38 000,,41 000,,46 000,,45 000,,53 000,,54 000,,60 000,,69 000,,76 000,
Malta,<200,"Children estimates were not available at the time of publication.",<200,"Children estimates were not available at the time of publication.",<200,"Children estimates were not available at the time of publication.",<500,"Children estimates were not available at the time of publication.",<500,"Children estimates were not available at the time of publication.",<500,"Children estimates were not available at the time of publication.",<500,"Children estimates were not available at the time of publication.",<500,"Children estimates were not available at the time of publication.",<500,"Children estimates were not available at the time of publication.",<500,"Children estimates were not available at the time of publication.",520,"Children estimates were not available at the time of publication.",540,"Children estimates were not available at the time of publication.",570,"Children estimates were not available at the time of publication.",650,"Children estimates were not available at the time of publication.",690,"Children estimates were not available at the time of publication."
Marshall Islands,...,,...,,...,,...,,...,,...,,...,,...,,...,,...,,...,,...,,...,,...,,...,
Mauritania,1600,,1700,,1800,,2100,,2300,,2500,,2600,,3000,,3000,,3300,,3400,,3600,,3800,,4200,,4500,
Mauritius,...,"Estimates were not available at the time of publication.",...,"Estimates were not available at the time of publication.",...,"Estimates were not available at the time of publication.",...,"Estimates were not available at the time of publication.",...,"Estimates were not available at the time of publication.",...,"Estimates were not available at the time of publication.",...,"Estimates were not available at the time of publication.",...,"Estimates were not available at the time of publication.",...,"Estimates were not available at the time of publication.",...,"Estimates were not available at the time of publication.",...,"Estimates were not available at the time of publication.",...,"Estimates were not available at the time of publication.",...,"Estimates were not available at the time of publication.",...,"Estimates were not available at the time of publication.",...,"Estimates were not available at the time of publication."
Mexico,65 000,,72 000,,84 000,,89 000,,97 000,,120 000,,130 000,,140 000,,160 000,,170 000,,200 000,,220 000,,230 000,,240 000,,260 000,
Mongolia,<100,"Children estimates were not available at the time of publication.",<100,"Children estimates were not available at the time of publication.",<100,"Children estimates were not available at the time of publication.",<100,"Children estimates were not available at the time of publication.",<200,"Children estimates were not available at the time of publication.",<200,"Children estimates were not available at the time of publication.",<200,"Children estimates were not available at the time of publication.",<200,"Children estimates were not available at the time of publication.",<200,"Children estimates were not available at the time of publication.",<200,"Children estimates were not available at the time of publication.",<500,"Children estimates were not available at the time of publication.",<500,"Children estimates were not available at the time of publication.",<500,"Children estimates were not available at the time of publication.",<500,"Children estimates were not available at the time of publication.",<500,"Children estimates were not available at the time of publication."
Montenegro,<100,"Children estimates were not available at the time of publication.",<100,"Children estimates were not available at the time of publication.",<100,"Children estimates were not available at the time of publication.",<100,"Children estimates were not available at the time of publication.",<100,"Children estimates were not available at the time of publication.",<100,"Children estimates were not available at the time of publication.",<200,"Children estimates were not available at the time of publication.",<200,"Children estimates were not available at the time of publication.",<200,"Children estimates were not available at the time of publication.",<200,"Children estimates were not available at the time of publication.",<200,"Children estimates were not available at the time of publication.",<500,"Children estimates were not available at the time of publication.",<500,"Children estimates were not available at the time of publication.",<500,"Children estimates were not available at the time of publication.",<500,"Children estimates were not available at the time of publication."
Morocco,2800,,3600,,4600,,5700,,6500,,7400,,8300,,9200,,10 000,,11 000,,12 000,,15 000,,16 000,,17 000,,18 000,
Mozambique,220 000,,270 000,,310 000,,470 000,,650 000,,800 000,,990 000,,1 200 000,,1 200 000,,1 300 000,,1 400 000,,1 600 000,,1 700 000,,1 900 000,,2 000 000,
Myanmar,30 000,,40 000,,54 000,,68 000,,85 000,,110 000,,130 000,,150 000,,170 000,,180 000,,200 000,,200 000,,210 000,,220 000,,220 000,
Namibia,77 000,,94 000,,110 000,,110 000,,110 000,,130 000,,130 000,,150 000,,160 000,,180 000,,180 000,,190 000,,190 000,,200 000,,210 000,
Nepal,4900,,6500,,7700,,8900,,10 000,,12 000,,13 000,,15 000,,17 000,,19 000,,20 000,,22 000,,23 000,,25 000,,26 000,
Netherlands,13 000,,14 000,,15 000,,16 000,,17 000,,18 000,,19 000,,20 000,,20 000,,21 000,,21 000,,22 000,,22 000,,23 000,,...,
New Zealand,1300,"Children estimates were not available at the time of publication.",1500,"Children estimates were not available at the time of publication.",1600,"Children estimates were not available at the time of publication.",1700,"Children estimates were not available at the time of publication.",1900,"Children estimates were not available at the time of publication.",2100,"Children estimates were not available at the time of publication.",2300,"Children estimates were not available at the time of publication.",2500,"Children estimates were not available at the time of publication.",2700,"Children estimates were not available at the time of publication.",2700,"Children estimates were not available at the time of publication.",2900,"Children estimates were not available at the time of publication.",3000,"Children estimates were not available at the time of publication.",3000,"Children estimates were not available at the time of publication.",3300,"Children estimates were not available at the time of publication.",3500,"Children estimates were not available at the time of publication."
Nicaragua,...,"Estimates were not available at the time of publication.",...,"Estimates were not available at the time of publication.",...,"Estimates were not available at the time of publication.",...,"Estimates were not available at the time of publication.",...,"Estimates were not available at the time of publication.",...,"Estimates were not available at the time of publication.",...,"Estimates were not available at the time of publication.",...,"Estimates were not available at the time of publication.",...,"Estimates were not available at the time of publication.",...,"Estimates were not available at the time of publication.",...,"Estimates were not available at the time of publication.",...,"Estimates were not available at the time of publication.",...,"Estimates were not available at the time of publication.",...,"Estimates were not available at the time of publication.",...,"Estimates were not available at the time of publication."
Niger,7300,,9400,,11 000,,12 000,,11 000,,13 000,,15 000,,17 000,,20 000,,20 000,,21 000,,22 000,,22 000,,22 000,,21 000,
Nigeria,340 000,,390 000,,510 000,,610 000,,700 000,,770 000,,880 000,,940 000,,950 000,,1 100 000,,1 200 000,,1 300 000,,1 400 000,,1 500 000,,1 600 000,
North Macedonia,<100,"Children estimates were not available at the time of publication.",<100,"Children estimates were not available at the time of publication.",<100,"Children estimates were not available at the time of publication.",<100,"Children estimates were not available at the time of publication.",<100,"Children estimates were not available at the time of publication.",<200,"Children estimates were not available at the time of publication.",<200,"Children estimates were not available at the time of publication.",<200,"Children estimates were not available at the time of publication.",<500,"Children estimates were not available at the time of publication.",<500,"Children estimates were not available at the time of publication.",<500,"Children estimates were not available at the time of publication.",<500,"Children estimates were not available at the time of publication.",<500,"Children estimates were not available at the time of publication.",<500,"Children estimates were not available at the time of publication.",<500,"Children estimates were not available at the time of publication."
Norway,...,"Children estimates were not available at the time of publication.",...,"Children estimates were not available at the time of publication.",...,"Children estimates were not available at the time of publication.",...,"Children estimates were not available at the time of publication.",...,"Children estimates were not available at the time of publication.",...,"Children estimates were not available at the time of publication.",...,"Children estimates were not available at the time of publication.",...,"Children estimates were not available at the time of publication.",...,"Children estimates were not available at the time of publication.",...,"Children estimates were not available at the time of publication.",...,"Children estimates were not available at the time of publication.",...,"Children estimates were not available at the time of publication.",...,"Children estimates were not available at the time of publication.",...,"Children estimates were not available at the time of publication.",...,"Children estimates were not available at the time of publication."
Oman,540,"Children estimates were not available at the time of publication.",660,"Children estimates were not available at the time of publication.",740,"Children estimates were not available at the time of publication.",850,"Children estimates were not available at the time of publication.",910,"Children estimates were not available at the time of publication.",920,"Children estimates were not available at the time of publication.",1100,"Children estimates were not available at the time of publication.",1200,"Children estimates were not available at the time of publication.",1300,"Children estimates were not available at the time of publication.",1500,"Children estimates were not available at the time of publication.",1500,"Children estimates were not available at the time of publication.",1600,"Children estimates were not available at the time of publication.",1800,"Children estimates were not available at the time of publication.",2000,"Children estimates were not available at the time of publication.",2200,"Children estimates were not available at the time of publication."
Pakistan,1900,,2000,,3100,,3400,,5000,,6600,,8900,,12 000,,16 000,,23 000,,24 000,,27 000,,34 000,,45 000,,56 000,
Panama,5400,,6200,,6700,,8000,,8700,,9700,,12 000,,13 000,,13 000,,14 000,,14 000,,15 000,,19 000,,20 000,,21 000,
Papua New Guinea,7600,,9400,,12 000,,15 000,,18 000,,21 000,,24 000,,26 000,,29 000,,32 000,,36 000,,38 000,,44 000,,49 000,,55 000,
Paraguay,3000,,3100,,3600,,4200,,4900,,5500,,6500,,7800,,8500,,9500,,9800,,11 000,,12 000,,13 000,,13 000,
Peru,20 000,,22 000,,28 000,,28 000,,33 000,,35 000,,44 000,,49 000,,58 000,,68 000,,72 000,,80 000,,88 000,,91 000,,100 000,
Philippines,1000,,1600,,2400,,5100,,8100,,13 000,,18 000,,25 000,,34 000,,43 000,,48 000,,56 000,,68 000,,75 000,,88 000,
Poland,...,"Estimates were not available at the time of publication.",...,"Estimates were not available at the time of publication.",...,"Estimates were not available at the time of publication.",...,"Estimates were not available at the time of publication.",...,"Estimates were not available at the time of publication.",...,"Estimates were not available at the time of publication.",...,"Estimates were not available at the time of publication.",...,"Estimates were not available at the time of publication.",...,"Estimates were not available at the time of publication.",...,"Estimates were not available at the time of publication.",...,"Estimates were not available at the time of publication.",...,"Estimates were not available at the time of publication.",...,"Estimates were not available at the time of publication.",...,"Estimates were not available at the time of publication.",...,"Estimates were not available at the time of publication."
Portugal,20 000,,22 000,,24 000,,26 000,,28 000,,30 000,,31 000,,36 000,,...,,...,,...,,...,,...,,...,,...,
Qatar,...,"Children estimates were not available at the time of publication.",...,"Children estimates were not available at the time of publication.",...,"Children estimates were not available at the time of publication.",...,"Children estimates were not available at the time of publication.",...,"Children estimates were not available at the time of publication.",<100,"Children estimates were not available at the time of publication.",<200,"Children estimates were not available at the time of publication.",<200,"Children estimates were not available at the time of publication.",<200,"Children estimates were not available at the time of publication.",<200,"Children estimates were not available at the time of publication.",<500,"Children estimates were not available at the time of publication.",<500,"Children estimates were not available at the time of publication.",<500,"Children estimates were not available at the time of publication.",<500,"Children estimates were not available at the time of publication.",<500,"Children estimates were not available at the time of publication."
Republic of Korea,...,"Estimates were not available at the time of publication.",...,"Estimates were not available at the time of publication.",...,"Estimates were not available at the time of publication.",...,"Estimates were not available at the time of publication.",...,"Estimates were not available at the time of publication.",...,"Estimates were not available at the time of publication.",...,"Estimates were not available at the time of publication.",...,"Estimates were not available at the time of publication.",...,"Estimates were not available at the time of publication.",...,"Estimates were not available at the time of publication.",...,"Estimates were not available at the time of publication.",...,"Estimates were not available at the time of publication.",...,"Estimates were not available at the time of publication.",...,"Estimates were not available at the time of publication.",...,"Estimates were not available at the time of publication."
Republic of Moldova,1200,,1700,,2100,,2500,,3100,,3900,,4500,,5200,,6000,,6700,,6800,,7300,,7900,,8500,,9000,
Romania,7600,,7800,,8000,,8900,,9600,,11 000,,11 000,,12 000,,12 000,,13 000,,13 000,,13 000,,14 000,,15 000,,16 000,
Russian Federation,...,"Estimates were not available at the time of publication.",...,"Estimates were not available at the time of publication.",...,"Estimates were not available at the time of publication.",...,"Estimates were not available at the time of publication.",...,"Estimates were not available at the time of publication.",...,"Estimates were not available at the time of publication.",...,"Estimates were not available at the time of publication.",...,"Estimates were not available at the time of publication.",...,"Estimates were not available at the time of publication.",...,"Estimates were not available at the time of publication.",...,"Estimates were not available at the time of publication.",...,"Estimates were not available at the time of publication.",...,"Estimates were not available at the time of publication.",...,"Estimates were not available at the time of publication.",...,"Estimates were not available at the time of publication."
Rwanda,89 000,,100 000,,120 000,,130 000,,140 000,,160 000,,180 000,,190 000,,190 000,,200 000,,200 000,,210 000,,220 000,,220 000,,230 000,
Saint Kitts and Nevis,<100,"Countries with a UNAIDS-approved estimate and population less than 250000 in 2024; not included in regional or global totals",<100,"Countries with a UNAIDS-approved estimate and population less than 250000 in 2024; not included in regional or global totals",<100,"Countries with a UNAIDS-approved estimate and population less than 250000 in 2024; not included in regional or global totals",<100,"Countries with a UNAIDS-approved estimate and population less than 250000 in 2024; not included in regional or global totals",<100,"Countries with a UNAIDS-approved estimate and population less than 250000 in 2024; not included in regional or global totals",<100,"Countries with a UNAIDS-approved estimate and population less than 250000 in 2024; not included in regional or global totals",<100,"Countries with a UNAIDS-approved estimate and population less than 250000 in 2024; not included in regional or global totals",<100,"Countries with a UNAIDS-approved estimate and population less than 250000 in 2024; not included in regional or global totals",<100,"Countries with a UNAIDS-approved estimate and population less than 250000 in 2024; not included in regional or global totals",<100,"Countries with a UNAIDS-approved estimate and population less than 250000 in 2024; not included in regional or global totals",<200,"Countries with a UNAIDS-approved estimate and population less than 250000 in 2024; not included in regional or global totals",<200,"Countries with a UNAIDS-approved estimate and population less than 250000 in 2024; not included in regional or global totals",<200,"Countries with a UNAIDS-approved estimate and population less than 250000 in 2024; not included in regional or global totals",<200,"Countries with a UNAIDS-approved estimate and population less than 250000 in 2024; not included in regional or global totals",<200,"Countries with a UNAIDS-approved estimate and population less than 250000 in 2024; not included in regional or global totals"
Saint Lucia,<200,"Countries with a UNAIDS-approved estimate and population less than 250000 in 2024; not included in regional or global totals",<200,"Countries with a UNAIDS-approved estimate and population less than 250000 in 2024; not included in regional or global totals",<200,"Countries with a UNAIDS-approved estimate and population less than 250000 in 2024; not included in regional or global totals",<200,"Countries with a UNAIDS-approved estimate and population less than 250000 in 2024; not included in regional or global totals",<500,"Countries with a UNAIDS-approved estimate and population less than 250000 in 2024; not included in regional or global totals",<500,"Countries with a UNAIDS-approved estimate and population less than 250000 in 2024; not included in regional or global totals",<500,"Countries with a UNAIDS-approved estimate and population less than 250000 in 2024; not included in regional or global totals",<500,"Countries with a UNAIDS-approved estimate and population less than 250000 in 2024; not included in regional or global totals",<500,"Countries with a UNAIDS-approved estimate and population less than 250000 in 2024; not included in regional or global totals",<500,"Countries with a UNAIDS-approved estimate and population less than 250000 in 2024; not included in regional or global totals",<500,"Countries with a UNAIDS-approved estimate and population less than 250000 in 2024; not included in regional or global totals",<500,"Countries with a UNAIDS-approved estimate and population less than 250000 in 2024; not included in regional or global totals",<500,"Countries with a UNAIDS-approved estimate and population less than 250000 in 2024; not included in regional or global totals",<500,"Countries with a UNAIDS-approved estimate and population less than 250000 in 2024; not included in regional or global totals",<500,"Countries with a UNAIDS-approved estimate and population less than 250000 in 2024; not included in regional or global totals"
Saint Vincent and the Grenadines,<500,"Countries with a UNAIDS-approved estimate and population less than 250000 in 2024; not included in regional or global totals",<500,"Countries with a UNAIDS-approved estimate and population less than 250000 in 2024; not included in regional or global totals",<500,"Countries with a UNAIDS-approved estimate and population less than 250000 in 2024; not included in regional or global totals",<500,"Countries with a UNAIDS-approved estimate and population less than 250000 in 2024; not included in regional or global totals",<500,"Countries with a UNAIDS-approved estimate and population less than 250000 in 2024; not included in regional or global totals",<500,"Countries with a UNAIDS-approved estimate and population less than 250000 in 2024; not included in regional or global totals",<500,"Countries with a UNAIDS-approved estimate and population less than 250000 in 2024; not included in regional or global totals",<500,"Countries with a UNAIDS-approved estimate and population less than 250000 in 2024; not included in regional or global totals",<500,"Countries with a UNAIDS-approved estimate and population less than 250000 in 2024; not included in regional or global totals",<500,"Countries with a UNAIDS-approved estimate and population less than 250000 in 2024; not included in regional or global totals",<500,"Countries with a UNAIDS-approved estimate and population less than 250000 in 2024; not included in regional or global totals",<500,"Countries with a UNAIDS-approved estimate and population less than 250000 in 2024; not included in regional or global totals",<500,"Countries with a UNAIDS-approved estimate and population less than 250000 in 2024; not included in regional or global totals",<500,"Countries with a UNAIDS-approved estimate and population less than 250000 in 2024; not included in regional or global totals",<500,"Countries with a UNAIDS-approved estimate and population less than 250000 in 2024; not included in regional or global totals"
Sao Tome and Principe,...,"Estimates were not available at the time of publication.",...,"Estimates were not available at the time of publication.",...,"Estimates were not available at the time of publication.",...,"Estimates were not available at the time of publication.",...,"Estimates were not available at the time of publication.",...,"Estimates were not available at the time of publication.",...,"Estimates were not available at the time of publication.",...,"Estimates were not available at the time of publication.",...,"Estimates were not available at the time of publication.",...,"Estimates were not available at the time of publication.",...,"Estimates were not available at the time of publication.",...,"Estimates were not available at the time of publication.",...,"Estimates were not available at the time of publication.",...,"Estimates were not available at the time of publication.",...,"Estimates were not available at the time of publication."
Saudi Arabia,3100,"Children estimates were not available at the time of publication.",3100,"Children estimates were not available at the time of publication.",3100,"Children estimates were not available at the time of publication.",3200,"Children estimates were not available at the time of publication.",3600,"Children estimates were not available at the time of publication.",4300,"Children estimates were not available at the time of publication.",5200,"Children estimates were not available at the time of publication.",5600,"Children estimates were not available at the time of publication.",6300,"Children estimates were not available at the time of publication.",7300,"Children estimates were not available at the time of publication.",7800,"Children estimates were not available at the time of publication.",8500,"Children estimates were not available at the time of publication.",9500,"Children estimates were not available at the time of publication.",11 000,"Children estimates were not available at the time of publication.",12 000,"Children estimates were not available at the time of publication."
Senegal,12 000,,13 000,,12 000,,14 000,,16 000,,18 000,,21 000,,23 000,,27 000,,29 000,,30 000,,32 000,,33 000,,35 000,,38 000,
Serbia,920,"Children estimates were not available at the time of publication.",1000,"Children estimates were not available at the time of publication.",1100,"Children estimates were not available at the time of publication.",1200,"Children estimates were not available at the time of publication.",1300,"Children estimates were not available at the time of publication.",1400,"Children estimates were not available at the time of publication.",1600,"Children estimates were not available at the time of publication.",1800,"Children estimates were not available at the time of publication.",2000,"Children estimates were not available at the time of publication.",2100,"Children estimates were not available at the time of publication.",2200,"Children estimates were not available at the time of publication.",2300,"Children estimates were not available at the time of publication.",2400,"Children estimates were not available at the time of publication.",2600,"Children estimates were not available at the time of publication.",2700,"Children estimates were not available at the time of publication."
Sierra Leone,6000,,8100,,8300,,9200,,11 000,,14 000,,18 000,,24 000,,28 000,,33 000,,38 000,,48 000,,56 000,,61 000,,70 000,
Singapore,2000,"Children estimates were not available at the time of publication.",2500,"Children estimates were not available at the time of publication.",3000,"Children estimates were not available at the time of publication.",3500,"Children estimates were not available at the time of publication.",4100,"Children estimates were not available at the time of publication.",4600,"Children estimates were not available at the time of publication.",4900,"Children estimates were not available at the time of publication.",5400,"Children estimates were not available at the time of publication.",5700,"Children estimates were not available at the time of publication.",6100,"Children estimates were not available at the time of publication.",6400,"Children estimates were not available at the time of publication.",6400,"Children estimates were not available at the time of publication.",6600,"Children estimates were not available at the time of publication.",6700,"Children estimates were not available at the time of publication.",...,"Children estimates were not available at the time of publication."
Slovakia,<200,"Children estimates were not available at the time of publication.",<200,"Children estimates were not available at the time of publication.",<200,"Children estimates were not available at the time of publication.",<500,"Children estimates were not available at the time of publication.",<500,"Children estimates were not available at the time of publication.",<500,"Children estimates were not available at the time of publication.",<500,"Children estimates were not available at the time of publication.",640,"Children estimates were not available at the time of publication.",650,"Children estimates were not available at the time of publication.",...,"Children estimates were not available at the time of publication.",...,"Children estimates were not available at the time of publication.",...,"Children estimates were not available at the time of publication.",...,"Children estimates were not available at the time of publication.",...,"Children estimates were not available at the time of publication.",...,"Children estimates were not available at the time of publication."
Slovenia,<500,"Children estimates were not available at the time of publication.",<500,"Children estimates were not available at the time of publication.",<500,"Children estimates were not available at the time of publication.",<500,"Children estimates were not available at the time of publication.",<500,"Children estimates were not available at the time of publication.",<500,"Children estimates were not available at the time of publication.",530,"Children estimates were not available at the time of publication.",590,"Children estimates were not available at the time of publication.",630,"Children estimates were not available at the time of publication.",650,"Children estimates were not available at the time of publication.",710,"Children estimates were not available at the time of publication.",720,"Children estimates were not available at the time of publication.",750,"Children estimates were not available at the time of publication.",790,"Children estimates were not available at the time of publication.",830,"Children estimates were not available at the time of publication."
Solomon Islands,...,"Estimates were not available at the time of publication.",...,"Estimates were not available at the time of publication.",...,"Estimates were not available at the time of publication.",...,"Estimates were not available at the time of publication.",...,"Estimates were not available at the time of publication.",...,"Estimates were not available at the time of publication.",...,"Estimates were not available at the time of publication.",...,"Estimates were not available at the time of publication.",...,"Estimates were not available at the time of publication.",...,"Estimates were not available at the time of publication.",...,"Estimates were not available at the time of publication.",...,"Estimates were not available at the time of publication.",...,"Estimates were not available at the time of publication.",...,"Estimates were not available at the time of publication.",...,"Estimates were not available at the time of publication."
Somalia,890,,1100,,1500,,1800,,1900,,2300,,2700,,3000,,3200,,3500,,3700,,3900,,4100,,4600,,5000,
South Africa,1 400 000,,1 900 000,,2 400 000,,2 800 000,,3 200 000,,3 600 000,,4 100 000,,4 600 000,,5 000 000,,5 300 000,,5 600 000,,5 800 000,,6 000 000,,6 100 000,,6 300 000,
South Sudan,2300,,3700,,4600,,7200,,11 000,,19 000,,19 000,,24 000,,31 000,,35 000,,42 000,,45 000,,56 000,,68 000,,76 000,
Spain,88 000,,91 000,,96 000,,99 000,,100 000,,110 000,,120 000,,120 000,,130 000,,130 000,,130 000,,130 000,,140 000,,...,,...,
Sri Lanka,<500,"Children estimates were not available at the time of publication.",<500,"Children estimates were not available at the time of publication.",<500,"Children estimates were not available at the time of publication.",520,"Children estimates were not available at the time of publication.",640,"Children estimates were not available at the time of publication.",800,"Children estimates were not available at the time of publication.",1100,"Children estimates were not available at the time of publication.",1300,"Children estimates were not available at the time of publication.",1600,"Children estimates were not available at the time of publication.",1800,"Children estimates were not available at the time of publication.",2200,"Children estimates were not available at the time of publication.",2400,"Children estimates were not available at the time of publication.",2800,"Children estimates were not available at the time of publication.",3400,"Children estimates were not available at the time of publication.",4100,"Children estimates were not available at the time of publication."
Sudan,2100,,2400,,2600,,3300,,3900,,4400,,5800,,7600,,8800,,10 000,,12 000,,11 000,,11 000,,11 000,,11 000,
Suriname,1100,,1300,,1700,,1900,,2200,,2300,,2600,,2700,,2900,,2900,,3400,,3300,,3100,,3800,,3900,
Sweden,4600,"Numbers are estimated by UNAIDS using the Spectrum model, based on the official national estimates. Any differences are within uncertainty margins of both sets of estimates, reflecting methodologies and assumptions. (https://pubmed.ncbi.nlm.nih.gov/39421951/).",5000,"Numbers are estimated by UNAIDS using the Spectrum model, based on the official national estimates. Any differences are within uncertainty margins of both sets of estimates, reflecting methodologies and assumptions. (https://pubmed.ncbi.nlm.nih.gov/39421951/).",5400,"Numbers are estimated by UNAIDS using the Spectrum model, based on the official national estimates. Any differences are within uncertainty margins of both sets of estimates, reflecting methodologies and assumptions. (https://pubmed.ncbi.nlm.nih.gov/39421951/).",5800,"Numbers are estimated by UNAIDS using the Spectrum model, based on the official national estimates. Any differences are within uncertainty margins of both sets of estimates, reflecting methodologies and assumptions. (https://pubmed.ncbi.nlm.nih.gov/39421951/).",6200,"Numbers are estimated by UNAIDS using the Spectrum model, based on the official national estimates. Any differences are within uncertainty margins of both sets of estimates, reflecting methodologies and assumptions. (https://pubmed.ncbi.nlm.nih.gov/39421951/).",6600,"Numbers are estimated by UNAIDS using the Spectrum model, based on the official national estimates. Any differences are within uncertainty margins of both sets of estimates, reflecting methodologies and assumptions. (https://pubmed.ncbi.nlm.nih.gov/39421951/).",6900,"Numbers are estimated by UNAIDS using the Spectrum model, based on the official national estimates. Any differences are within uncertainty margins of both sets of estimates, reflecting methodologies and assumptions. (https://pubmed.ncbi.nlm.nih.gov/39421951/).",7200,"Numbers are estimated by UNAIDS using the Spectrum model, based on the official national estimates. Any differences are within uncertainty margins of both sets of estimates, reflecting methodologies and assumptions. (https://pubmed.ncbi.nlm.nih.gov/39421951/).",7500,"Numbers are estimated by UNAIDS using the Spectrum model, based on the official national estimates. Any differences are within uncertainty margins of both sets of estimates, reflecting methodologies and assumptions. (https://pubmed.ncbi.nlm.nih.gov/39421951/).",7800,"Numbers are estimated by UNAIDS using the Spectrum model, based on the official national estimates. Any differences are within uncertainty margins of both sets of estimates, reflecting methodologies and assumptions. (https://pubmed.ncbi.nlm.nih.gov/39421951/).",7900,"Numbers are estimated by UNAIDS using the Spectrum model, based on the official national estimates. Any differences are within uncertainty margins of both sets of estimates, reflecting methodologies and assumptions. (https://pubmed.ncbi.nlm.nih.gov/39421951/).",8000,"Numbers are estimated by UNAIDS using the Spectrum model, based on the official national estimates. Any differences are within uncertainty margins of both sets of estimates, reflecting methodologies and assumptions. (https://pubmed.ncbi.nlm.nih.gov/39421951/).",8300,"Numbers are estimated by UNAIDS using the Spectrum model, based on the official national estimates. Any differences are within uncertainty margins of both sets of estimates, reflecting methodologies and assumptions. (https://pubmed.ncbi.nlm.nih.gov/39421951/).",...,"Numbers are estimated by UNAIDS using the Spectrum model, based on the official national estimates. Any differences are within uncertainty margins of both sets of estimates, reflecting methodologies and assumptions. (https://pubmed.ncbi.nlm.nih.gov/39421951/).",...,"Numbers are estimated by UNAIDS using the Spectrum model, based on the official national estimates. Any differences are within uncertainty margins of both sets of estimates, reflecting methodologies and assumptions. (https://pubmed.ncbi.nlm.nih.gov/39421951/)."
Switzerland,9500,"Children estimates were not available at the time of publication.",10 000,"Children estimates were not available at the time of publication.",11 000,"Children estimates were not available at the time of publication.",11 000,"Children estimates were not available at the time of publication.",12 000,"Children estimates were not available at the time of publication.",12 000,"Children estimates were not available at the time of publication.",13 000,"Children estimates were not available at the time of publication.",14 000,"Children estimates were not available at the time of publication.",15 000,"Children estimates were not available at the time of publication.",15 000,"Children estimates were not available at the time of publication.",16 000,"Children estimates were not available at the time of publication.",16 000,"Children estimates were not available at the time of publication.",16 000,"Children estimates were not available at the time of publication.",16 000,"Children estimates were not available at the time of publication.",...,"Children estimates were not available at the time of publication."
Syrian Arab Republic,<100,"Children estimates were not available at the time of publication.",<100,"Children estimates were not available at the time of publication.",<100,"Children estimates were not available at the time of publication.",<100,"Children estimates were not available at the time of publication.",<100,"Children estimates were not available at the time of publication.",<200,"Children estimates were not available at the time of publication.",<200,"Children estimates were not available at the time of publication.",<200,"Children estimates were not available at the time of publication.",<200,"Children estimates were not available at the time of publication.",<500,"Children estimates were not available at the time of publication.",<500,"Children estimates were not available at the time of publication.",<500,"Children estimates were not available at the time of publication.",<500,"Children estimates were not available at the time of publication.",<500,"Children estimates were not available at the time of publication.",<500,"Children estimates were not available at the time of publication."
Tajikistan,<500,,660,,880,,1200,,1900,,2900,,3900,,4900,,6000,,7100,,8000,,8700,,9500,,10 000,,11 000,
Thailand,220 000,,240 000,,260 000,,290 000,,310 000,,340 000,,370 000,,390 000,,410 000,,430 000,,440 000,,460 000,,470 000,,480 000,,500 000,
Timor-Leste,<100,"Children estimates were not available at the time of publication.",<100,"Children estimates were not available at the time of publication.",<100,"Children estimates were not available at the time of publication.",<200,"Children estimates were not available at the time of publication.",<200,"Children estimates were not available at the time of publication.",<500,"Children estimates were not available at the time of publication.",<500,"Children estimates were not available at the time of publication.",<500,"Children estimates were not available at the time of publication.",<500,"Children estimates were not available at the time of publication.",520,"Children estimates were not available at the time of publication.",630,"Children estimates were not available at the time of publication.",770,"Children estimates were not available at the time of publication.",1000,"Children estimates were not available at the time of publication.",1100,"Children estimates were not available at the time of publication.",1200,"Children estimates were not available at the time of publication."
Togo,23 000,,27 000,,30 000,,34 000,,38 000,,44 000,,51 000,,60 000,,65 000,,75 000,,80 000,,81 000,,81 000,,89 000,,93 000,
Tonga,...,,...,,...,,...,,...,,...,,...,,...,,...,,...,,...,,...,,...,,...,,...,
Trinidad and Tobago,...,"Estimates were not available at the time of publication.",...,"Estimates were not available at the time of publication.",...,"Estimates were not available at the time of publication.",...,"Estimates were not available at the time of publication.",...,"Estimates were not available at the time of publication.",...,"Estimates were not available at the time of publication.",...,"Estimates were not available at the time of publication.",...,"Estimates were not available at the time of publication.",...,"Estimates were not available at the time of publication.",...,"Estimates were not available at the time of publication.",...,"Estimates were not available at the time of publication.",...,"Estimates were not available at the time of publication.",...,"Estimates were not available at the time of publication.",...,"Estimates were not available at the time of publication.",...,"Estimates were not available at the time of publication."
Tunisia,<500,,<500,,<500,,550,,650,,730,,870,,920,,1100,,1300,,1400,,1600,,1800,,2000,,2200,
Turkmenistan,...,"Estimates were not available at the time of publication.",...,"Estimates were not available at the time of publication.",...,"Estimates were not available at the time of publication.",...,"Estimates were not available at the time of publication.",...,"Estimates were not available at the time of publication.",...,"Estimates were not available at the time of publication.",...,"Estimates were not available at the time of publication.",...,"Estimates were not available at the time of publication.",...,"Estimates were not available at the time of publication.",...,"Estimates were not available at the time of publication.",...,"Estimates were not available at the time of publication.",...,"Estimates were not available at the time of publication.",...,"Estimates were not available at the time of publication.",...,"Estimates were not available at the time of publication.",...,"Estimates were not available at the time of publication."
Tuvalu,...,"Estimates were not available at the time of publication.",...,"Estimates were not available at the time of publication.",...,"Estimates were not available at the time of publication.",...,"Estimates were not available at the time of publication.",...,"Estimates were not available at the time of publication.",...,"Estimates were not available at the time of publication.",...,"Estimates were not available at the time of publication.",...,"Estimates were not available at the time of publication.",...,"Estimates were not available at the time of publication.",...,"Estimates were not available at the time of publication.",...,"Estimates were not available at the time of publication.",...,"Estimates were not available at the time of publication.",...,"Estimates were not available at the time of publication.",...,"Estimates were not available at the time of publication.",...,"Estimates were not available at the time of publication."
Türkiye,...,"Estimates were not available at the time of publication.",...,"Estimates were not available at the time of publication.",...,"Estimates were not available at the time of publication.",...,"Estimates were not available at the time of publication.",...,"Estimates were not available at the time of publication.",...,"Estimates were not available at the time of publication.",...,"Estimates were not available at the time of publication.",...,"Estimates were not available at the time of publication.",...,"Estimates were not available at the time of publication.",...,"Estimates were not available at the time of publication.",...,"Estimates were not available at the time of publication.",...,"Estimates were not available at the time of publication.",...,"Estimates were not available at the time of publication.",...,"Estimates were not available at the time of publication.",...,"Estimates were not available at the time of publication."
Uganda,240 000,,280 000,,380 000,,510 000,,650 000,,710 000,,820 000,,950 000,,1 000 000,,1 100 000,,1 100 000,,1 200 000,,1 200 000,,1 200 000,,1 300 000,
Ukraine,...,"Estimates were not available at the time of publication.",...,"Estimates were not available at the time of publication.",...,"Estimates were not available at the time of publication.",...,"Estimates were not available at the time of publication.",...,"Estimates were not available at the time of publication.",...,"Estimates were not available at the time of publication.",...,"Estimates were not available at the time of publication.",...,"Estimates were not available at the time of publication.",...,"Estimates were not available at the time of publication.",...,"Estimates were not available at the time of publication.",...,"Estimates were not available at the time of publication.",...,"Estimates were not available at the time of publication.",...,"Estimates were not available at the time of publication.",...,"Estimates were not available at the time of publication.",...,"Estimates were not available at the time of publication."
United Arab Emirates,<200,"Children estimates were not available at the time of publication.",<500,"Children estimates were not available at the time of publication.",<500,"Children estimates were not available at the time of publication.",<500,"Children estimates were not available at the time of publication.",<200,"Children estimates were not available at the time of publication.",<200,"Children estimates were not available at the time of publication.",<200,"Children estimates were not available at the time of publication.",<500,"Children estimates were not available at the time of publication.",<500,"Children estimates were not available at the time of publication.",<500,"Children estimates were not available at the time of publication.",<500,"Children estimates were not available at the time of publication.",710,"Children estimates were not available at the time of publication.",760,"Children estimates were not available at the time of publication.",890,"Children estimates were not available at the time of publication.",1000,"Children estimates were not available at the time of publication."
United Kingdom,...,"Numbers are estimated by UNAIDS using the Spectrum model, based on the official national estimates (accessed May 2025). Any differences are within uncertainty margins of both sets of estimates, reflecting methodologies and assumptions. (https://www.gov.uk/government/statistics/hiv-annual-data-tables).",...,"Numbers are estimated by UNAIDS using the Spectrum model, based on the official national estimates (accessed May 2025). Any differences are within uncertainty margins of both sets of estimates, reflecting methodologies and assumptions. (https://www.gov.uk/government/statistics/hiv-annual-data-tables).",...,"Numbers are estimated by UNAIDS using the Spectrum model, based on the official national estimates (accessed May 2025). Any differences are within uncertainty margins of both sets of estimates, reflecting methodologies and assumptions. (https://www.gov.uk/government/statistics/hiv-annual-data-tables).",...,"Numbers are estimated by UNAIDS using the Spectrum model, based on the official national estimates (accessed May 2025). Any differences are within uncertainty margins of both sets of estimates, reflecting methodologies and assumptions. (https://www.gov.uk/government/statistics/hiv-annual-data-tables).",...,"Numbers are estimated by UNAIDS using the Spectrum model, based on the official national estimates (accessed May 2025). Any differences are within uncertainty margins of both sets of estimates, reflecting methodologies and assumptions. (https://www.gov.uk/government/statistics/hiv-annual-data-tables).",...,"Numbers are estimated by UNAIDS using the Spectrum model, based on the official national estimates (accessed May 2025). Any differences are within uncertainty margins of both sets of estimates, reflecting methodologies and assumptions. (https://www.gov.uk/government/statistics/hiv-annual-data-tables).",88 000,"Numbers are estimated by UNAIDS using the Spectrum model, based on the official national estimates (accessed May 2025). Any differences are within uncertainty margins of both sets of estimates, reflecting methodologies and assumptions. (https://www.gov.uk/government/statistics/hiv-annual-data-tables).",92 000,"Numbers are estimated by UNAIDS using the Spectrum model, based on the official national estimates (accessed May 2025). Any differences are within uncertainty margins of both sets of estimates, reflecting methodologies and assumptions. (https://www.gov.uk/government/statistics/hiv-annual-data-tables).",93 000,"Numbers are estimated by UNAIDS using the Spectrum model, based on the official national estimates (accessed May 2025). Any differences are within uncertainty margins of both sets of estimates, reflecting methodologies and assumptions. (https://www.gov.uk/government/statistics/hiv-annual-data-tables).",97 000,"Numbers are estimated by UNAIDS using the Spectrum model, based on the official national estimates (accessed May 2025). Any differences are within uncertainty margins of both sets of estimates, reflecting methodologies and assumptions. (https://www.gov.uk/government/statistics/hiv-annual-data-tables).",97 000,"Numbers are estimated by UNAIDS using the Spectrum model, based on the official national estimates (accessed May 2025). Any differences are within uncertainty margins of both sets of estimates, reflecting methodologies and assumptions. (https://www.gov.uk/government/statistics/hiv-annual-data-tables).",99 000,"Numbers are estimated by UNAIDS using the Spectrum model, based on the official national estimates (accessed May 2025). Any differences are within uncertainty margins of both sets of estimates, reflecting methodologies and assumptions. (https://www.gov.uk/government/statistics/hiv-annual-data-tables).",100 000,"Numbers are estimated by UNAIDS using the Spectrum model, based on the official national estimates (accessed May 2025). Any differences are within uncertainty margins of both sets of estimates, reflecting methodologies and assumptions. (https://www.gov.uk/government/statistics/hiv-annual-data-tables).",100 000,"Numbers are estimated by UNAIDS using the Spectrum model, based on the official national estimates (accessed May 2025). Any differences are within uncertainty margins of both sets of estimates, reflecting methodologies and assumptions. (https://www.gov.uk/government/statistics/hiv-annual-data-tables).",...,"Numbers are estimated by UNAIDS using the Spectrum model, based on the official national estimates (accessed May 2025). Any differences are within uncertainty margins of both sets of estimates, reflecting methodologies and assumptions. (https://www.gov.uk/government/statistics/hiv-annual-data-tables)."
United Republic of Tanzania,240 000,,260 000,,400 000,,460 000,,560 000,,620 000,,680 000,,820 000,,890 000,,1 000 000,,1 100 000,,1 200 000,,1 300 000,,1 400 000,,1 500 000,
United States,...,"Estimates were not available at the time of publication.",...,"Estimates were not available at the time of publication.",...,"Estimates were not available at the time of publication.",...,"Estimates were not available at the time of publication.",...,"Estimates were not available at the time of publication.",...,"Estimates were not available at the time of publication.",...,"Estimates were not available at the time of publication.",...,"Estimates were not available at the time of publication.",...,"Estimates were not available at the time of publication.",...,"Estimates were not available at the time of publication.",...,"Estimates were not available at the time of publication.",...,"Estimates were not available at the time of publication.",...,"Estimates were not available at the time of publication.",...,"Estimates were not available at the time of publication.",...,"Estimates were not available at the time of publication."
Uruguay,...,"Estimates were not available at the time of publication.",...,"Estimates were not available at the time of publication.",...,"Estimates were not available at the time of publication.",...,"Estimates were not available at the time of publication.",...,"Estimates were not available at the time of publication.",...,"Estimates were not available at the time of publication.",...,"Estimates were not available at the time of publication.",...,"Estimates were not available at the time of publication.",...,"Estimates were not available at the time of publication.",...,"Estimates were not available at the time of publication.",...,"Estimates were not available at the time of publication.",...,"Estimates were not available at the time of publication.",...,"Estimates were not available at the time of publication.",...,"Estimates were not available at the time of publication.",...,"Estimates were not available at the time of publication."
Uzbekistan,...,"Estimates were not available at the time of publication.",...,"Estimates were not available at the time of publication.",...,"Estimates were not available at the time of publication.",...,"Estimates were not available at the time of publication.",...,"Estimates were not available at the time of publication.",...,"Estimates were not available at the time of publication.",...,"Estimates were not available at the time of publication.",...,"Estimates were not available at the time of publication.",...,"Estimates were not available at the time of publication.",...,"Estimates were not available at the time of publication.",...,"Estimates were not available at the time of publication.",...,"Estimates were not available at the time of publication.",...,"Estimates were not available at the time of publication.",...,"Estimates were not available at the time of publication.",...,"Estimates were not available at the time of publication."
Vanuatu,...,"Estimates were not available at the time of publication.",...,"Estimates were not available at the time of publication.",...,"Estimates were not available at the time of publication.",...,"Estimates were not available at the time of publication.",...,"Estimates were not available at the time of publication.",...,"Estimates were not available at the time of publication.",...,"Estimates were not available at the time of publication.",...,"Estimates were not available at the time of publication.",...,"Estimates were not available at the time of publication.",...,"Estimates were not available at the time of publication.",...,"Estimates were not available at the time of publication.",...,"Estimates were not available at the time of publication.",...,"Estimates were not available at the time of publication.",...,"Estimates were not available at the time of publication.",...,"Estimates were not available at the time of publication."
Venezuela (Bolivarian Republic of),39 000,,41 000,,44 000,,44 000,,45 000,,58 000,,53 000,,41 000,,28 000,,45 000,,56 000,,57 000,,59 000,,60 000,,61 000,
Viet Nam,53 000,,65 000,,78 000,,89 000,,98 000,,110 000,,130 000,,130 000,,150 000,,160 000,,170 000,,180 000,,180 000,,190 000,,200 000,
Yemen,500,,630,,720,,900,,1200,,1400,,1800,,2000,,2300,,2700,,2900,,3200,,3600,,4100,,4600,
Zambia,350 000,,420 000,,480 000,,560 000,,650 000,,760 000,,800 000,,850 000,,960 000,,1 100 000,,1 200 000,,1 200 000,,1 300 000,,1 300 000,,1 300 000,
Zimbabwe,360 000,,480 000,,570 000,,670 000,,760 000,,840 000,,920 000,,1 000 000,,1 100 000,,1 100 000,,1 200 000,,1 200 000,,1 200 000,,1 200 000,,1 200 000,
Global,7 700 000,,9 300 000,,11 100 000,,12 900 000,,14 800 000,,16 800 000,,19 000 000,,21 200 000,,22 800 000,,24 700 000,,26 200 000,,27 500 000,,29 000 000,,30 300 000,,31 600 000,